source_key,original_source_key,original_split,assigned_split,image_name,image_sha256,reason
008970fccfcdecbc,IMG_4500_jpg,train,valid,IMG_4500_jpg.rf.3c9cca29c67589464ef918acb0a75964.jpg,bc42879c505c81056be9f644b56622f93e93a803a56d8b3a82219b98e8d9010e,extra_variant_or_near_duplicate_for_valid_component
008970fccfcdecbc,IMG_4500_jpg,train,valid,IMG_4500_jpg.rf.513c011a3bb738d8fefecf7a30b07172.jpg,16cc76a55e1866b8f12d9f07f6c027c8b2dda4369703b9cc51d75d0fd2238573,extra_variant_or_near_duplicate_for_valid_component
00a80a84ad2c348e,1697095266517_JPEG_jpg,train,train,1697095266517_JPEG_jpg.rf.84e7ab9bd1c541652655fceb46dffcf7.jpg,600de7ed0bf83c8ef1ba961ce8913332d80f6aba92a11dd4f214ab6537aba4b4,extra_variant_or_near_duplicate_for_train_component
00a80a84ad2c348e,1697095266517_JPEG_jpg,train,train,1697095266517_JPEG_jpg.rf.975f7f4a0d5ff56d2ec7481cd57d5d73.jpg,53e70dc73a29ef8b29608704a2e032b4833597651205b203de60736ed6e928e9,extra_variant_or_near_duplicate_for_train_component
00a80a84ad2c348e,1697095266517_JPEG_jpg,train,train,1697095266517_JPEG_jpg.rf.ae213db7ddabd174fa681f7fe7da7fbe.jpg,747066696a26d7b2380cca2e15b863523ae6a0ab946250ab77864aeb79ae47a1,extra_variant_or_near_duplicate_for_train_component
00a80a84ad2c348e,1697095266517_JPEG_jpg,train,train,1697095266517_JPEG_jpg.rf.d795c1745a187142aa6fc9517053d280.jpg,c0ffa5de69db496055307ad3cd49492c5b032a1d14eabc1b2ac65df4f3819dde,extra_variant_or_near_duplicate_for_train_component
00a80a84ad2c348e,1697095266517_JPEG_jpg,train,train,1697095266517_JPEG_jpg.rf.e968cae8a9bb8571ff0fa6782029fdce.jpg,fb9c4a25ed1a49aaff5bdd058efa337c581f2923d322d1ed36a19b9aa6f64176,extra_variant_or_near_duplicate_for_train_component
00a80a84ad2c348e,1697095266517_JPEG_jpg,train,train,1697095266517_JPEG_jpg.rf.ed9b7201fc2e68941a7defdfc2451fe8.jpg,c0f18b0d7e6abcd3b81a8b270af1b727d92b8e2e48f6fda64d28bfeb921f4215,extra_variant_or_near_duplicate_for_train_component
00a80a84ad2c348e,1697095266517_JPEG_jpg,valid,train,1697095266517_JPEG_jpg.rf.6a6a6ca26a777c2a186e194e554c0f45.jpg,bd95990756f7bab33ca61296765935250efe71772fbca1954543664c10000583,extra_variant_or_near_duplicate_for_train_component
00a80a84ad2c348e,1697095266517_JPEG_jpg,valid,train,1697095266517_JPEG_jpg.rf.a24620c7773ee274861fff0dbb9e3130.jpg,6594fa191cdb88edac259ed4e2473e7abbbfe184778550e1e482acdf11c11b30,extra_variant_or_near_duplicate_for_train_component
02a35389dc0c322d,1697099897398_JPEG_jpg,train,train,1697099897398_JPEG_jpg.rf.0459d087b2a39d3b73b6e92eac6fde9b.jpg,ab94894c861884c6be585cb2be33b29a7cfa422bec4db5be675b2a6d3c32746e,extra_variant_or_near_duplicate_for_train_component
02a35389dc0c322d,1697099897398_JPEG_jpg,train,train,1697099897398_JPEG_jpg.rf.14c3a641c7a97203249ee3d32e3f0c65.jpg,04434f3389d486c1cae65b6b61f481e569bc843ad1382ec1a2c987ba2d0df141,extra_variant_or_near_duplicate_for_train_component
02a35389dc0c322d,1697099897398_JPEG_jpg,train,train,1697099897398_JPEG_jpg.rf.737ec0a7295e920bb45da76959dfb17c.jpg,2c76e708aedcc2f7699d6f0b9cf09f46a7f018dbffb47c94efe4ca01bf7b6b56,extra_variant_or_near_duplicate_for_train_component
02a35389dc0c322d,1697099897398_JPEG_jpg,train,train,1697099897398_JPEG_jpg.rf.8b41e72fd53eca3a2c63eb0846b0875f.jpg,6a0e02989bc7065ad7a6fcc0735452e04aec5a1cd879efd76101c9f218c55bb2,extra_variant_or_near_duplicate_for_train_component
02a35389dc0c322d,1697099897398_JPEG_jpg,train,train,1697099897398_JPEG_jpg.rf.8f7afee2a536c86c18fc28b78a2b3047.jpg,8204035db676738b4ad6ba2f65dccc47fe43bd91cdac6f130cf86b4d6518e4bc,extra_variant_or_near_duplicate_for_train_component
02a35389dc0c322d,1697099897398_JPEG_jpg,train,train,1697099897398_JPEG_jpg.rf.c3fc4dbd27409f8c259c64cc63aaac91.jpg,9c6f922163f83bb81da3e04e780355db3651c7ec4280f15df1433fb5e28f58fd,extra_variant_or_near_duplicate_for_train_component
02a35389dc0c322d,1697099897398_JPEG_jpg,valid,train,1697099897398_JPEG_jpg.rf.49d6decfa924f9d71387ce1e381f5a6c.jpg,efdaf41b27083fe6a530e2d48dc0bbeff5c97975de1b8b97ad66137aa022279b,extra_variant_or_near_duplicate_for_train_component
02a35389dc0c322d,1697099897398_JPEG_jpg,valid,train,1697099897398_JPEG_jpg.rf.5ecf4c90ffad4bd3ecbf1ba3dd77809a.jpg,f22fe2c77f5421ed5bbd24fc87205d6be76eb765309f4cc6edc03c2bb29631b9,extra_variant_or_near_duplicate_for_train_component
0320b1eca2551a0f,c00254_jpg,train,test,c00254_jpg.rf.0a2b29f0f5f1fe52d81736839415290f.jpg,b75b74dd8406c3e88a86189edce09044b3d152aca368695edb6db002c4a54e32,exact_duplicate_same_label
0320b1eca2551a0f,c00254_jpg,train,test,c00254_jpg.rf.3c3c38a637e87613bad7e51b5da4ee65.jpg,83e80c39a0bdd5174e7fefc291735a21235d8c5ee147f96d811f7cba61f4341b,exact_duplicate_same_label
0320b1eca2551a0f,c00254_jpg,train,test,c00254_jpg.rf.5a8fc2f5b610351612d92939e699929a.jpg,83e80c39a0bdd5174e7fefc291735a21235d8c5ee147f96d811f7cba61f4341b,exact_duplicate_same_label
0320b1eca2551a0f,c00254_jpg,train,test,c00254_jpg.rf.f79922e420f7d0a20124ab22f1a8d27c.jpg,b75b74dd8406c3e88a86189edce09044b3d152aca368695edb6db002c4a54e32,exact_duplicate_same_label
037f2f738b5a6ed0,c00118_jpg,train,train,c00118_jpg.rf.e44ce99032a96803611981a07b9fadb2.jpg,bbb9cd1b08effdd14733403f3ba7d08f802da8bc195c09d4d07aa9f4c1684de0,exact_duplicate_same_label
037f2f738b5a6ed0,c00118_jpg,valid,train,c00118_jpg.rf.781f73bb45f116339de34b543393b436.jpg,a33406968ce94c8fb885ff08635b2d5217d560bc15b3ed66d4bf76202a1072c3,extra_variant_or_near_duplicate_for_train_component
037f2f738b5a6ed0,c00118_jpg,valid,train,c00118_jpg.rf.8089c0c804acf6a403f873a94e54cffe.jpg,ad173a24fdb20b47a2126467a4a6426aa2499003b3ff6a99504e1cce0f6825bc,extra_variant_or_near_duplicate_for_train_component
037f2f738b5a6ed0,c00118_jpg,test,train,c00118_jpg.rf.ffe14a914f0cec0d171573c46575cd66.jpg,d8e457975508acdf48b76e1bfdb94d85dc4d6b95e74a379c5eea218758b78c8b,extra_variant_or_near_duplicate_for_train_component
04cd0917d09c1432,IMG_4421_jpg,train,train,IMG_4421_jpg.rf.9d91038bfb629125dd193743034f951b.jpg,883e45e41f59ff77cbeecf9b63960800618a2bff0cbd9e534fed5242c07052b8,extra_variant_or_near_duplicate_for_train_component
04cd0917d09c1432,IMG_4421_jpg,train,train,IMG_4421_jpg.rf.fcd0746e17b6099e909bfec7564362ff.jpg,01da2cf176bfa8ff54d0ef0a8904769d978e0eb540bd68a4a0447c2248c24077,extra_variant_or_near_duplicate_for_train_component
04d695f965d957fa,a0015-0-0_jpg,train,train,a0015-0-0_jpg.rf.d184bea3030df0edf29ed4af2e7c2ae9.jpg,df01ddc3fa11e6d9aa93305c4718f90ccc1a5aed4a7886d150aac2d9413d85e9,exact_duplicate_same_label
04d695f965d957fa,a0015-0-0_jpg,train,train,a0015-0-0_jpg.rf.d363fccae643c16d3a8a6c4de563a66d.jpg,05a7bc916f1a0193d3aebd2bfe94636c6e2c80b3974ab04c1ca3b0eff4eddb95,exact_duplicate_same_label
04d695f965d957fa,a0015-0-0_jpg,train,train,a0015-0-0_jpg.rf.e56a65789848e8e6bf679dbad0869ccf.jpg,df01ddc3fa11e6d9aa93305c4718f90ccc1a5aed4a7886d150aac2d9413d85e9,exact_duplicate_same_label
04d695f965d957fa,a0015-0-0_jpg,valid,train,a0015-0-0_jpg.rf.d7fa288a95f304e44f177406472713bb.jpg,b7c96eb8178865f529aa491c8db09b5e4ecf105726d12bc864c8342e136dda29,extra_variant_or_near_duplicate_for_train_component
051a5a5a5a18c35e,gg0045_jpg,train,train,gg0045_jpg.rf.20bc9e40f8dded1ecca4f1268ce291f9.jpg,ee074f6e92c79f7e020824b2f83fa1971e6ae21e7a69670796fdd53aed140146,exact_duplicate_same_label
051a5a5a5a18c35e,gg0045_jpg,train,train,gg0045_jpg.rf.47ce8811b296e38cf2c0ede52818c1d9.jpg,ee074f6e92c79f7e020824b2f83fa1971e6ae21e7a69670796fdd53aed140146,exact_duplicate_same_label
051a5a5a5a18c35e,gg0045_jpg,train,train,gg0045_jpg.rf.50c3e3a1f16ccf503f7a955aba0eafc1.jpg,e264f80a83d34b1c4924ffc5c8e56f19f3a68e5ab83f2b7b0dfcc9e8339ff589,exact_duplicate_same_label
051a5a5a5a18c35e,gg0045_jpg,train,train,gg0045_jpg.rf.542c9c8c0c2f4b19bb7c338ddad8d099.jpg,65aebccb52ca6c32cd1eba9ea1b91360181fc7cbde0bf7502ba220d53b397bea,exact_duplicate_same_label
051a5a5a5a18c35e,gg0045_jpg,train,train,gg0045_jpg.rf.5610187bd245b6a0cb27a30bb0024812.jpg,e264f80a83d34b1c4924ffc5c8e56f19f3a68e5ab83f2b7b0dfcc9e8339ff589,exact_duplicate_same_label
051a5a5a5a18c35e,gg0045_jpg,train,train,gg0045_jpg.rf.85d4075ca7f501c2eb3b9230ff844518.jpg,d48571c4cfd076c098087f617ec42d4df7408be0e22fade379a2561bb78094e8,exact_duplicate_same_label
051a5a5a5a18c35e,gg0045_jpg,train,train,gg0045_jpg.rf.89d485ac7b2decac1c4ed6914caadf83.jpg,3aeea269fdf17574e56d57f5805717aa870b827827cec1692d881f1c2049649f,exact_duplicate_same_label
051a5a5a5a18c35e,gg0045_jpg,train,train,gg0045_jpg.rf.92a5f221853825106e3b65059dcfe65e.jpg,9e02093382609325e387a5e7f1544eff71a501b2295cc3cbf6366738c5a35524,exact_duplicate_same_label
051a5a5a5a18c35e,gg0045_jpg,train,train,gg0045_jpg.rf.b026f44983bee25fb731e8b55227ad29.jpg,65aebccb52ca6c32cd1eba9ea1b91360181fc7cbde0bf7502ba220d53b397bea,exact_duplicate_same_label
051a5a5a5a18c35e,gg0045_jpg,train,train,gg0045_jpg.rf.c0014a86cfc6d5ec42351fb09957f0e0.jpg,d48571c4cfd076c098087f617ec42d4df7408be0e22fade379a2561bb78094e8,exact_duplicate_same_label
051a5a5a5a18c35e,gg0045_jpg,train,train,gg0045_jpg.rf.d12dd2780443f5a9fd04ac53f48b42fe.jpg,9e02093382609325e387a5e7f1544eff71a501b2295cc3cbf6366738c5a35524,exact_duplicate_same_label
051a5a5a5a18c35e,gg0045_jpg,train,train,gg0045_jpg.rf.d9b681acc840dea665abc749948ca9f8.jpg,3aeea269fdf17574e56d57f5805717aa870b827827cec1692d881f1c2049649f,exact_duplicate_same_label
051a5a5a5a18c35e,gg0045_jpg,train,train,gg0045_jpg.rf.f9cdc6d4209f192b645c2f0694732c91.jpg,cd3fc848a9feb81cb9e0dbcdfd4200429b99059e2f70f7b3997333adca88100c,exact_duplicate_same_label
051a5a5a5a18c35e,gg0045_jpg,test,train,gg0045_jpg.rf.47b088275031b6cd34acbd4f1c268a9f.jpg,d3e5d0e3ad966544b451b32789f79e39f1b7fa874903d552616b2c9188cf343d,extra_variant_or_near_duplicate_for_train_component
051a5a5a5a18c35e,gg0045_jpg,test,train,gg0045_jpg.rf.649f62f3266176d6dbe5d9da56c532de.jpg,c125660ddc1c80aba77c8fee4db374318a8f1ab143db22b2b043ea0ce775c401,extra_variant_or_near_duplicate_for_train_component
0560023b04ce63da,WIN_20220507_21_29_20_Pro_jpg,valid,train,WIN_20220507_21_29_20_Pro_jpg.rf.482c67b0eb4265c2e8ef1614439fea18.jpg,111371d46597c3a9e3ae4a35397a47ae8b0ad3227605bdb54569e5dbfaa8ace2,extra_variant_or_near_duplicate_for_train_component
0560023b04ce63da,WIN_20220507_21_29_20_Pro_jpg,valid,train,WIN_20220507_21_29_20_Pro_jpg.rf.f045edda6502ceef854a89277f7121c8.jpg,0b79ac3acbe25d358e3889577fa84df01332cdfa9c832394020509128d029332,extra_variant_or_near_duplicate_for_train_component
05f334b184e9c850,c00488_jpg,train,train,c00488_jpg.rf.9b4a94a69158d3d9c0a1e4c9bee4b30e.jpg,df3447efbabf49ff6481cce2566f7ac1caec4fae60e80e055347505c1995bbec,exact_duplicate_same_label
05f334b184e9c850,c00488_jpg,train,train,c00488_jpg.rf.a33621586d7d70e0f3d4c38d987ca70f.jpg,df3447efbabf49ff6481cce2566f7ac1caec4fae60e80e055347505c1995bbec,exact_duplicate_same_label
05f334b184e9c850,c00488_jpg,train,train,c00488_jpg.rf.b29655b9f3adaa7d213b9537b18d5532.jpg,a5cd4ace25427582373730cd9d28d980c7a494f272dab30b322102a312d05f07,exact_duplicate_same_label
05f334b184e9c850,c00488_jpg,train,train,c00488_jpg.rf.d0c09d6b356407b83fe98e648d18295e.jpg,a5cd4ace25427582373730cd9d28d980c7a494f272dab30b322102a312d05f07,exact_duplicate_same_label
05f334b184e9c850,c00488_jpg,train,train,c00488_jpg.rf.e05d44f3861d39bb99271eca726b70b9.jpg,08a0736e4c657d3d4ea671ae4e55330da588dfbaea50a84c33a44f31e281a476,exact_duplicate_same_label
05f334b184e9c850,c00488_jpg,train,train,c00488_jpg.rf.112525f8e995ff8db593d1ca986780af.jpg,e0b0578ee2cbb08f8cc676aaebe26f8df98d3a9dafe9740152c2410546303f46,exact_duplicate_same_label
05f334b184e9c850,c00488_jpg,train,train,c00488_jpg.rf.31bc0618e3dd7d6d7fd1d1461bf694e3.jpg,e0b0578ee2cbb08f8cc676aaebe26f8df98d3a9dafe9740152c2410546303f46,exact_duplicate_same_label
05f334b184e9c850,c00488_jpg,train,train,c00488_jpg.rf.3c0d9c1ec977fc4c4883ce87dbff2e5b.jpg,7d0d7b3e4b6a8bcecae1248cbdafc98fb351277343857f32c5768649dbe82d2b,exact_duplicate_same_label
05f334b184e9c850,c00488_jpg,train,train,c00488_jpg.rf.5944a8cb92f76ee978be1ccccb408120.jpg,7d0d7b3e4b6a8bcecae1248cbdafc98fb351277343857f32c5768649dbe82d2b,exact_duplicate_same_label
05f334b184e9c850,c00488_jpg,train,train,c00488_jpg.rf.5abf3eff4e4d180a8a2c6e3aab850491.jpg,c5c6897b76bdefe4ea501deeb5a9275e7ef6fd25e13085c061f7c2b774867a7c,exact_duplicate_same_label
05f334b184e9c850,c00488_jpg,train,train,c00488_jpg.rf.7b6aa15641b66325a0a5ec4bb6d2d6d8.jpg,c5c6897b76bdefe4ea501deeb5a9275e7ef6fd25e13085c061f7c2b774867a7c,exact_duplicate_same_label
06b97c4922602100,c00007_jpg,train,train,c00007_jpg.rf.3c58e39cdfc4f3f41430bfcf536ce296.jpg,7d39103375c94fad3b999d8aa27cdb4a799acda10008259e5ae708a49764beae,exact_duplicate_same_label
06b97c4922602100,c00007_jpg,train,train,c00007_jpg.rf.491b18ec20dca05594347cf17241abb8.jpg,b92423cb01d4ddb6e7ae11351c64660d265719e30f20b77900eade2e1ff30a56,exact_duplicate_same_label
06b97c4922602100,c00007_jpg,train,train,c00007_jpg.rf.4bc891938f7e1930294e480732b47678.jpg,8cb2cdb41f930909407f239a57c1dcd33c84cf69f91ad70708f17e2545492c46,exact_duplicate_same_label
06b97c4922602100,c00007_jpg,train,train,c00007_jpg.rf.56dd1d52830d1fa32292d281c735e820.jpg,fc687b50cf25d85b4bbf63f7d99f9f644254cb9f2e5e1a9a9204e3873b45808c,exact_duplicate_same_label
06b97c4922602100,c00007_jpg,train,train,c00007_jpg.rf.7f65389e1672c8f8e850e2f01af08e0a.jpg,b92423cb01d4ddb6e7ae11351c64660d265719e30f20b77900eade2e1ff30a56,exact_duplicate_same_label
06b97c4922602100,c00007_jpg,train,train,c00007_jpg.rf.a95adab76a6c9dfb5eccbce2283a9f02.jpg,fc687b50cf25d85b4bbf63f7d99f9f644254cb9f2e5e1a9a9204e3873b45808c,exact_duplicate_same_label
06b97c4922602100,c00007_jpg,train,train,c00007_jpg.rf.ccfcd9c195d2057e91c09c87eedf8713.jpg,8cb2cdb41f930909407f239a57c1dcd33c84cf69f91ad70708f17e2545492c46,exact_duplicate_same_label
06b97c4922602100,c00007_jpg,train,train,c00007_jpg.rf.ce618e8bbd8df01105676d1d3a3083c9.jpg,65ec57b9fdb62ed872846653991bf47e7d601fdb0c6fdd65649acd7c861866f9,exact_duplicate_same_label
06b97c4922602100,c00007_jpg,train,train,c00007_jpg.rf.d838c3627c6f394a3e9f997b315459a2.jpg,d4fbceb98f046dc4e0e420b2b823e828b9a76ec6d4138292c2db78b67b9ee2c1,exact_duplicate_same_label
06b97c4922602100,c00007_jpg,train,train,c00007_jpg.rf.dc1bdd2107d99813fd8b650effbca9b5.jpg,d4fbceb98f046dc4e0e420b2b823e828b9a76ec6d4138292c2db78b67b9ee2c1,exact_duplicate_same_label
06b97c4922602100,c00007_jpg,train,train,c00007_jpg.rf.dcdedda4501c9229c3cdf7a916ee5e33.jpg,65ec57b9fdb62ed872846653991bf47e7d601fdb0c6fdd65649acd7c861866f9,exact_duplicate_same_label
0735a7451749e55a,WIN_20220329_21_29_35_Pro_jpg,train,valid,WIN_20220329_21_29_35_Pro_jpg.rf.6056d0cf1e76815303a2cccacc5784ee.jpg,b196687384624bfae841085f7e5a3f3c27d62f27f780fb52912b211579790fb6,exact_duplicate_same_label
0738638839004ea5,1697100022622_JPEG_jpg,train,train,1697100022622_JPEG_jpg.rf.400b57f01cda665f50790360131a6fd5.jpg,8a253ea07afb55b302923552f6e30394294d70be107ae77ce83ee2c1f5bd4453,extra_variant_or_near_duplicate_for_train_component
0738638839004ea5,1697100022622_JPEG_jpg,train,train,1697100022622_JPEG_jpg.rf.5b8aeb1a5ef3aceb72d18377d41ed90d.jpg,a31e99c83b96e396473e02e9d518839ff8843dae82245911c1bd2d142115dae3,extra_variant_or_near_duplicate_for_train_component
0738638839004ea5,1697100022622_JPEG_jpg,train,train,1697100022622_JPEG_jpg.rf.71ee242df89327da57983184f85335f4.jpg,c05089e8c8f23c6aa610ac888a32ecf9d95e83ef9be74b6c0d546f35a9e7683a,extra_variant_or_near_duplicate_for_train_component
0738638839004ea5,1697100022622_JPEG_jpg,train,train,1697100022622_JPEG_jpg.rf.94a32ed8bc625568fadf0a21c4a273f2.jpg,714ea64de66c0364a922045b01b38f54aa9140545d0e2e82916561adac7aa44d,extra_variant_or_near_duplicate_for_train_component
0738638839004ea5,1697100022622_JPEG_jpg,train,train,1697100022622_JPEG_jpg.rf.9b918a242caab4223ed23109911886be.jpg,22c58cfa86f055f67ea215450524a286895b64075a1526d6d7b3d1fae789a4de,extra_variant_or_near_duplicate_for_train_component
0738638839004ea5,1697100022622_JPEG_jpg,valid,train,1697100022622_JPEG_jpg.rf.71ec2a55c3bbdf6027746efdb9d79f51.jpg,380c84acdaa9f97e3e2ba4d3ea18310f1ec5bfec86db1300fa267594063a5f88,extra_variant_or_near_duplicate_for_train_component
0738638839004ea5,1697100022622_JPEG_jpg,valid,train,1697100022622_JPEG_jpg.rf.a3c9d05b6539350b39b10fd43568346b.jpg,0db9d1a52045885de74a7d4a37e45ee97b4546acb8aa16b996f7935e575297f2,extra_variant_or_near_duplicate_for_train_component
0738638839004ea5,1697100022622_JPEG_jpg,valid,train,1697100022622_JPEG_jpg.rf.de53eece725d2bd1600cf225f4b49858.jpg,2373b17230593967cf03dbfc0d9497b7c65b22678fba08ea0c960f260ca49d14,extra_variant_or_near_duplicate_for_train_component
076ced5e03a1ccac,bb0185_jpg,train,train,bb0185_jpg.rf.fc772ed3f5a4a45bf7fedb496e0a2d2d.jpg,6bd5e0f5746aa88bca465ed6213c59e45ea3d19c818734a5ecbe3ea4a44bca9b,exact_duplicate_same_label
076ced5e03a1ccac,bb0185_jpg,valid,train,bb0185_jpg.rf.832ddc39d865e9d6be0912f7be128227.jpg,28482e2a610cd14c0b23a69b563f1430edac4ce30f8f4d488a7eded74526f61e,extra_variant_or_near_duplicate_for_train_component
076ced5e03a1ccac,bb0185_jpg,test,train,bb0185_jpg.rf.7d66d45d14dc5101568100b3c3dbe50c.jpg,920dc4d72b573d5c8fc5c7a3da884f4bb4b7140d28ed229857e0ea92d0a7bf52,extra_variant_or_near_duplicate_for_train_component
079aafd5936269cc,IMG_4372_jpg,train,train,IMG_4372_jpg.rf.88c111572119cc83d5c5a6b433f73b03.jpg,bbc015306d2c55e8852afe7426640919f9fa9d3f1597a20f0bc4a169a6e111aa,extra_variant_or_near_duplicate_for_train_component
079aafd5936269cc,IMG_4372_jpg,train,train,IMG_4372_jpg.rf.e38c71aa2c9946ec443cbede5a6a296b.jpg,40961f7b98d4841ff7526f809b1d375b40caf5f04b172a57a1494ff695acc157,extra_variant_or_near_duplicate_for_train_component
0817847b8ca930cb,gg0070_jpg,train,train,gg0070_jpg.rf.2f2a5e15400ee3d04596ad690e61f103.jpg,b4300d313ab1ae7cc177458820d31a4f42e206fc93543d8a5dacbb32b2964cd0,exact_duplicate_same_label
0817847b8ca930cb,gg0070_jpg,train,train,gg0070_jpg.rf.77c3fe368b4e1cae8a3da51a31f36d0c.jpg,cbd251bdd1a3105d5a5e5c0c17417713976166f58869f7e3ba9e2ad8e652b91a,exact_duplicate_same_label
0817847b8ca930cb,gg0070_jpg,train,train,gg0070_jpg.rf.7897a7fa03df97da05de311a0ea23efc.jpg,96b60326701c08b53529477c66cba447978f00d693e2d800a3b357694cc074e0,exact_duplicate_same_label
0817847b8ca930cb,gg0070_jpg,train,train,gg0070_jpg.rf.83af001a65b0cd32675badadff1ff33a.jpg,cbd251bdd1a3105d5a5e5c0c17417713976166f58869f7e3ba9e2ad8e652b91a,exact_duplicate_same_label
0817847b8ca930cb,gg0070_jpg,train,train,gg0070_jpg.rf.d535f4f4b402a88d05cc5e62c7b8a2c7.jpg,09104b8ae5f8934b9792d96597e47bac2ae71fca5db002562fd8333c6ffe2550,exact_duplicate_same_label
0817847b8ca930cb,gg0070_jpg,train,train,gg0070_jpg.rf.d557cf5e550b4edf896c8519e17392f5.jpg,96b60326701c08b53529477c66cba447978f00d693e2d800a3b357694cc074e0,exact_duplicate_same_label
0817847b8ca930cb,gg0070_jpg,train,train,gg0070_jpg.rf.e9e70162c9dcbee35fec3e248c3c73f9.jpg,09104b8ae5f8934b9792d96597e47bac2ae71fca5db002562fd8333c6ffe2550,exact_duplicate_same_label
0817847b8ca930cb,gg0070_jpg,valid,train,gg0070_jpg.rf.e787a121839e013ecb460bce3660598a.jpg,ced58d64814f2064b0b91088c4dc52e59a750a6147c1bdb5fd08dd996262cf72,extra_variant_or_near_duplicate_for_train_component
0817847b8ca930cb,gg0070_jpg,test,train,gg0070_jpg.rf.7a380c5c7c651b73889f1821327585da.jpg,077707c3341e2e7d45d970562bbb66573c17f6afe5b6681bc7aa51cee194b045,extra_variant_or_near_duplicate_for_train_component
0866dfe15299b880,images-62-_jpg,train,train,images-62-_jpg.rf.ead67c1af1c36c60ce4685bee5d1efd1.jpg,ca51980ede227e1aa9283b59c3021b4ebaab683be287fc0dd81c7c37aca7094a,extra_variant_or_near_duplicate_for_train_component
0866dfe15299b880,images-62-_jpg,valid,train,images-62-_jpg.rf.407c180410991998ed3e92c12713c5f9.jpg,4e67d160f1d70715ed426842e63d7174c6a94110ee8d7f0ff1ef97527dba4d92,extra_variant_or_near_duplicate_for_train_component
086737b48c18d3b7,000184_jpg,train,train,000184_jpg.rf.e1682aea2a09cf639a4d069b88cacc4e.jpg,e37db08672ad1f1051c8763e91825c96a73eb72627fc72e1c5020689338f8366,exact_duplicate_same_label
0868e3b6eddb6828,bb0482_jpg,train,valid,bb0482_jpg.rf.5090b9371ac9e95a226ddacbc9b71791.jpg,90a4fbb8a46910d0f0fe8bc60a44939183ea72381f29dc4087eda88c92ae9729,exact_duplicate_same_label
0868e3b6eddb6828,bb0482_jpg,train,valid,bb0482_jpg.rf.aa1202e18a87447a553cc294a5110177.jpg,4c243feb42e80d58ccfd0e7818ea4685999b03a04e0cef11a44e210fbf16b866,exact_duplicate_same_label
0868e3b6eddb6828,bb0482_jpg,train,valid,bb0482_jpg.rf.e06983b121e7121aada956b717bed24e.jpg,90a4fbb8a46910d0f0fe8bc60a44939183ea72381f29dc4087eda88c92ae9729,exact_duplicate_same_label
0868e3b6eddb6828,bb0482_jpg,train,valid,bb0482_jpg.rf.e6fc04437dc42aeeffd752af3d8575ae.jpg,0a7ead0af3fd2d3d2b666b26969f1867d962ac801458f586e84d921a59226f9b,exact_duplicate_same_label
0868e3b6eddb6828,bb0482_jpg,train,valid,bb0482_jpg.rf.ef46cfd5bd84638e5818d660d5b274c9.jpg,0a7ead0af3fd2d3d2b666b26969f1867d962ac801458f586e84d921a59226f9b,exact_duplicate_same_label
08994236c2d613d4,ggg105_jpg,test,train,ggg105_jpg.rf.5d02f65fe714d5a538e302c13c0e5720.jpg,2393af4d4e75e93b3b3e66bda0998589b1ac7a2014b9b585c7f0bf5f42329b77,extra_variant_or_near_duplicate_for_train_component
08994236c2d613d4,ggg105_jpg,test,train,ggg105_jpg.rf.ff61d00560b5559abbb42db39b45dca2.jpg,fdc704ab4bbc46ead70707dcb4a2b923e8a06535339cb337f2545f4e55e5f5f7,extra_variant_or_near_duplicate_for_train_component
08b061cdf719116a,bb0058_jpg,train,train,bb0058_jpg.rf.3ae3c2733927fac76332f950ab342dce.jpg,d8be8c1e147a21957541779590e4d4943b497a4831ded9a9db59ab10a5501e0d,exact_duplicate_same_label
08b061cdf719116a,bb0058_jpg,train,train,bb0058_jpg.rf.46f592fa01f27afbb08dd7577954c0d5.jpg,848fcafcc019f98ec0837bfdbbc836f0c69f0ff90c6286dc2adeadebf7fd551c,exact_duplicate_same_label
08b061cdf719116a,bb0058_jpg,train,train,bb0058_jpg.rf.8d307d2a60148d274654d7ae6b7f2664.jpg,d8be8c1e147a21957541779590e4d4943b497a4831ded9a9db59ab10a5501e0d,exact_duplicate_same_label
08b061cdf719116a,bb0058_jpg,train,train,bb0058_jpg.rf.aaac9d5feab342cf6683d9005db076e3.jpg,09dea88794d3f9bb1f33fea710e7311dfb09edd1dd1a7be93d5e202d28bf683f,exact_duplicate_same_label
08b061cdf719116a,bb0058_jpg,train,train,bb0058_jpg.rf.f26081a0d24bdf645d4bc58963351d30.jpg,848fcafcc019f98ec0837bfdbbc836f0c69f0ff90c6286dc2adeadebf7fd551c,exact_duplicate_same_label
08ca11313c286d87,c00012_jpg,train,train,c00012_jpg.rf.1d57ffbf2f6fbf2c827afaa3cb391db4.jpg,67a2bb575371f4ce799e26db3290871b4626a7c92c2ad759186cafb0211998f8,exact_duplicate_same_label
08ca11313c286d87,c00012_jpg,train,train,c00012_jpg.rf.2ff47ce1c56f7e5c4fb0d26bc435caa8.jpg,a10469b82bc2d5a5e834377aaad20acb1c3b58da2379f9014754400978fec138,exact_duplicate_same_label
08ca11313c286d87,c00012_jpg,train,train,c00012_jpg.rf.355bdf10bf177ed0fcef5749fc1e79d9.jpg,7e4f7d69978f51fb683b54f69171f05c12b802362871710b1aa44f6f99be3ca0,exact_duplicate_same_label
08ca11313c286d87,c00012_jpg,train,train,c00012_jpg.rf.3813ee6bb9329213236d0f42ef2fcb3f.jpg,67a2bb575371f4ce799e26db3290871b4626a7c92c2ad759186cafb0211998f8,exact_duplicate_same_label
08ca11313c286d87,c00012_jpg,train,train,c00012_jpg.rf.3be77684f6ff6f7b2b2bf55d4dd91aed.jpg,d0bc64856de37182f660f13454eacd8b327dfe89f0c00e6694bd70d1e1661b9c,exact_duplicate_same_label
08ca11313c286d87,c00012_jpg,train,train,c00012_jpg.rf.85476aeecd92518633f0beabfd2db64e.jpg,a10469b82bc2d5a5e834377aaad20acb1c3b58da2379f9014754400978fec138,exact_duplicate_same_label
08ca11313c286d87,c00012_jpg,train,train,c00012_jpg.rf.8e00b8e93bcdfe2e4cf16929ff0ef071.jpg,d0bc64856de37182f660f13454eacd8b327dfe89f0c00e6694bd70d1e1661b9c,exact_duplicate_same_label
08ca11313c286d87,c00012_jpg,train,train,c00012_jpg.rf.cceee933d1fe9c4b525f1450bc60a592.jpg,7e4f7d69978f51fb683b54f69171f05c12b802362871710b1aa44f6f99be3ca0,exact_duplicate_same_label
08ca11313c286d87,c00012_jpg,train,train,c00012_jpg.rf.d332dffeba3728ee23e2cc79c1b25b95.jpg,a97ea374494252b7c3967302cc3df854cf2b7a5545b0e9b80fb0a1264a04c89b,exact_duplicate_same_label
08ca11313c286d87,c00012_jpg,test,train,c00012_jpg.rf.a8d1b9d14b0321129ea9350059a16f40.jpg,e4a0b2f93c647777ea5cc965770bdb4191e858a1dad8820cf52fa5e79b5615dd,extra_variant_or_near_duplicate_for_train_component
08fcdab977cd15c8,bb0004_jpg,train,train,bb0004_jpg.rf.2313635e1d391b178aa4952a9d3e9cd4.jpg,424f2e0dec9ac14d27addfe0bfaa571c703a36f1db697c8c836fd7f75b4f6f22,exact_duplicate_same_label
08fcdab977cd15c8,bb0004_jpg,train,train,bb0004_jpg.rf.26c0c247ac3e839f719a2999d7d884e2.jpg,992e3a3c6a2dd3270fefbe11fa355348b785c483e0a4b3a9cc39be7cd743a27c,exact_duplicate_same_label
08fcdab977cd15c8,bb0004_jpg,train,train,bb0004_jpg.rf.4d48a057ff102ff16a3c8912373df1a9.jpg,424f2e0dec9ac14d27addfe0bfaa571c703a36f1db697c8c836fd7f75b4f6f22,exact_duplicate_same_label
08fcdab977cd15c8,bb0004_jpg,train,train,bb0004_jpg.rf.5d8a97784f884f971ff9e4a24b509b5a.jpg,992e3a3c6a2dd3270fefbe11fa355348b785c483e0a4b3a9cc39be7cd743a27c,exact_duplicate_same_label
08fcdab977cd15c8,bb0004_jpg,train,train,bb0004_jpg.rf.9be6a7fadb5fe3a54df07abb71e74a92.jpg,76b0611c0249047e1a7ac4647991a5fb9f18c7b80a8a2cb1424e7190bf74ecf8,exact_duplicate_same_label
092bb44d3a1890f8,bb0374_jpg,train,train,bb0374_jpg.rf.19155022611178de25ade5a217f2c08d.jpg,643ec1141e085b64eae61587b78722cf220e4b1ee484373acace25287f630ee8,exact_duplicate_same_label
092bb44d3a1890f8,bb0374_jpg,train,train,bb0374_jpg.rf.51ecf9ab87e4f8df0afb690a4b22167a.jpg,81811a6a362f0ac2bc384ce5032ea1112b26b558deadd57a7640737b22703806,exact_duplicate_same_label
092bb44d3a1890f8,bb0374_jpg,train,train,bb0374_jpg.rf.97b1b8188a0acdab3e84c9477a0860a5.jpg,715828cd03ff142358e6122e40a20cebe88a59381e27453a38f4c6617edddd9b,exact_duplicate_same_label
092bb44d3a1890f8,bb0374_jpg,train,train,bb0374_jpg.rf.9a5c808f7e9ac9b2902b2fdd3f556006.jpg,715828cd03ff142358e6122e40a20cebe88a59381e27453a38f4c6617edddd9b,exact_duplicate_same_label
092bb44d3a1890f8,bb0374_jpg,train,train,bb0374_jpg.rf.e5df727f23d686a1875698fc2abdf98d.jpg,643ec1141e085b64eae61587b78722cf220e4b1ee484373acace25287f630ee8,exact_duplicate_same_label
09a33879dbf8a157,000250_jpg,train,train,000250_jpg.rf.47c59b2e24c933673eda7819f3d03646.jpg,98ad6939d80f0be514ee09aee8ce4ec4631acf88165b9b3af5d7de5421b73b41,exact_duplicate_same_label
09a33879dbf8a157,000250_jpg,train,train,000250_jpg.rf.97e3e7e37d744e137c68c9e66f2dae52.jpg,d3d9c12110afd486ca6effbf7f541d5e717969f32dc45f77e65715aeecc40cb2,exact_duplicate_same_label
09a33879dbf8a157,000250_jpg,train,train,000250_jpg.rf.a4c06d8ecc16dc1f3b827a8991fb10a7.jpg,98ad6939d80f0be514ee09aee8ce4ec4631acf88165b9b3af5d7de5421b73b41,exact_duplicate_same_label
09a33879dbf8a157,000250_jpg,valid,train,000250_jpg.rf.b30782fec9fb4680cec3fcbf781fd1f7.jpg,09ed0b9c86903c03878c91c178ca1061485175388e8616b436f40b56094561c9,extra_variant_or_near_duplicate_for_train_component
09a54b3ae8603368,images-64-_jpg,train,train,images-64-_jpg.rf.5c2f3492e5eebb9d6dccd5b3f700f9ba.jpg,f92cc150e165397c8a2ae0c42d03f18bb8c837b0d184b43b74fb36cf7d89c76d,exact_duplicate_same_label
09a54b3ae8603368,images-64-_jpg,valid,train,images-64-_jpg.rf.6f1169fdd14d1d341cd30b2cbfac591b.jpg,d23e4a3c057c9bb18af01b6d3f353455cab28b11ceffddfd3a97f69f6b2bc529,extra_variant_or_near_duplicate_for_train_component
09a54b3ae8603368,images-64-_jpg,test,train,images-64-_jpg.rf.5c2f3492e5eebb9d6dccd5b3f700f9ba.jpg,f92cc150e165397c8a2ae0c42d03f18bb8c837b0d184b43b74fb36cf7d89c76d,exact_duplicate_same_label
09fb5f3f4fff6d6f,7f04385235b23b7afa37c9c68f109bb3_jpg,train,train,7f04385235b23b7afa37c9c68f109bb3_jpg.rf.8fe6f59df24da9a28c878fb409cb5719.jpg,f6793de79e8563e4002d1ecc0c35d513044c0b0a276207c0102f46ab8c1a8361,extra_variant_or_near_duplicate_for_train_component
09fb5f3f4fff6d6f,7f04385235b23b7afa37c9c68f109bb3_jpg,train,train,7f04385235b23b7afa37c9c68f109bb3_jpg.rf.90c04232ab43bb13096ff7236dd90a11.jpg,79e0cf5f8a6da2b49d1d9e80ea250ece74a6571a0761076ab599d282b6d044ea,extra_variant_or_near_duplicate_for_train_component
0a086357521d30ce,bb0015_jpg,valid,valid,bb0015_jpg.rf.f421c15e89dfa10dd6c076ea68d93868.jpg,914843e46e1ec0769a652748d87bb81959a8ee0f2b491baf13d94b422fc6cca6,extra_variant_or_near_duplicate_for_valid_component
0a086357521d30ce,bb0015_jpg,train,valid,bb0015_jpg.rf.1a53c536f040372de7b00afd6545d7fd.jpg,34c5b9ed9da42d97f340758a2e18a33a94773f6d01a3296bf7c2b3bbeda5f5a7,exact_duplicate_same_label
0a086357521d30ce,bb0015_jpg,train,valid,bb0015_jpg.rf.f09391afc0d17410fad2d16afc1ab979.jpg,34c5b9ed9da42d97f340758a2e18a33a94773f6d01a3296bf7c2b3bbeda5f5a7,exact_duplicate_same_label
0a40e69b62abe50d,000763_jpg,train,train,000763_jpg.rf.5976b5e9790fa23362e9ed0101e8bbf8.jpg,c1dc210fdb6f9d10833ee588ce8ecbde1133dc7cedb841d0aa4e4765476e8b41,exact_duplicate_same_label
0a40e69b62abe50d,000763_jpg,train,train,000763_jpg.rf.8b0221d388e8ed48150975575702d3a5.jpg,c6dd0f231e78cec860f17f7dbe61df1ff4e189955f5c594d8154378973dec7ea,exact_duplicate_same_label
0a40e69b62abe50d,000763_jpg,train,train,000763_jpg.rf.9d56efdbaf730192dd1bbc1d8becbaa8.jpg,c6dd0f231e78cec860f17f7dbe61df1ff4e189955f5c594d8154378973dec7ea,exact_duplicate_same_label
0a40e69b62abe50d,000763_jpg,train,train,000763_jpg.rf.c6098d11957fa842539e25613f2ac7c1.jpg,c1dc210fdb6f9d10833ee588ce8ecbde1133dc7cedb841d0aa4e4765476e8b41,exact_duplicate_same_label
0a40e69b62abe50d,000763_jpg,train,train,000763_jpg.rf.ea510b4a3adbbe7b77fc84f65c7960b4.jpg,2d4bb271a53d525cf73f52cf2127f3922128fd09c9b0c77a536f7fd4fc7a0485,exact_duplicate_same_label
0a7ec5c80c631072,IMG_4469_jpg,train,train,IMG_4469_jpg.rf.79774d93398245fb708a8167ebbd3cb8.jpg,22b6bbf0b8f4d2e18a1607bc16b648e5ce007f9a12a5fd2ba129fc4a5e3056bb,extra_variant_or_near_duplicate_for_train_component
0a7ec5c80c631072,IMG_4469_jpg,train,train,IMG_4469_jpg.rf.89995e59d68e20f03c3ff2bbbe02a2cb.jpg,254902b6d5d59337b6653ba3233b345d47e04b34fdad48849227e5973f52e1f2,extra_variant_or_near_duplicate_for_train_component
0a7ec5c80c631072,IMG_4470_jpg,train,train,IMG_4470_jpg.rf.2bde665a7e10f728940815eac7fbb45d.jpg,ce9ccf41461ddfd3e3a2d6a25345ba9e8f6b54fe8a63906d2e7e683d40d02739,extra_variant_or_near_duplicate_for_train_component
0a7ec5c80c631072,IMG_4470_jpg,train,train,IMG_4470_jpg.rf.63000c984742244cecf84056cf1ad076.jpg,85362c807856e193298f8330017bf6657bf74b69d9256ceff5b7eb491080e2b0,extra_variant_or_near_duplicate_for_train_component
0a7ec5c80c631072,IMG_4470_jpg,train,train,IMG_4470_jpg.rf.ef74463f32070a51f8af5cc463b7a030.jpg,37841ba81e6ee97a88efdf2f163cc6d907f2703a62baf8cc9fea40d4e278a9f4,extra_variant_or_near_duplicate_for_train_component
0a7ec5c80c631072,IMG_4471_jpg,train,train,IMG_4471_jpg.rf.11c14baea4e0d56a767f17af9e5c3374.jpg,8963af79ddcda0f10795216994d482a7b34d0e48eefb31ba948587835fd393c2,extra_variant_or_near_duplicate_for_train_component
0a7ec5c80c631072,IMG_4471_jpg,train,train,IMG_4471_jpg.rf.16278e346dc8c22cf342cf1ed4c86900.jpg,e87f5d738fd812786044074f3d28f782be9ddf88216190bb98acd4632a38bdf4,extra_variant_or_near_duplicate_for_train_component
0a7ec5c80c631072,IMG_4471_jpg,train,train,IMG_4471_jpg.rf.92af33b126079c1b354439c20cd515dd.jpg,782eb4f2806b0c6c18a40bdf20e98e4fc717d6565cdaabdd8adb9acce96dae9f,extra_variant_or_near_duplicate_for_train_component
0a7ec5c80c631072,IMG_4468_jpg,train,train,IMG_4468_jpg.rf.0669679873b885051369d13e11972966.jpg,161f89023bdc432d03feec16021e5a2fc1a279fcf7ca56a24e9f6f08779b5eaf,extra_variant_or_near_duplicate_for_train_component
0a7ec5c80c631072,IMG_4468_jpg,train,train,IMG_4468_jpg.rf.1730055240ec5f5b70008b0f5952d13d.jpg,f82c3907efcea55e2bb22b2fd03d759004bbb0329e017b9373df92aa6a53c83f,extra_variant_or_near_duplicate_for_train_component
0a7ec5c80c631072,IMG_4468_jpg,train,train,IMG_4468_jpg.rf.6d589c9dbab5ca0e9833327ab769600b.jpg,dae3a5161b04bda0a1a81c3f4f4579e91574af2f8a0083bf88242aa833aefd17,extra_variant_or_near_duplicate_for_train_component
0a7ec5c80c631072,IMG_4465_jpg,valid,train,IMG_4465_jpg.rf.cbeddb1c8295222ef7b05b5eddcd1d0f.jpg,e155210dcad21c173f7eae44c4a187940111a4ee178a8f133729a989102e83e2,extra_variant_or_near_duplicate_for_train_component
0a7ec5c80c631072,IMG_4466_jpg,valid,train,IMG_4466_jpg.rf.dd9a10b199c5a5ef770462798cd2fe3a.jpg,e2e6f61f911014b8d88aaba31ffc4b4e73ad6009ca9b46320db586c1663d6207,extra_variant_or_near_duplicate_for_train_component
0a7ec5c80c631072,IMG_4467_jpg,valid,train,IMG_4467_jpg.rf.8b58a94e7c126668043727e3721187c0.jpg,7eb32586463ff576aff5bd14df44a400b3caf9c88c6d8f8b8d143cd7bd4270c1,extra_variant_or_near_duplicate_for_train_component
0a9932ad4633ef3c,000687_png_jpg,train,train,000687_png_jpg.rf.3ea813f93cd2c2139d5cafa7723ac0da.jpg,6bd516eb468ba32329d68c47f490cca28e34edbd5e3f025807edc21f90b4ddfb,exact_duplicate_label_conflict
0a9932ad4633ef3c,000687_png_jpg,train,train,000687_png_jpg.rf.6f342a50fdfb2c87e61885531f4ba65c.jpg,413c18ce37f02579b4a186494d8cfb9fb7b6abd867959f6868148a419149ed6f,exact_duplicate_same_label
0a9932ad4633ef3c,000687_png_jpg,train,train,000687_png_jpg.rf.6f93f6841a9bc940d7c667d19e562a88.jpg,c19ce819efb1f27adf2b11686d6b89872b16a2e2afe462dd468e686a82a9a457,exact_duplicate_same_label
0a9932ad4633ef3c,000687_png_jpg,train,train,000687_png_jpg.rf.8c95ba8071cc4bfdb86853295283b6b7.jpg,c19ce819efb1f27adf2b11686d6b89872b16a2e2afe462dd468e686a82a9a457,exact_duplicate_same_label
0a9932ad4633ef3c,000687_png_jpg,train,train,000687_png_jpg.rf.e0acf99768932ad2d5aeb9ad662e2aa2.jpg,413c18ce37f02579b4a186494d8cfb9fb7b6abd867959f6868148a419149ed6f,exact_duplicate_same_label
0b30f8f2b6b19d42,000173_jpg,train,train,000173_jpg.rf.7744c9410585db53ebcf53ebbca43cdc.jpg,6e3f65cc5b9c5127949cb551f1c22deb841543a2f9eaededc7cffaee3102d630,exact_duplicate_same_label
0b30f8f2b6b19d42,000173_jpg,train,train,000173_jpg.rf.7eed28eaf4544bafcbe6ed8db605707c.jpg,8b681f9d7ac9b542051c9723a9dc15240e39e9dc1c0d7560f13d5d15f872de9c,exact_duplicate_same_label
0b30f8f2b6b19d42,000173_jpg,train,train,000173_jpg.rf.cc228daa13c4deed60f768b7c17ba453.jpg,8b681f9d7ac9b542051c9723a9dc15240e39e9dc1c0d7560f13d5d15f872de9c,exact_duplicate_same_label
0b30f8f2b6b19d42,000173_jpg,valid,train,000173_jpg.rf.353ffb769e7a1886a5ba4f56e0e15a86.jpg,0a9f47884cd0d964ca8958e5badbbaed665314552b73f2c173c11804c9099ec1,extra_variant_or_near_duplicate_for_train_component
0b61198e360aaf17,IMG_4502_jpg,train,test,IMG_4502_jpg.rf.90246d1bf15e0410358058f763ed8ca6.jpg,7e6c02afb4639b26c72121bcd25fa7c0375728f8cdb0efa1c2ca4a87109a2b74,extra_variant_or_near_duplicate_for_test_component
0b61198e360aaf17,IMG_4502_jpg,train,test,IMG_4502_jpg.rf.acc38aa9dcc8935ae01c4658b4a17c32.jpg,67f13dd81397f8ca876654aed8100b495422634fa0ae1abecccd2b691c67c41b,extra_variant_or_near_duplicate_for_test_component
0b7e919abe488e7f,IMG_4501_jpg,train,train,IMG_4501_jpg.rf.2a79bc8a464bf2961b045715949434be.jpg,95303b52b63ae6633e73acaa39b30a400e3c99dd56f7eddedd2d77f50f9c7fa1,extra_variant_or_near_duplicate_for_train_component
0b7e919abe488e7f,IMG_4501_jpg,train,train,IMG_4501_jpg.rf.b72d961b7d3dab7b47a194104e019c93.jpg,4a8ca3d435ec8b4c3575e5b82e99411e2c0eeb57d3bba9c8aaa1e1c52f530f92,extra_variant_or_near_duplicate_for_train_component
0b7e919abe488e7f,IMG_4501_jpg,train,train,IMG_4501_jpg.rf.d6fe8c127ca88f623aad602711eae85c.jpg,65d3af158eb5e6d4a675957b1e891251a4aefec5f51258ef5de06788991c3153,extra_variant_or_near_duplicate_for_train_component
0bbaeceb3ad83f4f,c00383_jpg,train,train,c00383_jpg.rf.2d823de90c96aba8f4bf5799fb1cce66.jpg,c4b865ab7bba103aab07dae6739cfb4d9a45c89b456d364564fdc6b283b17417,exact_duplicate_same_label
0bbaeceb3ad83f4f,c00383_jpg,train,train,c00383_jpg.rf.3840713d4ed7b0933fc61fa90dfe58a4.jpg,3a1baa2f52fa4560309dc7a64f575bc3156ee9dff7025bed8b6d4055b1aafba6,exact_duplicate_same_label
0bbaeceb3ad83f4f,c00383_jpg,train,train,c00383_jpg.rf.bce33f0193db56ab53fd67e02a52efc9.jpg,c4b865ab7bba103aab07dae6739cfb4d9a45c89b456d364564fdc6b283b17417,exact_duplicate_same_label
0bbaeceb3ad83f4f,c00383_jpg,test,train,c00383_jpg.rf.cdebf00858fac77a64ee6d7dcc6eb54b.jpg,e27ae255927701d17f02ea0e06bcc8d9ff22e6e777cc75f940a186db04f1c503,extra_variant_or_near_duplicate_for_train_component
0dc2cb949bc7ab1b,IMG_4376_jpg,train,train,IMG_4376_jpg.rf.b1161bb62313dddbcc10c4ea189fe4d6.jpg,d18b3c135c02ffc8d1a43f8ff1633cbd3fd86386617467732e8f359cfe307e49,extra_variant_or_near_duplicate_for_train_component
0dc2cb949bc7ab1b,IMG_4376_jpg,train,train,IMG_4376_jpg.rf.fccb2744427d300a0a994eaf7885757a.jpg,66ce09f471bcb513d9e7f9a97ad5b004c9df176c33907de35ba18de2d2cc027e,extra_variant_or_near_duplicate_for_train_component
0e239d909507cb87,a0003-0-0_jpg,test,valid,a0003-0-0_jpg.rf.faf21e2ca53c363f4796e141be8f0df5.jpg,8aa5b86567098e3b98f9d9fe70da6d9f0424c1707351d85674f19b1649dbe0c6,extra_variant_or_near_duplicate_for_valid_component
0e239d909507cb87,a0003-0-0_jpg,train,valid,a0003-0-0_jpg.rf.b57f6cfc996e80868a7cd5af9214dc50.jpg,ecf290d49e57f96643e64f58218e61350546b3fe54fcb5c667395d2b025b06aa,exact_duplicate_same_label
0e239d909507cb87,a0003-0-0_jpg,train,valid,a0003-0-0_jpg.rf.d98b1ce9a53f78456abcd1b3d1be0a47.jpg,ecf290d49e57f96643e64f58218e61350546b3fe54fcb5c667395d2b025b06aa,exact_duplicate_same_label
0e4907bdf13362ab,000016_jpg,train,train,000016_jpg.rf.0c7b36c7864b4c85d5e40b41f3e35885.jpg,308fdf38c3658a19aeb247f53faa87f0932cf690db703cd9516bc996b8f77f31,exact_duplicate_same_label
0e4907bdf13362ab,000016_jpg,train,train,000016_jpg.rf.4148a64bca6f930ce6d489fbf26e86cc.jpg,a0ef819e1bf9a99aee2309b2b85d50bd4b5672d7287348b59940b508cbf27b18,exact_duplicate_same_label
0e4907bdf13362ab,000016_jpg,train,train,000016_jpg.rf.78efccadaff611ec9f3d3c4a18b9632d.jpg,308fdf38c3658a19aeb247f53faa87f0932cf690db703cd9516bc996b8f77f31,exact_duplicate_same_label
0e4907bdf13362ab,000016_jpg,train,train,000016_jpg.rf.948c56d260e7aeb39e784cd3a062034b.jpg,02915313d67d621c5041cd52c40dfbea3cc274b6abfa69ad596e8883fa75ed4f,exact_duplicate_same_label
0e4907bdf13362ab,000016_jpg,train,train,000016_jpg.rf.f97cede604eff1bea78fd2c2c81c83fa.jpg,02915313d67d621c5041cd52c40dfbea3cc274b6abfa69ad596e8883fa75ed4f,exact_duplicate_same_label
0f962ed56b588dc6,1697099879069_JPEG_jpg,train,train,1697099879069_JPEG_jpg.rf.568551ef38aa3a229cccb63325d06ef5.jpg,102a20dcccb6c8b5da6c7f7795e4baef080c7bd59b946b05e8b41b560101b9c4,extra_variant_or_near_duplicate_for_train_component
0f962ed56b588dc6,1697099879069_JPEG_jpg,train,train,1697099879069_JPEG_jpg.rf.6a1084fca98d5e6a93872c20300de619.jpg,8b6b40d059ac80f0a16a82f39e72a9d74d08ac03c7f969c61702fa1e7fabe9f5,extra_variant_or_near_duplicate_for_train_component
0f962ed56b588dc6,1697099879069_JPEG_jpg,train,train,1697099879069_JPEG_jpg.rf.ba42cbceed08e22aaf93b54111610152.jpg,9956c513a82c62644436235837d08b8a53d497ada9b4b9e29b8fb2dc1f10bc80,extra_variant_or_near_duplicate_for_train_component
0f962ed56b588dc6,1697099879069_JPEG_jpg,train,train,1697099879069_JPEG_jpg.rf.c0043b485f8f31843c64b94c4340ffd9.jpg,0cc148a1bd3917a2e66a80e7df4abe18e40a486e434b77478e65803f92cac3b5,extra_variant_or_near_duplicate_for_train_component
0f962ed56b588dc6,1697099879069_JPEG_jpg,train,train,1697099879069_JPEG_jpg.rf.c4582338111697b9f83204f603777bde.jpg,70021a69da5e8fe5ec2a661b1f54c67706ad065f78be639b52b67d31acbd1da6,extra_variant_or_near_duplicate_for_train_component
0f962ed56b588dc6,1697099879069_JPEG_jpg,valid,train,1697099879069_JPEG_jpg.rf.6fe2fe6d27ebedb15d5de9948dc0f6b4.jpg,47a7ef5657978b2bab8a7704f4553384fdbe295684af2b3b743ece4b24aa5984,extra_variant_or_near_duplicate_for_train_component
0f962ed56b588dc6,1697099879069_JPEG_jpg,valid,train,1697099879069_JPEG_jpg.rf.a12c15e6b9d6aa559784b55a18c99652.jpg,c076856183149c485e465d241aacf0e72e5589d3fe14daea6dcc885bef4f8ec7,extra_variant_or_near_duplicate_for_train_component
0f962ed56b588dc6,1697099879069_JPEG_jpg,valid,train,1697099879069_JPEG_jpg.rf.a5a6435f95275a8123ee22498ca89b2a.jpg,d4ece7475cbc798d6a87dc9a8d44c47baa75d1ed5a432a413e5c30544905c3fa,extra_variant_or_near_duplicate_for_train_component
0f9cb2c7b166880e,c00158_jpeg_jpg,train,train,c00158_jpeg_jpg.rf.119cc1ab666ac7350468b473aa818cb6.jpg,6b87a2664e8ecb957faa526c6d59d99743ba4e57a898d6812d19f11d59224fd1,exact_duplicate_same_label
0f9cb2c7b166880e,c00158_jpeg_jpg,train,train,c00158_jpeg_jpg.rf.43c7bf76934e030032efdb076ee22284.jpg,6d66c3683420e83fb93ed28177fe39005e69a197fc85dfcd7771abb30fb04693,exact_duplicate_same_label
0f9cb2c7b166880e,c00158_jpeg_jpg,train,train,c00158_jpeg_jpg.rf.5250117408226d24ee0629e0ca35e2ca.jpg,6d66c3683420e83fb93ed28177fe39005e69a197fc85dfcd7771abb30fb04693,exact_duplicate_same_label
0f9cb2c7b166880e,c00158_jpeg_jpg,train,train,c00158_jpeg_jpg.rf.7176340fef95d7ee62a7daaef127d3b7.jpg,d2c4b9dcc522b6631c87b4b22f38f4399b6e5ff873f1962fe1f626f07ef10ad2,exact_duplicate_same_label
0f9cb2c7b166880e,c00158_jpeg_jpg,train,train,c00158_jpeg_jpg.rf.7d31fc253f5d131a2b6d899971b9eb72.jpg,3a873593cec5960dfca7b27610df77eb3ff43f79788a0249b07d1f4600e20442,exact_duplicate_same_label
0f9cb2c7b166880e,c00158_jpeg_jpg,train,train,c00158_jpeg_jpg.rf.7f8c097fc697209300aaacc2b0af9df3.jpg,d2c4b9dcc522b6631c87b4b22f38f4399b6e5ff873f1962fe1f626f07ef10ad2,exact_duplicate_same_label
0f9cb2c7b166880e,c00158_jpeg_jpg,train,train,c00158_jpeg_jpg.rf.8c132f13e49e648b53c93be6ca597fd8.jpg,2c178e5aa243b5037f058b83d39e18a3004928e93d470cb6864ff9d36d60cef8,exact_duplicate_same_label
0f9cb2c7b166880e,c00158_jpeg_jpg,train,train,c00158_jpeg_jpg.rf.90fc3ed0effee4af408055c541e01f34.jpg,3a873593cec5960dfca7b27610df77eb3ff43f79788a0249b07d1f4600e20442,exact_duplicate_same_label
0f9cb2c7b166880e,c00158_jpeg_jpg,train,train,c00158_jpeg_jpg.rf.ca05926d2c534649ee9319134c8488a5.jpg,5b9e6b54b67c5664a96ed7d7df87769d9027cceb130fb999f0a24295759cf648,exact_duplicate_same_label
0f9cb2c7b166880e,c00158_jpeg_jpg,train,train,c00158_jpeg_jpg.rf.d24c0fcf0a961f53536d602d0745172f.jpg,6b87a2664e8ecb957faa526c6d59d99743ba4e57a898d6812d19f11d59224fd1,exact_duplicate_same_label
0f9cb2c7b166880e,c00158_jpeg_jpg,train,train,c00158_jpeg_jpg.rf.dc937aa76ed284cae05316cd8a542696.jpg,2c178e5aa243b5037f058b83d39e18a3004928e93d470cb6864ff9d36d60cef8,exact_duplicate_same_label
0ffc7fe816cfb60c,c00317_jpg,train,train,c00317_jpg.rf.4b83f8d29e7dce927527ca11d3d0d39f.jpg,8f8906bf75d37a30793e22f27b90ee41b7defe9b2f9429ea9c0903fd463fee76,exact_duplicate_same_label
0ffc7fe816cfb60c,c00317_jpg,train,train,c00317_jpg.rf.5177bf0a8f3de8011fbddb7762acec0a.jpg,2b59b1912d6fc7219296dc0019077f6dade19ef7e044cd890a1012430449d8ff,exact_duplicate_same_label
0ffc7fe816cfb60c,c00317_jpg,train,train,c00317_jpg.rf.53009ace30564ccdf2ba3dac19c8837a.jpg,bb45c01e0380395d87bb01f816ddc8c8d37acc635e43c3b15ba7c162183cdfd5,exact_duplicate_same_label
0ffc7fe816cfb60c,c00317_jpg,train,train,c00317_jpg.rf.64eb38934db72d31d4feac642e1bdd86.jpg,bb45c01e0380395d87bb01f816ddc8c8d37acc635e43c3b15ba7c162183cdfd5,exact_duplicate_same_label
0ffc7fe816cfb60c,c00317_jpg,train,train,c00317_jpg.rf.93fbc7b733ef43b4c24cb5d52939ff7b.jpg,2b59b1912d6fc7219296dc0019077f6dade19ef7e044cd890a1012430449d8ff,exact_duplicate_same_label
0ffc7fe816cfb60c,c00317_jpg,train,train,c00317_jpg.rf.9c4c72153af198d3619359c71efe4228.jpg,d0f11e1a60b18c1fe8b7dc93dee17ae8bf37b24e879cbd4d18ead286f7ab1a23,exact_duplicate_same_label
0ffc7fe816cfb60c,c00317_jpg,train,train,c00317_jpg.rf.a2fd79630f75e3501139b907da1b3ec8.jpg,d0f11e1a60b18c1fe8b7dc93dee17ae8bf37b24e879cbd4d18ead286f7ab1a23,exact_duplicate_same_label
0ffc7fe816cfb60c,c00317_jpg,train,train,c00317_jpg.rf.d0e50195624257b8085c01d2b40d0fc7.jpg,7025914dde8e9dacaca28876e23d0c953351a281870c12b2b9f8f680192e7f5f,exact_duplicate_same_label
0ffc7fe816cfb60c,c00317_jpg,train,train,c00317_jpg.rf.eaba798eaa9c2a3c28a0a2fa00fa9318.jpg,8f8906bf75d37a30793e22f27b90ee41b7defe9b2f9429ea9c0903fd463fee76,exact_duplicate_same_label
0ffc7fe816cfb60c,c00317_jpg,valid,train,c00317_jpg.rf.3c29ae7d7ede36d0eee3e29e605af544.jpg,094a406d342f306912845171b74211773e26948cf6d16ef18711ff4bbd6d9935,extra_variant_or_near_duplicate_for_train_component
105a66d1811d5c3f,000203_jpeg_jpg,train,train,000203_jpeg_jpg.rf.129e60c05d1ddcfbf73c2456f3898c69.jpg,57b15f593982fc53481dc1635ab6fbd87da693128505ce3084a9dce10000e614,exact_duplicate_same_label
105a66d1811d5c3f,000203_jpeg_jpg,train,train,000203_jpeg_jpg.rf.a80506b3010412001d3f028af6832b74.jpg,bbbff89173a7f1a0b6823a1f70fcdf0bdc9e17d8e99ec9d3daf728b3330de6b1,exact_duplicate_same_label
105a66d1811d5c3f,000203_jpeg_jpg,train,train,000203_jpeg_jpg.rf.cb67a7a4854409c7053b079a1d7b7284.jpg,57b15f593982fc53481dc1635ab6fbd87da693128505ce3084a9dce10000e614,exact_duplicate_same_label
105a66d1811d5c3f,000203_jpeg_jpg,valid,train,000203_jpeg_jpg.rf.05faa3447ccefb566de94d614980c01e.jpg,a52453fb4b57b7f6798daf52c3bb9a8c4df586b4cf172bc3c62ed2c6d95f40a1,extra_variant_or_near_duplicate_for_train_component
106374ccdecea109,smoking_0924_jpg,train,train,smoking_0924_jpg.rf.1de06d4e3846b9e9216efa868058fb09.jpg,9d5214e4454b2026e4a087452437c772b1a37ed83843ea89fb0340ccba5fbc07,extra_variant_or_near_duplicate_for_train_component
10b2a62e23f60a3a,c00243_jpg,train,train,c00243_jpg.rf.157d1ad85bedfdfb8e02c18b7c1fc840.jpg,30f7bd918c8d6951aecf599df03ff5c7766e6fe00f78e0281b269ee044bd158f,exact_duplicate_same_label
10b2a62e23f60a3a,c00243_jpg,train,train,c00243_jpg.rf.4c7be8b1af7f9d1262fc4002e519aff3.jpg,3f617e31f2fcc0ec50607944d8fd0f7413bb40edee56d6c820d8d1da72a94811,exact_duplicate_same_label
10b2a62e23f60a3a,c00243_jpg,train,train,c00243_jpg.rf.607a6ae3975bba5cabd9b1dcfd4d6b72.jpg,30f7bd918c8d6951aecf599df03ff5c7766e6fe00f78e0281b269ee044bd158f,exact_duplicate_same_label
10b2a62e23f60a3a,c00243_jpg,train,train,c00243_jpg.rf.784f61aab105c4681df3423d00a2de81.jpg,3364412fb54d3f32eae6744b4d9fa629cc4396e97ee1b1b5da10d190c83393f5,exact_duplicate_same_label
10b2a62e23f60a3a,c00243_jpg,train,train,c00243_jpg.rf.bab864db7543e6bd3e5041340a84afbd.jpg,3f617e31f2fcc0ec50607944d8fd0f7413bb40edee56d6c820d8d1da72a94811,exact_duplicate_same_label
110af7d1a0dab443,gg0101_jpg,train,train,gg0101_jpg.rf.de1d7a21e6cd8f8057fb271749624b86.jpg,780f61d6746874a8abff1a01aec79a13b6abc24a4b1588d1d89fcee0978ec8cd,exact_duplicate_same_label
110af7d1a0dab443,gg0101_jpg,valid,train,gg0101_jpg.rf.2001ed097c2bc4c437f174b07bf1497c.jpg,2173719797fe77ebceaa2e4b3d55f54ef63ea97a5a50cdb23b6529270de6f92d,extra_variant_or_near_duplicate_for_train_component
110af7d1a0dab443,gg0101_jpg,valid,train,gg0101_jpg.rf.2a52666d2ecb45bce1370d57876d8473.jpg,f5baf8159be3feb241e1428b7f04753ea19d137ff30a2c732b936b9336f39988,extra_variant_or_near_duplicate_for_train_component
110af7d1a0dab443,gg0101_jpg,test,train,gg0101_jpg.rf.10418d32910d75c95b13c37ed3874d5c.jpg,cfd395e0e9ef45cc81a6bdae7b3ed27e325ba7c58eb75d1fabb399b1318b16d7,extra_variant_or_near_duplicate_for_train_component
110af7d1a0dab443,gg0101_jpg,test,train,gg0101_jpg.rf.2638eb61418bf3221465b97d3b3b78ac.jpg,9a04a72a2a8e1a20e2ebe9cb73f7c51ce892dc4202ed73affe1b216b4b5225b2,extra_variant_or_near_duplicate_for_train_component
110af7d1a0dab443,gg0101_jpg,test,train,gg0101_jpg.rf.d416845a070499fd5a866fa180f49a3b.jpg,2b6585d8dcd7f06b8a1c8f6580f402bde28066811137c41eb5c5f18ebe8d1127,extra_variant_or_near_duplicate_for_train_component
1135f367af51b074,images-71-_jpg,train,train,images-71-_jpg.rf.7cfadc994ec98bc7c47e5fece97147bf.jpg,eece97074b8977e3a636f21ed09dd5f2c09a8c613d8ad79cbeea3bd7ce6e93a8,extra_variant_or_near_duplicate_for_train_component
1135f367af51b074,images-71-_jpg,valid,train,images-71-_jpg.rf.39a6a0efb4d1dc189f6ef86cef89c69d.jpg,7d1fbef01218f7c35365d0efc61ad3767a7b92479498c0cd92dda2f71ea460ee,extra_variant_or_near_duplicate_for_train_component
11ccf842ba58c8c0,ggg030_jpg,train,train,ggg030_jpg.rf.3640be0f1b3ca87b2bada8f2a4ac9787.jpg,6a852c68c461460ba566f15ffb7c7570ce79ca7e1a35cba44bf075df1b7f6c21,exact_duplicate_same_label
11ccf842ba58c8c0,ggg030_jpg,train,train,ggg030_jpg.rf.3c52cde28fb037aa08e68b2c967efa53.jpg,b880bd79abe792fb3fba38f33f0a524525be1e026614285e7481fa639247f74c,exact_duplicate_same_label
11ccf842ba58c8c0,ggg030_jpg,train,train,ggg030_jpg.rf.4ab713b9e38c50bd3c4c8919f37ab7bb.jpg,3d89ec9ad513e8a06e07e55c3a5556a30068ec4e75e81a809388c34a3ca3efee,exact_duplicate_same_label
11ccf842ba58c8c0,ggg030_jpg,train,train,ggg030_jpg.rf.50c382401c3c7d4f639856e95128256b.jpg,9a5e8edbedbb36a9a85d53bbc4f446e3a7764857f9c9bf1ec3afc937b99aa4ed,exact_duplicate_same_label
11ccf842ba58c8c0,ggg030_jpg,train,train,ggg030_jpg.rf.5723a9659ded46b98ea8ad6e01204744.jpg,2f4cc0d3dc62efd0a216b1ee26ef1f8b2911679c534eee0c342248a4dabf0380,exact_duplicate_same_label
11ccf842ba58c8c0,ggg030_jpg,train,train,ggg030_jpg.rf.620fb2abd9869fc1fbd14b5ed83aa2f0.jpg,9a5e8edbedbb36a9a85d53bbc4f446e3a7764857f9c9bf1ec3afc937b99aa4ed,exact_duplicate_same_label
11ccf842ba58c8c0,ggg030_jpg,train,train,ggg030_jpg.rf.6c924aaea8b9f0483656b6c763273982.jpg,5a793c8e8ac71894362e8e8f0745c5a220aebed321c1a427f833123ffd737c01,exact_duplicate_same_label
11ccf842ba58c8c0,ggg030_jpg,train,train,ggg030_jpg.rf.70aa3f79ca9efb7f61316c4db6bfd978.jpg,6a852c68c461460ba566f15ffb7c7570ce79ca7e1a35cba44bf075df1b7f6c21,exact_duplicate_same_label
11ccf842ba58c8c0,ggg030_jpg,train,train,ggg030_jpg.rf.ac16dce80d0f309c241a98f17a42f2cc.jpg,3d89ec9ad513e8a06e07e55c3a5556a30068ec4e75e81a809388c34a3ca3efee,exact_duplicate_same_label
11ccf842ba58c8c0,ggg030_jpg,train,train,ggg030_jpg.rf.b4357d4ff8720bff5830b2e54152acc0.jpg,b880bd79abe792fb3fba38f33f0a524525be1e026614285e7481fa639247f74c,exact_duplicate_same_label
11ccf842ba58c8c0,ggg030_jpg,train,train,ggg030_jpg.rf.c0b86ad908e515cab51e19be18b30585.jpg,5a793c8e8ac71894362e8e8f0745c5a220aebed321c1a427f833123ffd737c01,exact_duplicate_same_label
11ccf842ba58c8c0,ggg030_jpg,train,train,ggg030_jpg.rf.d123eb58d5c1e578a0aabb1e314b2163.jpg,eab75dd70c9432aeae41d44894dc377c2c85100043b4fcdd4a2e5316a5089c49,exact_duplicate_same_label
11ccf842ba58c8c0,ggg030_jpg,train,train,ggg030_jpg.rf.d4039bbe0d45a2b2686ecf65ca561140.jpg,f01e053e12cc070035030084f37164bcdefd771917bf43f775543414609273bf,exact_duplicate_same_label
11ccf842ba58c8c0,ggg030_jpg,train,train,ggg030_jpg.rf.edc1bfc2b208257da232abdae71516d9.jpg,eab75dd70c9432aeae41d44894dc377c2c85100043b4fcdd4a2e5316a5089c49,exact_duplicate_same_label
11ccf842ba58c8c0,ggg030_jpg,train,train,ggg030_jpg.rf.f7fb2131c86eb69966e4626e3700b65b.jpg,2f4cc0d3dc62efd0a216b1ee26ef1f8b2911679c534eee0c342248a4dabf0380,exact_duplicate_same_label
11ccf842ba58c8c0,ggg030_jpg,valid,train,ggg030_jpg.rf.2f2beb0af3ffe4f5fa2040a960b6b62a.jpg,f13a15853303af0419192283112aece59aabe2559590145021340c96ce224b2b,extra_variant_or_near_duplicate_for_train_component
11dcdf7ff147fc5b,WIN_20220507_21_29_04_Pro_jpg,train,train,WIN_20220507_21_29_04_Pro_jpg.rf.72c1d1da4ad14ff4c02ce8b0f93536d4.jpg,e65f1aa3c3c23c516d29f6c7a81bf6fc6d320ecfed6c347f96643d6605756eb9,extra_variant_or_near_duplicate_for_train_component
11dcdf7ff147fc5b,WIN_20220507_21_29_04_Pro_jpg,valid,train,WIN_20220507_21_29_04_Pro_jpg.rf.a099712a425e258e728727120277afe0.jpg,31197fe8580c4d929fef6e12eb1ac8fb3325317f46736b3d18f929ce4ce23945,extra_variant_or_near_duplicate_for_train_component
127639ab286869a1,images-15-_jpg,train,train,images-15-_jpg.rf.ccd19837b1403b06f72b2cc01f304fc9.jpg,414ae5c0826cc2a9cd4d6e3c3cf9fdae0da2f375a7989e14419363cbd42df82e,extra_variant_or_near_duplicate_for_train_component
127639ab286869a1,images-15-_jpg,train,train,images-15-_jpg.rf.fbac9a68b0c7a6b07a6d4c217eb876e6.jpg,8df05a9a1a310bd568a3e45cc7f3b9e415a707b92113ba3bfa87b5d7d4a4a988,extra_variant_or_near_duplicate_for_train_component
12eec3c279a29ed7,images-67-_jpg,train,train,images-67-_jpg.rf.64f4257e1f1e2a13218e4f34166827a9.jpg,5c7867d3df37fb536738259659d65fbade877e169f013ec3f50851c110734770,extra_variant_or_near_duplicate_for_train_component
12eec3c279a29ed7,images-67-_jpg,valid,train,images-67-_jpg.rf.c211213c8a0db8e9f43f2c225b344a9f.jpg,d50232d2917584817dfc077b3a3f96f72290a903e80bfab140adb916e33a0156,extra_variant_or_near_duplicate_for_train_component
12fbf80f80058887,000600_jpg,train,valid,000600_jpg.rf.288e2a082b6f2c0e07f37325251cb19b.jpg,85eb4fb06fda932919fe847386477509d8ba0c496abcbe4517fb2e58bfe94d29,exact_duplicate_same_label
12fbf80f80058887,000600_jpg,train,valid,000600_jpg.rf.5a0b9224b23fb7536b47b000268036cd.jpg,10569ebda37bb186be88d1ec34c9b80f5d1a76eb7f6c66e92fcc402ca215bec8,exact_duplicate_same_label
12fbf80f80058887,000600_jpg,train,valid,000600_jpg.rf.a97782cfd108cc1a41580ce99ee911a1.jpg,85eb4fb06fda932919fe847386477509d8ba0c496abcbe4517fb2e58bfe94d29,exact_duplicate_same_label
12fbf80f80058887,000600_jpg,train,valid,000600_jpg.rf.e76cb45a45e57761483a6b1ab03ea612.jpg,10569ebda37bb186be88d1ec34c9b80f5d1a76eb7f6c66e92fcc402ca215bec8,exact_duplicate_same_label
132236b4c844bf7d,indir-17-_jpg,valid,valid,indir-17-_jpg.rf.dd06d6c556999f45cbeb01de5aed221a.jpg,0f11ac2de232288dbee44cf4c3cd355981ec5adfb473a3953dead24995f00ba2,extra_variant_or_near_duplicate_for_valid_component
132236b4c844bf7d,indir-17-_jpg,train,valid,indir-17-_jpg.rf.49fe94a09fdc8cae20e408d7ecb5d5b0.jpg,b28d79d37f8a4ffaec056f1eeef0707890a5910a3648dd81322d0420d92cde45,extra_variant_or_near_duplicate_for_valid_component
132afa4158dc7f3d,bb0506_jpg,train,train,bb0506_jpg.rf.f05a85b8f9232f0f8f75d2eef809ef8e.jpg,6544a12d68c81fd3783d25f6fca35bc8b984ddc3f7563b1ca9d3cdce21e7b8fe,exact_duplicate_same_label
132afa4158dc7f3d,bb0506_jpg,train,train,bb0506_jpg.rf.f131e30e85b8bda4718e190034c50acc.jpg,6544a12d68c81fd3783d25f6fca35bc8b984ddc3f7563b1ca9d3cdce21e7b8fe,exact_duplicate_same_label
132afa4158dc7f3d,bb0506_jpg,train,train,bb0506_jpg.rf.f3e9a50b107c1b170bfee3b3792eb9fb.jpg,dcb5455f7c4cb77e0c7d27f239964bd0f8adbd5b4ca6f6500c3b56e7e1b0483f,exact_duplicate_same_label
132afa4158dc7f3d,bb0506_jpg,test,train,bb0506_jpg.rf.5a179daebe11827182b12a41accc1480.jpg,de9b4c0ff6bfba42842d95e812fc920a37c8080754021eb5ed322e17579d2642,extra_variant_or_near_duplicate_for_train_component
132d0630ca43f6d2,IMG_4527_jpg,train,valid,IMG_4527_jpg.rf.75b23ba643e84e10b875e1c85ad4e5d4.jpg,6ace09f2459d36e73eaead8ae2ab9379e92fe6f343fb78e78d1b2181ecfae5f0,extra_variant_or_near_duplicate_for_valid_component
132d0630ca43f6d2,IMG_4527_jpg,train,valid,IMG_4527_jpg.rf.c78ef55608116b770bcef47f596174c0.jpg,c9811c5931302000f33ae13ed5f9e0da3cc61060c34254c5243d12d53b7061c3,extra_variant_or_near_duplicate_for_valid_component
133cc6ee47a5dda1,bb0119_jpg,train,train,bb0119_jpg.rf.6c3eebdd6fc597b99a60f0b8beeeb3c8.jpg,abb9cfa88c6e9a69e7ddac2459293b44ceb28cf04f28601447d54e1b2f11a203,exact_duplicate_same_label
133cc6ee47a5dda1,bb0119_jpg,train,train,bb0119_jpg.rf.6c92da2ab93192e3af029a6429a08fe4.jpg,abb9cfa88c6e9a69e7ddac2459293b44ceb28cf04f28601447d54e1b2f11a203,exact_duplicate_same_label
133cc6ee47a5dda1,bb0119_jpg,train,train,bb0119_jpg.rf.75a28eeae06e6a484c115f2ced2e484b.jpg,8ab31e16ef989a9c02033846f168b574fde4c8e3558a251d9f5755d02da0d07e,exact_duplicate_same_label
133cc6ee47a5dda1,bb0119_jpg,train,train,bb0119_jpg.rf.8b415bbf9196f78a28cef477e7852931.jpg,9816ef46ff145eecaa6c7fd380fbf697d9c78c93bca3ee9665334a340eb4f48d,exact_duplicate_same_label
133cc6ee47a5dda1,bb0119_jpg,train,train,bb0119_jpg.rf.c1bc305c7adafb198b62029b63e8b7af.jpg,9816ef46ff145eecaa6c7fd380fbf697d9c78c93bca3ee9665334a340eb4f48d,exact_duplicate_same_label
136ed716bd556a98,images-26-_jpg,train,train,images-26-_jpg.rf.7ceb8bd0be780a377713066c7a6f0dbc.jpg,e2b9401c48fd46f7bd00b51193f1fd6c974a97c2be78ded9c6984e0d2804ca97,extra_variant_or_near_duplicate_for_train_component
136ed716bd556a98,images-26-_jpg,train,train,images-26-_jpg.rf.b1a272826088359946e57502a8c87753.jpg,dccdc8f6c6a19b003e3a8c0b6fa3d9c482c23a423a9d494250ca473241397f76,extra_variant_or_near_duplicate_for_train_component
13801e8810ae33d7,images-2022-05-07T213519-098-4-_jpg,train,train,images-2022-05-07T213519-098-4-_jpg.rf.9e88b53db5ee9857a6fb8e1da83bf52f.jpg,363a873565be7d25c059ef0492a824bb252654aec43621714422a9559f74cbeb,exact_duplicate_same_label
13801e8810ae33d7,images-2022-05-07T213519-098-4-_jpg,train,train,images-2022-05-07T213519-098-4-_jpg.rf.b134bcba4d1ec9eb381fe64160e041ad.jpg,5fc44b0e38c3264b3eeacac8e91b93ad5c8104feead03ad23762c4d5086dfad7,exact_duplicate_same_label
13801e8810ae33d7,images-2022-05-07T213519-098-4-_jpg,test,train,images-2022-05-07T213519-098-4-_jpg.rf.9e88b53db5ee9857a6fb8e1da83bf52f.jpg,363a873565be7d25c059ef0492a824bb252654aec43621714422a9559f74cbeb,exact_duplicate_same_label
13801e8810ae33d7,images-2022-05-07T213519-098-4-_jpg,test,train,images-2022-05-07T213519-098-4-_jpg.rf.b134bcba4d1ec9eb381fe64160e041ad.jpg,5fc44b0e38c3264b3eeacac8e91b93ad5c8104feead03ad23762c4d5086dfad7,exact_duplicate_same_label
138cc007ff2ba452,000019_jpg,train,train,000019_jpg.rf.7dfbd6ab89fc4f4198cd345f8d1d11a7.jpg,a853cbe648cb5bd5e011aa0c40ec938b7678e5a6820db93c30f88ee8756806cc,extra_variant_or_near_duplicate_for_train_component
138cc007ff2ba452,000019_jpg,train,train,000019_jpg.rf.b86ceffe656d9f5607071cd145b05500.jpg,c9a373de9541ede9ce47856381caca605b1a8df3eb399940f0a691e5c495f8a1,extra_variant_or_near_duplicate_for_train_component
138cc007ff2ba452,000019_jpg,train,train,000019_jpg.rf.50f2134ee482dab6559a5c737c9fea2e.jpg,d32a98b093e1857ee91800578b622659bc52c8dbcbc19a75726671e2af48583f,exact_duplicate_same_label
138cc007ff2ba452,000019_jpg,train,train,000019_jpg.rf.53fd419d1efc0bf96a707e5d6c23e8ff.jpg,1e03265fd0a629c6ee0fc8033091eeea93184da0486d6c1a10c6946ea9b8f1cc,exact_duplicate_same_label
138cc007ff2ba452,000019_jpg,train,train,000019_jpg.rf.54394fe796dffd2cb38bd163aacc2d11.jpg,2b37150e5604e1d9ed8e8371da05f7f9617556d4b313d34db41c25c3a1f6a2ae,exact_duplicate_same_label
138cc007ff2ba452,000019_jpg,train,train,000019_jpg.rf.700b98fe8fac0a720afa047916083416.jpg,d32a98b093e1857ee91800578b622659bc52c8dbcbc19a75726671e2af48583f,exact_duplicate_same_label
138cc007ff2ba452,000019_jpg,train,train,000019_jpg.rf.72d0a26e2af0942fcdeea13efc61e3f4.jpg,2b37150e5604e1d9ed8e8371da05f7f9617556d4b313d34db41c25c3a1f6a2ae,exact_duplicate_same_label
138cc007ff2ba452,000019_jpg,train,train,000019_jpg.rf.a6dab76424667c93af3c1fc033c5d626.jpg,1e03265fd0a629c6ee0fc8033091eeea93184da0486d6c1a10c6946ea9b8f1cc,exact_duplicate_same_label
1436f38d0d76629a,IMG_4433_jpg,train,train,IMG_4433_jpg.rf.36b63d4bffc7383e0d57de848ada27e5.jpg,f2b0fc7dc003f5101461376f517bdc064c2b8dc30a92a23ed8b8db26324713fa,extra_variant_or_near_duplicate_for_train_component
1436f38d0d76629a,IMG_4433_jpg,train,train,IMG_4433_jpg.rf.4f04c23f68782766fea67d04cdbfb864.jpg,0565effa7b9941457e26dc565d865e695b236f9492440d0f2fb7182f1b3e3da8,extra_variant_or_near_duplicate_for_train_component
156d06dccaeccaf2,c00038_png_jpg,train,train,c00038_png_jpg.rf.3a2ca46a564c255794f462154fb7edbb.jpg,274da8d5b1fff41bbb66b2a9828a5e9e63865d191d2daa448976139bc1af930b,exact_duplicate_same_label
156d06dccaeccaf2,c00038_png_jpg,train,train,c00038_png_jpg.rf.54db12230413f98f92a2e0329b46b3c7.jpg,6f908bd2743c2a915d71fe4514f85bf3a325e0b448c5b72714264fec4c231c68,exact_duplicate_same_label
156d06dccaeccaf2,c00038_png_jpg,train,train,c00038_png_jpg.rf.6edc5ce3e9533f6967c3661b636e5607.jpg,642a9ecb34e52a6654193ddfb2fcd37ea8c9dd1b1b6db86ca242f0796e6f27c1,exact_duplicate_same_label
156d06dccaeccaf2,c00038_png_jpg,train,train,c00038_png_jpg.rf.792001ef3491a712f0d6d7aec2957231.jpg,6f908bd2743c2a915d71fe4514f85bf3a325e0b448c5b72714264fec4c231c68,exact_duplicate_same_label
156d06dccaeccaf2,c00038_png_jpg,train,train,c00038_png_jpg.rf.9619bea86465d52c4252aad82e8845ef.jpg,2d21a2f78ab98266b8e33434ee0e317eef76ece484c4bbdd5e3b0ad31b48d08b,exact_duplicate_same_label
156d06dccaeccaf2,c00038_png_jpg,train,train,c00038_png_jpg.rf.d861e68ec34748dac4fd7798ea8257cd.jpg,642a9ecb34e52a6654193ddfb2fcd37ea8c9dd1b1b6db86ca242f0796e6f27c1,exact_duplicate_same_label
156d06dccaeccaf2,c00038_png_jpg,train,train,c00038_png_jpg.rf.da0ee66a73c0cd420f094e13d1ac054c.jpg,274da8d5b1fff41bbb66b2a9828a5e9e63865d191d2daa448976139bc1af930b,exact_duplicate_same_label
156d06dccaeccaf2,c00038_png_jpg,valid,train,c00038_png_jpg.rf.bfecbc05536b4f1d625f32422466a680.jpg,27282c043a2bcfc57db7b6f84ed1fe61484cfdda23726072cc37d8d719d623db,extra_variant_or_near_duplicate_for_train_component
156d06dccaeccaf2,c00038_png_jpg,test,train,c00038_png_jpg.rf.6304b72155501544c536535cce838f09.jpg,7537e3e16909265acc922b3511a9e54c2156a08a3d5a76f3b1ddd3c42e71b97b,extra_variant_or_near_duplicate_for_train_component
1597ae2fb562199d,images-86-_jpg,train,valid,images-86-_jpg.rf.6325ac4b2f574359da1452c14cd97451.jpg,d4c1c80ceed520fc6adb3e0933c1b486bce38c48878a22aa96c0390ac542781c,extra_variant_or_near_duplicate_for_valid_component
1597ae2fb562199d,images-86-_jpg,train,valid,images-86-_jpg.rf.6931d273e6a26e735e9f15d24406aad9.jpg,49ecbe5376d34a299145e51194d8654452802e42b9556852d17d9f215f1bd057,extra_variant_or_near_duplicate_for_valid_component
15a5368f749d450e,gg0490_jpg,train,train,gg0490_jpg.rf.0dbd153a51a01604798312f5d0de882c.jpg,daed9bf4f91923067ca5f3e6b5cfea47878a77d9ee8758c0159e98257ebaf47a,exact_duplicate_same_label
15a5368f749d450e,gg0490_jpg,train,train,gg0490_jpg.rf.17d5c0d7a86c06c4dae22a695870731e.jpg,83f9ea57bc832bfd79f6fc2bb70eb1a366235f337159cb9f7a5a51c502ceb56e,exact_duplicate_same_label
15a5368f749d450e,gg0490_jpg,train,train,gg0490_jpg.rf.2bbac4d18794d50e124e442113f4472d.jpg,2f7d4d5baba5659b4f26c38ba079df9568588581e378d2ad7cf1c8eac42b1040,exact_duplicate_same_label
15a5368f749d450e,gg0490_jpg,train,train,gg0490_jpg.rf.389255cf5cd7c8bab23d6b4301e0a71f.jpg,0dd813f93a2d613c1f94b9c2a12e59fa668dd96f059f34696858493ecf8d7632,exact_duplicate_same_label
15a5368f749d450e,gg0490_jpg,train,train,gg0490_jpg.rf.4c0a814e0d699d725327926fc4c30a4e.jpg,038087378607f8d84155e7df5612bca205b2d76a096fcd28ec9ab21d7f3237a1,exact_duplicate_same_label
15a5368f749d450e,gg0490_jpg,train,train,gg0490_jpg.rf.56bd71242af940e3c4c1ced48b67e907.jpg,83f9ea57bc832bfd79f6fc2bb70eb1a366235f337159cb9f7a5a51c502ceb56e,exact_duplicate_same_label
15a5368f749d450e,gg0490_jpg,train,train,gg0490_jpg.rf.b1230a4e59ea72fa2658be5052c6c287.jpg,0dd813f93a2d613c1f94b9c2a12e59fa668dd96f059f34696858493ecf8d7632,exact_duplicate_same_label
15a5368f749d450e,gg0490_jpg,train,train,gg0490_jpg.rf.cbd35c24fea7fe67fbc89269a3ec6f04.jpg,2f7d4d5baba5659b4f26c38ba079df9568588581e378d2ad7cf1c8eac42b1040,exact_duplicate_same_label
15a5368f749d450e,gg0490_jpg,train,train,gg0490_jpg.rf.e19cc306e2caf5178e81d3e7be54e4ff.jpg,038087378607f8d84155e7df5612bca205b2d76a096fcd28ec9ab21d7f3237a1,exact_duplicate_same_label
15a5368f749d450e,gg0490_jpg,valid,train,gg0490_jpg.rf.76de8f255aab4eacab6b031f46586d3e.jpg,f5def58a6930910a7367fe3fa04220116857d2341fcfb232ed4dbfcaa7fdc47e,extra_variant_or_near_duplicate_for_train_component
15a5368f749d450e,gg0490_jpg,valid,train,gg0490_jpg.rf.b50117271a19a3d3dac93c5fb5781114.jpg,88cdd26af1754ff2b467ea6b3c41f8b4456cd60e095cc4953bd88172ac208858,extra_variant_or_near_duplicate_for_train_component
15fb73528ad7a48c,9_jpg,valid,valid,9_jpg.rf.f2f2faed538e097f2a525755da71dd67.jpg,85f848783f4941bc0cc2e2eaa9ec38d112b82d94a1b6732d60b29fefba3e8024,extra_variant_or_near_duplicate_for_valid_component
15fb73528ad7a48c,9_jpg,train,valid,9_jpg.rf.9558f0d1d59f073fb52f5323ce306efd.jpg,4bd5c0ec434b63544ed53767aff8d7e556893b67a2c1d80d9d850f67e7f07864,extra_variant_or_near_duplicate_for_valid_component
160b4d7bcd386501,c00139_jpg,train,train,c00139_jpg.rf.5e0c44f9be116c6577e636b07e26823a.jpg,de8d9e689d060d97020b61c1a67605cbea7517437242a5dc5ee41d2671cb7091,exact_duplicate_same_label
160b4d7bcd386501,c00139_jpg,train,train,c00139_jpg.rf.632d87a8c85e75e35dee4645dcbba190.jpg,ad173baf774de7884083d1dde06850eef1a285ded430b305ba4dfd8729676739,exact_duplicate_same_label
160b4d7bcd386501,c00139_jpg,train,train,c00139_jpg.rf.638bd37430a294da8b71b99bb367a11d.jpg,15f7b69aa30ccf5f10392c50df45d2ef3b6d808d53a15102f3e9950a224e1128,exact_duplicate_same_label
160b4d7bcd386501,c00139_jpg,train,train,c00139_jpg.rf.7fee7820195e7506e80076ab9f0f0f1d.jpg,15f7b69aa30ccf5f10392c50df45d2ef3b6d808d53a15102f3e9950a224e1128,exact_duplicate_same_label
160b4d7bcd386501,c00139_jpg,train,train,c00139_jpg.rf.f45a906db32e835c7f0d317382afce65.jpg,ad173baf774de7884083d1dde06850eef1a285ded430b305ba4dfd8729676739,exact_duplicate_same_label
162ee6fa4a5ae735,ggg002_jpg,train,train,ggg002_jpg.rf.b9b7714ce0005135ac2dc5fb3e8b15e1.jpg,3dca82874d6c05b457aa14b2774345d5169ef8fca96aa51b5cf0456f1de5b7e2,exact_duplicate_same_label
162ee6fa4a5ae735,ggg002_jpg,train,train,ggg002_jpg.rf.d4ed4c3c028d319a976fdf2c0b049162.jpg,ac54d5b145108dea28dabe6cc930f0a1525ddd31c9c72ab47b229b83470add61,exact_duplicate_same_label
162ee6fa4a5ae735,ggg002_jpg,train,train,ggg002_jpg.rf.fee5d90f65129735c79fc23575ca7f03.jpg,3dca82874d6c05b457aa14b2774345d5169ef8fca96aa51b5cf0456f1de5b7e2,exact_duplicate_same_label
162ee6fa4a5ae735,ggg002_jpg,valid,train,ggg002_jpg.rf.f095075c7796b47cc0edb7bc93cc6c77.jpg,2456305796a1741fd9ed18f53fa57ea024ee25f8f848c13f7d3f1a35b27013ca,extra_variant_or_near_duplicate_for_train_component
1671c525e7f8b513,WIN_20220507_21_27_53_Pro_jpg,train,train,WIN_20220507_21_27_53_Pro_jpg.rf.c7bf93eea67f91e7b40a952ea22f6d5c.jpg,c16145c573395f2e313e6c2caaf8c4cc66d51ad23d8e1a7e1a39d53364397059,extra_variant_or_near_duplicate_for_train_component
1671c525e7f8b513,WIN_20220507_21_27_53_Pro_jpg,train,train,WIN_20220507_21_27_53_Pro_jpg.rf.f7cac645651ad46b48c50c87f9979ec8.jpg,0d51145340a60c53f38e546a197ee7d996847fcffaf03166e27c8c6b8aee1cdd,extra_variant_or_near_duplicate_for_train_component
1675005596ea3b10,images-47-_jpg,train,test,images-47-_jpg.rf.33fb639d957f8b15ae1c8299df80b2d5.jpg,b6adc498241ad96e3f46a05355dfb8508aa6077de976ca10c1d4b6d8fdf85ea7,exact_duplicate_same_label
1679e2eba63eca02,bb0615_jpg,train,train,bb0615_jpg.rf.4dfee9928c2d0a620547213ec1c9b9b3.jpg,ed6e7bfe9eddf198d0ea914277c1205ab6ad7136a1ca17c535a84c7c41813ab1,exact_duplicate_same_label
1679e2eba63eca02,bb0615_jpg,train,train,bb0615_jpg.rf.b846a7de6f16eb81c309379e5992bac2.jpg,ed6e7bfe9eddf198d0ea914277c1205ab6ad7136a1ca17c535a84c7c41813ab1,exact_duplicate_same_label
1679e2eba63eca02,bb0615_jpg,train,train,bb0615_jpg.rf.e2ffb338526315ad5024cb38c0e00cc7.jpg,9ff54c490850208a4a7fe4ef9a9a6f4fd1cd5bd88c20e58b202da1819d3ddcf5,exact_duplicate_same_label
1679e2eba63eca02,bb0615_jpg,valid,train,bb0615_jpg.rf.d0e3cfa09c24082ea38e32fb782a04e2.jpg,3e157aa0b7554967bfc909dff7d74bdbbef903bafedf086e537c8bf448e18f81,extra_variant_or_near_duplicate_for_train_component
16cbf802ca9f95f3,IMG_4548_jpg,train,train,IMG_4548_jpg.rf.708201f8fb163842a6235de6987ac496.jpg,731cad6494d1be1948071d34a418784c643b34af2f1a1d12771f38e35ad3d343,extra_variant_or_near_duplicate_for_train_component
16cbf802ca9f95f3,IMG_4548_jpg,train,train,IMG_4548_jpg.rf.b98111473e31b61174df7a950bd74828.jpg,4dc4d399c3975d372e4384bd079b1a3d2b3d6f5999c1f82966f11e1d8bb4bace,extra_variant_or_near_duplicate_for_train_component
16e061b2bf8ac78c,IMG_4385_jpg,train,train,IMG_4385_jpg.rf.697b29fc0ecfa4329cf6d5a2b687d32d.jpg,1fba8a223ca2f6134d6feaea97e6f80af005cb27f6007072f6e10d65be6c0e15,extra_variant_or_near_duplicate_for_train_component
16e061b2bf8ac78c,IMG_4385_jpg,train,train,IMG_4385_jpg.rf.e392a37cb756e3b07ffea767a4064673.jpg,e9cf72328462154c779054241e102eef9221f5cfe00426e413a6898bbb12b8a6,extra_variant_or_near_duplicate_for_train_component
1727b4f469f9f9f6,gg0019_jpg,train,train,gg0019_jpg.rf.4f2b543ce80fef96d135355c906c6fbb.jpg,a848670858ba5508f7c15ccc88f26a2237b238e34c97d42e87838cd5a79395f8,exact_duplicate_same_label
1727b4f469f9f9f6,gg0019_jpg,train,train,gg0019_jpg.rf.5cc5b8df9493284106f326e40734bfef.jpg,00534ce7e4c1288e56943dba289dad38b643749f05e4cb220ad0f55eb2156f07,exact_duplicate_same_label
1727b4f469f9f9f6,gg0019_jpg,train,train,gg0019_jpg.rf.6640f6a23e39b0f18d082dff8e5dd10d.jpg,b5a304776d58976777055688ae291ec45f7a9d7c856787efb4d9f89c6ec75964,exact_duplicate_same_label
1727b4f469f9f9f6,gg0019_jpg,train,train,gg0019_jpg.rf.7f89da6032408d45b408523880b59469.jpg,53fb60bbcccd8aed2c5fe1b33c178ce207057d6145a2ed0382842a0332c2a9c0,exact_duplicate_same_label
1727b4f469f9f9f6,gg0019_jpg,train,train,gg0019_jpg.rf.8301b1cd37972ae1d770562fd142d9b2.jpg,1fc6a048c052bb981685660f2ca84a4a64ed3c5cf1b08eb0082cdc7726072fc7,exact_duplicate_same_label
1727b4f469f9f9f6,gg0019_jpg,train,train,gg0019_jpg.rf.a1fa4ac87423e19932d12c2fbb791da9.jpg,00534ce7e4c1288e56943dba289dad38b643749f05e4cb220ad0f55eb2156f07,exact_duplicate_same_label
1727b4f469f9f9f6,gg0019_jpg,train,train,gg0019_jpg.rf.c9dd6c6d2133a4055e118a24e63d7c7e.jpg,a848670858ba5508f7c15ccc88f26a2237b238e34c97d42e87838cd5a79395f8,exact_duplicate_same_label
1727b4f469f9f9f6,gg0019_jpg,train,train,gg0019_jpg.rf.d0149882a984603713dcd1349f78965e.jpg,1fc6a048c052bb981685660f2ca84a4a64ed3c5cf1b08eb0082cdc7726072fc7,exact_duplicate_same_label
1727b4f469f9f9f6,gg0019_jpg,train,train,gg0019_jpg.rf.e1940ff05fce6afbd8026ff6cc79c3ab.jpg,b5a304776d58976777055688ae291ec45f7a9d7c856787efb4d9f89c6ec75964,exact_duplicate_same_label
1727b4f469f9f9f6,gg0019_jpg,valid,train,gg0019_jpg.rf.cb936134ae36bc3def53b9099a1fb7e6.jpg,2290cd3e146aa848776d8922a7723390c6c58380306896507c9acc7ae97cd20c,extra_variant_or_near_duplicate_for_train_component
17e0c2c6b7cc2c8b,images-22-_jpg,train,train,images-22-_jpg.rf.846c265e8ed9c6e851cbbe0ae3a4d6b4.jpg,4ba1212527d15afd982c42f6a119a8bdf81570a5104fd95ab15269a3af66acd6,extra_variant_or_near_duplicate_for_train_component
17e0c2c6b7cc2c8b,images-22-_jpg,valid,train,images-22-_jpg.rf.85684ced4afbd504b40b1c65d1e61ac9.jpg,423cea1d0fbfed1f6a381cba84d624be5227a122a91b2465a305518ad6a003be,extra_variant_or_near_duplicate_for_train_component
17f313e22f4a164a,bb0093_jpg,train,train,bb0093_jpg.rf.fbf17325ae9850ff3e5c246a63eb9bf3.jpg,74c58c8bacfd2518f51928050c9c24dbfde450b578f290bd911f3933d50d4667,exact_duplicate_same_label
17f313e22f4a164a,bb0093_jpg,valid,train,bb0093_jpg.rf.97b8b6a2bfc9cf427c778489c574fe6a.jpg,45a30879bb28808d6d685e14e636a457fb6d0bdaefc24ef91c905c7935b95da0,extra_variant_or_near_duplicate_for_train_component
17f313e22f4a164a,bb0093_jpg,valid,train,bb0093_jpg.rf.9917686562b81808ba543c34dcde51ab.jpg,f5cc406880c35ab153702750054f602dd3ad2ebee9fd330f6d7f814925babf57,extra_variant_or_near_duplicate_for_train_component
184205d609ea63ed,1697100023796_JPEG_jpg,train,train,1697100023796_JPEG_jpg.rf.063ca0560c9399916626da1fb242f232.jpg,971f6441daf3ea488790976fe4ae9599dea229150565e4b1c34ba06c58f6005c,extra_variant_or_near_duplicate_for_train_component
184205d609ea63ed,1697100023796_JPEG_jpg,train,train,1697100023796_JPEG_jpg.rf.35108e3292874cb8cad98ae1258bce52.jpg,62f5d0afa0ecb6a90c8816ce31c4ecb498395fca66594dbde980c1b6741b941e,extra_variant_or_near_duplicate_for_train_component
184205d609ea63ed,1697100023796_JPEG_jpg,train,train,1697100023796_JPEG_jpg.rf.95a9042d7104321f6710b9ff44d3e3a3.jpg,69bbb4970783bb3a46efb1af36b3c392db3e4fd69c731816d41451f34893f86f,extra_variant_or_near_duplicate_for_train_component
184205d609ea63ed,1697100023796_JPEG_jpg,train,train,1697100023796_JPEG_jpg.rf.bdc9bb61b3fd061c5c804f15542a1645.jpg,6621bcb704d37d7d1199289cab40f95f7fb2699afbb59823b3e4c9edf6fe1fa7,extra_variant_or_near_duplicate_for_train_component
184205d609ea63ed,1697100023796_JPEG_jpg,train,train,1697100023796_JPEG_jpg.rf.f5aac026239530445d3b19f62724222f.jpg,1aec36dca78118388d823132d0f7b185603825f71a50ebfc9d25ecf0f434327b,extra_variant_or_near_duplicate_for_train_component
184205d609ea63ed,1697100023796_JPEG_jpg,valid,train,1697100023796_JPEG_jpg.rf.05e6d0472767fe9d13dd37616e0e3113.jpg,d90b506edbf38e07ac2fc20dd69e1ad56d66463ab25018478c90034669136a49,extra_variant_or_near_duplicate_for_train_component
184205d609ea63ed,1697100023796_JPEG_jpg,valid,train,1697100023796_JPEG_jpg.rf.81e7781c9da8c7a139e6a42edd408af9.jpg,bf7661d8ab3e8cc65a4db0988ffab4433d14e7a16bbc3972a9b13c8b7bc0127f,extra_variant_or_near_duplicate_for_train_component
184205d609ea63ed,1697100023796_JPEG_jpg,valid,train,1697100023796_JPEG_jpg.rf.ad07318e3e50aa5134cb2ad059998f25.jpg,9eecdfd47924330cdf9bb035a269991e8b28c2bc6d98e8d85493356e449f9bdc,extra_variant_or_near_duplicate_for_train_component
18570e979cc570f6,bb0643_jpg,train,train,bb0643_jpg.rf.670257b81ba78508449ce981a5ce82e7.jpg,daea23638de82804e9cdf8b73be2a686702828b9a5b58ec5b4747ba3365f37b3,exact_duplicate_same_label
18570e979cc570f6,bb0643_jpg,train,train,bb0643_jpg.rf.7c9f44dc2b7b3e0a208e5832f86c4cc6.jpg,daea23638de82804e9cdf8b73be2a686702828b9a5b58ec5b4747ba3365f37b3,exact_duplicate_same_label
18570e979cc570f6,bb0643_jpg,train,train,bb0643_jpg.rf.9b962e43561022da52cb8ed2c60a6156.jpg,7ff3a952983a28623943e569e5e26d0b5bf522229042a3a4418f8f893f22ad5f,exact_duplicate_same_label
18570e979cc570f6,bb0643_jpg,valid,train,bb0643_jpg.rf.00d4b75ebcff00ae754b72e4bee89e05.jpg,192bdb7d66487c6c8d259ce0302b605bda0f3c1ff068d2de0246d455243f85a1,extra_variant_or_near_duplicate_for_train_component
18828502d1948e30,000069_jpg,train,train,000069_jpg.rf.3f93c902a9f84e353bae970147fc5e7e.jpg,11157ff729c698baab49a180f68330a19b4b2129585bec7c71aecd85b7f54a00,exact_duplicate_same_label
18828502d1948e30,000069_jpg,train,train,000069_jpg.rf.47c4eb2ec41b249eea15089feb2466c0.jpg,2febb724529ae568b4a4796e8125faa86e380c712bc8a3d068079fd66ee99996,exact_duplicate_same_label
18828502d1948e30,000069_jpg,train,train,000069_jpg.rf.5f7748d696c7eacb116730b350c9ca48.jpg,4baf6a669c299fa3b74c5bb608840175d649e1ded103a736eb1e0a29185a5ada,exact_duplicate_same_label
18828502d1948e30,000069_jpg,train,train,000069_jpg.rf.8232bedfa637a31f94fcffda9f52c682.jpg,2febb724529ae568b4a4796e8125faa86e380c712bc8a3d068079fd66ee99996,exact_duplicate_same_label
18828502d1948e30,000069_jpg,train,train,000069_jpg.rf.a658f012a7125e75de7d87fd9a7bac75.jpg,4baf6a669c299fa3b74c5bb608840175d649e1ded103a736eb1e0a29185a5ada,exact_duplicate_same_label
18c6ddabdafa3e1b,bb0075_jpg,train,valid,bb0075_jpg.rf.6a74a6d346f00c3588f86dfa11d4870d.jpg,967c90a39aa59b39c9f992d42de5a0d15c32720cbb14eae672906f5baab80181,exact_duplicate_same_label
18c6ddabdafa3e1b,bb0075_jpg,train,valid,bb0075_jpg.rf.7d9e41593bd03368a48ebf6fb3900a47.jpg,1dc9f95833cf515ecb1679de3b11d715f4477d2c61d9568e40ccbb659015f1ee,exact_duplicate_same_label
18c6ddabdafa3e1b,bb0075_jpg,train,valid,bb0075_jpg.rf.a66cc3c816e636bea14dbb8e5487b868.jpg,790376f6100b6248178b499ec19ccc307ad7ba66cbff53e8a1e12e79de4dd324,exact_duplicate_same_label
18c6ddabdafa3e1b,bb0075_jpg,train,valid,bb0075_jpg.rf.b4b01531b37c00dcea7ac4dbefa36ef5.jpg,1dc9f95833cf515ecb1679de3b11d715f4477d2c61d9568e40ccbb659015f1ee,exact_duplicate_same_label
18c6ddabdafa3e1b,bb0075_jpg,train,valid,bb0075_jpg.rf.eae8f1c10d8bd1891b6f029d7f222e0e.jpg,790376f6100b6248178b499ec19ccc307ad7ba66cbff53e8a1e12e79de4dd324,exact_duplicate_same_label
18c6ddabdafa3e1b,smoking_0750_jpg,train,valid,smoking_0750_jpg.rf.790dd85dde60a59ea9ec1ea2f686c062.jpg,dccf89652abd58718ee48720ac577e3bba09f4ff31cf87227cde68a07d4c354f,extra_variant_or_near_duplicate_for_valid_component
18d07232dabffc3d,IMG_4336_jpg,train,train,IMG_4336_jpg.rf.eaa3224908442f890033d1503459a821.jpg,dd0a306e35f0e350a6de18212bfaa5e379bbe1b670807bce2b9538d3632b5aa2,extra_variant_or_near_duplicate_for_train_component
18d07232dabffc3d,IMG_4336_jpg,train,train,IMG_4336_jpg.rf.eb3ea5c9a8cbaf362e0aca394a20a9b7.jpg,713f79c36db7003d184adbee5dd17d4bfea3479942cdac5dcde1fdf991c333a5,extra_variant_or_near_duplicate_for_train_component
18d07232dabffc3d,IMG_4335_jpg,valid,train,IMG_4335_jpg.rf.e35f3cfc467df3c14accdb7c84797e6f.jpg,d328d1f22fa2ef34beaf7d4c25ff8422590a2a65099eb7c9ecb92f8d7c43884c,extra_variant_or_near_duplicate_for_train_component
18db2c173c808678,c00090_png_jpg,train,train,c00090_png_jpg.rf.1f7cf4259c5d8963bee48992063b3663.jpg,e2cea7398d09335f6219bce5a5896d637156d41574d98500204a1b58d95912b5,exact_duplicate_same_label
18db2c173c808678,c00090_png_jpg,train,train,c00090_png_jpg.rf.24958fca265392bb9b9394e201b12b9d.jpg,59b3edf9119b65b71b8d15edddad483de505fe68cb35262a0e9f61d9924b700f,exact_duplicate_same_label
18db2c173c808678,c00090_png_jpg,train,train,c00090_png_jpg.rf.c96dccec8e7fa8f737cbdefae5ee535f.jpg,e2cea7398d09335f6219bce5a5896d637156d41574d98500204a1b58d95912b5,exact_duplicate_same_label
18db2c173c808678,c00090_png_jpg,valid,train,c00090_png_jpg.rf.c8dff8391ab47f79769a561d52fb9757.jpg,f901a6b607ed2a9bf74c1b61975da0180a4d6476c33bd4eb55495b75b5833978,extra_variant_or_near_duplicate_for_train_component
18db2c173c808678,c00090_png_jpg,test,train,c00090_png_jpg.rf.995b2b460555d74fba1860c4ab136b7c.jpg,448a6b4fb7542466ab86691b92001d472b8761a1f67c20de1e8f4de6008ca0a2,extra_variant_or_near_duplicate_for_train_component
1901d226189e657a,IMG_4369_jpg,train,train,IMG_4369_jpg.rf.9dbe7ee8921239b915fb4c7ac391a906.jpg,cb382932edc8582a72060598123811633a493c315723ad35c16ff1e28fff4179,extra_variant_or_near_duplicate_for_train_component
1901d226189e657a,IMG_4369_jpg,train,train,IMG_4369_jpg.rf.b3888b305d75ab489718956f7c5d6635.jpg,3ebc3737fd8a0c10a1c66ad7c26e0996891b94db8bd65c4d493c1af5fd5a0385,extra_variant_or_near_duplicate_for_train_component
1901d226189e657a,IMG_4370_jpg,train,train,IMG_4370_jpg.rf.8f283743cb975f64dc3c990cce6d16f7.jpg,f1782348ad71e0691850a4ec64e6d3429027aac340deaa588b4e9dfe91c840e2,extra_variant_or_near_duplicate_for_train_component
1901d226189e657a,IMG_4370_jpg,train,train,IMG_4370_jpg.rf.9528e803f1c4960b2d062b45c85c6e2b.jpg,32ccf38f578e43bef26bb0da0aa6ccebd2b893581c07f96aabcf7fd94aa91f96,extra_variant_or_near_duplicate_for_train_component
1901d226189e657a,IMG_4370_jpg,train,train,IMG_4370_jpg.rf.cdcd0b1926059b5c5a04cc371dadcbd2.jpg,3d205d0d9771a6185b1f2f3ab9f92f6d28765bab1cead906119eb978efb7a2eb,extra_variant_or_near_duplicate_for_train_component
1901d226189e657a,IMG_4371_jpg,train,train,IMG_4371_jpg.rf.414d27218ddf90fe786f118e3b631724.jpg,7eb30e0954e6c01ce001b7b46725158a350cc7b731b8e3c44d3896668935f274,extra_variant_or_near_duplicate_for_train_component
1901d226189e657a,IMG_4371_jpg,train,train,IMG_4371_jpg.rf.6b340bea513bda241a57d6dbffa57786.jpg,1c36750c35cfa3733eff7f3d76974c395d67440a053a5d235d8cf74466bd7c26,extra_variant_or_near_duplicate_for_train_component
1901d226189e657a,IMG_4371_jpg,train,train,IMG_4371_jpg.rf.74e09e69e84e92894f41880b269f7082.jpg,4b3cdab6f31f51e9fff45c82a23f3095698ad350d8aa755e608ec064caeea55b,extra_variant_or_near_duplicate_for_train_component
1915636db597b1a7,c00354_jpg,train,train,c00354_jpg.rf.6949406faadb0ae5fd9dfea395f66469.jpg,5cb3c7e7331d0334f6da4bc89d3452d4a2075e1d50c9fb4644925db979ef70c1,exact_duplicate_same_label
1915636db597b1a7,c00354_jpg,train,train,c00354_jpg.rf.cc250a59bfd14bbd5d6bf29086462fc5.jpg,5cb3c7e7331d0334f6da4bc89d3452d4a2075e1d50c9fb4644925db979ef70c1,exact_duplicate_same_label
1915636db597b1a7,c00354_jpg,train,train,c00354_jpg.rf.fdd1d301a2daa75d25126c09932dade5.jpg,2c984d0acb784dc4cd2cdf9c873e56698f465c5701362cf46be89249936eaecb,exact_duplicate_same_label
1915636db597b1a7,c00354_jpg,valid,train,c00354_jpg.rf.3302edf14c7c97058220a8d096344257.jpg,2f57ba808705b6a3eefc1e064503797701016527341705ccc33ce15aa0708cdd,extra_variant_or_near_duplicate_for_train_component
1915636db597b1a7,c00354_jpg,train,train,c00354_jpg.rf.07219ac5c98ffd01eacc3725d6bd6147.jpg,793be2f30acf31983451e421332d675322b7a212998d1d7daa26220fa8a9b52d,exact_duplicate_same_label
1915636db597b1a7,c00354_jpg,train,train,c00354_jpg.rf.25d50328f5af1657173570c56387b5c9.jpg,6b6c6d92b34396ac14305c8ea212bf6e9201760e6ac8485a5da289d0e52fecf4,exact_duplicate_same_label
1915636db597b1a7,c00354_jpg,train,train,c00354_jpg.rf.7697b3bcf885a8bb501b9469a10e2e1a.jpg,6b6c6d92b34396ac14305c8ea212bf6e9201760e6ac8485a5da289d0e52fecf4,exact_duplicate_same_label
1915636db597b1a7,c00354_jpg,train,train,c00354_jpg.rf.9b87c426b3c989ad3f1d4cab999dc741.jpg,dd566ffba4553aeffc0e4999c6cf19eefe8381b57bb8dff59544120e0fd9842a,exact_duplicate_same_label
1915636db597b1a7,c00354_jpg,train,train,c00354_jpg.rf.d5d4a680bd4c670b3c5b699013b07e8d.jpg,dd566ffba4553aeffc0e4999c6cf19eefe8381b57bb8dff59544120e0fd9842a,exact_duplicate_same_label
1915636db597b1a7,c00354_jpg,train,train,c00354_jpg.rf.e541e14cb1f75b716c89aa315f57c678.jpg,793be2f30acf31983451e421332d675322b7a212998d1d7daa26220fa8a9b52d,exact_duplicate_same_label
19680b2dd158f28b,smoking_0110_jpg,valid,train,smoking_0110_jpg.rf.08034bf7efbe22157af4af958d9320c1.jpg,f42fe6651b75795ddc92a48390115aca98ea3455a028f82e944503e8543ee222,extra_variant_or_near_duplicate_for_train_component
19c7cd46f6a8fad2,IMG_4557_jpg,train,valid,IMG_4557_jpg.rf.57a1129b83dfc4e457676717245b65aa.jpg,41aef4a5e91f657873ef529e462e7f12d9d650ad6e413b022d7d684a87f5673f,extra_variant_or_near_duplicate_for_valid_component
19c7cd46f6a8fad2,IMG_4557_jpg,train,valid,IMG_4557_jpg.rf.881a11fa2bef183763ccd0eb588b6432.jpg,57bdc6b83c5942ca6d7641ceab308b9f71900c377f58fbf7eb801dbefb06cf1c,extra_variant_or_near_duplicate_for_valid_component
19c7cd46f6a8fad2,IMG_4558_jpg,train,valid,IMG_4558_jpg.rf.1c9801a7d256382ee2efa23961b43b69.jpg,2c59f854cd1844a695765810345a1c458043e4948fc14da9343f96ca95fa4346,extra_variant_or_near_duplicate_for_valid_component
19c7cd46f6a8fad2,IMG_4558_jpg,train,valid,IMG_4558_jpg.rf.82b4b78384c37c049b681322c0d9937c.jpg,d733a23042aec1c489dbd8373977a80b45600c6496071b8cc98bdd74def6918d,extra_variant_or_near_duplicate_for_valid_component
19c7cd46f6a8fad2,IMG_4558_jpg,train,valid,IMG_4558_jpg.rf.c80573cabc160f5feb1b877983a37a81.jpg,8384817849b35dd7880b38de676b8ada3f57693a6d6aa8abdfc507d30bb78d6c,extra_variant_or_near_duplicate_for_valid_component
19c7cd46f6a8fad2,IMG_4559_jpg,train,valid,IMG_4559_jpg.rf.35654b395faf860781a5ca62f51de576.jpg,50c9518b427bcf1567127a5d70d0c64ae2f6636ecbf9b80868a1a9d74c031e61,extra_variant_or_near_duplicate_for_valid_component
19c7cd46f6a8fad2,IMG_4559_jpg,train,valid,IMG_4559_jpg.rf.8c0da7ee2cc7cfbf8a64cb31d8ca7dd3.jpg,a20f037116c17571c69d7d94ab30ccb27505c896d83db3d607ec6fd05e13cab7,extra_variant_or_near_duplicate_for_valid_component
19c7cd46f6a8fad2,IMG_4559_jpg,train,valid,IMG_4559_jpg.rf.c518c0364abe1fe0fc3aa1e669537a77.jpg,3b584eff61fb406fa48903411b9c67aab1bd6e2c0f5484d8fba4fe74ec7ba074,extra_variant_or_near_duplicate_for_valid_component
19c7cd46f6a8fad2,IMG_4560_jpg,train,valid,IMG_4560_jpg.rf.23cb5fc7601f1376a37648907259495e.jpg,98633685bfa7066cb1dc60b97eb8da46a4f8b9f51cb18125f44010e3fe3ddbf8,extra_variant_or_near_duplicate_for_valid_component
19c7cd46f6a8fad2,IMG_4560_jpg,train,valid,IMG_4560_jpg.rf.a6b04edcd76c454e71fe803b23ce295b.jpg,edca1b18ec28ffa80beac6bfc6b9dd9df0d64a888ecd2ae2da6ad83c07c18f76,extra_variant_or_near_duplicate_for_valid_component
19c7cd46f6a8fad2,IMG_4560_jpg,train,valid,IMG_4560_jpg.rf.d02d5311590aca03386013d47104127e.jpg,0a11e49135103a4f0aaeacd791fdc95fc13620faad45704fa762bbf55e6e5157,extra_variant_or_near_duplicate_for_valid_component
1a3159b408c8f9f8,ggg028_jpg,train,train,ggg028_jpg.rf.5f9d5bd7c3d0886ee31a6b64207819b9.jpg,5dfa8dafa67c287e585218908f682bbff341b065ff9bfaeab8c5d6b5b1cdb39b,exact_duplicate_same_label
1a3159b408c8f9f8,ggg028_jpg,train,train,ggg028_jpg.rf.639e15e58e5df534f62794b168855944.jpg,f497de94ac5843bfd7e1ec5cdbc8d71aa6d41d33f82488537af5fa483c0c9d7c,exact_duplicate_same_label
1a3159b408c8f9f8,ggg028_jpg,train,train,ggg028_jpg.rf.74b9ea2991062122d936a006f249920c.jpg,7194d5f215b5f46ffa3f247f87fa4dafea1bb3a4065bbf89ad411799b47b76ba,exact_duplicate_same_label
1a3159b408c8f9f8,ggg028_jpg,train,train,ggg028_jpg.rf.7a1b9b360f43cbdd80a2505cfa8d6cb6.jpg,d20ae12c501491aab82bd9928136d54bb5568a49fbf5f3187005dca93407a77f,exact_duplicate_same_label
1a3159b408c8f9f8,ggg028_jpg,train,train,ggg028_jpg.rf.86948208d9d3ad9c587483083dbab641.jpg,5dfa8dafa67c287e585218908f682bbff341b065ff9bfaeab8c5d6b5b1cdb39b,exact_duplicate_same_label
1a3159b408c8f9f8,ggg028_jpg,train,train,ggg028_jpg.rf.874ac914672cd1f5cd05f45d1db3f186.jpg,d20ae12c501491aab82bd9928136d54bb5568a49fbf5f3187005dca93407a77f,exact_duplicate_same_label
1a3159b408c8f9f8,ggg028_jpg,train,train,ggg028_jpg.rf.892583cbbbca90e792f20d0fcd57ad70.jpg,f497de94ac5843bfd7e1ec5cdbc8d71aa6d41d33f82488537af5fa483c0c9d7c,exact_duplicate_same_label
1a3159b408c8f9f8,ggg028_jpg,train,train,ggg028_jpg.rf.9255f478b6431c4c0f40a81046264593.jpg,7194d5f215b5f46ffa3f247f87fa4dafea1bb3a4065bbf89ad411799b47b76ba,exact_duplicate_same_label
1a3159b408c8f9f8,ggg028_jpg,train,train,ggg028_jpg.rf.a12df8137a701bdc8f6024dfc661452c.jpg,17b80fdd86d4e601cead05dcdcf9b8c287440b9a8596a4dc767140a573eb78b5,exact_duplicate_same_label
1a3159b408c8f9f8,ggg028_jpg,valid,train,ggg028_jpg.rf.869e72cdf24bcd9314c9ec8f362480f2.jpg,23e0d07626cfc495014e6ee7915741d7169220daf0532969e7a341d49db81023,extra_variant_or_near_duplicate_for_train_component
1a3159b408c8f9f8,ggg028_jpg,valid,train,ggg028_jpg.rf.b6975dbb6521e3f437c6fa6e0a78b9e7.jpg,4be89ac569b2a9dfe4eaf15190d5c0b100aa14036e2e52dece8c3fe780daf9df,extra_variant_or_near_duplicate_for_train_component
1a3159b408c8f9f8,ggg028_jpg,test,train,ggg028_jpg.rf.5961d58100132309f277d98aad48563f.jpg,46b8703a7a0c01a57eb586eee2512363653977e01a52bea6b0039b2e9148d7ee,extra_variant_or_near_duplicate_for_train_component
1a3159b408c8f9f8,ggg028_jpg,test,train,ggg028_jpg.rf.9857173896545782f1c5e8175fe90125.jpg,25745c0ea36bf9d7ee02e98ce0b093b975c074473dbb9e5f761fcc44cb8acbd4,extra_variant_or_near_duplicate_for_train_component
1a3963feafa1f5eb,images-49-_jpg,train,train,images-49-_jpg.rf.b253d0acfa1e9f28e1342cfb08531fd2.jpg,42d54ef29356f9c3eb9236e6808a985cd871d4f8235e509d97bd4e615022c138,extra_variant_or_near_duplicate_for_train_component
1a3963feafa1f5eb,images-49-_jpg,valid,train,images-49-_jpg.rf.eea5550db46276d339ee7dab1a8160ab.jpg,4ee6f3f25cd8ca8d4b092dc0f62a8298d9883beb01aa8623dd8f7984b2ae4117,extra_variant_or_near_duplicate_for_train_component
1c1ba6940e8213a5,1697099878219_JPEG_jpg,train,train,1697099878219_JPEG_jpg.rf.49ab1e604f2993874ce05ef66fdbb817.jpg,adaceaa2f41ad83330d3b39032fff04536ee98cd4a37ee8c48dd4aa5843d96d3,extra_variant_or_near_duplicate_for_train_component
1c1ba6940e8213a5,1697099878219_JPEG_jpg,train,train,1697099878219_JPEG_jpg.rf.743ea0faf0c45793e8e4a304dcc98993.jpg,895871d95690ab682bb3bb2f490b8648d05a0d2e52e69bdba7431cd5f77e2aea,extra_variant_or_near_duplicate_for_train_component
1c1ba6940e8213a5,1697099878219_JPEG_jpg,train,train,1697099878219_JPEG_jpg.rf.9ee2264a72f7819048a45bc72a9ae019.jpg,897fe014dd893a3708c2f991f9b5146d765b4df4aa8776b58e5b86048dc60b62,extra_variant_or_near_duplicate_for_train_component
1c1ba6940e8213a5,1697099878219_JPEG_jpg,train,train,1697099878219_JPEG_jpg.rf.a48f079c9b1b38b53f42f8f982a26bed.jpg,511a1058315b362a0b0917b44553e28847bfcae37d56f52fd57a410200839534,extra_variant_or_near_duplicate_for_train_component
1c1ba6940e8213a5,1697099878219_JPEG_jpg,train,train,1697099878219_JPEG_jpg.rf.c6e481c29e7ed62c16460be04d547f08.jpg,413c972f67637267d7309a11cf67df7a49a3e3559c41297a51b86ca5d077c6fa,extra_variant_or_near_duplicate_for_train_component
1c1ba6940e8213a5,1697099878219_JPEG_jpg,valid,train,1697099878219_JPEG_jpg.rf.a77ce5550b261f3795987693dc147c01.jpg,04a47dc6a5969932ca98e22efa709d8e69e7dba98b155a8e7d65110e8ff5c44a,extra_variant_or_near_duplicate_for_train_component
1c1ba6940e8213a5,1697099878219_JPEG_jpg,valid,train,1697099878219_JPEG_jpg.rf.c0bdb87b45c33ce288ee23eff4b37a3b.jpg,d9793fdbfb296aca2e0a001f38898009de0affc1bba305fe364e2f6dd79d64fd,extra_variant_or_near_duplicate_for_train_component
1c1ba6940e8213a5,1697099878219_JPEG_jpg,valid,train,1697099878219_JPEG_jpg.rf.dc60f13c2bf73898d94e622161484d98.jpg,4fd602c89288dd3cf11c1611e90ec6bafd239fc30963495d3e05c2bd1e837057,extra_variant_or_near_duplicate_for_train_component
1c3103177202f416,000106_jpg,train,train,000106_jpg.rf.8bf70ddebb4251b78316b5361b167c19.jpg,35bca88cc3c0186c098c9851c9d34eb5a590531dcc34376793982217bcd6a4ca,exact_duplicate_same_label
1c3103177202f416,000106_jpg,train,train,000106_jpg.rf.9500a335bd4c65a736583b3f3009f6da.jpg,35bca88cc3c0186c098c9851c9d34eb5a590531dcc34376793982217bcd6a4ca,exact_duplicate_same_label
1c3103177202f416,000106_jpg,train,train,000106_jpg.rf.f0d505e8bb43ca3c35f73f2163115313.jpg,8e59bd9534b14a2d2f5b6d558b779f19b0ac1fc77aa8bcbd31b0694623755299,exact_duplicate_same_label
1c3103177202f416,000106_jpg,valid,train,000106_jpg.rf.0f3cec8e842fae5cda96b450a93d3675.jpg,d66c552e509b341ff4a202c1885dc1ccfda976530d7fd6885cafa89b6bbf218c,extra_variant_or_near_duplicate_for_train_component
1ca1c984441adc74,indir-16-_jpg,valid,train,indir-16-_jpg.rf.3d4bb40895e41a1ee0c65ed1b3814f73.jpg,527249902def71b36801b9a82574bb1057ca1b4d0b1094c6b7c9ba2c73bd3327,extra_variant_or_near_duplicate_for_train_component
1ca1c984441adc74,indir-16-_jpg,valid,train,indir-16-_jpg.rf.aa3299fb1c918b51e05e962f0d3aec4e.jpg,deac9439909e425b0cd41b6dfadfc96119a54c7b3fc790aa3698969b51ba3975,extra_variant_or_near_duplicate_for_train_component
1ca1c984441adc74,indir-16-_jpg,test,train,indir-16-_jpg.rf.44677051f00e0a8c006198d9e5c27dd1.jpg,ce69ebbb0a63b33f8843eb45a0f371269ce576e3122e38e753c50b7adeb632b0,exact_duplicate_same_label
1ca900093bd364f2,IMG_4360_jpg,train,train,IMG_4360_jpg.rf.82c585d2a2f397628e9567a0ff4ba9da.jpg,fc29107f464422c358bb2f388b27f42c19526c2a522211d2f7a82d66843373b3,extra_variant_or_near_duplicate_for_train_component
1ca900093bd364f2,IMG_4360_jpg,train,train,IMG_4360_jpg.rf.8b8efda17d94545b82f7dc645bf427b9.jpg,d404ac456724ece5da1e6b6707d80a6020c9369e7794e950a275a611b9b93e91,extra_variant_or_near_duplicate_for_train_component
1ca900093bd364f2,IMG_4361_jpg,train,train,IMG_4361_jpg.rf.8556ad80df57811ce4dac5b7ff827734.jpg,29950fb02b3dfe3be82790ecd4f806276fbb240abee8ec2e8261917b9a57b6d9,extra_variant_or_near_duplicate_for_train_component
1ca900093bd364f2,IMG_4361_jpg,train,train,IMG_4361_jpg.rf.9eebd1a014c68009b905250d0633634b.jpg,eedfe2cac4de92c7c0b0739329b71ad9eb746e72d5446df43c8e6301321b1d7e,extra_variant_or_near_duplicate_for_train_component
1ca900093bd364f2,IMG_4361_jpg,train,train,IMG_4361_jpg.rf.b557bbf79fccd9c04cfb13483170a3c2.jpg,cec648d07c074b9ffe0cb64ede3a6209aa314a89c2594a36354264f27b059c01,extra_variant_or_near_duplicate_for_train_component
1ca900093bd364f2,IMG_4362_jpg,train,train,IMG_4362_jpg.rf.07b5515daa93cbf03e496f8e1c61961e.jpg,8702d458513440ef76aa5e0e4c0637518bf2b84d1956609f98217ce981e3cbac,extra_variant_or_near_duplicate_for_train_component
1ca900093bd364f2,IMG_4362_jpg,train,train,IMG_4362_jpg.rf.2b93a57f452cf5b9a51b04e68379a8ca.jpg,999b4790c7fc4a59b68032198f5ab86fe70f20ba8fbbf7062b3777d28369e5ed,extra_variant_or_near_duplicate_for_train_component
1ca900093bd364f2,IMG_4362_jpg,train,train,IMG_4362_jpg.rf.bbbeeb601c01adca4b8321280d021fc5.jpg,8d5b8e412d6ccec112755b7f99c8a57d9b9ddd3a39599504f8c6f4f9683516c8,extra_variant_or_near_duplicate_for_train_component
1ca900093bd364f2,IMG_4363_jpg,valid,train,IMG_4363_jpg.rf.b67d54ffb68467ffa7a131a1bd8d27cf.jpg,6cb6f9b16d337de7b9be0a093bb16d8205d92b0d16c5e708ab418619dbe61fc8,extra_variant_or_near_duplicate_for_train_component
1cb6fa6072088054,IMG_4496_jpg,train,train,IMG_4496_jpg.rf.41b444a983c34f1c082c663e3790418b.jpg,e60f746090652469af71e214d500742c871991445579a7e283d19063d699dce5,extra_variant_or_near_duplicate_for_train_component
1cb6fa6072088054,IMG_4496_jpg,train,train,IMG_4496_jpg.rf.dfbd69a28c50ac6eb0b48632d3e609b8.jpg,a5695a7e9e6fc322013e6de1d55a00e428c3dd45bc3e8cfc1e01ac79828d8cc4,extra_variant_or_near_duplicate_for_train_component
1da83bd9523cab90,images-20-_jpg,train,train,images-20-_jpg.rf.d47124847a16cfc68d903ebd9e31d710.jpg,a476842983c28601a5a6075634013723006b47669c23235fe58784125239e9a3,exact_duplicate_same_label
1da83bd9523cab90,images-20-_jpg,train,train,images-20-_jpg.rf.f2a3bc4a7f3718ff5ca48ac1010677f3.jpg,0d9370fa52ba891d76f23ecd7e349cbb6393dac7c864091f75ea8b8120d64130,extra_variant_or_near_duplicate_for_train_component
1da83bd9523cab90,images-20-_jpg,test,train,images-20-_jpg.rf.d47124847a16cfc68d903ebd9e31d710.jpg,a476842983c28601a5a6075634013723006b47669c23235fe58784125239e9a3,exact_duplicate_same_label
1de43159796dd97b,images-80-_jpg,train,train,images-80-_jpg.rf.2ac7b2251cb886866e761f2157da2ea5.jpg,bc16b0eeeee9c659b753561f631fa4c1c1d32f83c58fe3e00f6c74910abb2e9c,extra_variant_or_near_duplicate_for_train_component
1de43159796dd97b,images-80-_jpg,train,train,images-80-_jpg.rf.9f1315d1f9709864a05b4d834166c3d2.jpg,33b0ba2c2dc43f767aa3f4652f088d9d0560f5291bccd3f1df1bdb7f9b91170a,exact_duplicate_same_label
1de43159796dd97b,images-80-_jpg,test,train,images-80-_jpg.rf.9f1315d1f9709864a05b4d834166c3d2.jpg,33b0ba2c2dc43f767aa3f4652f088d9d0560f5291bccd3f1df1bdb7f9b91170a,exact_duplicate_same_label
1e0e6a3c09180e37,IMG_4393_jpg,train,train,IMG_4393_jpg.rf.458bf713311cabd7d9890e8d0bd58a36.jpg,6fcffd259314956e3a50dfb442f29418401983f594bf1411c9672aa333346761,extra_variant_or_near_duplicate_for_train_component
1e0e6a3c09180e37,IMG_4393_jpg,train,train,IMG_4393_jpg.rf.8540c2d924db8eba6a9709b3288dd4a1.jpg,e7b712104bdf758f1157fee1faf9320d466561c7cfed92178cff6d7a948a98f0,extra_variant_or_near_duplicate_for_train_component
1e60a0e218b28c2f,IMG_4462_jpg,train,test,IMG_4462_jpg.rf.59b9b195e2a6c905a2db0b10a37c8a30.jpg,93b8fcd28ac48350f285bba06649a3a38dd10053607d4c95c4523f802bb63192,extra_variant_or_near_duplicate_for_test_component
1e60a0e218b28c2f,IMG_4462_jpg,train,test,IMG_4462_jpg.rf.63209541a0f1d82b4de5bef32806314e.jpg,f6f1d07ff94120cbbec3169fe30b5f7c0af84bfe0f4a31d7f83bb4aa050baade,extra_variant_or_near_duplicate_for_test_component
1e60a0e218b28c2f,IMG_4462_jpg,train,test,IMG_4462_jpg.rf.7276c1eef00df3d1dadd8b9f74616b99.jpg,d5bf6372bd820970a03f77397252e9779041f7b801e396d4a2508bf968b149c4,extra_variant_or_near_duplicate_for_test_component
1f61ac3d27e2613d,gg0079_jpg,train,train,gg0079_jpg.rf.5b175cc3bca65471b5316de7042f1e1c.jpg,4f7e016b09c5f8564fb33d29ab591f37d764a122325775cb9604255cb0e87b83,exact_duplicate_same_label
1f821e608e7cdd5b,bb0575_jpg,train,train,bb0575_jpg.rf.83a8f1d584e0d38bbef1a26edcd10de4.jpg,9b572958a2096cdfb2b20ffa84876b3e41824755e863c9ee3e747fb396bf11b6,exact_duplicate_same_label
1f821e608e7cdd5b,bb0575_jpg,valid,train,bb0575_jpg.rf.f280988cd455ecce9827ac4b59f2aa4a.jpg,aee5a1cd0064519865253473ebea6ae906c055858e7b71c0d4cc082abbf0dfd0,extra_variant_or_near_duplicate_for_train_component
1f821e608e7cdd5b,bb0575_jpg,test,train,bb0575_jpg.rf.d260d0cd93c2975b534eb8f9532792a7.jpg,3a77331e86bee88e5b37c49a48e68bcf8db1a2736e8a197deb6f5c81d393b16a,extra_variant_or_near_duplicate_for_train_component
20813883c1ce94fb,000203_jpg,train,valid,000203_jpg.rf.197138aa627125fd61cce5f4d3c247c9.jpg,338fa599cb948e673ed8d3d65f8c7cc3a2ccabd0e371959cba7747d3b3476c6d,exact_duplicate_same_label
20813883c1ce94fb,000203_jpg,train,valid,000203_jpg.rf.256cc2a5e07230091e23ff6e7be334d9.jpg,eb57a1f0d53673b7139fd1a02ba0e2134a52527ada4345e684e03072c0045689,exact_duplicate_same_label
20813883c1ce94fb,000203_jpg,train,valid,000203_jpg.rf.5a19de574baaea33a3ee3ceb3f76bd45.jpg,338fa599cb948e673ed8d3d65f8c7cc3a2ccabd0e371959cba7747d3b3476c6d,exact_duplicate_same_label
20813883c1ce94fb,000203_jpg,train,valid,000203_jpg.rf.84c8aad10059f3778d3037cf5f07201f.jpg,eb57a1f0d53673b7139fd1a02ba0e2134a52527ada4345e684e03072c0045689,exact_duplicate_same_label
209946dd911a139b,000570_jpg,train,train,000570_jpg.rf.e3123e894debee8c0500a9649ed823d3.jpg,425dba27d6e93c7f14e01ee74593e72f712aa9c21878d072273abb4ee00428a3,exact_duplicate_same_label
209946dd911a139b,000570_jpg,valid,train,000570_jpg.rf.7ea8586b1b258b7a51de8d4144c11416.jpg,1666f9fd0a1d25e364cd30535961bdd5b975707e778a7cc6cb277962d344d4d5,extra_variant_or_near_duplicate_for_train_component
209946dd911a139b,000570_jpg,valid,train,000570_jpg.rf.880a524f962e292956685fec9c2fefa0.jpg,6f643b61f116953932597fe7b5ae4806628e71b6b9929f4c69651453c41ae018,extra_variant_or_near_duplicate_for_train_component
211f518a03ebe985,c00550_png_jpg,train,train,c00550_png_jpg.rf.410a411b84fbd41f5f1e437c9ed0205d.jpg,cec5c50a871dc1152e436d7db00c968e3a1785ad0afb67ef4f678cc1d496d6da,exact_duplicate_same_label
211f518a03ebe985,c00550_png_jpg,train,train,c00550_png_jpg.rf.5205ae4e16bcbd7cae5184757a3df05e.jpg,bad339c2282604cc09b381077b3d487305c9aa991e57a0ae9e896d52d2557512,exact_duplicate_same_label
211f518a03ebe985,c00550_png_jpg,train,train,c00550_png_jpg.rf.62c1a2c377b16bcbfe098a2ca829fffc.jpg,385deac147a5b483f590eb13e7629b584445cf1c4f6c10e2b38ebd07dcc68037,exact_duplicate_same_label
211f518a03ebe985,c00550_png_jpg,train,train,c00550_png_jpg.rf.a5e7727e5676b09364c12da010368919.jpg,385deac147a5b483f590eb13e7629b584445cf1c4f6c10e2b38ebd07dcc68037,exact_duplicate_same_label
211f518a03ebe985,c00550_png_jpg,train,train,c00550_png_jpg.rf.e2a0ab97ea748b662f8324b30b50d86b.jpg,cec5c50a871dc1152e436d7db00c968e3a1785ad0afb67ef4f678cc1d496d6da,exact_duplicate_same_label
211f518a03ebe985,c00550_png_jpg,train,train,c00550_png_jpg.rf.4e7bdf2f839c8df9a1039f40659153d4.jpg,51853ec06c069d49b3d73803c63ad4f1a2afd7be0d2cee458ec1b1b2eea21b54,exact_duplicate_same_label
211f518a03ebe985,c00550_png_jpg,train,train,c00550_png_jpg.rf.ab962ee8bdc07cac0b0ece5eb74cc24e.jpg,337404a4a607693a7eb802c817b966b0a3e8504871185e01b9af4a639eb40b9f,exact_duplicate_same_label
211f518a03ebe985,c00550_png_jpg,train,train,c00550_png_jpg.rf.d63bd9be9d3a5ea4a98cdc3a5174871e.jpg,337404a4a607693a7eb802c817b966b0a3e8504871185e01b9af4a639eb40b9f,exact_duplicate_same_label
211f518a03ebe985,c00550_png_jpg,train,train,c00550_png_jpg.rf.ef0fa054a738e5bcea4c0330e24496d2.jpg,51853ec06c069d49b3d73803c63ad4f1a2afd7be0d2cee458ec1b1b2eea21b54,exact_duplicate_same_label
211f518a03ebe985,c00550_png_jpg,test,train,c00550_png_jpg.rf.2c397298faf5dc4351058bf619e6e970.jpg,d326f95cab7e49eb902afc77377b528d7ae9b6239c63bda25f98647734b229b4,extra_variant_or_near_duplicate_for_train_component
21cc2ba9ae1823b5,imadadages_jpg,train,train,imadadages_jpg.rf.f1d22b39824d7b6cddae63df045c7f52.jpg,3f9c261cb0ca73566b2ba37518168257292ffc320112971d16911cd636000775,extra_variant_or_near_duplicate_for_train_component
21cc2ba9ae1823b5,imadadages_jpg,valid,train,imadadages_jpg.rf.37712b30b3705abfc782b24c6b1ff927.jpg,f76a91ac87339f890ca2e2775ce4da29db9901c3fb87b134471ad31ef583abc2,extra_variant_or_near_duplicate_for_train_component
2208d4e32d70f17a,bb0607_jpg,train,train,bb0607_jpg.rf.37bddbfe94440b3f3effbb44216b1c1c.jpg,707fb009875007c6570408921cbc113b2caa15a258d6641a7bfd6727eaf6bfb0,exact_duplicate_same_label
2208d4e32d70f17a,bb0607_jpg,train,train,bb0607_jpg.rf.6809405eb9b456bccf1bcc2ff1d7b605.jpg,7b48e53eab8ab45d8791357809b6dc47ffcf4ddf3eb86dff73d04e43b8550d68,exact_duplicate_same_label
2208d4e32d70f17a,bb0607_jpg,train,train,bb0607_jpg.rf.9b69427a6b139ccc3e2f66399bc69dd5.jpg,dfca84b10d68c07cf49e7a745f48271110325a7daa678e8acc1b73d74e002834,exact_duplicate_same_label
2208d4e32d70f17a,bb0607_jpg,train,train,bb0607_jpg.rf.a38d4497c6278aeb670e6cd7dadf29c3.jpg,707fb009875007c6570408921cbc113b2caa15a258d6641a7bfd6727eaf6bfb0,exact_duplicate_same_label
2208d4e32d70f17a,bb0607_jpg,train,train,bb0607_jpg.rf.ccb49eab7ae3f59e659851438709e144.jpg,dfca84b10d68c07cf49e7a745f48271110325a7daa678e8acc1b73d74e002834,exact_duplicate_same_label
237d1d32947a436b,c00295_jpg,train,valid,c00295_jpg.rf.3214ed5ec0ecae17c21ac3ce5a065fa8.jpg,8370d00b089daf97642667b081bd3b49ddbebf31a08091f297edc12100a6ab96,exact_duplicate_same_label
237d1d32947a436b,c00295_jpg,train,valid,c00295_jpg.rf.60002d60a473d4e1dd84073e2d65d3e1.jpg,47f1074e10acac738fa6446bc664cf3cb3e6fd2e2b872e93235be1ff5a7db38f,exact_duplicate_same_label
237d1d32947a436b,c00295_jpg,train,valid,c00295_jpg.rf.8b9248d8a9699f15c1cee0661f0c7936.jpg,4d18ce5d6804738d03926a687af59064e8214aabce1829a2e0a93ed99dc3a30b,exact_duplicate_same_label
237d1d32947a436b,c00295_jpg,train,valid,c00295_jpg.rf.a60ae4e846f796af28b8e7415aa5a4fd.jpg,47f1074e10acac738fa6446bc664cf3cb3e6fd2e2b872e93235be1ff5a7db38f,exact_duplicate_same_label
237d1d32947a436b,c00295_jpg,train,valid,c00295_jpg.rf.c45d2c936d2e60d425b023c31fffa2dc.jpg,f0a7eefa1ce4d8c830ec4cb0e0dfc1c3469534dc982d636540359f198b03d870,exact_duplicate_same_label
237d1d32947a436b,c00295_jpg,train,valid,c00295_jpg.rf.da7654fcbb6e84b5f307acde68b98529.jpg,f0a7eefa1ce4d8c830ec4cb0e0dfc1c3469534dc982d636540359f198b03d870,exact_duplicate_same_label
237d1d32947a436b,c00295_jpg,train,valid,c00295_jpg.rf.fb226ed4008f35fcfa8faf68d9ae2420.jpg,4d18ce5d6804738d03926a687af59064e8214aabce1829a2e0a93ed99dc3a30b,exact_duplicate_same_label
23ab59ccd6e954bc,c00066_jpg,train,train,c00066_jpg.rf.dd11247e4737807b0eb52e01da7fedae.jpg,4203a8872dd0d97159a9dff95ed15e4f463fb0ee6d277de498c755460064a80c,exact_duplicate_same_label
23ab59ccd6e954bc,c00066_jpg,valid,train,c00066_jpg.rf.37990fff6cb65cc0ed17afa278c25494.jpg,51610e66790da5d3753bd04144894ae0334308c582b767ec265079d2ab0bda78,extra_variant_or_near_duplicate_for_train_component
23ab59ccd6e954bc,c00066_jpg,valid,train,c00066_jpg.rf.6389444803d7cd51affae1027b1ca9c8.jpg,1bd03cd52e1d89f5120567d4c5bec78f752b9db4c8831a444b49ec14fd25d41e,extra_variant_or_near_duplicate_for_train_component
23ab59ccd6e954bc,c00066_jpg,valid,train,c00066_jpg.rf.73c19cb8095da9c268962ce7d409c321.jpg,ffc65ee7ea4b33d9f331aa587b013a7a4e21239c9f760aee950f072cbf172cca,extra_variant_or_near_duplicate_for_train_component
23ab59ccd6e954bc,c00066_jpg,valid,train,c00066_jpg.rf.eca82ceecfb88d75516da1dad956d5c3.jpg,c3988a5652a81182cc9e3a0fdc55c583ab83e7890a58ce767cc2df847f5c394b,extra_variant_or_near_duplicate_for_train_component
23ab59ccd6e954bc,c00066_jpg,test,train,c00066_jpg.rf.5dcc4dbcc43320fa8a5848c40b0245bf.jpg,4fc6aceb0ad213923348b0d89324347de67a870063653c8aaf992c5a002379af,extra_variant_or_near_duplicate_for_train_component
23e586f8bff41292,1697099948940_JPEG_jpg,train,train,1697099948940_JPEG_jpg.rf.209e5eb8cf6af49225f063db60d52b54.jpg,71d5e5e33dc44a3de50947a46c43cb014aba38a1a1b2c30f30b187829b70cf2d,extra_variant_or_near_duplicate_for_train_component
23e586f8bff41292,1697099948940_JPEG_jpg,train,train,1697099948940_JPEG_jpg.rf.53fd4c36fe35b816aeea289762393839.jpg,0b721198f95b555e987c686ccd3715741bfb88ba979bc867721247c541e06e8a,extra_variant_or_near_duplicate_for_train_component
23e586f8bff41292,1697099948940_JPEG_jpg,train,train,1697099948940_JPEG_jpg.rf.7b3cc973f47fa62542bf9826453c86f0.jpg,1b32b45e20990eaca05ddd62a98b60a85ad9774974a8dac283d01c58ab06dd7d,extra_variant_or_near_duplicate_for_train_component
23e586f8bff41292,1697099948940_JPEG_jpg,train,train,1697099948940_JPEG_jpg.rf.8635636161d3a36c98cd2dff29af8521.jpg,3ae756c39b2b36288e705ba9b8636a653ee333e48f0f69f4d0751c57bd6498b5,extra_variant_or_near_duplicate_for_train_component
23e586f8bff41292,1697099948940_JPEG_jpg,train,train,1697099948940_JPEG_jpg.rf.c534c09afb19624c40189869aa2a2225.jpg,9844e7a9c41702418600d7f17fd7fe4b5eb1328ae01153fb225eda42c7642fa6,extra_variant_or_near_duplicate_for_train_component
23e586f8bff41292,1697099948940_JPEG_jpg,train,train,1697099948940_JPEG_jpg.rf.ebd91e68b546863e3ebbc0d89d633c6d.jpg,b3c77602e29059fa3e4d2f43a84e220b52f880d4defaa4216ac52b33e84f8662,extra_variant_or_near_duplicate_for_train_component
23e586f8bff41292,1697099948940_JPEG_jpg,valid,train,1697099948940_JPEG_jpg.rf.2263dc3dc8123c01aae5581a23877f3c.jpg,13594ff62564e3841bf027ba6eb2380428d804e09e24ea2edefedefb6a51a97e,extra_variant_or_near_duplicate_for_train_component
24212ad40a619a2f,bb0667_jpg,train,train,bb0667_jpg.rf.3979e44565e8728347b38340f5ea217b.jpg,66314631898bb423b9395ac7a6f8666b0cd289d0039a8b384eee8d27e0d2ff9a,exact_duplicate_same_label
24212ad40a619a2f,bb0667_jpg,train,train,bb0667_jpg.rf.5d6225f3f36a9208e78d8e506e976ef3.jpg,4c032dc0b91f334ee7858a77a0e19aaf1cb4ab01d3702ab09f25b10cb059e675,exact_duplicate_same_label
24212ad40a619a2f,bb0667_jpg,train,train,bb0667_jpg.rf.9b431523cd4b6808638de7e3d809e70d.jpg,f10f588c26b71802706081d02899bb07cf242a0753f5df914098b6507c40f9ea,exact_duplicate_same_label
24212ad40a619a2f,bb0667_jpg,train,train,bb0667_jpg.rf.9ca9124162e98779297c371f73f12159.jpg,4c032dc0b91f334ee7858a77a0e19aaf1cb4ab01d3702ab09f25b10cb059e675,exact_duplicate_same_label
24212ad40a619a2f,bb0667_jpg,train,train,bb0667_jpg.rf.d1592202292b3b652e805242748ec703.jpg,66314631898bb423b9395ac7a6f8666b0cd289d0039a8b384eee8d27e0d2ff9a,exact_duplicate_same_label
2431393060c5ee17,IMG_4402_jpg,train,valid,IMG_4402_jpg.rf.6e5ef748a647b4d54202ab84c388ebdf.jpg,81eeb5fafc498df2ddc1ce4d3c80bf84155c3508aba7006e8ff8ad804946851d,extra_variant_or_near_duplicate_for_valid_component
2431393060c5ee17,IMG_4402_jpg,train,valid,IMG_4402_jpg.rf.eed5b6805cdbace8fcc7a6cd7d2dd6c3.jpg,fb4c5c6b5d649c1351f00bd57b7017dfa62c993c0eaec6d3dd4cab2b890e21cc,extra_variant_or_near_duplicate_for_valid_component
2431393060c5ee17,IMG_4403_jpg,train,valid,IMG_4403_jpg.rf.03e206051c1ea2ef8660b6abc7bdaad8.jpg,4e116e2b1f93b118fb4634bb14bc043194f6e30a683540aff24253aac6e55ac5,extra_variant_or_near_duplicate_for_valid_component
2431393060c5ee17,IMG_4403_jpg,train,valid,IMG_4403_jpg.rf.724f971eb8750eaad37c6bbda143aeb4.jpg,388737c15f2dec130ef99ad9a51d445a262f6cae70d2afafad5f65ea1c389abb,extra_variant_or_near_duplicate_for_valid_component
2431393060c5ee17,IMG_4403_jpg,train,valid,IMG_4403_jpg.rf.bf7cadc33e76baea5b10d8e1e66fdfbf.jpg,573d9fb0bec70594128d78347504e58c1d516b363587961ab6a1b5d62bb82beb,extra_variant_or_near_duplicate_for_valid_component
24795f055c683303,b00222_jpg,train,train,b00222_jpg.rf.a53501a226083e23a171083baef44f61.jpg,b8b2e64c69c4920383aca16c82d99716fe382e3ebe75ac617bafa13ea7f495a7,exact_duplicate_same_label
24900970af2cd4fd,bb0406_jpg,train,train,bb0406_jpg.rf.1edc32494c4d70648900a466e44780e1.jpg,1152e87e8a7745496b370f3279229be2216e8a561a3cca60e82f9e9219ce7b9f,exact_duplicate_same_label
24900970af2cd4fd,bb0406_jpg,train,train,bb0406_jpg.rf.2a44a85549203e7a5fa03f230f7964a9.jpg,2af5743228e0e3f43124057246c85097ac8d24c60c6b30c713c0ca1afcd38d30,exact_duplicate_same_label
24900970af2cd4fd,bb0406_jpg,train,train,bb0406_jpg.rf.58fc2746297f2a5922cf1f5e72c3ec95.jpg,2af5743228e0e3f43124057246c85097ac8d24c60c6b30c713c0ca1afcd38d30,exact_duplicate_same_label
24900970af2cd4fd,bb0406_jpg,train,train,bb0406_jpg.rf.c58e80244b25567949ccc19b98d93ec7.jpg,6e9a4ae651444f091e5399c5f3c009a360ce1a68e4d0ff8e736430afd87f2305,exact_duplicate_same_label
24900970af2cd4fd,bb0406_jpg,train,train,bb0406_jpg.rf.e244c2b5d62f9e81af58bc90830a2090.jpg,6e9a4ae651444f091e5399c5f3c009a360ce1a68e4d0ff8e736430afd87f2305,exact_duplicate_same_label
24d3b0cf02d2b684,c00429_jpg,train,test,c00429_jpg.rf.0556af716bd47e51f89941855c6c572d.jpg,711957bfbf76934d08fc909f146c8a66577e4d7fb921b7313cd2b45b1ecc6d5a,exact_duplicate_same_label
24d3b0cf02d2b684,c00429_jpg,train,test,c00429_jpg.rf.0d3c0765d15fe7773bc143b96d4d0163.jpg,30fc7b53029cf96c917451429c198c5f695c07023e2ba804c045c50b0c03e4f2,exact_duplicate_same_label
24d3b0cf02d2b684,c00429_jpg,train,test,c00429_jpg.rf.260fe3a39d661ca99d6d8cfff8e96106.jpg,711957bfbf76934d08fc909f146c8a66577e4d7fb921b7313cd2b45b1ecc6d5a,exact_duplicate_same_label
24d3b0cf02d2b684,c00429_jpg,train,test,c00429_jpg.rf.33ffcfcf6717d6ff38065f88510d8a67.jpg,8a75f452a786efdeca062adce5f19f86eb73514028047b2ee8d7fbe502f3ba72,exact_duplicate_same_label
24d3b0cf02d2b684,c00429_jpg,train,test,c00429_jpg.rf.5c3c93b039450811c9f37cac3cabb050.jpg,c271175a80a393102ab612acdda3ea6873e881bb92c302d4137e805c968a9cf1,exact_duplicate_same_label
24d3b0cf02d2b684,c00429_jpg,train,test,c00429_jpg.rf.74f042ee29c88cec1a39a371c1f1d5c1.jpg,c271175a80a393102ab612acdda3ea6873e881bb92c302d4137e805c968a9cf1,exact_duplicate_same_label
24d3b0cf02d2b684,c00429_jpg,train,test,c00429_jpg.rf.91e2ff013e2250117a7374523b4da26f.jpg,dacfbf7c06a52cc09031ac16e4a39db57f28077124e3a87fa2ffc0d05d65421b,exact_duplicate_same_label
24d3b0cf02d2b684,c00429_jpg,train,test,c00429_jpg.rf.93c2c1c33be9a66e4cc21eaf1b67178d.jpg,30fc7b53029cf96c917451429c198c5f695c07023e2ba804c045c50b0c03e4f2,exact_duplicate_same_label
24d3b0cf02d2b684,c00429_jpg,train,test,c00429_jpg.rf.9806c142e6496df724c025727df535a8.jpg,dacfbf7c06a52cc09031ac16e4a39db57f28077124e3a87fa2ffc0d05d65421b,exact_duplicate_same_label
24d3b0cf02d2b684,c00429_jpg,train,test,c00429_jpg.rf.c40faafb5fad9b2c67ce532d3cab9563.jpg,8a75f452a786efdeca062adce5f19f86eb73514028047b2ee8d7fbe502f3ba72,exact_duplicate_same_label
24eb76fbca025ee3,1697095266570_JPEG_jpg,train,train,1697095266570_JPEG_jpg.rf.0aa03bb5c2fdbb088f24ed7f0d137cca.jpg,4efe64d2e266e6ed38f36f09cca152d13e019c9207d78ca8a7f67b7a476f869d,extra_variant_or_near_duplicate_for_train_component
24eb76fbca025ee3,1697095266570_JPEG_jpg,train,train,1697095266570_JPEG_jpg.rf.37772b575eb3491297d38d035e7224be.jpg,8e7629e8ecd349fe7f90b9d9602f077913a07cb30e1a9ae05ec46f55bd1629da,extra_variant_or_near_duplicate_for_train_component
24eb76fbca025ee3,1697095266570_JPEG_jpg,train,train,1697095266570_JPEG_jpg.rf.6d11965ed9531e81ac3bf4c14e9dfa17.jpg,ab0ed7e467d5b9474c48ff4930c361f43c59acd380fa64f9a5686619e4d9f4ca,extra_variant_or_near_duplicate_for_train_component
24eb76fbca025ee3,1697095266570_JPEG_jpg,train,train,1697095266570_JPEG_jpg.rf.80ebdbfc5169cbaec3b497ad614f7988.jpg,9b5c86c87b5ea540a17445314e0f0e03fefc2655923125be652d950223e3dd78,extra_variant_or_near_duplicate_for_train_component
24eb76fbca025ee3,1697095266570_JPEG_jpg,train,train,1697095266570_JPEG_jpg.rf.f5925b5f1d9694a0dfff01735a803629.jpg,88a601e99d03054efcd24595faa34b6517f3a30fc04bde52adc3167560f8bbaa,extra_variant_or_near_duplicate_for_train_component
24eb76fbca025ee3,1697095266570_JPEG_jpg,valid,train,1697095266570_JPEG_jpg.rf.09a7e7b96bd7ec1bbb4628b638a2404c.jpg,b3c0fff8ce858b058d5b99b55830711e5b9a243d0e5e2be1e3f5392630c4b60f,extra_variant_or_near_duplicate_for_train_component
24eb76fbca025ee3,1697095266570_JPEG_jpg,valid,train,1697095266570_JPEG_jpg.rf.7f7df4990f73ea283f8aec9c0913f2e3.jpg,16c9e76914176608286d5ad1b2c74a5302d1020444ca83165641f43a11cb6a0e,extra_variant_or_near_duplicate_for_train_component
24eb76fbca025ee3,1697095266570_JPEG_jpg,valid,train,1697095266570_JPEG_jpg.rf.ef6c30f6a2745c065a49c7d5989ed78f.jpg,06d51a950f7dcfdcdd8f9155ca167fa5309d6daa8c0546ad5a25023b95b55732,extra_variant_or_near_duplicate_for_train_component
25ad5c037bf1c830,c00346_jpg,train,train,c00346_jpg.rf.52a2628edf0fbcf86f4e5ab736454d70.jpg,081babaa5fb76d079e33b527934b4a72ac7ed8a01076bc9bb3297fef0c695e89,exact_duplicate_same_label
25ad5c037bf1c830,c00346_jpg,train,train,c00346_jpg.rf.69cd5cbad6bf111a0c83a11ab1039030.jpg,081babaa5fb76d079e33b527934b4a72ac7ed8a01076bc9bb3297fef0c695e89,exact_duplicate_same_label
25ad5c037bf1c830,c00346_jpg,train,train,c00346_jpg.rf.6a80c4ab38ed0638d240fcf06e8bcb31.jpg,5aab24f5bccabbacf79fa5476e611dd53a2b315f555706642a6eee8152866e8d,exact_duplicate_same_label
25ad5c037bf1c830,c00346_jpg,train,train,c00346_jpg.rf.78b8b56d0b291665b99ac06447aafb0a.jpg,5aab24f5bccabbacf79fa5476e611dd53a2b315f555706642a6eee8152866e8d,exact_duplicate_same_label
25ad5c037bf1c830,c00346_jpg,train,train,c00346_jpg.rf.7d463e32e447941577adfe676304bad3.jpg,fc68220134b5c56dbe72ec004540c6f49b7a0a37ead3310f988c7a77aa270c1f,exact_duplicate_same_label
25ad5c037bf1c830,c00346_jpg,test,train,c00346_jpg.rf.27b8eac52ec24716b794fe2314fb217f.jpg,f141f44a39f35730a1d4d2c969e537fb07359106528bae16e0fdd4dbcd2a036a,extra_variant_or_near_duplicate_for_train_component
26960ebde3f07477,images-65-_jpg,train,train,images-65-_jpg.rf.07e4339b2aa3d92f4799fd2426842a42.jpg,1022b9c456fd1e2ab3db7d68db33015ec2dcc99d2c93f5bb7af5c6b288210b1c,extra_variant_or_near_duplicate_for_train_component
26960ebde3f07477,images-65-_jpg,train,train,images-65-_jpg.rf.977b6c36f6da0fd720c2c9554488dca6.jpg,5c1d6f19d8f42519b9c52ba829e87a849b6186a3b66c685b478ea79924186f98,extra_variant_or_near_duplicate_for_train_component
26d5d03e33ea60b6,WIN_20220507_21_28_58_Pro_jpg,train,train,WIN_20220507_21_28_58_Pro_jpg.rf.3665f078775e2ce00b0ed4933eec2c7a.jpg,37cb736002483823719011dc8bb1a493dd1f7fc40e6b965a151e2dbbe507fc3a,extra_variant_or_near_duplicate_for_train_component
26d5d03e33ea60b6,WIN_20220507_21_28_58_Pro_jpg,train,train,WIN_20220507_21_28_58_Pro_jpg.rf.6a2f7f33d741dcbb670757924c5b2aac.jpg,c1c55991247e2341b1586e123272cc197d35c01109ccf7d0dd56ceb7f0de7d69,extra_variant_or_near_duplicate_for_train_component
27a30bc0ec33c42b,c00198_jpg,train,train,c00198_jpg.rf.3b6c1d3cac4a1fd91757399b72a80f9f.jpg,4d68885106adee4ae3c590665ad10271b972dd804f9eaf1d5399b99c2cf550b9,exact_duplicate_same_label
27a30bc0ec33c42b,c00198_jpg,train,train,c00198_jpg.rf.40ace0789abc871f9c8a2f9df2640d47.jpg,4d68885106adee4ae3c590665ad10271b972dd804f9eaf1d5399b99c2cf550b9,exact_duplicate_same_label
27a30bc0ec33c42b,c00198_jpg,train,train,c00198_jpg.rf.a03d0b41024e0a39d0746b4e13137225.jpg,fc613c037bc0e2a74f55ba31bc416514b8f124058a7e9d11cc75f6c45f976ff7,exact_duplicate_same_label
27a30bc0ec33c42b,c00198_jpg,valid,train,c00198_jpg.rf.db0841ad07b3d3ed53220032ce8fa4b9.jpg,bb763848fe7cd2eb039fd9f97d98041302a9db6650d71ee3dee0a5106595a295,extra_variant_or_near_duplicate_for_train_component
27a5508240557828,000159_JPEG_jpg,train,train,000159_JPEG_jpg.rf.32d26c28471069dfb511c2ee938891df.jpg,ca27e9f9325ecb730e6a22fb519913c1343f89ccb86a9952a1d661ecf3c3baee,exact_duplicate_same_label
27a5508240557828,000159_JPEG_jpg,valid,train,000159_JPEG_jpg.rf.79b5a2e9dbb98c628c84e59199691f1e.jpg,df7aa0f49b2db210df4c23d24fd3dc2b6d2ecb7912e9108196daef1b8b7cc3fc,extra_variant_or_near_duplicate_for_train_component
27a5508240557828,000159_JPEG_jpg,test,train,000159_JPEG_jpg.rf.2f65504c0eb46d7b961f10a676d325ef.jpg,a85593158b00dca6ce9295f5dc37fbfdd39b385c5b01a7d0419829810f77cece,extra_variant_or_near_duplicate_for_train_component
282b2424ac97cb2c,WIN_20220329_21_29_58_Pro_jpg,train,train,WIN_20220329_21_29_58_Pro_jpg.rf.51ad5a2969b85ca25b20c8529162d5ca.jpg,22947018091c0d60aaab8ebc1ccdfa6bc52517ae5d700831150b639000433ff9,exact_duplicate_same_label
282b2424ac97cb2c,WIN_20220329_21_29_58_Pro_jpg,train,train,WIN_20220329_21_29_58_Pro_jpg.rf.6b6d79d671979af8f271951e67f79818.jpg,0f9407fb8f19ddb75b7490d260d1a55a0e57a7ebc4e0adf4e7781f7f84274162,extra_variant_or_near_duplicate_for_train_component
282b2424ac97cb2c,WIN_20220329_21_29_58_Pro_jpg,test,train,WIN_20220329_21_29_58_Pro_jpg.rf.51ad5a2969b85ca25b20c8529162d5ca.jpg,22947018091c0d60aaab8ebc1ccdfa6bc52517ae5d700831150b639000433ff9,exact_duplicate_same_label
2849a9dba93ee3e9,IMG_4519_jpg,train,test,IMG_4519_jpg.rf.7c935ee95dadf829a5d5dfcc097aa1d3.jpg,2f9dad4d10cd59161077bde10246d14b4f1ce836a4da45a68b0c036d28283a8f,extra_variant_or_near_duplicate_for_test_component
2849a9dba93ee3e9,IMG_4519_jpg,train,test,IMG_4519_jpg.rf.ff5856a617a542a5df8dbe368020ac0c.jpg,57ac84711ba6fc1d601341664214ddc269cd6ad12d021346d576fd4c0e6ef117,extra_variant_or_near_duplicate_for_test_component
2849a9dba93ee3e9,IMG_4520_jpg,train,test,IMG_4520_jpg.rf.014d6bc2a1f09ea85395a529f0efea8b.jpg,fba49002086f5062b1c6fde0f4fd41a7708fb7f3e4e8bcef9bbe27534eceeae7,extra_variant_or_near_duplicate_for_test_component
2849a9dba93ee3e9,IMG_4520_jpg,train,test,IMG_4520_jpg.rf.d522a8c3072c37acc167e9b2c20c34d8.jpg,a2125c3cd83b388b8947bece1315fea28d0d4079f164d038f14dee53c124e74e,extra_variant_or_near_duplicate_for_test_component
2849a9dba93ee3e9,IMG_4520_jpg,train,test,IMG_4520_jpg.rf.f4a625307b0a790392e461f4273c305b.jpg,3e29ad205e0e8404b68b057fb84e51f6e5f0012b6ea657e6c2c4d38a0ac6b8b4,extra_variant_or_near_duplicate_for_test_component
2909b834477aa6d0,images-37-_jpg,train,test,images-37-_jpg.rf.1623ec3b636ba902f6993ed7f8a4d932.jpg,66f656835d09b05524c6aa7b698b693bcccfc172639179b0df5ba7460e6ac7bb,exact_duplicate_same_label
292f4cefdfd264a3,1697099879150_JPEG_jpg,train,valid,1697099879150_JPEG_jpg.rf.3e90f0eaae84edbd8aedfc290d120a2a.jpg,11f5771242459b381918e8d1d549fbdb77ce77143d72e33720684e58c3712f57,extra_variant_or_near_duplicate_for_valid_component
292f4cefdfd264a3,1697099879150_JPEG_jpg,train,valid,1697099879150_JPEG_jpg.rf.441f6d846a97e4ec235c4436ee5adee3.jpg,a686057b7155801860cb4f1a457feef701345a3d6ecf1ef77b7df1d13914561e,extra_variant_or_near_duplicate_for_valid_component
292f4cefdfd264a3,1697099879150_JPEG_jpg,train,valid,1697099879150_JPEG_jpg.rf.4e79940c0e6e1c6bf0136e2fe2b89e01.jpg,0c96da003588bdba2087f19762b90ba23f2cfa5565810c943ca839e737024a42,extra_variant_or_near_duplicate_for_valid_component
292f4cefdfd264a3,1697099879150_JPEG_jpg,train,valid,1697099879150_JPEG_jpg.rf.925a19fdcf4d3f03616005ba0c228eeb.jpg,91b7d6dada37eac252af38bd47907da9134a717df5cb4c903f48ef5efd1a2e11,extra_variant_or_near_duplicate_for_valid_component
292f4cefdfd264a3,1697099879150_JPEG_jpg,train,valid,1697099879150_JPEG_jpg.rf.a76652032911aea9ee634175407116eb.jpg,32f8c32a6c83df19bd66f7e1c3b537d98713d1cc931af4f44644b01dfb845dd8,extra_variant_or_near_duplicate_for_valid_component
292f4cefdfd264a3,1697099879150_JPEG_jpg,train,valid,1697099879150_JPEG_jpg.rf.be628002cb764903fec0a3a640919adb.jpg,5b136e684f5fe331c307807797b3ab516ec563b025c8f1a862968c1e3e0f7e5f,extra_variant_or_near_duplicate_for_valid_component
292f4cefdfd264a3,1697099879150_JPEG_jpg,train,valid,1697099879150_JPEG_jpg.rf.c5d8855bf0ee89b0afa4d61019dfaa37.jpg,95d6dc1289cf7d1ccf6d125cb43afcc0b530406dcdf0983dd47596417720f973,extra_variant_or_near_duplicate_for_valid_component
292f4cefdfd264a3,1697099879150_JPEG_jpg,train,valid,1697099879150_JPEG_jpg.rf.f12651d1ffc8675a4bf18ff97c568adb.jpg,556b4356e7d9639684468dbf13d198be889e5d40aaaf66d6d5e754bce44280c4,extra_variant_or_near_duplicate_for_valid_component
29a6e616a57c56da,ggg017_jpg,train,train,ggg017_jpg.rf.7c0905444a271331c6fbe62fa7acc3aa.jpg,7d4deb8aac63c42346dbdee5e38a105a2573be7fb1ad2b7c10e9e517b5f4d8ae,exact_duplicate_same_label
29a6e616a57c56da,ggg017_jpg,train,train,ggg017_jpg.rf.99debd4e1eb9ddfdd617242323f6775c.jpg,58b094f1c9a727e08d4e39951ffb5ec68e5fce10d08ef395fdf3b1a07bb078c7,exact_duplicate_same_label
29a6e616a57c56da,ggg017_jpg,train,train,ggg017_jpg.rf.c89553c44f88fec60a9db251c7bfa9a4.jpg,58b094f1c9a727e08d4e39951ffb5ec68e5fce10d08ef395fdf3b1a07bb078c7,exact_duplicate_same_label
29a6e616a57c56da,ggg017_jpg,valid,train,ggg017_jpg.rf.6631e50391ec63e2d211ed7b8a7abfee.jpg,cec84f918ce76373f5a48be7eb6cbb676480379518c23c565f4af8077ea5881a,extra_variant_or_near_duplicate_for_train_component
29baecb1604b87ed,smoking_0824_jpg,train,train,smoking_0824_jpg.rf.7344930ddd730941e29dcc276ecfd6ad.jpg,cc6129e203c519b512913834bd5f7307b37159a56acced065ed8e81f1888f58b,extra_variant_or_near_duplicate_for_train_component
2a08439a39ff0371,bb0541_jpg,train,train,bb0541_jpg.rf.1e5624948857fbb1eff281776f17db2e.jpg,26a1eba2cd8ebc5874881dfcd6f72c14d040a5cd4a15dbbce3cce650110246f7,exact_duplicate_same_label
2a08439a39ff0371,bb0541_jpg,train,train,bb0541_jpg.rf.6878387c9c4a1b0cf2eb74dc4d59abdd.jpg,0d32ec5179b7aa3dc0552a514426a9eec5b26d22ef29abee7b3ddb0cb36a3c86,exact_duplicate_same_label
2a08439a39ff0371,bb0541_jpg,train,train,bb0541_jpg.rf.fe006b4f3ded07c21dbb238792cbe593.jpg,26a1eba2cd8ebc5874881dfcd6f72c14d040a5cd4a15dbbce3cce650110246f7,exact_duplicate_same_label
2a08439a39ff0371,bb0541_jpg,valid,train,bb0541_jpg.rf.7e285a4ee91c35771889c4cb36a30478.jpg,69927f8a2300fee233aaf23fa77402c73df1d852cc39ddf3bad044ec18a6839f,extra_variant_or_near_duplicate_for_train_component
2ae6be409c613c19,indir-6-_jpg,valid,train,indir-6-_jpg.rf.38dbc94da88f761e9bb3a76f2ad48b61.jpg,1bd88853178e7af15916e6ea6776a34f7278d7e5483822633c2ec1c48ef44218,extra_variant_or_near_duplicate_for_train_component
2ae6be409c613c19,indir-6-_jpg,valid,train,indir-6-_jpg.rf.ebf4ef18e5a1807084da77ebc0855b8a.jpg,ead06cea0c0ad3e4dfc7d39b48870a8fa2b0ee8c65780df60c5b36c7e86d5f07,extra_variant_or_near_duplicate_for_train_component
2b969b2bd4bd46ac,gg0266_jpg,train,train,gg0266_jpg.rf.80628319c91e339bd2ba5025e251e7dd.jpg,5f24f90b65e14a0a02311990d3583a29a5954070052e3eb3ce7bd679a1a27081,exact_duplicate_same_label
2b969b2bd4bd46ac,gg0266_jpg,train,train,gg0266_jpg.rf.96416c41bf83aef0d78009dd4f1b3395.jpg,178fc342e7ca717f8ddbf4aa6b91bd86cbd919073f2957e80ed31dfba49a111d,exact_duplicate_same_label
2b969b2bd4bd46ac,gg0266_jpg,train,train,gg0266_jpg.rf.e65eb0376608a7dd0a1f0ea035793b85.jpg,5f24f90b65e14a0a02311990d3583a29a5954070052e3eb3ce7bd679a1a27081,exact_duplicate_same_label
2b969b2bd4bd46ac,gg0266_jpg,test,train,gg0266_jpg.rf.eeab2cf58e522e758c259080136cf344.jpg,6b4ee78c83f8ef4e6cee019598a54c3da7dd14c63db38d983c5233d506585151,extra_variant_or_near_duplicate_for_train_component
2bbe6e72ac6c692e,a0006-0-0_jpg,train,test,a0006-0-0_jpg.rf.6aac14954f5c42c95a6db1710c4fcf4e.jpg,4fae88f6608382855ff2af87dacbb9bba471199df5e1de5c5b061d6ccb1faf7a,exact_duplicate_same_label
2bbe6e72ac6c692e,a0006-0-0_jpg,train,test,a0006-0-0_jpg.rf.94ca6dca08a4771c114d700a484f6d50.jpg,7d80f9d924875c73c1e712d717dc180aa0a10e033dec6b1a0466cc468593f1c8,exact_duplicate_same_label
2bbe6e72ac6c692e,a0006-0-0_jpg,train,test,a0006-0-0_jpg.rf.9b5cfc9d86942fc1cb662296b1be9920.jpg,7d80f9d924875c73c1e712d717dc180aa0a10e033dec6b1a0466cc468593f1c8,exact_duplicate_same_label
2bbe6e72ac6c692e,a0006-0-0_jpg,train,test,a0006-0-0_jpg.rf.d6c4971ac6d3150e090fd7797ff3e671.jpg,4fae88f6608382855ff2af87dacbb9bba471199df5e1de5c5b061d6ccb1faf7a,exact_duplicate_same_label
2cb094e48652a46f,1697095266615_JPEG_jpg,train,train,1697095266615_JPEG_jpg.rf.6d9450e80968454ecc122b51b70cb0ee.jpg,0b353dcd1d979385251cfdbaf86726fbdedec24f0a2f1a221a946285de7c1db3,extra_variant_or_near_duplicate_for_train_component
2cb094e48652a46f,1697095266615_JPEG_jpg,train,train,1697095266615_JPEG_jpg.rf.7296ba3d6c24230565a570503b33a379.jpg,560f9d8bee51556177402268d5c1aa9547f430e0bac3ed632884472597d6914a,extra_variant_or_near_duplicate_for_train_component
2cb094e48652a46f,1697095266615_JPEG_jpg,train,train,1697095266615_JPEG_jpg.rf.9a8e91b4198eabefad0632c7b5226b7d.jpg,f3deeda21d90660c41cb4b28c05f457da0c0018ce8648ff01f6f423b7002ecb4,extra_variant_or_near_duplicate_for_train_component
2cb094e48652a46f,1697095266615_JPEG_jpg,train,train,1697095266615_JPEG_jpg.rf.aefb6225fd83ae28b5fecff1556a2217.jpg,ee2bfe267f0fb80351587dc459e695f08e8fc60cbef70cc812db606004181d9f,extra_variant_or_near_duplicate_for_train_component
2cb094e48652a46f,1697095266615_JPEG_jpg,train,train,1697095266615_JPEG_jpg.rf.b2dff6fe7b0d1fd519417c5f6c4bcde7.jpg,6530c554ae1cd493bbc473858e06491050978117d900b41d5b0615690c69ecd1,extra_variant_or_near_duplicate_for_train_component
2cb094e48652a46f,1697095266615_JPEG_jpg,train,train,1697095266615_JPEG_jpg.rf.e3ad7397373bf3f4a078d6e210cc15f5.jpg,f6a41b140d7f35a9386181998958198bd6ef7d1a7b9ce6d77d3fd030de402b3a,extra_variant_or_near_duplicate_for_train_component
2cb094e48652a46f,1697095266615_JPEG_jpg,train,train,1697095266615_JPEG_jpg.rf.e8f6b7fbcef8ba6480ae8eba996a5f5e.jpg,7c6546d4f74ad31ee1e88390714e85594b57c326288e1fd5db634b7b801ea195,extra_variant_or_near_duplicate_for_train_component
2cb094e48652a46f,1697095266615_JPEG_jpg,valid,train,1697095266615_JPEG_jpg.rf.747c2886f9586eaac171f1821ca5abbe.jpg,b9af6246ed2258ce4224c678ddd6907eda50aabaa141559296b30274f0206fba,extra_variant_or_near_duplicate_for_train_component
2cbe74d5523de8ab,ggg268_jpg,valid,train,ggg268_jpg.rf.5d0883910ccf1d945f789855d7e04017.jpg,4d154039175c6ee3214b35a4ff95e81b27bfd583be9a3e75c87deed08ad96036,extra_variant_or_near_duplicate_for_train_component
2cbe74d5523de8ab,ggg268_jpg,test,train,ggg268_jpg.rf.d613480b633990f6e7cb58f6653560cf.jpg,5f452df0295c6d46e89c4cfbf756fa63f98e2e85fd10982884fa4d0494c4cb38,extra_variant_or_near_duplicate_for_train_component
2d6fd543dead743a,IMG_4547_jpg,train,train,IMG_4547_jpg.rf.88b41b996a98f63d01439172141bf225.jpg,7517f8875fb84e8ea8b670ffca94137da87d6c2a356c9f90358cf953c9ea829e,extra_variant_or_near_duplicate_for_train_component
2d6fd543dead743a,IMG_4547_jpg,train,train,IMG_4547_jpg.rf.d954646e2171464e00880c5ff76943d7.jpg,4b982a9fd7b37b9267c2a56bbe7037f5fc496db7ae6d032fb9f0981b7b7d0de4,extra_variant_or_near_duplicate_for_train_component
2d967b4cc1557fdb,c00344_jpg,train,train,c00344_jpg.rf.5888d2dd818fe89cd86710b51816ceeb.jpg,259be1412524e36fbb64e420567980bf11aa356cc2717d83935aa5a4c4ced343,exact_duplicate_same_label
2d967b4cc1557fdb,c00344_jpg,train,train,c00344_jpg.rf.689d7fa61e9b487213acd8a8828ea273.jpg,c8885ea245eb2685141cca5d6177be0ecf9dbc5d8cbcc7c126d2521d0934f34c,exact_duplicate_same_label
2d967b4cc1557fdb,c00344_jpg,train,train,c00344_jpg.rf.806ccc35accff1c3d123a7fac0943899.jpg,5d20f6bceb82424d70f3ce205d16dc823055957eccc77bb390145e0f6a0f2601,exact_duplicate_same_label
2d967b4cc1557fdb,c00344_jpg,train,train,c00344_jpg.rf.b5acf546d36b8948d85a259f19da4f7a.jpg,5d20f6bceb82424d70f3ce205d16dc823055957eccc77bb390145e0f6a0f2601,exact_duplicate_same_label
2d967b4cc1557fdb,c00344_jpg,train,train,c00344_jpg.rf.e245ebbae789acf645cc0437578f3b39.jpg,efca768f4cde395ee57dcda4055c152584b6a44394cc9ee3bc4a4072bfa91e12,exact_duplicate_same_label
2d967b4cc1557fdb,c00344_jpg,train,train,c00344_jpg.rf.ebd5955b6705cca230926706dde52578.jpg,3722259735034fdff19d24ec6d5b1a63fe0223a8c97a8f87ded7175b6fc97f70,exact_duplicate_same_label
2d967b4cc1557fdb,c00344_jpg,train,train,c00344_jpg.rf.eebb1e7279364aef69756b1d050b6fb9.jpg,3722259735034fdff19d24ec6d5b1a63fe0223a8c97a8f87ded7175b6fc97f70,exact_duplicate_same_label
2d967b4cc1557fdb,c00344_jpg,train,train,c00344_jpg.rf.f44a29ce2de27218727a5c1c85b96495.jpg,c8885ea245eb2685141cca5d6177be0ecf9dbc5d8cbcc7c126d2521d0934f34c,exact_duplicate_same_label
2d967b4cc1557fdb,c00344_jpg,train,train,c00344_jpg.rf.f8ce3aba8e2a271686caaf2e8433a38b.jpg,efca768f4cde395ee57dcda4055c152584b6a44394cc9ee3bc4a4072bfa91e12,exact_duplicate_same_label
2d967b4cc1557fdb,c00344_jpg,valid,train,c00344_jpg.rf.fc0a43323ac7dab3266d25a637d10d56.jpg,78795441e6c5f2ddb765285d0b9f3f24337631eca2aeccfc4bbb99c5e8931240,extra_variant_or_near_duplicate_for_train_component
2dbaae6f5d98e354,bb0301_jpg,train,train,bb0301_jpg.rf.7762b55d6fa87c7bb85516e25c4c2549.jpg,8ebc1ea7a044b173554f0f899cb198737941417bd47450e948e0ade028db932f,exact_duplicate_same_label
2dbaae6f5d98e354,bb0301_jpg,train,train,bb0301_jpg.rf.d142997cec21127200b74f2b2b7a6fe6.jpg,8a20b756609c2c511ff725fdb29262ee6b0456bbf6b8146a03831610360ebbbc,exact_duplicate_same_label
2dbaae6f5d98e354,bb0301_jpg,train,train,bb0301_jpg.rf.edca0640dc5884065a30ec63318d8dad.jpg,8ebc1ea7a044b173554f0f899cb198737941417bd47450e948e0ade028db932f,exact_duplicate_same_label
2dbaae6f5d98e354,bb0301_jpg,valid,train,bb0301_jpg.rf.29979e6f30e8b6a0fab166f9199cc60b.jpg,8c0f1c906b76e53129c0c2e0c997cf42846ebbdf99a41009d2a7d41c0545b6f1,extra_variant_or_near_duplicate_for_train_component
2dbfc152322a3fde,1697099983395_JPEG_jpg,train,train,1697099983395_JPEG_jpg.rf.1be5b842741a087557a62d287be4841c.jpg,95ff56c2b51844faecca344641fc817b4f4191ad93489cdc880890d223e110c1,extra_variant_or_near_duplicate_for_train_component
2dbfc152322a3fde,1697099983395_JPEG_jpg,train,train,1697099983395_JPEG_jpg.rf.43cd6a3d8839eefd818088292434b0f9.jpg,f4e465621f7b4694c3670ec88b77fb25ac63fb3345d346c9862dc50385f04ec7,extra_variant_or_near_duplicate_for_train_component
2dbfc152322a3fde,1697099983395_JPEG_jpg,train,train,1697099983395_JPEG_jpg.rf.5a1d3de428920d10ccac84c83354d0d6.jpg,d89a98af8aba4f55d8ebd35bb93b76b059cad9de88b74e6d776d953a7f61b8cf,extra_variant_or_near_duplicate_for_train_component
2dbfc152322a3fde,1697099983395_JPEG_jpg,train,train,1697099983395_JPEG_jpg.rf.720d0860e4956c30f35949d9cabdabe4.jpg,de70fef00e153e6a36a7cbc85fc7b2a7a53e453f092ec58b61bb661d24a4da8f,extra_variant_or_near_duplicate_for_train_component
2dbfc152322a3fde,1697099983395_JPEG_jpg,train,train,1697099983395_JPEG_jpg.rf.84e4abcc7d1efd7bc8847f84de74e400.jpg,80167ff8948330a9995c600c91dfad8a679127fffdb6949615d9f9603586b713,extra_variant_or_near_duplicate_for_train_component
2dbfc152322a3fde,1697099983395_JPEG_jpg,train,train,1697099983395_JPEG_jpg.rf.9fb5aa2eddc4a3a74fb54d8e5e84ece4.jpg,37cef487e089160310da46e35154917b3d6fb980a972b2c11a3c5de34bca3024,extra_variant_or_near_duplicate_for_train_component
2dbfc152322a3fde,1697099983395_JPEG_jpg,valid,train,1697099983395_JPEG_jpg.rf.bd2b1e02489fe6b69e70d1645eee3ced.jpg,415221d407c63371a6e3e576a1c3f2d90751fd1f070d027362d8099beaac09d5,extra_variant_or_near_duplicate_for_train_component
2dbfc152322a3fde,1697099983395_JPEG_jpg,valid,train,1697099983395_JPEG_jpg.rf.f3501fef5f61fd25b1def8add2ab4232.jpg,683770447ec831f88a7bdbf31203b2614fb749af4b7370dc6479f92c9436abe9,extra_variant_or_near_duplicate_for_train_component
2e372cf7e43ece84,M_00936_png_jpg,train,train,M_00936_png_jpg.rf.8a8def58c0f935737330648c152deddb.jpg,a0f890d8da0dcab60090773febb1fa68d0e75de9d3716e97e5e9f6d16df930b8,extra_variant_or_near_duplicate_for_train_component
2e372cf7e43ece84,M_00936_png_jpg,train,train,M_00936_png_jpg.rf.96198f32cb3296ef51fc5f9c0253e21c.jpg,dc8c4058c4f3c6a364f2c29d56a74de8157c9c5e03a5e9ad5077d6960aeb9223,extra_variant_or_near_duplicate_for_train_component
2e5a2c6f710e2d0d,WIN_20220507_21_28_04_Pro_jpg,train,train,WIN_20220507_21_28_04_Pro_jpg.rf.28ed84115a454710d0042fe178b66aec.jpg,8563e0dea0e95670801003e3541b7a46f4eafd10f22fac5be1bcd204e00996c8,exact_duplicate_same_label
2e5a2c6f710e2d0d,WIN_20220507_21_28_04_Pro_jpg,train,train,WIN_20220507_21_28_04_Pro_jpg.rf.5201dc24241b63cfa38093764b12afac.jpg,3312cc419acfaf28f2e95eaf7d8feace0fea702c7844df4b389b03778eff9355,extra_variant_or_near_duplicate_for_train_component
2e5a2c6f710e2d0d,WIN_20220507_21_28_04_Pro_jpg,train,train,WIN_20220507_21_28_04_Pro_jpg.rf.f1219c448d5510b8132179717eec23f6.jpg,de35a3cd33dd89e3ddcc5cc8c100e24ba25d7b5a0fbf06f288c350a1925fa090,exact_duplicate_same_label
2e5a2c6f710e2d0d,WIN_20220507_21_27_13_Pro_jpg,valid,train,WIN_20220507_21_27_13_Pro_jpg.rf.1098afdf120b1ebff696fde6dfaac717.jpg,46d63ec64b262f9d0153d54f832ab938bd81db60740a89d016a044d4cad5c6f4,extra_variant_or_near_duplicate_for_train_component
2e5a2c6f710e2d0d,WIN_20220507_21_27_13_Pro_jpg,valid,train,WIN_20220507_21_27_13_Pro_jpg.rf.12051d25303c1cde335609a5183997bf.jpg,84b42fb26d215f632e865cece47cda5bb21bb6ef9641c08b995642d8a2ae6272,extra_variant_or_near_duplicate_for_train_component
2e5a2c6f710e2d0d,WIN_20220507_21_28_04_Pro_jpg,test,train,WIN_20220507_21_28_04_Pro_jpg.rf.28ed84115a454710d0042fe178b66aec.jpg,8563e0dea0e95670801003e3541b7a46f4eafd10f22fac5be1bcd204e00996c8,exact_duplicate_same_label
2e5a2c6f710e2d0d,WIN_20220507_21_28_04_Pro_jpg,test,train,WIN_20220507_21_28_04_Pro_jpg.rf.f1219c448d5510b8132179717eec23f6.jpg,de35a3cd33dd89e3ddcc5cc8c100e24ba25d7b5a0fbf06f288c350a1925fa090,exact_duplicate_same_label
2f7ce797d3b4926f,gg0128_jpg,train,train,gg0128_jpg.rf.3369a746a0e18a489db7ef2c4cc83d71.jpg,1a221a7b37fadea43dec512aea276d385183b098c2e553f3ae0a8c58eab6aaf9,exact_duplicate_same_label
2f7ce797d3b4926f,gg0128_jpg,train,train,gg0128_jpg.rf.3f19d76aa33a1f00d14d3ee58736048f.jpg,1a221a7b37fadea43dec512aea276d385183b098c2e553f3ae0a8c58eab6aaf9,exact_duplicate_same_label
2f7ce797d3b4926f,gg0128_jpg,train,train,gg0128_jpg.rf.91d7ea662a3d51e3bf923d36a5627667.jpg,7865a1545cc9062f6c1f5123193484c175968f7bd536658cf604664a081a0fc0,exact_duplicate_same_label
2f7ce797d3b4926f,gg0128_jpg,valid,train,gg0128_jpg.rf.bf945536a67da60f742a2c3b5c1f728b.jpg,407cab96a05fc11ff1baf55022b2c7ecf7625ef2aee45c938414bec8b92e5154,extra_variant_or_near_duplicate_for_train_component
2f7ce797d3b4926f,gg0128_jpg,train,train,gg0128_jpg.rf.2b26cc91b5aeb1c015970230aca9dc16.jpg,d7f5c7e7d7479eee06c705dd41e5bcf5eab0ec08346b2f6a40ec95639e7d6922,exact_duplicate_same_label
2f7ce797d3b4926f,gg0128_jpg,train,train,gg0128_jpg.rf.4e283610d2101bd774d5ca081bce55e6.jpg,e6ff36fdb6aeb930c98025e95160eae4796f67902f8cdadeccf9177364da46c0,exact_duplicate_same_label
2f7ce797d3b4926f,gg0128_jpg,train,train,gg0128_jpg.rf.5c881175f84fcbfb6e75d802c61dc723.jpg,d7f5c7e7d7479eee06c705dd41e5bcf5eab0ec08346b2f6a40ec95639e7d6922,exact_duplicate_same_label
2f7ce797d3b4926f,gg0128_jpg,train,train,gg0128_jpg.rf.7bdebf850bbaea84e167b093479c0045.jpg,e6ff36fdb6aeb930c98025e95160eae4796f67902f8cdadeccf9177364da46c0,exact_duplicate_same_label
2f7ce797d3b4926f,gg0128_jpg,train,train,gg0128_jpg.rf.eea7ee403c5afc40c1269e7b29dae1a8.jpg,ca5bb914815bf93466ad76af05541e2de16f3cbf7e36255396d0af1aba2a4fb9,exact_duplicate_same_label
2f7ce797d3b4926f,gg0128_jpg,train,train,gg0128_jpg.rf.f62240334114efaee483c63e1f7fbc9b.jpg,ca5bb914815bf93466ad76af05541e2de16f3cbf7e36255396d0af1aba2a4fb9,exact_duplicate_same_label
2fa38f4a0f9f6cc2,gg0081_jpg,train,test,gg0081_jpg.rf.76cdfdb8e9829945454d70532f514de5.jpg,72bba1a50cd33f69169dfa756c463c381cb593285710dff0eeaf6cc655f90479,exact_duplicate_same_label
2fa38f4a0f9f6cc2,gg0081_jpg,train,test,gg0081_jpg.rf.7a2951ac58332cd01169d7ea16195d9e.jpg,708f28626f0b8bab4310df0eb803b59852175ddf79b761eb71a7c71ae463646d,exact_duplicate_same_label
2fa38f4a0f9f6cc2,gg0081_jpg,train,test,gg0081_jpg.rf.7f969a0dba7b98e679690f2335bd87cd.jpg,708f28626f0b8bab4310df0eb803b59852175ddf79b761eb71a7c71ae463646d,exact_duplicate_same_label
2fa38f4a0f9f6cc2,gg0081_jpg,train,test,gg0081_jpg.rf.834667ad802daf7c8fb0ed886eec0312.jpg,d8a6d4d5e755257da6041aa8da7519dc7810007c2f85d8d2d3a34daf56a1e4ff,exact_duplicate_same_label
2fa38f4a0f9f6cc2,gg0081_jpg,train,test,gg0081_jpg.rf.fef23131f5dbaf052b00ef96e9653a72.jpg,d8a6d4d5e755257da6041aa8da7519dc7810007c2f85d8d2d3a34daf56a1e4ff,exact_duplicate_same_label
2fa4f51d8878b4ce,1697099897680_JPEG_jpg,train,train,1697099897680_JPEG_jpg.rf.4f843131d86c8a0709eeaa7ad9e0fa9a.jpg,fff21a2caaea48a03a8fe1fc5b0dd2607e258a2533ebea0f3480d19dd7530ce0,extra_variant_or_near_duplicate_for_train_component
2fa4f51d8878b4ce,1697099897680_JPEG_jpg,train,train,1697099897680_JPEG_jpg.rf.81caed36e0a213230d155ce04589366b.jpg,6ae64e989cd956918325a8bf04b87371cfb0b900ceadb6b0492a0d8003abcd98,extra_variant_or_near_duplicate_for_train_component
2fa4f51d8878b4ce,1697099897680_JPEG_jpg,train,train,1697099897680_JPEG_jpg.rf.8a5f0844437a9a27a84378892fa9d488.jpg,b1c779a11ebb3cec5168cb759a65a78cbe60aa5abeb1bba1c9eaef4ae3dd374d,extra_variant_or_near_duplicate_for_train_component
2fa4f51d8878b4ce,1697099897680_JPEG_jpg,train,train,1697099897680_JPEG_jpg.rf.91ecbd27d2fb82655529fcf4588a7bd5.jpg,1c7e9c287b54c9ab7cedc71150cbd109f09bd549ef8c72eff6d272e5b213d9bd,extra_variant_or_near_duplicate_for_train_component
2fa4f51d8878b4ce,1697099897680_JPEG_jpg,train,train,1697099897680_JPEG_jpg.rf.a489e1f9dbc998144f7d9a2544f73b10.jpg,f29e97ceffa50cdc1bec0e5a1074ebc1bb1b75f6cde784da51e227fd4ccd0036,extra_variant_or_near_duplicate_for_train_component
2fa4f51d8878b4ce,1697099897680_JPEG_jpg,train,train,1697099897680_JPEG_jpg.rf.aad2cc1c857ec588e19719508718604f.jpg,6c639bb6a045b67b2d1f2a51f94bded5dcbc3616b9d983c638e648561af0f21d,extra_variant_or_near_duplicate_for_train_component
2fa4f51d8878b4ce,1697099897680_JPEG_jpg,train,train,1697099897680_JPEG_jpg.rf.b02ca1eb8e1e97611ed80e8c8cf51951.jpg,f954688aa4b915af2501c333cef967d5ad55c37fbbca7ec2ce6abfacffebd345,extra_variant_or_near_duplicate_for_train_component
2fa4f51d8878b4ce,1697099897680_JPEG_jpg,valid,train,1697099897680_JPEG_jpg.rf.98c465ba2b3d5016cbfd8425b7fc949c.jpg,9962829bf77c112b3656fa78a28604c599183bfb62d2abf2bf13899e30f498b4,extra_variant_or_near_duplicate_for_train_component
305da2aaa87b8e1b,images-106-_jpg,valid,test,images-106-_jpg.rf.670e965cb02afeb971f5f4c817a3e510.jpg,ccc1bfb11739e86a12371e93446cd76da2bc391fd505d57666c5ce383c6c90af,extra_variant_or_near_duplicate_for_test_component
305da2aaa87b8e1b,images-106-_jpg,train,test,images-106-_jpg.rf.2f6ed9dbd5ed5249f87cd3670f0e80d5.jpg,598c630410e475c729db92435fa1d01ae38a6b3c07b8c5489b5b8c642ba6454f,extra_variant_or_near_duplicate_for_test_component
3062a8b23402a767,WIN_20220507_20_59_19_Pro_jpg,train,train,WIN_20220507_20_59_19_Pro_jpg.rf.fa078b1e748aa4e60cbde834d5bda14a.jpg,7d2cc8bf75dbe540484510bf639b707e3123363502874dfa8d67194a199d12d5,extra_variant_or_near_duplicate_for_train_component
3062a8b23402a767,WIN_20220507_20_59_19_Pro_jpg,valid,train,WIN_20220507_20_59_19_Pro_jpg.rf.60afa9a86b63340a968c16381cf87356.jpg,f725d304468d396cf921d075bcac003ec70b9f16d528482c4a96ec3fa5ce57b2,extra_variant_or_near_duplicate_for_train_component
30b0ae2e6dfb4f25,imagaaes_jpg,test,valid,imagaaes_jpg.rf.98d6283f7d87170153c2710b1fed9a45.jpg,d0991d1c16527a3ef9f0c0473dfc3502c2ac81788dee6b4ce8e2b7c83a65efb3,exact_duplicate_same_label
30b0ae2e6dfb4f25,imagaaes_jpg,test,valid,imagaaes_jpg.rf.f16f0018f39989c4e11b95b12f2dac8f.jpg,a17aaffad1b7a9848225c68d9c4dcc6d5a621f62907bfa33d0d72180d7486eeb,exact_duplicate_same_label
30b0ae2e6dfb4f25,imagaaes_jpg,train,valid,imagaaes_jpg.rf.98d6283f7d87170153c2710b1fed9a45.jpg,d0991d1c16527a3ef9f0c0473dfc3502c2ac81788dee6b4ce8e2b7c83a65efb3,exact_duplicate_same_label
30b0ae2e6dfb4f25,imagaaes_jpg,train,valid,imagaaes_jpg.rf.f16f0018f39989c4e11b95b12f2dac8f.jpg,a17aaffad1b7a9848225c68d9c4dcc6d5a621f62907bfa33d0d72180d7486eeb,exact_duplicate_same_label
30cd6f748b1b7c75,bb0577_jpg,train,train,bb0577_jpg.rf.247c800fa94741fe4964ae57241c706b.jpg,8a703069de5fecf225821aacf60828dbc556293306f2b2566be7a026250e812f,exact_duplicate_label_conflict
30cd6f748b1b7c75,bb0577_jpg,train,train,bb0577_jpg.rf.53e9e3be37a54072eda4d50782bc702e.jpg,35d284c4bd1f094b219af30106d710e0e45adb49184017f884484aec266e0925,exact_duplicate_label_conflict
30cd6f748b1b7c75,bb0577_jpg,train,train,bb0577_jpg.rf.c0da1d8aae05fea8c4e2e83ba488892e.jpg,8a703069de5fecf225821aacf60828dbc556293306f2b2566be7a026250e812f,exact_duplicate_label_conflict
30cd6f748b1b7c75,bb0577_jpg,train,train,bb0577_jpg.rf.cfcd9b8eccdbeac251146cb10f11322b.jpg,49045289b646af5890bdc0b2b2ed2a55d2cd049ff8c9d531154a37b9f2841edd,exact_duplicate_same_label
30cd6f748b1b7c75,bb0577_jpg,train,train,bb0577_jpg.rf.f9d05be23f849fa3de18dcaa214cce11.jpg,35d284c4bd1f094b219af30106d710e0e45adb49184017f884484aec266e0925,exact_duplicate_label_conflict
3123a71de3b55970,WIN_20220329_21_29_47_Pro_jpg,train,train,WIN_20220329_21_29_47_Pro_jpg.rf.b7c72c0eb16c3d00c916cd177f59be72.jpg,0ec44af72941554dad406e004a930c9f3f26ddb16f249a3b7145a37444046435,exact_duplicate_same_label
3123a71de3b55970,WIN_20220329_21_29_47_Pro_jpg,valid,train,WIN_20220329_21_29_47_Pro_jpg.rf.4227ff606280daa061aef8d767c25706.jpg,761c39553a1a767b3b37c882aee23b96a1e961f6db49986f3740d4e18dcf1f21,extra_variant_or_near_duplicate_for_train_component
3123a71de3b55970,WIN_20220329_21_29_47_Pro_jpg,test,train,WIN_20220329_21_29_47_Pro_jpg.rf.b7c72c0eb16c3d00c916cd177f59be72.jpg,0ec44af72941554dad406e004a930c9f3f26ddb16f249a3b7145a37444046435,exact_duplicate_same_label
314f87ed71c28626,bb0486_jpg,train,train,bb0486_jpg.rf.3f7b93b4733d7343ca204dd36a23ecde.jpg,3712b33b4d75a1b9ce166c0d9596aa7f21cb2feda09fd57e1c38d3e91383b0c4,exact_duplicate_same_label
31897d8f8ddc99ee,c00034_png_jpg,train,train,c00034_png_jpg.rf.470fd35c1ccbcfc798951af27985e0a1.jpg,49b711d66698a91215ed20da11c9c7a6e38a1af337105a7bfe8383a965a606a4,exact_duplicate_same_label
31897d8f8ddc99ee,c00034_png_jpg,train,train,c00034_png_jpg.rf.50d19c9241a887a2ec39500fb0b2a9cb.jpg,804962452e0c093e0534afe428f92a9085e30843d05cc60777616c6a4e58d532,exact_duplicate_same_label
31897d8f8ddc99ee,c00034_png_jpg,train,train,c00034_png_jpg.rf.8ea7077a3ab6bb370f9f189941dae3eb.jpg,804962452e0c093e0534afe428f92a9085e30843d05cc60777616c6a4e58d532,exact_duplicate_same_label
31897d8f8ddc99ee,c00034_png_jpg,train,train,c00034_png_jpg.rf.99e85fe79c4775177be29e0451dde19b.jpg,49b711d66698a91215ed20da11c9c7a6e38a1af337105a7bfe8383a965a606a4,exact_duplicate_same_label
31897d8f8ddc99ee,c00034_png_jpg,train,train,c00034_png_jpg.rf.b99f5c975330798d2b482738902e0b08.jpg,c688c247ec9c4f364fae0503d529ac04af0b88c09949e52e458791158843ab25,exact_duplicate_same_label
31897d8f8ddc99ee,c00034_png_jpg,valid,train,c00034_png_jpg.rf.b78867a2ba0c33ad5f1a6409665d8326.jpg,873674a652a87acc1ab11b4f52ec9cda5bd7b9e60878e468f1ed284ed9117641,extra_variant_or_near_duplicate_for_train_component
324e1e5df14a9334,bb0154_jpg,test,train,bb0154_jpg.rf.b760dcca18d1044291bf6922669f20e1.jpg,d51589a54fa00c29a0e3948b179a22469be81ac5618963cff84f29d2fca848f3,extra_variant_or_near_duplicate_for_train_component
324e1e5df14a9334,bb0154_jpg,test,train,bb0154_jpg.rf.e73d2896510a8aeadab0f688e710e7c8.jpg,3a602da7e933731fbdecaccf2e89ad881c8a9e8fb6ff067e306bedeb240c94f5,extra_variant_or_near_duplicate_for_train_component
32ebe6dd2f0f0cb2,M_00953_png_jpg,train,train,M_00953_png_jpg.rf.3ba36cf932bb3a9af8a8977a0379b212.jpg,1c104af246e865e4f95a73944014ee93d75fb7643d2567ba2be471af5121b6cf,extra_variant_or_near_duplicate_for_train_component
32ebe6dd2f0f0cb2,M_00953_png_jpg,train,train,M_00953_png_jpg.rf.de6c502a6e1449e343e80d97092b58ba.jpg,ad07b3a0447f90f08de949902cd36f591a5416e814e6be6ae18c7aef8a92b321,extra_variant_or_near_duplicate_for_train_component
3322cb708bb789f6,WIN_20220507_21_28_32_Pro_jpg,train,train,WIN_20220507_21_28_32_Pro_jpg.rf.33a30e2517c6f9a65725c64fa1088191.jpg,c4845c07504345dfe1d87c6a4566f6ea32e1ae141a2517b1e6e268bc6b745087,exact_duplicate_same_label
3322cb708bb789f6,WIN_20220507_21_28_32_Pro_jpg,valid,train,WIN_20220507_21_28_32_Pro_jpg.rf.3f4cf89eda5321fb16412b4867e01c1e.jpg,b1f77721cb69b5964fc24f2a411b444040afb144f0d680af8b2c830afdcb0aff,extra_variant_or_near_duplicate_for_train_component
3322cb708bb789f6,WIN_20220507_21_28_32_Pro_jpg,test,train,WIN_20220507_21_28_32_Pro_jpg.rf.30d207b831e9022e1af3d300bedc6b21.jpg,ac6166743a3af240f091ca3a1ce5d19c63f92b556d917bc475f3f56e66ade093,exact_duplicate_same_label
3322cb708bb789f6,WIN_20220507_21_28_32_Pro_jpg,test,train,WIN_20220507_21_28_32_Pro_jpg.rf.33a30e2517c6f9a65725c64fa1088191.jpg,c4845c07504345dfe1d87c6a4566f6ea32e1ae141a2517b1e6e268bc6b745087,exact_duplicate_same_label
33e0558a771a410a,bb0549_jpg,train,test,bb0549_jpg.rf.6307f23c61cb031f11e599827be781c8.jpg,09a4a05afa2a8078a7cc9e11144ec90830ed4ef778c9b6b43222aefed5d88bd7,exact_duplicate_same_label
33e0558a771a410a,bb0549_jpg,train,test,bb0549_jpg.rf.67d60d04b8a6bf13f5bc76b02971d155.jpg,02640a4fe99940bce074bbf9b9b651b42b915edcaca730c0d3658d2b21a6d7b3,exact_duplicate_same_label
33e0558a771a410a,bb0549_jpg,train,test,bb0549_jpg.rf.697d174a394fcf66aff8fead101a3a76.jpg,483ed308815c00b4bf1631bb66fd96e6ee819bd2a452fe057ceecc2bb7d35b01,exact_duplicate_same_label
33e0558a771a410a,bb0549_jpg,train,test,bb0549_jpg.rf.70dd68313584630ab5226f62da54cbe3.jpg,09a4a05afa2a8078a7cc9e11144ec90830ed4ef778c9b6b43222aefed5d88bd7,exact_duplicate_same_label
33e0558a771a410a,bb0549_jpg,train,test,bb0549_jpg.rf.d57db691d5ee0bc1de9f4d666f0371c4.jpg,02640a4fe99940bce074bbf9b9b651b42b915edcaca730c0d3658d2b21a6d7b3,exact_duplicate_same_label
343b62498ab883dc,WIN_20220507_21_27_11_Pro_jpg,valid,train,WIN_20220507_21_27_11_Pro_jpg.rf.6410b00ca65b1510c505a16c1db970c5.jpg,a34c9e9045f773dc639cebaef35a1fcdf78de3b0329c469aba6bd0fba9e5ee0d,extra_variant_or_near_duplicate_for_train_component
343b62498ab883dc,WIN_20220507_21_27_11_Pro_jpg,valid,train,WIN_20220507_21_27_11_Pro_jpg.rf.d91de75f54c530624957705e5769d05b.jpg,05bcdbe7856d4f3897c8c064a13edf320f47671050ddab019b22e029d87851e2,extra_variant_or_near_duplicate_for_train_component
348d0182679b9e0d,bb0070_jpg,valid,train,bb0070_jpg.rf.b5d90e599a5785fc38f25e9ac57ec09b.jpg,916a92ad8c3d19f3e1aa71d81032fe7c29f5f17894eab25b3d1f355dadce35c8,extra_variant_or_near_duplicate_for_train_component
348d0182679b9e0d,bb0070_jpg,valid,train,bb0070_jpg.rf.d993da0327b0060197c153d222965c95.jpg,dba1cb492827fe48593f21c5cce1c1f42d7009345a48e21328efd43c75abacf9,extra_variant_or_near_duplicate_for_train_component
360e2bedaf17b552,WIN_20220507_20_59_12_Pro_jpg,valid,test,WIN_20220507_20_59_12_Pro_jpg.rf.df8bd6a115eb9fe9f75457cf8d5ce59a.jpg,8a1ef63a72f4f270d9936a8b2da223f7717a15d77edc2e48d216cda760887936,extra_variant_or_near_duplicate_for_test_component
360e2bedaf17b552,WIN_20220507_20_59_12_Pro_jpg,train,test,WIN_20220507_20_59_12_Pro_jpg.rf.cc2d07971b517338328bde26d4678197.jpg,66939efa825f21530102aed5f6b1b56b0937d2873ea7e253e74e19ee5b269daa,extra_variant_or_near_duplicate_for_test_component
362c411e9a8cd63e,IMG_5094,train,test,IMG_5094.JPG,936f4c5fbfc2bf2fe5010ffaa14483437e7637f013a8f9b8bb52c1d77166c1ba,extra_variant_or_near_duplicate_for_test_component
37332fa92616549f,c00058_jpg,train,train,c00058_jpg.rf.b71fde348033bba7e1e6ba7aa3409dc4.jpg,372139483cfc117c1d4dd9c232bf39f239b9420e49cc353929cd37c8fa703211,exact_duplicate_same_label
37332fa92616549f,c00058_jpg,valid,train,c00058_jpg.rf.9840703a6113dc105ac4738beb8c23dd.jpg,db55ea9843ee29e18eb86a13cc65562998d96f8b74dddf7c656e48e13e6d0c1a,extra_variant_or_near_duplicate_for_train_component
37332fa92616549f,c00058_jpg,test,train,c00058_jpg.rf.fe3e871d1627ac89cc7e3fd4d0293854.jpg,e259b26f5a4d8ccaedeee97172cb35b120e49553b80a5c75a77558810f730766,extra_variant_or_near_duplicate_for_train_component
37332fa92616549f,c00058_jpg,train,train,c00058_jpg.rf.56a7904be5e2c1f88746c2772fb93cc3.jpg,f63177bebeb92bfe6abab4b45aa75d6ec68af9aed534b7898b751395f514145a,exact_duplicate_same_label
37332fa92616549f,c00058_jpg,train,train,c00058_jpg.rf.5b633addbb27cd59ca80b62b9f407359.jpg,f63177bebeb92bfe6abab4b45aa75d6ec68af9aed534b7898b751395f514145a,exact_duplicate_same_label
37332fa92616549f,c00058_jpg,train,train,c00058_jpg.rf.8ce2302c61254b237971377bd66416d9.jpg,04e6ce3d8ec6b9322bcc6ccb4d4c376faa8f810dbcc60b284edbd8a53eeab9c4,exact_duplicate_same_label
37332fa92616549f,c00058_jpg,train,train,c00058_jpg.rf.bd53635a2580646cc5cf5f6413454be3.jpg,04e6ce3d8ec6b9322bcc6ccb4d4c376faa8f810dbcc60b284edbd8a53eeab9c4,exact_duplicate_same_label
37332fa92616549f,c00058_jpg,test,train,c00058_jpg.rf.854d59bb573a062e78a8800322f9ef6f.jpg,775f9cf7a192447afa17be3407e875883b10733ddb3ea829a05486d5548ed887,extra_variant_or_near_duplicate_for_train_component
376329802ed1afb2,000066_jpg,train,valid,000066_jpg.rf.3a4f3cf898762e45855bcca9fc86a849.jpg,65b209446973890b941a0aefb3cb4d9469250f6bb530be8ee71ec38f056a1ddc,exact_duplicate_same_label
376329802ed1afb2,000066_jpg,train,valid,000066_jpg.rf.547899b4740f8c3af3f0753a8dd18011.jpg,e06697facc34ddc1548c19a9389ac982adb97fd044ce489aaff4018eb94d703b,exact_duplicate_same_label
376329802ed1afb2,000066_jpg,train,valid,000066_jpg.rf.629ba177c0cd2cfeeedcd67816ebe054.jpg,6adecbc11d9c1bcdcd0689390bba4d297b0b03032a9deda067f4d271e7b13f2f,exact_duplicate_same_label
376329802ed1afb2,000066_jpg,train,valid,000066_jpg.rf.b2148030bb5e1ef6e78026530e045f49.jpg,e06697facc34ddc1548c19a9389ac982adb97fd044ce489aaff4018eb94d703b,exact_duplicate_same_label
376329802ed1afb2,000066_jpg,train,valid,000066_jpg.rf.b34dca0378f31d2b23be00bee747a091.jpg,8fcff82852df1df8244b104384a9ed013363efd3928e6dbad5e25e94f407eadf,extra_variant_or_near_duplicate_for_valid_component
376329802ed1afb2,000066_jpg,train,valid,000066_jpg.rf.c625cdc82697adb4f3d127ef27def9eb.jpg,3324feb861c861e9a2a57e354ecb5d715afbd23cdd5e54360ee642d019fdc74f,extra_variant_or_near_duplicate_for_valid_component
376329802ed1afb2,000066_jpg,train,valid,000066_jpg.rf.f87f51955b17049d3911b5b98ccca3c8.jpg,65b209446973890b941a0aefb3cb4d9469250f6bb530be8ee71ec38f056a1ddc,exact_duplicate_same_label
376329802ed1afb2,000066_jpg,train,valid,000066_jpg.rf.f8a7f14af071d1e1b5054a7bd0b48b8b.jpg,b405a74e29cf2a31420d6b61414e1486924f71c338052d15527667b912e96b18,extra_variant_or_near_duplicate_for_valid_component
38dbd06e162bbb12,1697100070801_JPEG_jpg,train,train,1697100070801_JPEG_jpg.rf.2917bd4ed41be43c9628c3f786ebc2c8.jpg,16775c5588f1ab7543b5b5462d678993a37c67f48b0c3c9388b24d6830a8aaa8,extra_variant_or_near_duplicate_for_train_component
38dbd06e162bbb12,1697100070801_JPEG_jpg,train,train,1697100070801_JPEG_jpg.rf.60d1232be1b80f7e90f613ce1f4c08f5.jpg,b5a16d8f9eff32e0119b160a0e01cec1b40766ed17289438c7f90992e01b740a,extra_variant_or_near_duplicate_for_train_component
38dbd06e162bbb12,1697100070801_JPEG_jpg,train,train,1697100070801_JPEG_jpg.rf.6bffe02f40716baedf4a051ef51cf2ab.jpg,49cbd3b4fc1da2a39106a8be1e71cebca18b262014fbd389afbd8bc0f950cb86,extra_variant_or_near_duplicate_for_train_component
38dbd06e162bbb12,1697100070801_JPEG_jpg,train,train,1697100070801_JPEG_jpg.rf.708de8e670cd975f283b0a28dd9a6149.jpg,91421bf30e9d27f6492e80f7c421f7faa0c24b1a99129504505c452c2aea6d7d,extra_variant_or_near_duplicate_for_train_component
38dbd06e162bbb12,1697100070801_JPEG_jpg,train,train,1697100070801_JPEG_jpg.rf.8c9b97b8be1f890634d1c5a4f62aaec1.jpg,d3ffa0e57fb8503dda2abb669b68a3dca65120722eebad43c8777a33eb184879,extra_variant_or_near_duplicate_for_train_component
38dbd06e162bbb12,1697100070801_JPEG_jpg,train,train,1697100070801_JPEG_jpg.rf.9d89b13ddd184f90e47feac0962e9546.jpg,ad748cbf45f41c32b19e8e7706aa8862a5a928e5f0d7b838b16aaacdc82ffd9d,extra_variant_or_near_duplicate_for_train_component
38dbd06e162bbb12,1697100070801_JPEG_jpg,train,train,1697100070801_JPEG_jpg.rf.ea4e825546bc905f43e816f8ea5f3e43.jpg,1088b0899bc249e33005a13d0dc7f66ee82bef8972446ebc41c2270835ebe942,extra_variant_or_near_duplicate_for_train_component
38dbd06e162bbb12,1697100070801_JPEG_jpg,valid,train,1697100070801_JPEG_jpg.rf.5072a83948adc097af14d0f24432d529.jpg,c0fa1fb9cdcb77444003dc84dd4983778b07d0cac838f7dfbc035ccdfdd89e46,extra_variant_or_near_duplicate_for_train_component
38f53515c1601092,000019_jpeg_jpg,train,train,000019_jpeg_jpg.rf.4f8399cb85d63429ac01a3be582a293b.jpg,bbc1a147078aeb708368dba219b7b3b990cba7b50081f572c2a55ef27686c401,exact_duplicate_same_label
38f53515c1601092,000019_jpeg_jpg,train,train,000019_jpeg_jpg.rf.59ada8d4ae3c3f2d23772e7bdb79606e.jpg,bbc1a147078aeb708368dba219b7b3b990cba7b50081f572c2a55ef27686c401,exact_duplicate_same_label
38f53515c1601092,000019_jpeg_jpg,train,train,000019_jpeg_jpg.rf.deeb970ddbf4f368557cbcf38dd58dd1.jpg,a2e0444e8b233befae9de887691ceb70b722ff22e0c10db54cbc069727b02b79,exact_duplicate_same_label
38f53515c1601092,000019_jpeg_jpg,test,train,000019_jpeg_jpg.rf.d13b6ae1c756fb0b3927c79758845855.jpg,c3f133f52f71324fe5cf2c82888d6a0bcb6670a9fcac83a0b6b2f0b50ea16a02,extra_variant_or_near_duplicate_for_train_component
38f68fb302ecb9bb,1697099897579_JPEG_jpg,train,valid,1697099897579_JPEG_jpg.rf.470a2297af247aa7138ed6715a9e2a0b.jpg,316c145ee457f90affb74407870fe8cf6210594fcab75cba46df91041439f1ce,extra_variant_or_near_duplicate_for_valid_component
38f68fb302ecb9bb,1697099897579_JPEG_jpg,train,valid,1697099897579_JPEG_jpg.rf.4db2ee4db480eaef9e11c2542a1f94ae.jpg,8f53a7f89a497e9c67a09080420cde9934c9ff02b2f29b597c0c017c3add00b4,extra_variant_or_near_duplicate_for_valid_component
38f68fb302ecb9bb,1697099897579_JPEG_jpg,train,valid,1697099897579_JPEG_jpg.rf.8102143c0455249701b829b5ce14fa9a.jpg,44726910435e6f99076c4d85aa12bb4e8e1c118c6dfea7f5dec2d3b6fc4b1982,extra_variant_or_near_duplicate_for_valid_component
38f68fb302ecb9bb,1697099897579_JPEG_jpg,train,valid,1697099897579_JPEG_jpg.rf.8740936b425a3dba12780cb93ec7072b.jpg,b59168a562ff374c0e3a7738ea1bb281ab33585e0d02b34fe81f275d0bf8435e,extra_variant_or_near_duplicate_for_valid_component
38f68fb302ecb9bb,1697099897579_JPEG_jpg,train,valid,1697099897579_JPEG_jpg.rf.a8bf95fbf40db6ecaa554a143335f695.jpg,f63d450d8f921f65b0a0b236713491705748cf95983f0f30366c4447269c5ccd,extra_variant_or_near_duplicate_for_valid_component
38f68fb302ecb9bb,1697099897579_JPEG_jpg,train,valid,1697099897579_JPEG_jpg.rf.c221e21c3110be6a70799877f2d07050.jpg,e5813b12841dd4a0bde333b8a7d1ae93791be821651ef82fbc9cee5d7b5a7ef6,extra_variant_or_near_duplicate_for_valid_component
38f68fb302ecb9bb,1697099897579_JPEG_jpg,train,valid,1697099897579_JPEG_jpg.rf.dec29e50b5230057d02901cf4b09aa87.jpg,e8a0f7a25a7ab5103bef1635a6cabd78a0e8a02905c7c7b5084a03857c518d61,extra_variant_or_near_duplicate_for_valid_component
38f68fb302ecb9bb,1697099897579_JPEG_jpg,train,valid,1697099897579_JPEG_jpg.rf.ebbd23554c27a137c4ab622be57e21d6.jpg,8b203c3b17afcbc1f1ecc4f575a60421e7040a2f98d514a7bc77351b186f6a14,extra_variant_or_near_duplicate_for_valid_component
38fa7994e0e2ec78,IMG_4551_jpg,train,train,IMG_4551_jpg.rf.af1d566b53fc37515615b05f089edb46.jpg,229c685030302a8001ccd41d60b3fbdeb5ff283e676b30c4387fcb96700d9229,extra_variant_or_near_duplicate_for_train_component
38fa7994e0e2ec78,IMG_4551_jpg,train,train,IMG_4551_jpg.rf.fac89cdf55a17ddd5d0d6bf17296ac8f.jpg,7ee7af9780923f1f140ca6ca0cd06bc777cee0543537b3e1ba1af015452072f4,extra_variant_or_near_duplicate_for_train_component
3923701fb220855a,WIN_20220507_21_27_20_Pro_jpg,train,train,WIN_20220507_21_27_20_Pro_jpg.rf.a5f4a2d75778aa2750afa12aeaa750cc.jpg,298845a6b4f60dfb1ae253615d50fd61a28056b1f8e9aca9508618e78a5798fc,exact_duplicate_same_label
3923701fb220855a,WIN_20220507_21_27_20_Pro_jpg,valid,train,WIN_20220507_21_27_20_Pro_jpg.rf.d7b433d8ca4e3a942ddeb6eeb7017332.jpg,6f327c8326fc07f151ae3aba9c6a15f4f52ed382a6d908f7b2584d3f4fd7ff2b,extra_variant_or_near_duplicate_for_train_component
3923701fb220855a,WIN_20220507_21_27_20_Pro_jpg,test,train,WIN_20220507_21_27_20_Pro_jpg.rf.a5f4a2d75778aa2750afa12aeaa750cc.jpg,298845a6b4f60dfb1ae253615d50fd61a28056b1f8e9aca9508618e78a5798fc,exact_duplicate_same_label
395123b63853184e,M_00948_png_jpg,train,train,M_00948_png_jpg.rf.30984d51ebed25b7fa6dae2af3b858f4.jpg,c853dab2cf9f8369c9b487888454025bc703374a80294a2ce05ea09e27eeab25,extra_variant_or_near_duplicate_for_train_component
395123b63853184e,M_00948_png_jpg,train,train,M_00948_png_jpg.rf.88f6f0d5c4586b9cd34f46b3f1c9deee.jpg,8ccb39d18464fe30c12f20040968bf72fc0326263a73cc89512b7ce00a3e0134,extra_variant_or_near_duplicate_for_train_component
395123b63853184e,M_00948_png_jpg,train,train,M_00948_png_jpg.rf.bacc6cd00f0538d1f71fec732f2f7ff7.jpg,4dade90b9acefd02ad22f408ca6b14f0682c38462de7d98ac639d09ba35ce132,extra_variant_or_near_duplicate_for_train_component
395123b63853184e,M_00948_png_jpg,train,train,M_00948_png_jpg.rf.e1c43bf3ea173ff3894fab318641b3a2.jpg,cd94578240afb101749d79ce264a9b4ee82a8d966f8450b31c0c56197ae08fbe,extra_variant_or_near_duplicate_for_train_component
395123b63853184e,M_00948_png_jpg,train,train,M_00948_png_jpg.rf.ec9a8fd822332ad7516cc1da87089200.jpg,ce4c61ded4daf56f888d9341af21fec3b53d286251497c665524310841707628,extra_variant_or_near_duplicate_for_train_component
39af8ecef6354b7a,IMG_4340_jpg,train,train,IMG_4340_jpg.rf.4994da9516aecdf4bef32c037ff6ece2.jpg,3f955dffd3ec85080755b31dcabe5994bded464cf462fc0a94f605b4fe2f7402,extra_variant_or_near_duplicate_for_train_component
39af8ecef6354b7a,IMG_4340_jpg,train,train,IMG_4340_jpg.rf.9503b237ec64daa7f1d66f01c5aa2693.jpg,21429e27ccb26bc1a933177c5b7b50bc5a9a1cd50f36f071723402de9008b163,extra_variant_or_near_duplicate_for_train_component
39af8ecef6354b7a,IMG_4341_jpg,train,train,IMG_4341_jpg.rf.3bc3607542982996ea6281ac48aa810c.jpg,c69e4c35706cb835c53f88ebc96e828678da3b357a8c6195b346bf7d005eed5e,extra_variant_or_near_duplicate_for_train_component
39af8ecef6354b7a,IMG_4341_jpg,train,train,IMG_4341_jpg.rf.7b9a05cfd0fa0ac3764fa726a6841b9f.jpg,60ac9538ca137a6f34a0314800fd7dc45cd8b83c9f2f4b57d1f535bee0842efe,extra_variant_or_near_duplicate_for_train_component
39af8ecef6354b7a,IMG_4341_jpg,train,train,IMG_4341_jpg.rf.ec21d5c127544485de7db944b786932b.jpg,92c1d932b81b7f4b30e86faba8122a1ec9abf345817727daf6f63de466c79374,extra_variant_or_near_duplicate_for_train_component
39cffce80b0a783d,bb0073_jpg,train,train,bb0073_jpg.rf.599ac942b17d4fd567ceebc160267856.jpg,5e7db6df405be1455733fc0564593f27baa5f5bed1f52900f25a371edcc9a21f,exact_duplicate_same_label
39cffce80b0a783d,bb0073_jpg,train,train,bb0073_jpg.rf.62c9582e46b108ce93a99975363db2a0.jpg,93f1cf1b6e0a360cc0e2b5c37ccf27108a2393ac36482306e13839d8a8216aa3,exact_duplicate_same_label
39cffce80b0a783d,bb0073_jpg,train,train,bb0073_jpg.rf.b609abdd06d5fd3b1d7d45d517127717.jpg,93f1cf1b6e0a360cc0e2b5c37ccf27108a2393ac36482306e13839d8a8216aa3,exact_duplicate_same_label
39cffce80b0a783d,bb0073_jpg,train,train,bb0073_jpg.rf.dd91ce8507b966392859fe26a47c4cde.jpg,d9b6c63c7682e27973d18068e2accdc91d799c7c772e8bee8aff64d567b7bc8c,exact_duplicate_same_label
39cffce80b0a783d,bb0073_jpg,train,train,bb0073_jpg.rf.dde2e79ea6066361c9688ec26c10d41c.jpg,5e7db6df405be1455733fc0564593f27baa5f5bed1f52900f25a371edcc9a21f,exact_duplicate_same_label
39cffce80b0a783d,bb0073_jpg,valid,train,bb0073_jpg.rf.d64a6f283626ee9e3a69b191d414e774.jpg,aaff810b2ef6e08dde517123842fc61c34250a282a6457e230b9b0bd965aa8df,extra_variant_or_near_duplicate_for_train_component
39cffce80b0a783d,bb0073_jpg,valid,train,bb0073_jpg.rf.de803e4b4c27d6bfde0415593e62a11b.jpg,0ae6d638b0b9ee1bf00e724851e23ea78f6436df348a0bd71d0518183304cc7b,extra_variant_or_near_duplicate_for_train_component
39ec64cc199a74fb,000324_jpg,train,train,000324_jpg.rf.6a442d9b47f72fc1c2ec16ecccb032a7.jpg,610f916b28d5d2b341292c86d549b1ef1922b1a7e4abea7069311d78ebee546e,exact_duplicate_same_label
39ec64cc199a74fb,000324_jpg,train,train,000324_jpg.rf.7cd4f2e19e454ffa45152a7b353878d5.jpg,d2588ffbe1ef7a1c5ebaf2823477f2341d70114f8c96a11d23bf2cb7c92adbbb,exact_duplicate_same_label
39ec64cc199a74fb,000324_jpg,train,train,000324_jpg.rf.b234255891410b469a2e0e5dfe82f8d5.jpg,8bff9f1ac81cf1f144fdedc0e2833356b62efba545e602376dd09d4229780898,exact_duplicate_same_label
39ec64cc199a74fb,000324_jpg,train,train,000324_jpg.rf.b4f373384872f0c2b1a85ec7f9b6975d.jpg,8bff9f1ac81cf1f144fdedc0e2833356b62efba545e602376dd09d4229780898,exact_duplicate_same_label
39ec64cc199a74fb,000324_jpg,train,train,000324_jpg.rf.e3e1719479a073bfee3e8337b9533369.jpg,d2588ffbe1ef7a1c5ebaf2823477f2341d70114f8c96a11d23bf2cb7c92adbbb,exact_duplicate_same_label
3a0553086b46aaca,images-38-_jpg,train,test,images-38-_jpg.rf.384743fe74e2a3a5f4403b5208b91cbe.jpg,cdf7e1da51e181b25f677668b3ad2df158676f541fff250ebf0043c080de5d95,extra_variant_or_near_duplicate_for_test_component
3a0553086b46aaca,images-38-_jpg,train,test,images-38-_jpg.rf.40a2bce2ccc5ab5f1aec0196c83e68ba.jpg,b6dd796cecb0b17d3699a2562353c97de4a5457ae729eae0218ac2833cd73118,extra_variant_or_near_duplicate_for_test_component
3a302637e001684e,b00298_jpg,train,train,b00298_jpg.rf.9c5452d61d082a63727355f6694b6ade.jpg,042ccdd8dc9b6bd02b8df65990951be4e513a7709ccada2ba8269e88652acf2b,exact_duplicate_same_label
3a302637e001684e,b00298_jpg,train,train,b00298_jpg.rf.a38587ec605c8825d9cd5f6e241c9e03.jpg,042ccdd8dc9b6bd02b8df65990951be4e513a7709ccada2ba8269e88652acf2b,exact_duplicate_same_label
3a302637e001684e,b00298_jpg,train,train,b00298_jpg.rf.c9cc9889a030ac191c8aaf3aa27e1223.jpg,5645653ca85ab6fedcd68516739bef2e68672746f563e7258769a02aae4ceb1b,exact_duplicate_same_label
3a302637e001684e,b00298_jpg,train,train,b00298_jpg.rf.f74d2262a615cac728ec56c1d3714bcb.jpg,5645653ca85ab6fedcd68516739bef2e68672746f563e7258769a02aae4ceb1b,exact_duplicate_same_label
3a302637e001684e,b00298_jpg,train,train,b00298_jpg.rf.fb9382d393685a1e5772c5d4330ce183.jpg,040f727799bf40ce64bdeb677e71ff7284edaee43503bddc3b1304dba211f02c,exact_duplicate_same_label
3a48c55780a80f87,1697100045201_JPEG_jpg,train,test,1697100045201_JPEG_jpg.rf.521254889bf7296131afceb0373a34f8.jpg,966bc30ec6a5a33e37c495bde0e2276b8f7fbf19f231cd6965d12b239ab8d3a7,extra_variant_or_near_duplicate_for_test_component
3a48c55780a80f87,1697100045201_JPEG_jpg,train,test,1697100045201_JPEG_jpg.rf.5a5d970f7defd204a0bc6b3661b73e2a.jpg,2a01b0e974e6bf4fe0309eeccae1f16fc93f1560a93b95b4ed5095e5289cf70d,extra_variant_or_near_duplicate_for_test_component
3a48c55780a80f87,1697100045201_JPEG_jpg,train,test,1697100045201_JPEG_jpg.rf.6382100b954cdae4c78b9ad9ad5a1fe3.jpg,4a5825977ccf730524bba5c2d0585a298f4d01e8fc0577442f7bf20c74f0baf9,extra_variant_or_near_duplicate_for_test_component
3a48c55780a80f87,1697100045201_JPEG_jpg,train,test,1697100045201_JPEG_jpg.rf.69a9199f47da757f08dd620f5f5e3559.jpg,4abc7aed1156062a59f54a92fa2ae99f62eaba6f54520abf316ceeec49d6a5c0,extra_variant_or_near_duplicate_for_test_component
3a48c55780a80f87,1697100045201_JPEG_jpg,train,test,1697100045201_JPEG_jpg.rf.90658f0d16b1aa9259142218f3576b2e.jpg,3d318968e57461d07db887d4f44c2c935bc7d4fecbb4d21de7cf687ea23c1171,extra_variant_or_near_duplicate_for_test_component
3a48c55780a80f87,1697100045201_JPEG_jpg,train,test,1697100045201_JPEG_jpg.rf.9fe59d300f14f6c6a29e4f675d4ebef4.jpg,d22e5bdbb1868d0d0239e5c040d0981b910cd29149d987477bcf25576e8d955f,extra_variant_or_near_duplicate_for_test_component
3a48c55780a80f87,1697100045201_JPEG_jpg,train,test,1697100045201_JPEG_jpg.rf.a65c6f0ca0299387bc766a52bb5ff0b5.jpg,01464b2209f58e73d95f3063d5bab813c683beca5cec7b88c88eaf58a5ad2503,extra_variant_or_near_duplicate_for_test_component
3a48c55780a80f87,1697100045201_JPEG_jpg,train,test,1697100045201_JPEG_jpg.rf.b2b6f4141766174de11ea77077ad5748.jpg,372a088792daf6ba8099bba1cb729eec9cce7e731fea3aecd5bc45bcd5603d03,extra_variant_or_near_duplicate_for_test_component
3aa20d5c5606ae91,c00111_jpg,train,train,c00111_jpg.rf.599f7f796227cf37e30ab320baeb20ca.jpg,268f89ed94f28fcb7b6668d1dba525bc879a0c0f4cbc6b07fa4f20960ead4434,exact_duplicate_same_label
3aa20d5c5606ae91,c00111_jpg,train,train,c00111_jpg.rf.b5fba8d800fc0787c524a78e5ebc2b78.jpg,02f9014273284905ee8652b1a19709440ed5e867c6d5eb0e4fde174221ce2976,exact_duplicate_same_label
3aa20d5c5606ae91,c00111_jpg,train,train,c00111_jpg.rf.bd5afb28fdd262482db8bb9393f02fc5.jpg,7ae631aa2724091b5c8024a9554fec52cbc8d68453c140ba250f8ee94122554f,exact_duplicate_same_label
3aa20d5c5606ae91,c00111_jpg,train,train,c00111_jpg.rf.bf4d9b802782d43720f63152d905196d.jpg,7ae631aa2724091b5c8024a9554fec52cbc8d68453c140ba250f8ee94122554f,exact_duplicate_same_label
3aa20d5c5606ae91,c00111_jpg,train,train,c00111_jpg.rf.c30a46728fd75e2f64a74f6d4217139f.jpg,95eeeec6340b173dd99867c36e98f31cb972448fdab42610f8f1752787ef4782,exact_duplicate_same_label
3aa20d5c5606ae91,c00111_jpg,train,train,c00111_jpg.rf.cb001ca6a6a5a5a62364019293166db7.jpg,268f89ed94f28fcb7b6668d1dba525bc879a0c0f4cbc6b07fa4f20960ead4434,exact_duplicate_same_label
3aa20d5c5606ae91,c00111_jpg,train,train,c00111_jpg.rf.f61764630459b6b2fb301e17c79d9d0f.jpg,02f9014273284905ee8652b1a19709440ed5e867c6d5eb0e4fde174221ce2976,exact_duplicate_same_label
3aa20d5c5606ae91,c00111_jpg,valid,train,c00111_jpg.rf.1b794c0784bd7550e0ffeceb2b2471e0.jpg,32bf75d094e7e313ba60cc1b3408c2e0ced1c83db5078dbc4e0dc3041aef62f0,extra_variant_or_near_duplicate_for_train_component
3aa20d5c5606ae91,c00111_jpg,valid,train,c00111_jpg.rf.c90ad831d6ff024f19a289c330edc8ad.jpg,df474518095a828ed4899fbb0a2039ed7d2e4e570aa6e3230a31aefd5ba2a98a,extra_variant_or_near_duplicate_for_train_component
3b462a6676e37277,1697099897263_JPEG_jpg,valid,test,1697099897263_JPEG_jpg.rf.39f6507a8e13de2729209bc67c08a8d3.jpg,56584d509b90668849e22ee5f110dd19c3c50acb4a4a5b69fb1fe4c4aeb6772e,extra_variant_or_near_duplicate_for_test_component
3b462a6676e37277,1697099897263_JPEG_jpg,valid,test,1697099897263_JPEG_jpg.rf.3a12d7a957a6b0238f45fdf34e3e4ff4.jpg,8e4ca1a531939d9f775689ef34fad9b08863138ab65b8f2e4bddf35be352b0ad,extra_variant_or_near_duplicate_for_test_component
3b462a6676e37277,1697099897263_JPEG_jpg,valid,test,1697099897263_JPEG_jpg.rf.b71d9eddec4acfd6ef7916a7452f8832.jpg,66c31950d218d5795859a7e3397635af32eedcf7d93e45a11b7446ce7a40b83e,extra_variant_or_near_duplicate_for_test_component
3b462a6676e37277,1697099897263_JPEG_jpg,train,test,1697099897263_JPEG_jpg.rf.162315762af67d070dee7001fa175f8c.jpg,a23ea7885bde2e71ee383b82bb1fc8b774ffe315c698688116c0dca6d1a79fd7,extra_variant_or_near_duplicate_for_test_component
3b462a6676e37277,1697099897263_JPEG_jpg,train,test,1697099897263_JPEG_jpg.rf.431eba2c0d050b72fde81d3d7f772376.jpg,c05e534d3ed01abd935139f74d3e4ca877ff5913cb64dac2cd4829b3c08cd3a0,extra_variant_or_near_duplicate_for_test_component
3b462a6676e37277,1697099897263_JPEG_jpg,train,test,1697099897263_JPEG_jpg.rf.aa93a8c041cf231551c58ce5ae23940d.jpg,280c5969bc8ea262b137095292eef7a96dcbdcbbe9ddf4cbb2751441cda4b526,extra_variant_or_near_duplicate_for_test_component
3b462a6676e37277,1697099897263_JPEG_jpg,train,test,1697099897263_JPEG_jpg.rf.ddeb1c27286bb270b88c9cba0a46f6d6.jpg,5421970384406d50eb671c0f6cf3dc791d7245716fa2f69a2affd368a8a9cdab,extra_variant_or_near_duplicate_for_test_component
3b462a6676e37277,1697099897263_JPEG_jpg,train,test,1697099897263_JPEG_jpg.rf.e482a0e3a33a1459d59137e83b60433d.jpg,59a1f32c490d9a94e60416bf587437c9a0904a3e37107fc49428a7d1bf4a4d61,extra_variant_or_near_duplicate_for_test_component
3bfe850bb45425b5,WIN_20220507_21_28_36_Pro_jpg,valid,train,WIN_20220507_21_28_36_Pro_jpg.rf.3873074c5db1dab0b06dd1d27c7293d9.jpg,bb55dd29d11a414b724439882c30d0804588e1a315577cc7843183eb47f450ae,extra_variant_or_near_duplicate_for_train_component
3bfe850bb45425b5,WIN_20220507_21_28_36_Pro_jpg,valid,train,WIN_20220507_21_28_36_Pro_jpg.rf.f61b2bc75d86c6233e6233ef106dd11e.jpg,91840096760360f0ffe8195945121ba93d9bacbc7605011a1c25418b0a8df3f8,extra_variant_or_near_duplicate_for_train_component
3c214e53bdf440fd,imsaages_jpg,test,valid,imsaages_jpg.rf.1d5d322fcc7882189e240b87ba2bf980.jpg,29de735693e97b75f37864a04aa0e90c4ae956415ffd77453135af0fc6d8ce64,exact_duplicate_same_label
3c214e53bdf440fd,imsaages_jpg,test,valid,imsaages_jpg.rf.cb11a0caf0e9b79af8615dc1e839a6de.jpg,471a8951cd02fb18890f8d12a193a0514a6dd577c34a3e4384fa1555d69c9290,exact_duplicate_same_label
3c214e53bdf440fd,imsaages_jpg,train,valid,imsaages_jpg.rf.1d5d322fcc7882189e240b87ba2bf980.jpg,29de735693e97b75f37864a04aa0e90c4ae956415ffd77453135af0fc6d8ce64,exact_duplicate_same_label
3c214e53bdf440fd,imsaages_jpg,train,valid,imsaages_jpg.rf.cb11a0caf0e9b79af8615dc1e839a6de.jpg,471a8951cd02fb18890f8d12a193a0514a6dd577c34a3e4384fa1555d69c9290,exact_duplicate_same_label
3c42f30dabf8886b,images-31-_jpg,train,train,images-31-_jpg.rf.21b4310f1876bcf276d92cd4df143f07.jpg,3cb6ed70629892c745f09a49c01e9229a570b929b20a5298c2dd14b799cf0f22,extra_variant_or_near_duplicate_for_train_component
3c42f30dabf8886b,images-31-_jpg,train,train,images-31-_jpg.rf.728529131768c251c0cf6035b13a78d0.jpg,959a88a726e1c84221c872f51be751b5b02c5f8490c0b1fb2eda5231129febda,extra_variant_or_near_duplicate_for_train_component
3c88ac6f68ee778e,WIN_20220507_23_10_31_Pro_jpg,train,train,WIN_20220507_23_10_31_Pro_jpg.rf.5df74c180bf8b7eca8dd0c931d54b5f6.jpg,6dd2c44cb7ac6a7d0d0ad32ad0402c5addd27222f755e5b9289bcdd8843c2244,extra_variant_or_near_duplicate_for_train_component
3c88ac6f68ee778e,WIN_20220507_23_10_31_Pro_jpg,train,train,WIN_20220507_23_10_31_Pro_jpg.rf.ae937c99ea9beb71ea6a6413f78aa42d.jpg,712e03abfe0464ffe165a4ee936324a8d38b1ead8b46c33b7f57e1b2ff4f9614,extra_variant_or_near_duplicate_for_train_component
3c88ac6f68ee778e,WIN_20220507_23_10_31_Pro_jpg,test,train,WIN_20220507_23_10_31_Pro_jpg.rf.322dbd9220b9b25f5c95aa088c742cb4.jpg,ab6f967b7de3bebd38c5551202b8852b35339be691724f54555b82bba73f688f,exact_duplicate_same_label
3cd099e5a686e7e0,gg0162_jpg,train,train,gg0162_jpg.rf.67c0809e3880d9e0c412130bec940f07.jpg,e3f15ca8a963a295950775f3eddd7f2639705d7aff5a72ebd32a4ba2ba1c5e63,exact_duplicate_same_label
3cd099e5a686e7e0,gg0162_jpg,train,train,gg0162_jpg.rf.a57347294a82180aa1c4f846511830be.jpg,aeab5f214a7ead4ac2460894f3ca3bd69362fe713327a6dfee1209db3f9488cb,exact_duplicate_same_label
3cd099e5a686e7e0,gg0162_jpg,train,train,gg0162_jpg.rf.b81eea5385f950c6214f402283b3b81e.jpg,aeab5f214a7ead4ac2460894f3ca3bd69362fe713327a6dfee1209db3f9488cb,exact_duplicate_same_label
3cd099e5a686e7e0,gg0162_jpg,train,train,gg0162_jpg.rf.c26a5dc19c5c6294f93f60042ae488e2.jpg,e1671fc76430c17afc772f645a9c23c6665603dc349240028d908687f5638a24,exact_duplicate_same_label
3cd099e5a686e7e0,gg0162_jpg,train,train,gg0162_jpg.rf.cf4383c83c2747588f9f358685237dfa.jpg,e3f15ca8a963a295950775f3eddd7f2639705d7aff5a72ebd32a4ba2ba1c5e63,exact_duplicate_same_label
3cd099e5a686e7e0,gg0162_jpg,train,train,gg0162_jpg.rf.1c0933b9647b82382e228b5792b6c283.jpg,9fea1392d80ad94223eab6e8607fb287a0a990fdd7745672dca27c0c9d8d3b90,exact_duplicate_same_label
3cd099e5a686e7e0,gg0162_jpg,train,train,gg0162_jpg.rf.696550517589f2552d78cce4f4614999.jpg,cc4eae340f854a5140ab81c1f9c8d43414c0b9a0e9814e7559deff89d12793fd,exact_duplicate_same_label
3cd099e5a686e7e0,gg0162_jpg,train,train,gg0162_jpg.rf.e894aad6167b03b94b20e92deb1e98a7.jpg,9fea1392d80ad94223eab6e8607fb287a0a990fdd7745672dca27c0c9d8d3b90,exact_duplicate_same_label
3cd099e5a686e7e0,gg0162_jpg,train,train,gg0162_jpg.rf.f4b518ff1c8c404a83aafe85ff13a2c6.jpg,cc4eae340f854a5140ab81c1f9c8d43414c0b9a0e9814e7559deff89d12793fd,exact_duplicate_same_label
3cd099e5a686e7e0,gg0162_jpg,valid,train,gg0162_jpg.rf.341c3306afbf427ec0339fd22cc2878e.jpg,565182260832e5807fadf9e1711c4c33734f6df3433ff0dca967defdbf1f48b0,extra_variant_or_near_duplicate_for_train_component
3cd5ac7cee340b4f,c00029_jpg,valid,valid,c00029_jpg.rf.c798491541d3485aa0b763d68da15719.jpg,de023c891ee8453387d561001fd33a728ab103126aff526b9ab51a5335200b45,extra_variant_or_near_duplicate_for_valid_component
3cd5ac7cee340b4f,c00029_jpg,train,valid,c00029_jpg.rf.072f1e9b0396a56dce86cae781792bdb.jpg,5e54390b1931a49dff057f1b18ad692581171001e5eee5942a40192b84fc76fe,exact_duplicate_same_label
3cd5ac7cee340b4f,c00029_jpg,train,valid,c00029_jpg.rf.55530b90d6a464ceb4823e910a53bbe1.jpg,5e54390b1931a49dff057f1b18ad692581171001e5eee5942a40192b84fc76fe,exact_duplicate_same_label
3cd5ac7cee340b4f,c00029_jpg,train,valid,c00029_jpg.rf.a3c4b40b0d3f681f5b792a3d65a95e52.jpg,6a10dee730778a662c0b51b46612000514ea937a0574f08dcb822525186482ba,exact_duplicate_same_label
3cd5ac7cee340b4f,c00029_jpg,train,valid,c00029_jpg.rf.ac76ffb62022262a840ad3c496bd91b0.jpg,4b9f28bda8b68c3abd9659625891e8c8d519a1ee874c440b5b7dc0580243caec,exact_duplicate_same_label
3cd5ac7cee340b4f,c00029_jpg,train,valid,c00029_jpg.rf.b7fbb719dbd1d3ce74f5322d43bc7775.jpg,6a10dee730778a662c0b51b46612000514ea937a0574f08dcb822525186482ba,exact_duplicate_same_label
3cd5ac7cee340b4f,c00029_jpg,train,valid,c00029_jpg.rf.bb870ba8dd7edc05e23f89140e404bfe.jpg,00e20fab7dc72bfa88aab572ff8c31f91b0a66b43a12d4cbd274d35ad04b64a4,exact_duplicate_same_label
3cd5ac7cee340b4f,c00029_jpg,train,valid,c00029_jpg.rf.c320e3fa290c9e2dd6db045560e7e97f.jpg,00e20fab7dc72bfa88aab572ff8c31f91b0a66b43a12d4cbd274d35ad04b64a4,exact_duplicate_same_label
3cd5ac7cee340b4f,c00029_jpg,train,valid,c00029_jpg.rf.cfe8bb39eb730d168acf740ed956fbd1.jpg,4b9f28bda8b68c3abd9659625891e8c8d519a1ee874c440b5b7dc0580243caec,exact_duplicate_same_label
3cfc6047cc0a80ed,IMG_4426_jpg,train,train,IMG_4426_jpg.rf.8c12f09716e0079e1adbd0631d8d9fff.jpg,2ad652dd40e0997298ee0563b30630d46a4702fa0f21d0ef2c0dce689b04e1c2,extra_variant_or_near_duplicate_for_train_component
3cfc6047cc0a80ed,IMG_4426_jpg,train,train,IMG_4426_jpg.rf.d7658c1046026718996c2fe263b5835c.jpg,d15b0968468104b00e87f0833f02eea1b7a3abf12068646594f86e52fa15a137,extra_variant_or_near_duplicate_for_train_component
3cfc6047cc0a80ed,IMG_4427_jpg,train,train,IMG_4427_jpg.rf.27be5904e7e5e5128479b48129030d17.jpg,4300b886171eedc559ee090ab28ffc30050349b9ac066466b24f589f254b8951,extra_variant_or_near_duplicate_for_train_component
3cfc6047cc0a80ed,IMG_4427_jpg,train,train,IMG_4427_jpg.rf.7dc62bd173696dcb4ef74e295cf8490c.jpg,1e65b70ca28e6ed286ab98cc803d3def87cca6ec9435806ecd6e0bd4dabd1320,extra_variant_or_near_duplicate_for_train_component
3cfc6047cc0a80ed,IMG_4427_jpg,train,train,IMG_4427_jpg.rf.967bf39062a9fa93ad23dc4ff90234cf.jpg,05cbb3a4d6ce8664d1925d88a8793354be238378915202a69ee77e6f69f812fa,extra_variant_or_near_duplicate_for_train_component
3cfc6047cc0a80ed,IMG_4425_jpg,valid,train,IMG_4425_jpg.rf.00cfda212b4f238da42280ea36ae5ef6.jpg,f650e54777c245cab1555f5a59c42e194356c8ba94520cf2bb26b88546f17868,extra_variant_or_near_duplicate_for_train_component
3d136b5419e7d99b,c00094_jpg,train,train,c00094_jpg.rf.607ae0a36d83822a92521b18eece4e01.jpg,606216cf48dc67c4ed3552b6084cee086bda4d6e3a14f2e8682f072bb042f5ee,exact_duplicate_same_label
3d136b5419e7d99b,c00094_jpg,train,train,c00094_jpg.rf.ecb1d74ed16b796aa7b925cfd9a20f84.jpg,606216cf48dc67c4ed3552b6084cee086bda4d6e3a14f2e8682f072bb042f5ee,exact_duplicate_same_label
3d136b5419e7d99b,c00094_jpg,train,train,c00094_jpg.rf.f418a909944339c3fedace2004fa8ac7.jpg,cdee70385d376f8de879f18e9b24d367683e7588b2c47fe28f5385e56fcbf8a1,exact_duplicate_same_label
3d136b5419e7d99b,c00094_jpg,valid,train,c00094_jpg.rf.6a001eab09faaf7534012a7aeb8d495e.jpg,7d8ff47dce777ba8c3e9ed6d4ecf6bf69dd23c82f7e60fc3dff29d4d848dfacf,extra_variant_or_near_duplicate_for_train_component
3d136b5419e7d99b,c00094_jpg,valid,train,c00094_jpg.rf.9fce20b63a2e80b03c893716cc0bb42c.jpg,ec17c28ba5e98a1859fb59720e96a4e04eaf0150b140640dcf2fa7ecfacc37ae,extra_variant_or_near_duplicate_for_train_component
3d136b5419e7d99b,c00094_jpg,valid,train,c00094_jpg.rf.ecead07d95d3018929367ac3a186fcfa.jpg,3f21ed3baedfa04d4e31d602567579d7dffeb4dfa731e99e09627da9b2ad4c7b,extra_variant_or_near_duplicate_for_train_component
3d136b5419e7d99b,c00094_jpg,test,train,c00094_jpg.rf.32bb6a010e75264534cdd773ae588331.jpg,031b634968a6892c444246ad3faa840d24e7034f39d33ad989225523cb5a6337,extra_variant_or_near_duplicate_for_train_component
3d910352128737ac,1697100043623_JPEG_jpg,train,train,1697100043623_JPEG_jpg.rf.2fe6622b1a6ff68963f82af51eb6c3d8.jpg,bc7d5c8dc37c2a1c4cfa42879d77afbbf37e07fffcc587bd7a9e7c08c8e369bd,extra_variant_or_near_duplicate_for_train_component
3d910352128737ac,1697100043623_JPEG_jpg,train,train,1697100043623_JPEG_jpg.rf.491a1b5edffd27a7d168999a92031152.jpg,aa437720ad75b83857f69506dd0e4e3910da856bed3ccf9de49c72434b4b0b49,extra_variant_or_near_duplicate_for_train_component
3d910352128737ac,1697100043623_JPEG_jpg,train,train,1697100043623_JPEG_jpg.rf.7a09907619dc3f6622cccc6ba8d71cb6.jpg,5ff51a8cdd01d774d9f535ded449a1e397f53a40175b687879aa5ac8241c8fa2,extra_variant_or_near_duplicate_for_train_component
3d910352128737ac,1697100043623_JPEG_jpg,train,train,1697100043623_JPEG_jpg.rf.a78392f08bb2b41df43d458425e9e648.jpg,033231659fe63cc2468c0b801a3e1b53d2489a14b7d1b91517d088b387f41d96,extra_variant_or_near_duplicate_for_train_component
3d910352128737ac,1697100043623_JPEG_jpg,train,train,1697100043623_JPEG_jpg.rf.b5177311500c6467c55254802f751ff2.jpg,adfa3523cb1273113d7c95c0ac3bc9a565383d2221e79fd56f4aa5f2f57bb862,extra_variant_or_near_duplicate_for_train_component
3d910352128737ac,1697100043623_JPEG_jpg,valid,train,1697100043623_JPEG_jpg.rf.178df8e28ddda3b743d9a0562223bc4c.jpg,2225cc5f75a4be00783c10e178cf8be181320548409829e32b47ad66ddb276a5,extra_variant_or_near_duplicate_for_train_component
3d910352128737ac,1697100043623_JPEG_jpg,valid,train,1697100043623_JPEG_jpg.rf.79e966f59c03364ad658fb6fe43595b8.jpg,c6a01d3644116122c7b2557ee0b8b80e9efa93ea18e6364aaec9c90cdf2a3ef1,extra_variant_or_near_duplicate_for_train_component
3d910352128737ac,1697100043623_JPEG_jpg,valid,train,1697100043623_JPEG_jpg.rf.9d57c588ebf0c14d7baa4bff7aff753d.jpg,fa5486e3744607530e81e71cab273212f7db22374a4c28a45dfa2d007059235f,extra_variant_or_near_duplicate_for_train_component
3db186361b2c86f2,1697095309831_JPEG_jpg,train,train,1697095309831_JPEG_jpg.rf.1c36b90663bb065cb8353e070616a77f.jpg,6acf321a014286b959a8a002466c4633f7643145a282dcbab40ab3822a0c0c02,extra_variant_or_near_duplicate_for_train_component
3db186361b2c86f2,1697095309831_JPEG_jpg,train,train,1697095309831_JPEG_jpg.rf.553c887d1abf8fad4a44e4fbd85a3b98.jpg,d67959890844e86e4dfa0b3170ba06d01579a2c87cd28de7a4c0b2408263a589,extra_variant_or_near_duplicate_for_train_component
3db186361b2c86f2,1697095309831_JPEG_jpg,train,train,1697095309831_JPEG_jpg.rf.84d0e9257ad34039d741c628dab059a7.jpg,017376cfe7557e5e179f41bf25911d054f84579c3eff059308d47fc901d5fa16,extra_variant_or_near_duplicate_for_train_component
3db186361b2c86f2,1697095309831_JPEG_jpg,train,train,1697095309831_JPEG_jpg.rf.8de2ce3b07902974cfc12369979548fb.jpg,4813eaa6cabd62e04c00dc2eefcb2f625b7921c116bd38a13684342746195822,extra_variant_or_near_duplicate_for_train_component
3db186361b2c86f2,1697095309831_JPEG_jpg,train,train,1697095309831_JPEG_jpg.rf.c3e0db3cd946ffd5a6a9fa1916b420c0.jpg,e2fe3803d53570554bce4b423f3d3cb5ac5a5e7a02992e4ac43e27b0c6f4e16d,extra_variant_or_near_duplicate_for_train_component
3db186361b2c86f2,1697095309831_JPEG_jpg,valid,train,1697095309831_JPEG_jpg.rf.639b45597e9a11dcf89243bca85c21c9.jpg,9891bef871f70e46193a1b63254cd3391e4b136b9aa60841f35a785d2e171b8c,extra_variant_or_near_duplicate_for_train_component
3db186361b2c86f2,1697095309831_JPEG_jpg,valid,train,1697095309831_JPEG_jpg.rf.6a9cab350b418d6bf3793c26d4079998.jpg,66e7fd702136bba7b7b6519e71863eda5e83ff693435ab79e4a8a47845738506,extra_variant_or_near_duplicate_for_train_component
3db186361b2c86f2,1697095309831_JPEG_jpg,valid,train,1697095309831_JPEG_jpg.rf.a3d0b4649996d94640e02c8bb0bcd4a0.jpg,1ea2249ce053863fff60490f5e3d06365f361e0f0fb405a22d3ec9a4a2864b36,extra_variant_or_near_duplicate_for_train_component
3dd0bf89548f1755,IMG_4396_jpg,train,train,IMG_4396_jpg.rf.c3dc35fa0e4721109aab6d79ea67bcaa.jpg,4fcfa1e53bb1adfa5a756a5692c2ba6bd743078f6aa818db4d19c33986e53fae,extra_variant_or_near_duplicate_for_train_component
3dd0bf89548f1755,IMG_4396_jpg,train,train,IMG_4396_jpg.rf.edc22167effdeedbf05b78efbb417a17.jpg,2a0a7aae3c982184dae6225cdc3160d9f5a01608765f58bfe9753b5d9b65c2f2,extra_variant_or_near_duplicate_for_train_component
3dd0bf89548f1755,IMG_4398_jpg,train,train,IMG_4398_jpg.rf.4aa386f1edb8a019cf9b8265bc3c2139.jpg,140b1108c899a8b220da8a84e131781d9c934b18ca8dd1a5989898f54ddd0b3c,extra_variant_or_near_duplicate_for_train_component
3dd0bf89548f1755,IMG_4398_jpg,train,train,IMG_4398_jpg.rf.8d66af5ec41268a1e75bfa61dcdcc94c.jpg,d18e77030ba9a65fd7609b8ba600b8d7c3e28b2cfa85897940d0803c2fb2dd11,extra_variant_or_near_duplicate_for_train_component
3dd0bf89548f1755,IMG_4398_jpg,train,train,IMG_4398_jpg.rf.e3b7413672126ae64dbd1469eb253f27.jpg,b1f6b0e95116fe6035217d7ea501c39857c72ba224d96a9557097c9060235d37,extra_variant_or_near_duplicate_for_train_component
3dd0bf89548f1755,IMG_4399_jpg,valid,train,IMG_4399_jpg.rf.ea0d9528d2c3329e656465ef37ef8d7d.jpg,c4597935ce787ebf7458e75395d83a314285f4d831e066f7010ec20b90814867,extra_variant_or_near_duplicate_for_train_component
3dd0bf89548f1755,IMG_4400_jpg,valid,train,IMG_4400_jpg.rf.540720d006c295bb1d91b259b59908d8.jpg,901a674f3b652f206e7830ae4f4eb42f31949448564cf210bf2bd133b922a10e,extra_variant_or_near_duplicate_for_train_component
3dd187821df507a4,WIN_20220329_21_31_00_Pro_jpg,train,test,WIN_20220329_21_31_00_Pro_jpg.rf.5b9ccb8e42865d1b0007f168b3b7b857.jpg,d09674f653ab54050738d3da2263bac8d84c3cdb1e904a5a41761f3ee1dd70cd,extra_variant_or_near_duplicate_for_test_component
3dd187821df507a4,WIN_20220329_21_31_00_Pro_jpg,train,test,WIN_20220329_21_31_00_Pro_jpg.rf.a3db620bed96dc11dd72964bfec988d8.jpg,1144b7db7760b72f227325d95d19fe9335e6abb4500776294d18ae6cf9fb835a,extra_variant_or_near_duplicate_for_test_component
3de16d9a4b90a1a8,b00278_jpg,train,train,b00278_jpg.rf.65d4a038c0e3de1d346836549cf1bc29.jpg,6e0a463467a640d1b64784d6ce4ee44887e71b33db6e15578df60bfbcf0c6511,exact_duplicate_same_label
3de16d9a4b90a1a8,b00278_jpg,train,train,b00278_jpg.rf.6fc4936cd190f75369ccfac280da85a7.jpg,86f633076d2916d9e7bf9df95d898476f9f4c3403a26101d189120bbcf6e9170,exact_duplicate_same_label
3de16d9a4b90a1a8,b00278_jpg,train,train,b00278_jpg.rf.763cafed7c0e3364c9e12e7b11019284.jpg,6b19966c0a1d6325c0e65dbeb7fd677eab8e58be02b05aaf74ede473a0b664f7,exact_duplicate_same_label
3de16d9a4b90a1a8,b00278_jpg,train,train,b00278_jpg.rf.8121bc0a0fd2830697b299fb683a2db7.jpg,6b19966c0a1d6325c0e65dbeb7fd677eab8e58be02b05aaf74ede473a0b664f7,exact_duplicate_same_label
3de16d9a4b90a1a8,b00278_jpg,train,train,b00278_jpg.rf.948193dd2f2702a06f1ecbedc0200293.jpg,6e0a463467a640d1b64784d6ce4ee44887e71b33db6e15578df60bfbcf0c6511,exact_duplicate_same_label
3e62f880a50fe571,IMG_4405_jpg,train,train,IMG_4405_jpg.rf.654fdb3de31f317681075a8fd57926a4.jpg,81590ea261e68e0d39fd177ce1327a3541775eb98c3064eda4950098f5bfe4ea,extra_variant_or_near_duplicate_for_train_component
3e62f880a50fe571,IMG_4405_jpg,train,train,IMG_4405_jpg.rf.67db5b3b5fed23cae0dfb96f7ece31d6.jpg,a19857d0321670e93f95559d9601f36b05d00480d79dd48f38943ad4e9dcb0f0,extra_variant_or_near_duplicate_for_train_component
3e62f880a50fe571,IMG_4406_jpg,train,train,IMG_4406_jpg.rf.76bb3b8dd21a171be4fb021709737e8d.jpg,00aad8ada025ee09983969d38679027bc5753bc95c017387e72c50af598a89a0,extra_variant_or_near_duplicate_for_train_component
3e62f880a50fe571,IMG_4406_jpg,train,train,IMG_4406_jpg.rf.7ae31ded37cacc8a47a1de8d09e36221.jpg,e0b782a38e5b323312c2021739fddcffd0a83781b5935c68d40fcff50676fa23,extra_variant_or_near_duplicate_for_train_component
3e62f880a50fe571,IMG_4406_jpg,train,train,IMG_4406_jpg.rf.d6b64154d172531fb3c7da9f236af729.jpg,b9cfcd9a4ba96241c97c66557a8deee90856f4863e91b20b032059cc4437f515,extra_variant_or_near_duplicate_for_train_component
3e62f880a50fe571,IMG_4408_jpg,train,train,IMG_4408_jpg.rf.57afc64f6119761fac8ac2581f0cfb93.jpg,ad6714743086d3a381ae8d330d3aa72ec823b67d13cdb9eb1200491a22fd338f,extra_variant_or_near_duplicate_for_train_component
3e62f880a50fe571,IMG_4408_jpg,train,train,IMG_4408_jpg.rf.792e62b19aff29bfcfc6db2ebacbd99a.jpg,78b764c7fb8c0f6484df1e578c3aa3e83e86a346109df89d96ae02095a45c821,extra_variant_or_near_duplicate_for_train_component
3e62f880a50fe571,IMG_4408_jpg,train,train,IMG_4408_jpg.rf.df1f07d11e4d0b1e5e1b0212ebe72895.jpg,2114d86bbf0096cee671fc9cefb8a8bf319ba9c0da96965db81afafb4dd52cbc,extra_variant_or_near_duplicate_for_train_component
3e62f880a50fe571,IMG_4409_jpg,train,train,IMG_4409_jpg.rf.58ae33d3609bcca99efecec5cc0854f3.jpg,829add4e58abb0a0da1a0b5459d179bbd6b6f772f955798c9f1f011a5762d068,extra_variant_or_near_duplicate_for_train_component
3e62f880a50fe571,IMG_4409_jpg,train,train,IMG_4409_jpg.rf.59d8e94f552230b737ab6d801cbe6772.jpg,1bd61abf189e63fc428d6c2a5ca3bc172a06734c9872a14032648ff9e3ea3188,extra_variant_or_near_duplicate_for_train_component
3e62f880a50fe571,IMG_4409_jpg,train,train,IMG_4409_jpg.rf.cef8e40346b639e82ae0d28e33a4b327.jpg,81c44cd5076820bdc7cd3776ddb03e8f12ebb8e8cafcdfd25aaa7f5e5a18650d,extra_variant_or_near_duplicate_for_train_component
3e62f880a50fe571,IMG_4410_jpg,train,train,IMG_4410_jpg.rf.0aa9edf6aa596910f04dbaa99de869f4.jpg,1550fe5ad1ee3b440e4385c63fef2e76775d6fcfc6d407b5b1e5bd938f708f16,extra_variant_or_near_duplicate_for_train_component
3e62f880a50fe571,IMG_4410_jpg,train,train,IMG_4410_jpg.rf.28ae87baf5cbba524f312c705199c3ad.jpg,d22981ef86673ff3e7cb4d7515e1fe1a86c2fed04fa32dd586f95028b26fbf92,extra_variant_or_near_duplicate_for_train_component
3e62f880a50fe571,IMG_4410_jpg,train,train,IMG_4410_jpg.rf.64f38a39b906242ac6eb3605c48d80a1.jpg,1baa38d4dbbfdc0d3f357849f13662606354ebc403c652cb493342503855fc5e,extra_variant_or_near_duplicate_for_train_component
3e62f880a50fe571,IMG_4411_jpg,train,train,IMG_4411_jpg.rf.67f6e5d968a8ee096c504522ffc1c7b9.jpg,836333503ccb27dad2691270807266a29cbafc212ffa9edb48364c7350851e77,extra_variant_or_near_duplicate_for_train_component
3e62f880a50fe571,IMG_4411_jpg,train,train,IMG_4411_jpg.rf.90defdaef52ee4058b0d460839058e92.jpg,961dba3014b82d94a471a8f5e10758327715a9fc0a123254674fe23ab2311147,extra_variant_or_near_duplicate_for_train_component
3e62f880a50fe571,IMG_4411_jpg,train,train,IMG_4411_jpg.rf.f739aaa2292efe74f6c4c4c433c0a89a.jpg,0694037e458c2635f6489c90b8425b65522192c29e55764f4acb409225fed2dd,extra_variant_or_near_duplicate_for_train_component
3e62f880a50fe571,IMG_4412_jpg,train,train,IMG_4412_jpg.rf.021c0ee83f753c7f055ab3b1c23e092e.jpg,cad253ebe7cee744642c3f481a13d2631e0bfc7a3b8ffd661bb00373a25ced39,extra_variant_or_near_duplicate_for_train_component
3e62f880a50fe571,IMG_4412_jpg,train,train,IMG_4412_jpg.rf.042db8ee931c5047254ea3e83d25e15d.jpg,e46dc7db094f592f33443d6663cf9df72e6debd9771528f9f1385af45b65a58d,extra_variant_or_near_duplicate_for_train_component
3e62f880a50fe571,IMG_4412_jpg,train,train,IMG_4412_jpg.rf.c48797a3776f95add1b652c4b33a69bd.jpg,57016ae2152a7988c9f61e530e2d1023913a994a7bb4580470f2b0707fb7f5c6,extra_variant_or_near_duplicate_for_train_component
3e62f880a50fe571,IMG_4407_jpg,valid,train,IMG_4407_jpg.rf.a9b1589c3be32013250393e3bd556053.jpg,3a10edb8e3e8690d5d6d993fa078dbbdaf94598ba815b34553e12546f27b5e22,extra_variant_or_near_duplicate_for_train_component
3ea58dd92da931e8,000440_jpg,train,valid,000440_jpg.rf.28558e51a6162aa83f888403807ebe08.jpg,7cb67faba31c9716fd039511df748108c60c37c8ec93d576a804b0d044b6fb6b,exact_duplicate_same_label
3ea58dd92da931e8,000440_jpg,train,valid,000440_jpg.rf.76554c983e656b6870e41f780c1fb90d.jpg,a3e1401749ab30713542f31c7d91dae140f7a2013f396f6267749e3a81465cf1,exact_duplicate_same_label
3ea58dd92da931e8,000440_jpg,train,valid,000440_jpg.rf.83fdc1d47e09c4ded70f3de5066ab3d9.jpg,7cb67faba31c9716fd039511df748108c60c37c8ec93d576a804b0d044b6fb6b,exact_duplicate_same_label
3ea58dd92da931e8,000440_jpg,train,valid,000440_jpg.rf.d699225979b5ea5546fa12f0d9bf2272.jpg,fe6fe99efded33c0d16923b4065c96d6f1f7855c14e1da5c3eb9f6b9adff1352,exact_duplicate_same_label
3ea58dd92da931e8,000440_jpg,train,valid,000440_jpg.rf.dab1a0e0941ab1abc3c3b3927b763e8a.jpg,a3e1401749ab30713542f31c7d91dae140f7a2013f396f6267749e3a81465cf1,exact_duplicate_same_label
3ec90be769757898,indir-18-_jpg,train,train,indir-18-_jpg.rf.3b629e460fe447a9b6002ba7439670ab.jpg,0b9a55272fbeaf3c85f3f82a157b2ee4911c01521d99be2932e59a9938e4f8c5,extra_variant_or_near_duplicate_for_train_component
3ec90be769757898,indir-18-_jpg,valid,train,indir-18-_jpg.rf.bc577a56741e2f1d8f5e46a8f314d153.jpg,21ed1dae2569d59b438a4f525b021931ae60f48f91f24f89d4a6e3edc47f7dab,extra_variant_or_near_duplicate_for_train_component
3f18d415e2ef8eb8,WIN_20220507_23_10_21_Pro_jpg,train,train,WIN_20220507_23_10_21_Pro_jpg.rf.2acf8b0e96c8dfc16d254de2bcdf2583.jpg,d4193e5fb417717492559740e8081e8c77a222a5a8b4b0adddc627cfad365e5b,exact_duplicate_same_label
3f18d415e2ef8eb8,WIN_20220507_23_10_21_Pro_jpg,valid,train,WIN_20220507_23_10_21_Pro_jpg.rf.a6887d4100435b3c3de79ff7de3c2bab.jpg,ca8c330a1ae5bf93c0e28ec57835368439fa2e24b2ecfbda9781e52266c0acf2,extra_variant_or_near_duplicate_for_train_component
3f18d415e2ef8eb8,WIN_20220507_23_10_21_Pro_jpg,test,train,WIN_20220507_23_10_21_Pro_jpg.rf.2acf8b0e96c8dfc16d254de2bcdf2583.jpg,d4193e5fb417717492559740e8081e8c77a222a5a8b4b0adddc627cfad365e5b,exact_duplicate_same_label
3f69bdec9fb7793e,WIN_20220329_21_29_32_Pro_jpg,train,test,WIN_20220329_21_29_32_Pro_jpg.rf.4a6f7d15336568299352fa3f9f6d923e.jpg,fc756050f02f194b138ba58a6814ac10a26d3daf87096f62475aa22deccd0fbd,extra_variant_or_near_duplicate_for_test_component
3f69bdec9fb7793e,WIN_20220329_21_29_32_Pro_jpg,train,test,WIN_20220329_21_29_32_Pro_jpg.rf.b31f58e66d4d94ca07259bf2f763e6d0.jpg,0c703598740214176e7bbaae01ede84fb6d1551e36557cdd21f2c904bd62e796,extra_variant_or_near_duplicate_for_test_component
3f6bf421a10a6864,b00281_jpg,train,train,b00281_jpg.rf.9adc82ccd16b09e4e7615a1642ce8a4a.jpg,9dea7182007b75d105d22c280bce762b780a3f06070ce8144559ad41acd1693c,exact_duplicate_same_label
3f6bf421a10a6864,b00281_jpg,valid,train,b00281_jpg.rf.11bb3800dad0c61313ec3293013ebd76.jpg,aa9f4c6e514432ab1afab77f574a6279ac4899bca594352336c17001dab5f881,extra_variant_or_near_duplicate_for_train_component
3f6bf421a10a6864,b00281_jpg,valid,train,b00281_jpg.rf.33f70094389e15c529fa95348ec49658.jpg,73b0f98ac0a5c2527e3b9f2fc50fdf00c0873a2612de53cec6a45f03d485b0c0,extra_variant_or_near_duplicate_for_train_component
4004e7bc8594adf6,000240_jpg,train,train,000240_jpg.rf.741478e565ce13fbeff327f0564f7c5b.jpg,e99cb382641688cdcce452fd3e7c97a7d9acf07bd1f49b14607a20bbb83e8b07,exact_duplicate_same_label
40793ab552cb94cb,IMG_4345_jpg,train,train,IMG_4345_jpg.rf.787d84c2854e4442a0bf981af6ef4c17.jpg,aa65646d184090bfb0555ea37c3277c66d98c410b1e6a521bb8c39b1716c60ed,extra_variant_or_near_duplicate_for_train_component
40793ab552cb94cb,IMG_4345_jpg,train,train,IMG_4345_jpg.rf.9547f3971fe51e215d8fc1a8266ada5c.jpg,18965dc5d9e0dca34c742be14f657503f4e6559129200c0bf9dc654fc024fd56,extra_variant_or_near_duplicate_for_train_component
4094b87c655c1cc7,000510_jpeg_jpg,train,train,000510_jpeg_jpg.rf.5211535179803f9182b1d2804e6fd0bd.jpg,ac23ddf7ddd1f3692926fdbd16966199bf26507509b7408968231d97a13de4c2,exact_duplicate_same_label
4094b87c655c1cc7,000510_jpeg_jpg,train,train,000510_jpeg_jpg.rf.7ba179fff2f2344d97f1b2e2a07776bb.jpg,ac23ddf7ddd1f3692926fdbd16966199bf26507509b7408968231d97a13de4c2,exact_duplicate_same_label
4094b87c655c1cc7,000510_jpeg_jpg,train,train,000510_jpeg_jpg.rf.9979f317f6846f5be726a6783e6a7862.jpg,b4cfd43626ecfa04ac9c5e66f8848fe9345c0384e62e65295494d36e605e1a49,exact_duplicate_same_label
4094b87c655c1cc7,000510_jpeg_jpg,train,train,000510_jpeg_jpg.rf.ce03cad2b6d3861f4699a648c3bddefa.jpg,55262d321dae78e1f0b8f6c37c9559cfa4362a168381b22eda5f187083c74ffe,exact_duplicate_same_label
4094b87c655c1cc7,000510_jpeg_jpg,train,train,000510_jpeg_jpg.rf.fdea9a4b000bdd6167687197d10b1a2a.jpg,55262d321dae78e1f0b8f6c37c9559cfa4362a168381b22eda5f187083c74ffe,exact_duplicate_same_label
40edb8e864fba686,WIN_20220329_21_29_56_Pro_jpg,train,train,WIN_20220329_21_29_56_Pro_jpg.rf.8c8338484a15a2cbf4f166843902cfd1.jpg,8f066abb3031f1fabe8d1c920176192bf37407f6cafdb054eccc8cde0b74ea5e,extra_variant_or_near_duplicate_for_train_component
40edb8e864fba686,WIN_20220329_21_29_56_Pro_jpg,valid,train,WIN_20220329_21_29_56_Pro_jpg.rf.fb4691c1b922e9fdff31c1e10b122b31.jpg,41ac13b2850e3a36ce8fe1e6eea22513c56e426e2c01934a5f3b61b2179d8d79,extra_variant_or_near_duplicate_for_train_component
40f6dbf766d6a803,images-96-_jpg,train,test,images-96-_jpg.rf.6acf0da734fa680db177714a3ebc7565.jpg,0106c03fa07d8ad084b2a998ea0b75ebf773732ce7e326e43f70a640d99e95ce,extra_variant_or_near_duplicate_for_test_component
40f6dbf766d6a803,images-96-_jpg,train,test,images-96-_jpg.rf.d7aa488855f5b3a513d3923bcc943902.jpg,863dd1d8e6849649ab6c50405a853a2818cfc6b59887d8315c5ba1c9aeb342f9,extra_variant_or_near_duplicate_for_test_component
4127454a0051c038,000245_jpeg_jpg,train,train,000245_jpeg_jpg.rf.4b61bde712f2effd4453342b7db2bedb.jpg,6b389f97eb77bae77e073ad0949c0396110c3ab266e5494d022370614612b4e1,exact_duplicate_same_label
4127454a0051c038,000245_jpeg_jpg,train,train,000245_jpeg_jpg.rf.82ac43cc32e90b6517446a22e1ede479.jpg,8f1cfb3ffdc87a29dafd95eeabc84c60847e0fa23b5a222a8dab1270f3ba7ab5,exact_duplicate_same_label
4127454a0051c038,000245_jpeg_jpg,train,train,000245_jpeg_jpg.rf.8559324c40d7c03d085aacf6ad939f6f.jpg,8f1cfb3ffdc87a29dafd95eeabc84c60847e0fa23b5a222a8dab1270f3ba7ab5,exact_duplicate_same_label
4127454a0051c038,000245_jpeg_jpg,train,train,000245_jpeg_jpg.rf.85678dd1b915ae96614300d3d60bff55.jpg,6b389f97eb77bae77e073ad0949c0396110c3ab266e5494d022370614612b4e1,exact_duplicate_same_label
4127454a0051c038,000245_jpeg_jpg,train,train,000245_jpeg_jpg.rf.bb721fc941ec4649a65dce86d7c72678.jpg,9cec6cd045ca99110a7ac18c665430b5baedba0447374cc3bdf82828b1c87321,exact_duplicate_label_conflict
41ebbf7e465251ed,1697099897358_JPEG_jpg,valid,valid,1697099897358_JPEG_jpg.rf.b15b0faafa5b42af047b05689ff156f3.jpg,3cdf655080c7e5aa75628e3e8eb1c38e44def6bfa1edea9a8e583ff49c9dbac5,extra_variant_or_near_duplicate_for_valid_component
41ebbf7e465251ed,1697099897358_JPEG_jpg,train,valid,1697099897358_JPEG_jpg.rf.691237db6e5ca3818007dbc944d01da8.jpg,1bf3da397c7ece9dd2c25eb2506bdded4bf4b78a6c840221c518a1429961ae97,extra_variant_or_near_duplicate_for_valid_component
41ebbf7e465251ed,1697099897358_JPEG_jpg,train,valid,1697099897358_JPEG_jpg.rf.ad6bcdde36dfbb4d8b32f5c2ca4b1264.jpg,2e313c3902367d540737b2520d2f77e2396c4dd3f6c336a42c3ef3c93bd2b9f8,extra_variant_or_near_duplicate_for_valid_component
41ebbf7e465251ed,1697099897358_JPEG_jpg,train,valid,1697099897358_JPEG_jpg.rf.b19a1da9cd954b7ff3e21d76e01df8a3.jpg,001abf3e982987e97e4d92a8db7653ab1005b5a30b60b81f91618e7b16aa6982,extra_variant_or_near_duplicate_for_valid_component
41ebbf7e465251ed,1697099897358_JPEG_jpg,train,valid,1697099897358_JPEG_jpg.rf.cda62f9fc285bdf08df43a2ec6887745.jpg,331f4488720eb8e3124674f14d44d26449b513cf80118e30a9c6c33993a7cb19,extra_variant_or_near_duplicate_for_valid_component
41ebbf7e465251ed,1697099897358_JPEG_jpg,train,valid,1697099897358_JPEG_jpg.rf.e3b4017621b415d2cbebe4e736040578.jpg,a6db2c0011252d4dd07164d50a34505f790b24e566007f6e4b9e3b14cbcfe110,extra_variant_or_near_duplicate_for_valid_component
4228cfc8b9b98343,bb0676_jpg,train,train,bb0676_jpg.rf.4b507aa4b0c45b8e7adfb270d093c86c.jpg,33b52e658b40c1fad5ea79930cde22963e340214c800aa3c310f68abfa940d99,exact_duplicate_same_label
4228cfc8b9b98343,bb0676_jpg,train,train,bb0676_jpg.rf.7b0d1b722eb37efbbef6e2f6d97dc577.jpg,36acb384f07d0213121893a163ced73da6d0a6a942183ef3e1de417625b18998,exact_duplicate_same_label
4228cfc8b9b98343,bb0676_jpg,train,train,bb0676_jpg.rf.b7646fe77108569e807d38d9a2473889.jpg,b4ecd16eb5be24044e06360f910aa43d5fd3b40b4c5cacaffa290ae242911c5c,exact_duplicate_same_label
4228cfc8b9b98343,bb0676_jpg,train,train,bb0676_jpg.rf.e3e0d9035c5c9e3fc813ef8fbcbff501.jpg,b4ecd16eb5be24044e06360f910aa43d5fd3b40b4c5cacaffa290ae242911c5c,exact_duplicate_same_label
4228cfc8b9b98343,bb0676_jpg,train,train,bb0676_jpg.rf.eb4952b46e630461ac374c8173baa094.jpg,36acb384f07d0213121893a163ced73da6d0a6a942183ef3e1de417625b18998,exact_duplicate_same_label
422d9c878dfbb8b1,WIN_20220507_23_10_34_Pro_jpg,train,train,WIN_20220507_23_10_34_Pro_jpg.rf.524a9801ac1b4bea9d20a12c5084b53f.jpg,0f38ac503d9daaf3d95cfc3633933fc11a14a2904c631e6d35642f6d602a4a43,extra_variant_or_near_duplicate_for_train_component
422d9c878dfbb8b1,WIN_20220507_23_10_34_Pro_jpg,train,train,WIN_20220507_23_10_34_Pro_jpg.rf.9a68734165c0209be6d7895ef7832b84.jpg,a21e794d8a3ca337df22bd23eca764ad4b725996275ba39c51e3ca05a4704f47,extra_variant_or_near_duplicate_for_train_component
422d9c878dfbb8b1,WIN_20220507_23_10_40_Pro_jpg,train,train,WIN_20220507_23_10_40_Pro_jpg.rf.079c86bfd680af75af14239f98a404fd.jpg,225c2edbf75b818e8c5c6611e4d94211fad3b347cbb2f04f82e8041ae19ac11d,extra_variant_or_near_duplicate_for_train_component
422d9c878dfbb8b1,WIN_20220507_23_10_40_Pro_jpg,train,train,WIN_20220507_23_10_40_Pro_jpg.rf.3bb08ae2208d0674a0292f31b3bb795d.jpg,fbcb58e6beee050dc8acd64d4861cd6d08ca8e7d13de7bab497f2e6a815acd0f,extra_variant_or_near_duplicate_for_train_component
422d9c878dfbb8b1,WIN_20220507_23_10_40_Pro_jpg,train,train,WIN_20220507_23_10_40_Pro_jpg.rf.d047ef92b77f76f30ceecd9046e03c6e.jpg,bb8c31a0074ac8699edd551e6fad9cd1fa986e9517da7d8e565cdfef75faf6e2,extra_variant_or_near_duplicate_for_train_component
424ff5ef3909e698,indir-12-_jpg,train,valid,indir-12-_jpg.rf.2b6d43c5ffcc9f49098e0ced2c3f9f1b.jpg,85ab93eb536c7c1840d083c9ec6fc176aa2bc064c43daec79b669d96d3ab067b,extra_variant_or_near_duplicate_for_valid_component
424ff5ef3909e698,indir-12-_jpg,train,valid,indir-12-_jpg.rf.54c6bd0054495861665cfcf9a016f283.jpg,84230d2c531d4811cf0b375742400069add7795478acc5685cac2e3346d0b730,extra_variant_or_near_duplicate_for_valid_component
42d53e9de62bc907,images-11-_jpg,train,train,images-11-_jpg.rf.59c4df634a25bca4ac928bb95fb132af.jpg,b93361eeebe3b15aa5f10084d4621a353798f53a6ec86dc828bbaa35514cf4e0,exact_duplicate_same_label
42d53e9de62bc907,images-11-_jpg,train,train,images-11-_jpg.rf.8c69f963eabe6e9acb0da3976e01d5de.jpg,1b33763b7596b03aa190cea0c47169e6e5f046ef8fdcaa46598125f2451093ae,extra_variant_or_near_duplicate_for_train_component
42d53e9de62bc907,images-11-_jpg,test,train,images-11-_jpg.rf.59c4df634a25bca4ac928bb95fb132af.jpg,b93361eeebe3b15aa5f10084d4621a353798f53a6ec86dc828bbaa35514cf4e0,exact_duplicate_same_label
433e9a14aab6572d,IMG_4334_jpg,train,train,IMG_4334_jpg.rf.8be94ddcc05ad1c56cefb9e0432d34e0.jpg,c945df1b49ccc17d1a93bb7aa0abc896f669d6f7c88cfafbfdfef561745a2aba,extra_variant_or_near_duplicate_for_train_component
433e9a14aab6572d,IMG_4334_jpg,train,train,IMG_4334_jpg.rf.d9d643f8985f9bb3d53da1c4c67adb6c.jpg,26f5528281a827b984687187f9c70c5339bf83a2b478336cac6c932e225cad95,extra_variant_or_near_duplicate_for_train_component
43b383c5b6b4cbb2,WIN_20220329_21_29_51_Pro_jpg,train,train,WIN_20220329_21_29_51_Pro_jpg.rf.6b79e8960877e9a2a0b249b7ba466037.jpg,3371ce285394fa7bbde23251e8783f9c1074c2c9e37041b3ea305972ffcb4614,exact_duplicate_same_label
43b383c5b6b4cbb2,WIN_20220329_21_29_51_Pro_jpg,valid,train,WIN_20220329_21_29_51_Pro_jpg.rf.43085c51dfb33e65a32aee22ef0873f6.jpg,fd89ebb6483971080221c14d74a7e61e8791c4eddae0d9cd263bcc757af13ccf,extra_variant_or_near_duplicate_for_train_component
43b383c5b6b4cbb2,WIN_20220329_21_29_51_Pro_jpg,test,train,WIN_20220329_21_29_51_Pro_jpg.rf.6b79e8960877e9a2a0b249b7ba466037.jpg,3371ce285394fa7bbde23251e8783f9c1074c2c9e37041b3ea305972ffcb4614,exact_duplicate_same_label
43ccd986d32d5fad,bb0669_jpg,train,valid,bb0669_jpg.rf.1f8fb34f7f60e7fa3e08900989fe183e.jpg,e863650f970ee55dbf1bae8098c395597df44b6c2f4cc0d01e0a59bb490d3f29,exact_duplicate_same_label
43ccd986d32d5fad,bb0669_jpg,train,valid,bb0669_jpg.rf.9557716707f92874c2c0d1371fadf9d7.jpg,f74cb20df4c15cb6cdf06f38185243c59c91dcad5e453b7ddcaa7d8141621991,exact_duplicate_same_label
43ccd986d32d5fad,bb0669_jpg,train,valid,bb0669_jpg.rf.e325a9969b6374e61c230d2c0f867ded.jpg,2fb3cedd6cc90843d63f663555c327f5a24e2720957867955a9241d3c8d60b5b,exact_duplicate_same_label
43ccd986d32d5fad,bb0669_jpg,train,valid,bb0669_jpg.rf.e42337ec2dfb0f9bed254a496b40b234.jpg,f74cb20df4c15cb6cdf06f38185243c59c91dcad5e453b7ddcaa7d8141621991,exact_duplicate_same_label
43ccd986d32d5fad,bb0669_jpg,train,valid,bb0669_jpg.rf.ee25b99aa2ed19e58234767d6c2eeaad.jpg,e863650f970ee55dbf1bae8098c395597df44b6c2f4cc0d01e0a59bb490d3f29,exact_duplicate_same_label
449221d2d39891b8,WIN_20220507_23_10_34_Pro-2-_jpg,valid,valid,WIN_20220507_23_10_34_Pro-2-_jpg.rf.c8cbba9ba20265e9d4e7935062e41431.jpg,eb0ac19b4a5758ce5a232d3f9c37fa6d1d1cb88216be8a55e1160140f3d9baa6,extra_variant_or_near_duplicate_for_valid_component
449221d2d39891b8,WIN_20220507_23_10_34_Pro-2-_jpg,train,valid,WIN_20220507_23_10_34_Pro-2-_jpg.rf.b4ce4b5aac6fee0adfd4f16c056a0135.jpg,e654cff9b49b52ece5447048270267f1e0b56cd10031e356d1c2d482710577fc,extra_variant_or_near_duplicate_for_valid_component
44dc47a1f0e0fec8,IMG_4428_jpg,train,train,IMG_4428_jpg.rf.32713af3c0059e37b5d13a417ce509a3.jpg,866d33203ed4dc0aa53959d33b603991b95864dd620d68fb89004531432a05aa,extra_variant_or_near_duplicate_for_train_component
44dc47a1f0e0fec8,IMG_4428_jpg,train,train,IMG_4428_jpg.rf.3c4f344a5e91bb7b10232764256833e4.jpg,1b8d9bc29ed2fdda53e3deb65bb22cd7bf668465f0505b0501f5471365bc8fbe,extra_variant_or_near_duplicate_for_train_component
44dc47a1f0e0fec8,IMG_4429_jpg,train,train,IMG_4429_jpg.rf.8ab5a05f9392d22dd4bef3b3d539008b.jpg,ad2422e46e16646797876b42adb5dc03d419823c6f39cdf4e8eefa4985caad6a,extra_variant_or_near_duplicate_for_train_component
44dc47a1f0e0fec8,IMG_4429_jpg,train,train,IMG_4429_jpg.rf.8ff7f0bbd941f9631030c1dcab0c469c.jpg,bb3ba7085bf4f9baa81fca80086ddbd3cdb303d54948cdb43601ab2e2b921581,extra_variant_or_near_duplicate_for_train_component
44dc47a1f0e0fec8,IMG_4429_jpg,train,train,IMG_4429_jpg.rf.91adc4e511e50d1bcf08d9dbe082c0e7.jpg,68d894815e1afa42ffc80e30e83eec933b467133c268bc677d93b48d924bbc32,extra_variant_or_near_duplicate_for_train_component
44dc47a1f0e0fec8,IMG_4430_jpg,train,train,IMG_4430_jpg.rf.4a2ade0b91118f8f2e93da246f96eb40.jpg,749bb5e468bb233955eed51928aa08d2f0ded3006cae871a8180f586957ecc1d,extra_variant_or_near_duplicate_for_train_component
44dc47a1f0e0fec8,IMG_4430_jpg,train,train,IMG_4430_jpg.rf.6e474a44f525bcb16488d7cf8232c380.jpg,3f277c73aa602c1ec36e5f4e444c5f98810a1d75e06c120a431cccd7b928fe37,extra_variant_or_near_duplicate_for_train_component
44dc47a1f0e0fec8,IMG_4430_jpg,train,train,IMG_4430_jpg.rf.f2eff244aa18134c800ca889c92d3a42.jpg,2519223dd78308bc847a889c267eda33b3a0de4e95dff69a109dc788f9ad6f95,extra_variant_or_near_duplicate_for_train_component
44dc47a1f0e0fec8,IMG_4431_jpg,train,train,IMG_4431_jpg.rf.383284fcf31f01ed3af243423fbd50d4.jpg,14d1937f44d3acfd2dfac06d2f89c31f8839b1de0a4446c106bee601b2cf84b0,extra_variant_or_near_duplicate_for_train_component
44dc47a1f0e0fec8,IMG_4431_jpg,train,train,IMG_4431_jpg.rf.4e02c5ec2b1195348628f9e23e29638c.jpg,3e3b5405b379c996aff2b4716aa78217ff1a2a645819d1574412055540e3dc77,extra_variant_or_near_duplicate_for_train_component
44dc47a1f0e0fec8,IMG_4431_jpg,train,train,IMG_4431_jpg.rf.b7d798c293f792fd6e2eb5c904fb7624.jpg,441df782ff0af153caa7bcc90596c1b4787c97d279fca8364b1cbba67bf11466,extra_variant_or_near_duplicate_for_train_component
44dc47a1f0e0fec8,IMG_4432_jpg,train,train,IMG_4432_jpg.rf.09a0198a79820fe23375c74ba38fd26e.jpg,2d36f8fdfcf873082d1eefeff0f66af8049819c2488dc7a233ea0d0df77b4390,extra_variant_or_near_duplicate_for_train_component
44dc47a1f0e0fec8,IMG_4432_jpg,train,train,IMG_4432_jpg.rf.63cea5ab01325b163866a523f4521d37.jpg,aa644cd7cc938f1ce4b50c7e07f7c9ad83661aa3ee43ee05f47f3d64c58eb507,extra_variant_or_near_duplicate_for_train_component
44dc47a1f0e0fec8,IMG_4432_jpg,train,train,IMG_4432_jpg.rf.7a1fbe2008f4d59ab7b191da1e96d181.jpg,ee9421adc1716c3ade86a9296a7d3d9918432dcb458c91cc8d8c1def114a67a1,extra_variant_or_near_duplicate_for_train_component
455adb7049f150c3,000017_jpg,train,test,000017_jpg.rf.0dd7129adcdea6b80d85937fe4a90fd4.jpg,24623b5f72371c7d77747b765c01b0f55b2dc4275644c28d772894e7f8c2b191,exact_duplicate_same_label
455adb7049f150c3,000017_jpg,train,test,000017_jpg.rf.3efc65b9d05dfb6eedf01b0995e6125a.jpg,24623b5f72371c7d77747b765c01b0f55b2dc4275644c28d772894e7f8c2b191,exact_duplicate_same_label
455adb7049f150c3,000017_jpg,train,test,000017_jpg.rf.587875df1fe18684e513bf4aa440d58c.jpg,f90aa1d8e0a3f234ba6cb826208d8cb60b419e82626104037b5ccb9b9046fc90,exact_duplicate_same_label
455adb7049f150c3,000017_jpg,train,test,000017_jpg.rf.91a521383275aa64cfe82cb2721506ef.jpg,f90aa1d8e0a3f234ba6cb826208d8cb60b419e82626104037b5ccb9b9046fc90,exact_duplicate_same_label
4585ae418043ca33,ggg506_jpg,valid,train,ggg506_jpg.rf.805d807916d19122a696e120142d3f4d.jpg,be0d569cf486631520bdf14172c68c6bfd443a34f5f8e21a24a7504f95855119,extra_variant_or_near_duplicate_for_train_component
4585ae418043ca33,ggg506_jpg,valid,train,ggg506_jpg.rf.bd2c16899c585c032e2631d6039f6f5b.jpg,55266e3e1dbc0cd6aa33d15dfc9c1bfcbf4afc7b40b918d4cc5329635ef401aa,extra_variant_or_near_duplicate_for_train_component
45bd82c2ae8b5f87,WIN_20220507_21_27_21_Pro_jpg,train,train,WIN_20220507_21_27_21_Pro_jpg.rf.38498786ec04ceba6b44576ac00ebefd.jpg,976cc116d9ba37a173d7c6b8bcdfe3512628ae2c6a0908e2c4d4e5a007074127,extra_variant_or_near_duplicate_for_train_component
45bd82c2ae8b5f87,WIN_20220507_21_27_21_Pro_jpg,train,train,WIN_20220507_21_27_21_Pro_jpg.rf.440426b3f576f37f528b0b0a60a67240.jpg,d09d53f6f9f6fafbc1a0e86d5346d346e31c36a3050a1debcfed556365262dfd,extra_variant_or_near_duplicate_for_train_component
45bd82c2ae8b5f87,WIN_20220507_21_27_24_Pro_jpg,train,train,WIN_20220507_21_27_24_Pro_jpg.rf.40841b01fd63472a0387fa71237e40d4.jpg,5324c2003ce3a3bc2f47afaaae63e2bf486a440220ef6015531adb7e484cfba2,extra_variant_or_near_duplicate_for_train_component
45bd82c2ae8b5f87,WIN_20220507_21_27_24_Pro_jpg,train,train,WIN_20220507_21_27_24_Pro_jpg.rf.ccf833f96e1fdf3b23af3dcca8c05149.jpg,92b2f398759feaacfae96597487d89ed47b5f466e4277ec7120e758c5e358731,extra_variant_or_near_duplicate_for_train_component
45bd82c2ae8b5f87,WIN_20220507_21_27_24_Pro_jpg,train,train,WIN_20220507_21_27_24_Pro_jpg.rf.e0f70346fa287ca98cb8797365ba8e41.jpg,f493bfc980c5d3a378c5074d27eb8b805c490fe0bce5189f9e694c9892e5e355,extra_variant_or_near_duplicate_for_train_component
45d85df37a6b3325,1697099949058_JPEG_jpg,train,train,1697099949058_JPEG_jpg.rf.9087ab3af9d6ca6355f5b595758dd4e7.jpg,3eec248ccdfd1ac81c71f5da484978d85c64f1035734b57b4b3ca4a782f712f9,extra_variant_or_near_duplicate_for_train_component
45d85df37a6b3325,1697099949058_JPEG_jpg,train,train,1697099949058_JPEG_jpg.rf.ab4bb86256705101b270e45b51e008d9.jpg,4cf2bd5fb2fb3720dcee502c31ede190c6074011812b843dbbf3d083a10324fc,extra_variant_or_near_duplicate_for_train_component
45d85df37a6b3325,1697099949058_JPEG_jpg,train,train,1697099949058_JPEG_jpg.rf.e37cb61c93432d638655ac0caa14041f.jpg,8fc7db70357ea2eb36ed235c2d170eeb0c2dbfe3d32979ed80e6a67ca2d35b41,extra_variant_or_near_duplicate_for_train_component
45d85df37a6b3325,1697099949058_JPEG_jpg,train,train,1697099949058_JPEG_jpg.rf.efe5c2bb34b95976db44533a3838d5b7.jpg,3f19ebcbcd91a63351c550f25244f5d23d90bfd164c19a6cbfa329c6c22d13c9,extra_variant_or_near_duplicate_for_train_component
45d85df37a6b3325,1697099949058_JPEG_jpg,valid,train,1697099949058_JPEG_jpg.rf.171e0ff481f86d0046c17f6174f3c313.jpg,0eeaadbd701c63f16b304a899e38144910222e705496fa6f14479cbb9960dfa9,extra_variant_or_near_duplicate_for_train_component
45d85df37a6b3325,1697099949058_JPEG_jpg,valid,train,1697099949058_JPEG_jpg.rf.28889740fb514a0fcc7031ad02833281.jpg,8dfdd5878b30260a0478cec13f9e7c93ea92210c19128992f005338b5b82a247,extra_variant_or_near_duplicate_for_train_component
45d85df37a6b3325,1697099949058_JPEG_jpg,valid,train,1697099949058_JPEG_jpg.rf.b6a4b0048fd98e2ff2be63c8f413dc18.jpg,e972939ccd8c0a891642cf8e0e2e6ef46615e5505cc690900d6cb8c3242d7cb2,extra_variant_or_near_duplicate_for_train_component
45d85df37a6b3325,1697099949058_JPEG_jpg,valid,train,1697099949058_JPEG_jpg.rf.f121f42ff38ce8b5bbc4f685e1f35e8e.jpg,3c01264b91ff9ebe234941b1a002b9c0cfda20b5f5516cc544a76776b48a6944,extra_variant_or_near_duplicate_for_train_component
45fce7fca71e6af7,1697100071138_JPEG_jpg,valid,test,1697100071138_JPEG_jpg.rf.130630ea1609d1d147051a24ccd4d8e8.jpg,8f5fccede05c6a06a50cf85644fd4cc8d91c373d090080305ec4e258619f5ba2,extra_variant_or_near_duplicate_for_test_component
45fce7fca71e6af7,1697100071138_JPEG_jpg,valid,test,1697100071138_JPEG_jpg.rf.1fdf5b2f4d819bf852dab637f30a9587.jpg,2e788ab6a3c91171697de252ef2c759d3be145503721d9a9a0c4b3010c0b71c9,extra_variant_or_near_duplicate_for_test_component
45fce7fca71e6af7,1697100071138_JPEG_jpg,valid,test,1697100071138_JPEG_jpg.rf.75bf4ccd8f182c7b0303ccd9048dc46b.jpg,c963395fdd6dd7f7a98e30612763f2008979516a495e054d106bfee703a1936f,extra_variant_or_near_duplicate_for_test_component
45fce7fca71e6af7,1697100071138_JPEG_jpg,valid,test,1697100071138_JPEG_jpg.rf.d1f65ec317ec6e766406ae440aa9d6db.jpg,51f8d9453d4b46b94a895f5930538b1ee4161778fa859b3338d570a0c0e6e9c7,extra_variant_or_near_duplicate_for_test_component
45fce7fca71e6af7,1697100071138_JPEG_jpg,train,test,1697100071138_JPEG_jpg.rf.0bc37aff0a5af4813b5daca9bbc267d8.jpg,814fb651dde320cd1f9b1daf244d4e3bf71710c9befb17f05878335d7494b574,extra_variant_or_near_duplicate_for_test_component
45fce7fca71e6af7,1697100071138_JPEG_jpg,train,test,1697100071138_JPEG_jpg.rf.a0f2ff5457509460d4893548e7c55764.jpg,f6f43bc14dbba48d2d6d6b572c6c3e9587db1b3735879c83668c84f5547e360a,extra_variant_or_near_duplicate_for_test_component
45fce7fca71e6af7,1697100071138_JPEG_jpg,train,test,1697100071138_JPEG_jpg.rf.b88e7b5266cd391757f8de716d3f5fb1.jpg,fe5bd04bcb824d25d4b3d69ce9ca8d2de3d779537260d0df75816b55e16fa465,extra_variant_or_near_duplicate_for_test_component
45fce7fca71e6af7,1697100071138_JPEG_jpg,train,test,1697100071138_JPEG_jpg.rf.ce9646d123f1f8b6725374a3ce7ab78e.jpg,e7f65df98f66c17201402839bce5cf79cabe5273fa43b026b5d26a844a2caf6a,extra_variant_or_near_duplicate_for_test_component
46211d600fa4936f,1697099948688_JPEG_jpg,train,train,1697099948688_JPEG_jpg.rf.2af6070a2bc85b277c77533e4574ab7e.jpg,6cf455148f274cc092af621cc11011939228fd6a9428d4fc1737cc7f2e66186b,extra_variant_or_near_duplicate_for_train_component
46211d600fa4936f,1697099948688_JPEG_jpg,train,train,1697099948688_JPEG_jpg.rf.31d0f3e9a0a48ece37700fe24b13e16b.jpg,dc8f2a8e28867e558c3284134798d511790510b98877b94af3b0465d0088b550,extra_variant_or_near_duplicate_for_train_component
46211d600fa4936f,1697099948688_JPEG_jpg,train,train,1697099948688_JPEG_jpg.rf.508d3c7dbc648d9123937d471eaffacc.jpg,2d470e4c165c4cfcd059717ea92988e39f1d50b2ac04e4ad00f47e2d06b9f7e9,extra_variant_or_near_duplicate_for_train_component
46211d600fa4936f,1697099948688_JPEG_jpg,train,train,1697099948688_JPEG_jpg.rf.9e7c6c87f2fdf932dced41b9c2cca9fa.jpg,d104e81a437510adc356a57add4ddc1b743a072d26e711a19118797cb1299d95,extra_variant_or_near_duplicate_for_train_component
46211d600fa4936f,1697099948688_JPEG_jpg,train,train,1697099948688_JPEG_jpg.rf.a9f37565656d6fcf12ad178a3f2e77bc.jpg,fc927ed7f9cf6d42a4aea8bbb4fec03fb8aa07afec32c36c1047662b9359914d,extra_variant_or_near_duplicate_for_train_component
46211d600fa4936f,1697099948688_JPEG_jpg,train,train,1697099948688_JPEG_jpg.rf.b9ee26ce7f6c0c83dac9a94f79a0cdb8.jpg,fbe56221044f6fb605c55a3d71f7e3af6ae1273068b1e7a18906f11455806389,extra_variant_or_near_duplicate_for_train_component
46211d600fa4936f,1697099948688_JPEG_jpg,train,train,1697099948688_JPEG_jpg.rf.ee9728335cace9d7de2d0f557e1744a3.jpg,d170a7739c8c7de4ab5bf50f8da25862f11efe56df15f96bc9b74fd7d04e3057,extra_variant_or_near_duplicate_for_train_component
46211d600fa4936f,1697099948688_JPEG_jpg,valid,train,1697099948688_JPEG_jpg.rf.a60e7f2d92f0fa76d5808ffc8567b334.jpg,7191dbcf5f22c88468d3173d8d89980662ca64bc219e90e6e34532e47b97e1e3,extra_variant_or_near_duplicate_for_train_component
467099b493e74cbd,IMG_4397_jpg,train,valid,IMG_4397_jpg.rf.6697d7cf443b88949ccafcb6c0df8f08.jpg,c22329a4f1d78d86fe76127855888222f641e498e02d717060c3f10160bf208f,extra_variant_or_near_duplicate_for_valid_component
467099b493e74cbd,IMG_4397_jpg,train,valid,IMG_4397_jpg.rf.88a4c019eb608f6fe17528d2ac8c00d1.jpg,b8d7d4d7e7a69a4152f6a8473b0a095b29d406be16ba339544d651564ef0ff54,extra_variant_or_near_duplicate_for_valid_component
46c22028035c1a9a,000080_jpg,train,train,000080_jpg.rf.3043dde3f4ae482b5b84afc3e16070d6.jpg,455d0f448f1d16e587589389b75b20565edd210b2cea06825252b38051d7a5b3,exact_duplicate_same_label
46c22028035c1a9a,000080_jpg,train,train,000080_jpg.rf.cef7c1220cb7ee1f974ec08382df571b.jpg,32f8c0654cd5d5b3d08dad6c954cba03b549d3daa798a9427d3f19ea0cdc7013,exact_duplicate_same_label
46c22028035c1a9a,000080_jpg,train,train,000080_jpg.rf.f3d5d64c9b1b95c611b371349acb0d54.jpg,32f8c0654cd5d5b3d08dad6c954cba03b549d3daa798a9427d3f19ea0cdc7013,exact_duplicate_same_label
46c22028035c1a9a,000080_jpg,valid,train,000080_jpg.rf.7379a3836c8ac3dea71f1ed51ebf6c49.jpg,be08acfc4808e0bf6c4154bab7501e0894ff549c768def456add08327ef3bd20,extra_variant_or_near_duplicate_for_train_component
46d971217618d9b4,1697099879097_JPEG_jpg,train,train,1697099879097_JPEG_jpg.rf.25f6c36e538de3dd4e2ee99d20c77211.jpg,957be2ad152f7a5c8a71fb2093945157a55a5cc07a91f33471e952a49d9346f3,extra_variant_or_near_duplicate_for_train_component
46d971217618d9b4,1697099879097_JPEG_jpg,train,train,1697099879097_JPEG_jpg.rf.4d93e110534cc73987999d4f98ee764a.jpg,70230e14c735d9103b823e55566916f46e8667ba17dec53b350e071fdddd7664,extra_variant_or_near_duplicate_for_train_component
46d971217618d9b4,1697099879097_JPEG_jpg,train,train,1697099879097_JPEG_jpg.rf.7092fb6ba03a0f16e87e4393ea127255.jpg,8541b23d86dbed9f5c33b2407f7da7f91dd357c33718a6ea784e74f3a688bac1,extra_variant_or_near_duplicate_for_train_component
46d971217618d9b4,1697099879097_JPEG_jpg,train,train,1697099879097_JPEG_jpg.rf.b8b4ea74a4e9f2c6a8f965c0f3384be6.jpg,93d06ea044f53095b40a9888206e3e72eeefb906aa6ab070f51224f45c18133d,extra_variant_or_near_duplicate_for_train_component
46d971217618d9b4,1697099879097_JPEG_jpg,train,train,1697099879097_JPEG_jpg.rf.be09b0e179617801c221465af9a983c6.jpg,821e6cc45e6981483331c1143d4f83804a62191bf103fe1073f3542687be4450,extra_variant_or_near_duplicate_for_train_component
46d971217618d9b4,1697099879097_JPEG_jpg,train,train,1697099879097_JPEG_jpg.rf.be865ccecc5f3563a4a147c825fa180c.jpg,ae2cafd4b8582c63a60aa6c1b02da1207a18ff7fcf5809f340c545f000d6cd83,extra_variant_or_near_duplicate_for_train_component
46d971217618d9b4,1697099879097_JPEG_jpg,train,train,1697099879097_JPEG_jpg.rf.bed2d1fe42da1558bf10450718d81767.jpg,02f56e809b50c1c2816fa36800dd8811b8e30a812d22a4c102cdc6c4eeecbc01,extra_variant_or_near_duplicate_for_train_component
46d971217618d9b4,1697099879097_JPEG_jpg,valid,train,1697099879097_JPEG_jpg.rf.11bd913f109cfc8979434a441294fa83.jpg,185c4d69aed50221ce91fe20874a7414d207f4496091345a7a8e43d45e02ac2c,extra_variant_or_near_duplicate_for_train_component
47252e9749ab50b2,bb0020_jpg,train,train,bb0020_jpg.rf.38722f0ade9f06f404cfca5159967998.jpg,20f05cca9b64853803c3c0271a3264214d442356380e9c1e9be913b42c64543a,exact_duplicate_same_label
47252e9749ab50b2,bb0020_jpg,train,train,bb0020_jpg.rf.80c708ed42dcb28675b294333e5fceb8.jpg,3de58fa374e8fff21eabdb4faa1b662725dfa684c89ab7b9bae4f77225710544,exact_duplicate_same_label
47252e9749ab50b2,bb0020_jpg,train,train,bb0020_jpg.rf.d82cbf47d66b78edc9e39adce77ebae0.jpg,3de58fa374e8fff21eabdb4faa1b662725dfa684c89ab7b9bae4f77225710544,exact_duplicate_same_label
47252e9749ab50b2,bb0020_jpg,train,train,bb0020_jpg.rf.eb1f63e0c988a90a81b010a6b9a1cbba.jpg,20f05cca9b64853803c3c0271a3264214d442356380e9c1e9be913b42c64543a,exact_duplicate_same_label
47252e9749ab50b2,bb0020_jpg,train,train,bb0020_jpg.rf.efd55ba9c18dbe3c97ce8510057ffe39.jpg,685277ede609455b85a731b322bdbc81e7efd10ac707e6f36fa34228a0f78564,exact_duplicate_same_label
47b5938a68152e2a,IMG_4449_jpg,train,train,IMG_4449_jpg.rf.827875aee010b365196d126c72c11206.jpg,3958a97fc5b560a9cdb1946044fadb536c11647ab3e2ce52ea88c021137c4af7,extra_variant_or_near_duplicate_for_train_component
47b5938a68152e2a,IMG_4449_jpg,train,train,IMG_4449_jpg.rf.a340df635392b5f94a7935975c3ab976.jpg,ba7709698afb01e025af25fff17500cee04334ce86757ee1b31ab1f0c8d15f73,extra_variant_or_near_duplicate_for_train_component
47c6b723a5822f2d,WIN_20220507_20_59_05_Pro_jpg,train,train,WIN_20220507_20_59_05_Pro_jpg.rf.4023126a34ffe5575f8596351c50a486.jpg,fe41518ba48beb2626019331d9a7fbc835978ade8a350884f664e454ebf6bd20,exact_duplicate_same_label
47c6b723a5822f2d,WIN_20220507_20_59_05_Pro_jpg,train,train,WIN_20220507_20_59_05_Pro_jpg.rf.ff9bda4c15561fab5a8d46cd4fd4188c.jpg,ef30b6d0561b481efb5c3b4ba3541d3985ff0c45651159d65ea9e9aa2b57ce48,extra_variant_or_near_duplicate_for_train_component
47c6b723a5822f2d,WIN_20220507_20_59_05_Pro_jpg,test,train,WIN_20220507_20_59_05_Pro_jpg.rf.4023126a34ffe5575f8596351c50a486.jpg,fe41518ba48beb2626019331d9a7fbc835978ade8a350884f664e454ebf6bd20,exact_duplicate_same_label
489a19ed96ccd9af,images-36-_jpg,train,train,images-36-_jpg.rf.2ce1522633c36f14de654892100da3f1.jpg,2f54f8cab6a28724f842d0ba971ae5d8b7795d910f2958688ee686d9eec3938c,extra_variant_or_near_duplicate_for_train_component
489a19ed96ccd9af,images-36-_jpg,train,train,images-36-_jpg.rf.da224c631a2b36eeaf4c602c39646497.jpg,e89697124ba544f589e35ac3676c8032e0a536d779b96aa4e2ed5557ba11d12a,extra_variant_or_near_duplicate_for_train_component
48a071e229d53870,c00017_jpg,train,train,c00017_jpg.rf.105f0e493702f8dc14329dfea32cbc0b.jpg,5c0ee603049aa45bc8fccedbdc4aac2475dc5c896cb54d78a03b1c5e6c4ca86a,exact_duplicate_same_label
48a071e229d53870,c00017_jpg,train,train,c00017_jpg.rf.5f95d433b4a39b4bea29b36f34b94e62.jpg,6a3bb0033d5e1990d701d8a067f983d4429765fd2e21f68cbd2cf55581f33725,exact_duplicate_same_label
48a071e229d53870,c00017_jpg,train,train,c00017_jpg.rf.71445c69a1a5f8ac7ca71d73f20d2aa8.jpg,87aee8d353c1538afd23e8f22ab1e76febf871840d8e727dc19ec1646fb894c6,exact_duplicate_same_label
48a071e229d53870,c00017_jpg,train,train,c00017_jpg.rf.8c2acebf49eca94b955ad62ecf0aff60.jpg,87aee8d353c1538afd23e8f22ab1e76febf871840d8e727dc19ec1646fb894c6,exact_duplicate_same_label
48a071e229d53870,c00017_jpg,train,train,c00017_jpg.rf.c018579f5e86f9bc76509f2b09063d86.jpg,6a3bb0033d5e1990d701d8a067f983d4429765fd2e21f68cbd2cf55581f33725,exact_duplicate_same_label
48a071e229d53870,c00017_jpg,train,train,c00017_jpg.rf.dd6c1f37d349af6fc11fc1c1898a3a5f.jpg,93352f25eb7900ae5c64489c54d90db17fa28b2b3abbdfb6e5bcfa0a92d03607,exact_duplicate_same_label
48a071e229d53870,c00017_jpg,train,train,c00017_jpg.rf.f93c7fd20eba34d57c2b147355fb5402.jpg,5c0ee603049aa45bc8fccedbdc4aac2475dc5c896cb54d78a03b1c5e6c4ca86a,exact_duplicate_same_label
48a071e229d53870,c00017_jpg,valid,train,c00017_jpg.rf.2be8c9c6f2b834427897d22df734b970.jpg,98ec3534107e1be355d4e988c16e226f165bd5aae1562d6fdd00355685b47070,extra_variant_or_near_duplicate_for_train_component
48a071e229d53870,c00017_jpg,valid,train,c00017_jpg.rf.73d77a0a712260032e187a7474e713a5.jpg,8509a1dc5a3cde940be1971c6395d8e123078f36f6981e766b2fc0e95f9dc6da,extra_variant_or_near_duplicate_for_train_component
48a61afdca1eec8c,bb0214_jpg,train,train,bb0214_jpg.rf.4f4b246ee45034daac71f4c15614fd2c.jpg,70a9c8e60dc8bfd8094a3911de6eb838fd51a4f5b9fcf12975e288bf12abfa0d,exact_duplicate_same_label
48a61afdca1eec8c,bb0214_jpg,train,train,bb0214_jpg.rf.6a44a41a478b68ce5f895f2b08474d89.jpg,687b0ec49bb4ab6d303039f0839a7c7ed298596f2be6a65b92dd925a53cf6881,exact_duplicate_same_label
48a61afdca1eec8c,bb0214_jpg,train,train,bb0214_jpg.rf.6c56ffb5a4c75059ed7673fa6a7af46e.jpg,19811987ae8a93320fd2a899798cf74efa6884cd9f6b51b8fc26b4b707b8fb0c,exact_duplicate_same_label
48a61afdca1eec8c,bb0214_jpg,train,train,bb0214_jpg.rf.a67441c75fb14185d114d36734c56673.jpg,70a9c8e60dc8bfd8094a3911de6eb838fd51a4f5b9fcf12975e288bf12abfa0d,exact_duplicate_same_label
48a61afdca1eec8c,bb0214_jpg,train,train,bb0214_jpg.rf.c4af2ef61c39bed4149ce48610484120.jpg,687b0ec49bb4ab6d303039f0839a7c7ed298596f2be6a65b92dd925a53cf6881,exact_duplicate_same_label
4933176e607b8092,IMG_4516_jpg,train,test,IMG_4516_jpg.rf.47f90c81ad52e1001ecb4089b12b06fe.jpg,48d23271b1405eea4409d371dfe6564450ef8530d7ce371125039b3a1d3c11a7,extra_variant_or_near_duplicate_for_test_component
4933176e607b8092,IMG_4516_jpg,train,test,IMG_4516_jpg.rf.cbe9ba681f7e81a61207a40ba3f85f8e.jpg,d8e9fbb7eee9292115502d221d586827ceede54ad9602923b832e0c1399f7e54,extra_variant_or_near_duplicate_for_test_component
4985c80b4e1a04ca,WIN_20220507_21_29_06_Pro_jpg,train,train,WIN_20220507_21_29_06_Pro_jpg.rf.d68181166ee73f170401d9274ae12889.jpg,b05dac65e4e1477ac57add1c065dcbef71635c85e959b8bbb0dfc1fec3ce1b7d,extra_variant_or_near_duplicate_for_train_component
4985c80b4e1a04ca,WIN_20220507_21_29_06_Pro_jpg,valid,train,WIN_20220507_21_29_06_Pro_jpg.rf.c6aadde71bd509c56459cc573056b834.jpg,bda4b7549f25be351769387372aed3060f1db6f0fc56b755ef3370caefa722e7,extra_variant_or_near_duplicate_for_train_component
4a7ceff776f4507c,images-104-_jpg,train,train,images-104-_jpg.rf.57c67ea3a500edcda52c949e25af5700.jpg,3299a4fe76d21f0128e94f4dab7f913a7bd7ffde0f8908b0ce613edee65750db,extra_variant_or_near_duplicate_for_train_component
4a7ceff776f4507c,images-104-_jpg,train,train,images-104-_jpg.rf.e5178d6a76486ae2a655a01bd578859d.jpg,558c5c3e4096b1a8a00c3837e6db4cc459389d5a39305af60e887fb5214d9cd3,extra_variant_or_near_duplicate_for_train_component
4b5ee843ccd97fc0,images-84-_jpg,train,train,images-84-_jpg.rf.5910c2d4e118ae9c9608af17b46263f1.jpg,96ac63ccb593f9d6a42ba5b29a0f892250dd28bb230653ec1c64c847d88cb46f,extra_variant_or_near_duplicate_for_train_component
4b5ee843ccd97fc0,images-84-_jpg,train,train,images-84-_jpg.rf.d9099b55cf1926a8c1dbb36158dd6b28.jpg,dda02a7b3e6733d3f61efc31ef67321525406a37a72dfac7c4a0704814afe98e,extra_variant_or_near_duplicate_for_train_component
4b5ee843ccd97fc0,images-84-_jpg,test,train,images-84-_jpg.rf.4e91f28384fcf208191a5957345eca87.jpg,1387a494408ba98a7ee075db5c49a22c76127dc250f584197e9e5ee246c79b8f,exact_duplicate_same_label
4b6d16b0602b607f,IMG_4543_jpg,train,valid,IMG_4543_jpg.rf.b00abfe7507f700b595787e41a91521f.jpg,acfbad52df25a6cf1dca96fdbc52de1cbb1565e02b162574a13f6a562bc98df8,extra_variant_or_near_duplicate_for_valid_component
4b6d16b0602b607f,IMG_4543_jpg,train,valid,IMG_4543_jpg.rf.c36765bf7e2a80bd32e37ea30151172e.jpg,488b29e911ddc3a0720b30abcaf22963a8cfc31ce6db003547d4ca621618877e,extra_variant_or_near_duplicate_for_valid_component
4bb67e528a940961,IMG_4419_jpg,train,train,IMG_4419_jpg.rf.f086d93d0f8b51f78209b72c47a27f04.jpg,75b9bd61ae17ba78169f433cff6b9b4281aa65124ac46f4a1c97dadd0b3a9e60,extra_variant_or_near_duplicate_for_train_component
4bb67e528a940961,IMG_4419_jpg,train,train,IMG_4419_jpg.rf.f5305d95e16b5395fcc96d97c1d6bffb.jpg,fb690b9a0d973b0be9010971648180ce9340bacad9ea09fb7180393173889504,extra_variant_or_near_duplicate_for_train_component
4bb67e528a940961,IMG_4420_jpg,train,train,IMG_4420_jpg.rf.0dcb9b787d7e43a318965ec646e1a342.jpg,84f3b126fee3a7def2581120d3abcaf2f7d391e9ab161b960f851d5cd42c04d7,extra_variant_or_near_duplicate_for_train_component
4bb67e528a940961,IMG_4420_jpg,train,train,IMG_4420_jpg.rf.4457c4e73b9ade3f2d40f1491549025c.jpg,4f08d1647177ca92428320097f4a3d1c062fab0ff33f7f2590095a9b4a5c62b5,extra_variant_or_near_duplicate_for_train_component
4bb67e528a940961,IMG_4420_jpg,train,train,IMG_4420_jpg.rf.95c1950bc82ceb8960f5e732158ea9c5.jpg,83473633956f53d7c3ab5cac555f163293b19f8fec3655b6fee20061e189cc65,extra_variant_or_near_duplicate_for_train_component
4bbe2b6a90c08433,images-78-_jpg,train,train,images-78-_jpg.rf.6b4a998b7f87d7ac0828f2595fea669f.jpg,136e430eb5f7b276618fd819f042d609d1c6f08f2bacdcb67351cdee3c6278d8,extra_variant_or_near_duplicate_for_train_component
4bbe2b6a90c08433,images-78-_jpg,train,train,images-78-_jpg.rf.ebda4ca7d479cc6e377b682e2e0de6c4.jpg,8babcabb9866895a098e7aef19b125c8d40e1568a086f4bd0b6806b3fd15d202,extra_variant_or_near_duplicate_for_train_component
4bbe2b6a90c08433,images-78-_jpg,test,train,images-78-_jpg.rf.035b205b1f5ad7c17e72f1f26328cb4d.jpg,e79126afa64c73b644c6675ea2721a8b81ccbcf2a8ce1f64bd11e72a65c52fba,exact_duplicate_same_label
4c482665bd5d8515,ggg007_jpg,train,train,ggg007_jpg.rf.5bb8d06417da1df9fa9ec7a50fe3acad.jpg,09ea47a1413b5f9c7d17888736a42120e7483b74d4ea471f036cfc7c694145c5,exact_duplicate_same_label
4c973d138c39dcd9,WIN_20220507_21_29_18_Pro_jpg,train,valid,WIN_20220507_21_29_18_Pro_jpg.rf.2a5d79bc3a81e7f1c75ddaa0ac2c6335.jpg,2d718c5faf3453f0fd3d52a3aef321042a39d19d68c4b637766f0c6c81bb5209,extra_variant_or_near_duplicate_for_valid_component
4c973d138c39dcd9,WIN_20220507_21_29_18_Pro_jpg,train,valid,WIN_20220507_21_29_18_Pro_jpg.rf.3a870207523dfb7bdea0ad33540a84cd.jpg,8861cf9cfb4f4ac2fa4e782a41d3d9d5484b0bfb7810256e82c3b916bdea3472,extra_variant_or_near_duplicate_for_valid_component
4cb1f1328fe753cc,gg0024_png_jpg,train,train,gg0024_png_jpg.rf.2d0c762321750737f26f39dbafe2a855.jpg,b4a1845cbdb39ceaab6af520bac72ddd1805f5ab8b4454a2fa5e53d2c276d82b,exact_duplicate_same_label
4cb1f1328fe753cc,gg0024_png_jpg,train,train,gg0024_png_jpg.rf.36cefc69a2702dc944139960a2a31d45.jpg,b4a1845cbdb39ceaab6af520bac72ddd1805f5ab8b4454a2fa5e53d2c276d82b,exact_duplicate_same_label
4cb1f1328fe753cc,gg0024_png_jpg,train,train,gg0024_png_jpg.rf.714ffaa17a303cde492411a06153e213.jpg,1f2112b9f8c60304e9c591200739d5f106e7c3685b1434413aec0216595559bb,exact_duplicate_same_label
4cb1f1328fe753cc,gg0024_png_jpg,train,train,gg0024_png_jpg.rf.de0e383d126a9cc0b25b74cc6221f5d9.jpg,d809f55629a1ee0f37e0390064f6c7b782f67f04d9360b81e0b3a61a6efddabe,exact_duplicate_same_label
4cb1f1328fe753cc,gg0024_png_jpg,train,train,gg0024_png_jpg.rf.ffb819bc87139c7fe72fafda973f6b3c.jpg,1f2112b9f8c60304e9c591200739d5f106e7c3685b1434413aec0216595559bb,exact_duplicate_same_label
4ce35ee1b8173964,000026_jpg,train,train,000026_jpg.rf.9aa0f545a1cbe7c799810d02b43c0d40.jpg,da764d8ed9db4721ac5b87ac78d4682a65546da4d13734b52f436ce4c9b4c6a0,exact_duplicate_same_label
4ce35ee1b8173964,000026_jpg,train,train,000026_jpg.rf.e709a89c68a91fbd1414ff0beaecc0c0.jpg,da764d8ed9db4721ac5b87ac78d4682a65546da4d13734b52f436ce4c9b4c6a0,exact_duplicate_same_label
4ce35ee1b8173964,000026_jpg,valid,train,000026_jpg.rf.4fe345c7a9d17fe73377c5943d1d7d4f.jpg,4ede0d5899ce8fdadffe48f20180977dc2f7e363eea1570105b2160ac3ff6b92,extra_variant_or_near_duplicate_for_train_component
4ce35ee1b8173964,000026_jpg,valid,train,000026_jpg.rf.d3309310a93cececf8981d91614c4197.jpg,2814fb0cb95ae04db8185df2a4f2826d9f0da1ebbd43b02f4b74ec36441b85ef,extra_variant_or_near_duplicate_for_train_component
4db68230cfcca465,IMG_4404_jpg,train,train,IMG_4404_jpg.rf.e0ae9c2aacf2fd8921770893b4a76782.jpg,c6536332834c027424494c377ee0bd0e6ddbe2e67578f2751d53e8731f653acb,extra_variant_or_near_duplicate_for_train_component
4db68230cfcca465,IMG_4404_jpg,train,train,IMG_4404_jpg.rf.fc12aa9a42ade9e62dd57f1383a3ada3.jpg,340901f83281fe41a8b399bd86ed965c533329a31d00d6b69d28985d44d61d7f,extra_variant_or_near_duplicate_for_train_component
4e2eef3ace757c41,IMG_4327_jpg,train,test,IMG_4327_jpg.rf.36d1b35bfc0c7974d376149b3be3ce95.jpg,7b8dfeb7c85532c9788469e2170bf7e54d7dc15a5429cf8f01a67422c392c2d3,extra_variant_or_near_duplicate_for_test_component
4e2eef3ace757c41,IMG_4327_jpg,train,test,IMG_4327_jpg.rf.402f7f7bcb96a9006d94a9b37ed3095f.jpg,a4377c4d2c90ba48329d40ece68f19b5340b14b3f2f82cb63ba4208bbd52c982,extra_variant_or_near_duplicate_for_test_component
4eac24d68037f3d1,c00514_jpg,train,train,c00514_jpg.rf.42e0204b74e2eacfce1beb973cb3fefc.jpg,e6635354e3ecc46d046e167d3693a17689bd7401e8988313aaaac86eb7d84193,exact_duplicate_same_label
4eac24d68037f3d1,c00514_jpg,train,train,c00514_jpg.rf.5c3e26be860dae50238bb3f8e057951a.jpg,66ef44c4e831a662d493c5138b3c95bb70c53f6d9f5c177f2d2f3d0b2187c6ae,exact_duplicate_same_label
4eac24d68037f3d1,c00514_jpg,train,train,c00514_jpg.rf.640cdef6375606ea87457269e44e6a51.jpg,e6635354e3ecc46d046e167d3693a17689bd7401e8988313aaaac86eb7d84193,exact_duplicate_same_label
4eac24d68037f3d1,c00514_jpg,train,train,c00514_jpg.rf.6cb7ea13c8b6641da28951548e43ef1f.jpg,c682a680cec4557554b12dffe3fd53034f2c4edb1c21c9a94215f231b7e50722,exact_duplicate_same_label
4eac24d68037f3d1,c00514_jpg,train,train,c00514_jpg.rf.d26d5e7095576262c0bffdc2d6f37159.jpg,b2ccf41f6e7302d5b50a068161b5d230318edf5c9e93feb9aa113852f4ff83a0,exact_duplicate_same_label
4eac24d68037f3d1,c00514_jpg,train,train,c00514_jpg.rf.dd1b42265b2830fa00ac03504d1f1922.jpg,66ef44c4e831a662d493c5138b3c95bb70c53f6d9f5c177f2d2f3d0b2187c6ae,exact_duplicate_same_label
4eac24d68037f3d1,c00514_jpg,train,train,c00514_jpg.rf.e79d65eba3deb8df9f299497588b1256.jpg,c682a680cec4557554b12dffe3fd53034f2c4edb1c21c9a94215f231b7e50722,exact_duplicate_same_label
4eac24d68037f3d1,c00514_jpg,valid,train,c00514_jpg.rf.b4ba3124536c68675355e6b03928837b.jpg,262a86ddb696133066aa89fc4697409e5ffa5fe404605f8c4d69b18dfb7fa17e,extra_variant_or_near_duplicate_for_train_component
4eac24d68037f3d1,c00514_jpg,test,train,c00514_jpg.rf.e036f17423566b7662b8976dc3c82137.jpg,0b0b7a0457fd9c719b9666a52ee1030ebe38957e31aba3c68d6a95934ab6403c,extra_variant_or_near_duplicate_for_train_component
4ed23dc086a38542,IMG_5115,valid,train,IMG_5115.JPG,457bdf4cb7c1932b1b5680f5cce1a0362c67c14a4bdff22634053a8918b274ec,extra_variant_or_near_duplicate_for_train_component
4ed23dc086a38542,IMG_5116,valid,train,IMG_5116.JPG,ef99346b1f94041658ab22d26c32f82b4c804d363a6ec408fb02f3af99d3fbfc,extra_variant_or_near_duplicate_for_train_component
4ed23dc086a38542,IMG_5117,valid,train,IMG_5117.JPG,c317fe26d35956e6139a0062a0d6004e478a228a6f605209f068da4bfd929ad8,extra_variant_or_near_duplicate_for_train_component
4f1457f509cdf8ac,small-90-_jpg,test,test,small-90-_jpg.rf.eca20cf35fcd1cba620043af6cb44660.jpg,87b90f3289abfe3ec19e856fbc625abb8c9d4c1609a37d7545a9b20ccabeb478,exact_duplicate_same_label
4f1457f509cdf8ac,small-90-_jpg,valid,test,small-90-_jpg.rf.9878b21f6e56a975891c505d31afceb7.jpg,9d9a9840a6b605d956a32e7a7a24113aafc56a1ae2246ee562fd87ad5f034f72,extra_variant_or_near_duplicate_for_test_component
4f1457f509cdf8ac,small-90-_jpg,train,test,small-90-_jpg.rf.a72dc644942c5e5883626315bcde997e.jpg,9f659c66c466562b0a2f45c6109ac1cf79ac6ef10872bd4ab99d09f410cf95eb,exact_duplicate_same_label
4f1457f509cdf8ac,small-90-_jpg,train,test,small-90-_jpg.rf.eca20cf35fcd1cba620043af6cb44660.jpg,87b90f3289abfe3ec19e856fbc625abb8c9d4c1609a37d7545a9b20ccabeb478,exact_duplicate_same_label
4f8f02446b0c3102,c00166_jpg,train,train,c00166_jpg.rf.1d84a5b4bcef14330e5c52fa8d540bd5.jpg,3bde035dd371284cd3bdc619ede2d6035aa08b02bd19ffc49bf54e18e4e8650c,exact_duplicate_same_label
4f8f02446b0c3102,c00166_jpg,train,train,c00166_jpg.rf.7db5e3f6a0b9be05d85624f8e173f8af.jpg,758067f7b1949cb4691882b65491c79af24a7f3a5e5be55665b7465c1021b1ee,exact_duplicate_same_label
4f8f02446b0c3102,c00166_jpg,train,train,c00166_jpg.rf.93f2932e6f952ce45b032be535609eaa.jpg,14aaf8c7f20fb9ed51d623dde7c446100843e3fba08a4bba2a9b5fe4852b351b,exact_duplicate_same_label
4f8f02446b0c3102,c00166_jpg,train,train,c00166_jpg.rf.c0f2e2dd4b14e762bb409a6f862eda53.jpg,14aaf8c7f20fb9ed51d623dde7c446100843e3fba08a4bba2a9b5fe4852b351b,exact_duplicate_same_label
4f8f02446b0c3102,c00166_jpg,train,train,c00166_jpg.rf.ee9d1c7d7dfdac87212769f29b3c2a3b.jpg,3bde035dd371284cd3bdc619ede2d6035aa08b02bd19ffc49bf54e18e4e8650c,exact_duplicate_same_label
4fafb657fff9d8c9,c00493_jpg,train,train,c00493_jpg.rf.104e8380f5ae2153eb1fc42a76ed049f.jpg,455614956d537b66b1d346ac1d3c2954119fd7f02abea21167cc22c2e6025c3c,exact_duplicate_same_label
4fafb657fff9d8c9,c00493_jpg,train,train,c00493_jpg.rf.4f584debb92e105f8a6799a700051292.jpg,d078d450a3a8be12d47f0ba2c86ed22b120e0d3843e8b700e353cd767d42f910,exact_duplicate_same_label
4fafb657fff9d8c9,c00493_jpg,train,train,c00493_jpg.rf.65eedeef52e2404896fc19fcda19fcad.jpg,9d45e7dc8f537f1d66fa36b4d8e37183c12a748839a79278183bc896d8bfa555,exact_duplicate_same_label
4fafb657fff9d8c9,c00493_jpg,train,train,c00493_jpg.rf.6d22f99852d45d816379c2a1c8f2ce4b.jpg,455614956d537b66b1d346ac1d3c2954119fd7f02abea21167cc22c2e6025c3c,exact_duplicate_same_label
4fafb657fff9d8c9,c00493_jpg,train,train,c00493_jpg.rf.b8772bb8d1cfd67d35f1dc15a4c84410.jpg,9d45e7dc8f537f1d66fa36b4d8e37183c12a748839a79278183bc896d8bfa555,exact_duplicate_same_label
4fe16484d8c968a0,c00427_jpg,train,train,c00427_jpg.rf.740c72c13622076445d1115cafcfabaf.jpg,52cf0464ed270ccd9b84b4d891b2d561ff3d34a1d80ba0da95497a1b021dcc72,exact_duplicate_same_label
4fe16484d8c968a0,c00427_jpg,train,train,c00427_jpg.rf.7f69fd4fe864ba28d44eb10893fc38a3.jpg,3fbd75c466ab1086eedd7eb424907af274b770d502e7adcc02aea619840e16e4,exact_duplicate_same_label
4fe16484d8c968a0,c00427_jpg,train,train,c00427_jpg.rf.a972cf6b9369ddf3b5705fdd4de148b6.jpg,3fbd75c466ab1086eedd7eb424907af274b770d502e7adcc02aea619840e16e4,exact_duplicate_same_label
4fe16484d8c968a0,c00427_jpg,train,train,c00427_jpg.rf.b41cc7b47d67db35eae09f147a1d3a7f.jpg,52cf0464ed270ccd9b84b4d891b2d561ff3d34a1d80ba0da95497a1b021dcc72,exact_duplicate_same_label
4fe16484d8c968a0,c00427_jpg,train,train,c00427_jpg.rf.fa5f37317daf0579a43649d978ee5b67.jpg,5f053c2396c0adb3c5ea47ce96b89faea18b1e109a0029c532a591e3b8d8f9b5,exact_duplicate_same_label
4fe16484d8c968a0,c00427_jpg,valid,train,c00427_jpg.rf.4f180f1e62f52fff1306807ab0243ac5.jpg,50e3841506673057ef4347f41e4521ff56a730c6dcfeb7c51ab83ec4e1d6802e,extra_variant_or_near_duplicate_for_train_component
4fe16484d8c968a0,c00427_jpg,valid,train,c00427_jpg.rf.63abd331f4191a48a14d5864bea8093b.jpg,1ac6af3f7f97a388f01e8360b1374b8e8f481ec31a3e40489d874246fae63bb5,extra_variant_or_near_duplicate_for_train_component
4fe16484d8c968a0,c00427_jpg,test,train,c00427_jpg.rf.6e4ccac31a580804598da1c4d09057ad.jpg,0f2ce139fd3639d6cac7f1662937548e7ff081bd0e559ebb96b4328fc27dfe15,extra_variant_or_near_duplicate_for_train_component
4fed4311ba55e017,IMG_5092,valid,train,IMG_5092.JPG,ee480bcbce445d751a07ca44cfaed7461fb4a208d4cb83a52f8799a217a582d8,extra_variant_or_near_duplicate_for_train_component
501b215d15ca1797,1697099983104_JPEG_jpg,train,train,1697099983104_JPEG_jpg.rf.3bf24fe2230ba180a559e66886cb1724.jpg,03d337f333099a1970dabc2548403d0b5f67a863869bef7699873d7d7835fa6b,extra_variant_or_near_duplicate_for_train_component
501b215d15ca1797,1697099983104_JPEG_jpg,train,train,1697099983104_JPEG_jpg.rf.4bb9dc860f3c5fc55c12f62ae7711a36.jpg,4ecea1c1fa3d83c59564fcaa0a5d73c7bb7cdd8e3fc374fb110be0159b24d837,extra_variant_or_near_duplicate_for_train_component
501b215d15ca1797,1697099983104_JPEG_jpg,train,train,1697099983104_JPEG_jpg.rf.5511c6b89e123d76851eb59e93f1e215.jpg,f16ede09aa228249aaad02432980f9ab8f3411186564d0a1c8993b6a5ab126e0,extra_variant_or_near_duplicate_for_train_component
501b215d15ca1797,1697099983104_JPEG_jpg,train,train,1697099983104_JPEG_jpg.rf.7200337431b021ba500e89a2f09792b0.jpg,bae07dbbc1c59b8fbe2f5b2f6ddf215a0464c896c84ad5de1abffd1824412e3f,extra_variant_or_near_duplicate_for_train_component
501b215d15ca1797,1697099983104_JPEG_jpg,train,train,1697099983104_JPEG_jpg.rf.a78bc8870a38587a844251b70f21609f.jpg,6e9becee47944463a43d65f23ad9227b1a215f83ca172e332aa449495132dafa,extra_variant_or_near_duplicate_for_train_component
501b215d15ca1797,1697099983104_JPEG_jpg,train,train,1697099983104_JPEG_jpg.rf.c18091ae44695951df39e88b9f5ef3ee.jpg,1eabd16da0813b962b9f9a6f4c15788bd7e020435c3b9358616c43ba4959b5ca,extra_variant_or_near_duplicate_for_train_component
501b215d15ca1797,1697099983104_JPEG_jpg,train,train,1697099983104_JPEG_jpg.rf.f70ab808e735103cd28508b28e2aa7ba.jpg,4ea6aee8fff72bd07442ce7dd9e0d5347e3ac397b150a93987036a3e3d420ef2,extra_variant_or_near_duplicate_for_train_component
501b215d15ca1797,1697099983104_JPEG_jpg,valid,train,1697099983104_JPEG_jpg.rf.6b50e4539cfde89bb3726526bf3b9d85.jpg,980f8dd769351a7afbf1e5e1530741cf6f9dea03ed79a5a4a3465843c2525589,extra_variant_or_near_duplicate_for_train_component
50986d90cbdef7f9,images-4-_jpg,train,train,images-4-_jpg.rf.89821ef1e4a0083ad709cd42d8c52209.jpg,e14ea9319118b70b9b2e90538250daa17f305a902dba971fb94d7e62e08bbba8,extra_variant_or_near_duplicate_for_train_component
50986d90cbdef7f9,images-4-_jpg,train,train,images-4-_jpg.rf.feac34de1f5d3c223a6ef5a44a35a093.jpg,037f52e49824bbfeab39432c1a1256fad6b7ce9875610323168119816cefd696,exact_duplicate_same_label
50986d90cbdef7f9,images-4-_jpg,test,train,images-4-_jpg.rf.feac34de1f5d3c223a6ef5a44a35a093.jpg,037f52e49824bbfeab39432c1a1256fad6b7ce9875610323168119816cefd696,exact_duplicate_same_label
50a7956aa832a6b9,smoking_0718_jpg,train,train,smoking_0718_jpg.rf.fb155d0cf999f550718e1aad9177af78.jpg,248ad75a785871e2197932f84b2770e225d39a47192bd35f1e8e3f443848000d,extra_variant_or_near_duplicate_for_train_component
50e8ab3d128d7dbe,WIN_20220329_21_28_52_Pro_jpg,train,train,WIN_20220329_21_28_52_Pro_jpg.rf.cd54bf58cd0d106a2cbc5f7fd72e35e6.jpg,1103fa83e4ebfc3c01296b223358310e01e81fee7384d045e993d63c6395a5e3,exact_duplicate_same_label
50e8ab3d128d7dbe,WIN_20220329_21_28_52_Pro_jpg,train,train,WIN_20220329_21_28_52_Pro_jpg.rf.e7bdc0aaec933350fe8fb430e7b253b6.jpg,96485136c44817ed4ffef3d769361c421eee7589eeae30dd566c760cd65fb1a4,extra_variant_or_near_duplicate_for_train_component
50e8ab3d128d7dbe,WIN_20220329_21_28_52_Pro_jpg,test,train,WIN_20220329_21_28_52_Pro_jpg.rf.bdc2ae1b9b0d4bb5619e8b62ea608984.jpg,e956137e970073dd37768e46d795f336720b6cee30505a4c87abf93fc3099f44,exact_duplicate_same_label
50e8ab3d128d7dbe,WIN_20220329_21_28_52_Pro_jpg,test,train,WIN_20220329_21_28_52_Pro_jpg.rf.cd54bf58cd0d106a2cbc5f7fd72e35e6.jpg,1103fa83e4ebfc3c01296b223358310e01e81fee7384d045e993d63c6395a5e3,exact_duplicate_same_label
51c64150d18206f7,indir-19-_jpg,valid,train,indir-19-_jpg.rf.520eb2c04b26883c1a958768e0caff90.jpg,f7876cc833ae3de4bd24c2fa63387d4499961d23d5a3762ef3b295d79a998236,extra_variant_or_near_duplicate_for_train_component
51c64150d18206f7,indir-19-_jpg,valid,train,indir-19-_jpg.rf.5527367cf3a2a521fa240789d224c630.jpg,17ccdbfa15155f3d773c3f48c6ad47c5ce636793b353b387f61186efa6cefc6f,extra_variant_or_near_duplicate_for_train_component
51dd53316afd0394,1697100043461_JPEG_jpg,valid,valid,1697100043461_JPEG_jpg.rf.aa352bc1a2c707fc942f893ca62da28d.jpg,098ab7dd9c09b9ced85fb24740f5616a13a7fa7b147c4017d574c252c6c303b4,extra_variant_or_near_duplicate_for_valid_component
51dd53316afd0394,1697100043461_JPEG_jpg,valid,valid,1697100043461_JPEG_jpg.rf.bf0fa9221b32829f2950cae0bc0f154c.jpg,6811f0cdade19779770794905994b88008ae8eed3ae5f6655411972b38e0ced6,extra_variant_or_near_duplicate_for_valid_component
51dd53316afd0394,1697100043461_JPEG_jpg,train,valid,1697100043461_JPEG_jpg.rf.4d52d2ca00c4d393b396fed521891277.jpg,cbf7facee9d537a46bcdce421cbf1807a9555e636ae19a460c2abaccdc238250,extra_variant_or_near_duplicate_for_valid_component
51dd53316afd0394,1697100043461_JPEG_jpg,train,valid,1697100043461_JPEG_jpg.rf.5e2b310d9dbc58f5d0d85998b2a9b45c.jpg,0480ff86266d07ea1ec2ed2bb5e4bdb5071f03fdcc258b969474154f36a37f39,extra_variant_or_near_duplicate_for_valid_component
51dd53316afd0394,1697100043461_JPEG_jpg,train,valid,1697100043461_JPEG_jpg.rf.987f3fc9d12907b7939349df42a6d78d.jpg,956731a5f71a521d59880c493e0018ef5755637e5b8a315c96b75d7583277c29,extra_variant_or_near_duplicate_for_valid_component
51dd53316afd0394,1697100043461_JPEG_jpg,train,valid,1697100043461_JPEG_jpg.rf.9b093db4850530b9506db2541461d6d0.jpg,13a640de867e408d7e26f83e8e4550dc409b542a9b6614a50be5c3911c6daa5e,extra_variant_or_near_duplicate_for_valid_component
51dd53316afd0394,1697100043461_JPEG_jpg,train,valid,1697100043461_JPEG_jpg.rf.c2807727ba7ee6b7a195125c4b1f4a09.jpg,bb73e79405404b61a66879163f66909ed207ae0a6ba29dc7c83ccf893ea3528e,extra_variant_or_near_duplicate_for_valid_component
51dd53316afd0394,1697100043461_JPEG_jpg,train,valid,1697100043461_JPEG_jpg.rf.d0ab67c67b7db50a6e6f5893e26431af.jpg,d224fb2c2fc2a919b5792d8c1f851efb16a57b9df749e69dc65df5d04fc4e2cc,extra_variant_or_near_duplicate_for_valid_component
527735b32fe96c04,images-8-_jpeg_jpg,train,valid,images-8-_jpeg_jpg.rf.44329cb0a6700b3c57bdc48f656a222c.jpg,1910b52398adb0b43b174c5f79f26b94d2249d6d61793e0200ebb278c171800c,exact_duplicate_same_label
5278c79684eac7b2,small-110-_jpg,train,train,small-110-_jpg.rf.8588c5c5c07f8e63ebdd9c2124382705.jpg,e2801efd60a25c490b6f55fe1874092ced7dcef87d88e502cb32165ebe093fed,extra_variant_or_near_duplicate_for_train_component
5278c79684eac7b2,small-110-_jpg,train,train,small-110-_jpg.rf.d36d886c547dab2e92c74ffba8728635.jpg,04c72d687ce718f98a5a024d8537882ce82cbad706b0d8e82431559e70a15976,extra_variant_or_near_duplicate_for_train_component
52be3b7f3b2d5ee4,bb0168_jpg,train,train,bb0168_jpg.rf.5fe859432862abef409a1b02472c96ea.jpg,917cf5f3c5693243f306b6a9f3131d4e267b336380d07b1fa81b5a7c527afe0f,exact_duplicate_same_label
52be3b7f3b2d5ee4,bb0168_jpg,train,train,bb0168_jpg.rf.621e1b0ada7fe9f162481a95503928e6.jpg,917cf5f3c5693243f306b6a9f3131d4e267b336380d07b1fa81b5a7c527afe0f,exact_duplicate_same_label
52be3b7f3b2d5ee4,bb0168_jpg,train,train,bb0168_jpg.rf.cb551d49160695afda35df20f647db11.jpg,26492c441e1920a90478124261158fde3d3eb9211ed19141afc208e4bb956f46,exact_duplicate_same_label
52be3b7f3b2d5ee4,bb0168_jpg,valid,train,bb0168_jpg.rf.c1d8314470363d1cfa072b7de4c3895e.jpg,c089959f1b18c0459d3d8f82385807f7424f6374079059636be2dd3a76ea6e81,extra_variant_or_near_duplicate_for_train_component
52eb53030ba8e5d8,WIN_20220329_21_28_57_Pro_jpg,valid,test,WIN_20220329_21_28_57_Pro_jpg.rf.a6fd2d57fd1c57ced3952451b8b23f9f.jpg,de8e381ea93cef2513d3788807c585acce9b1dab42011738551f2c2bfd0a363f,extra_variant_or_near_duplicate_for_test_component
52eb53030ba8e5d8,WIN_20220329_21_28_57_Pro_jpg,train,test,WIN_20220329_21_28_57_Pro_jpg.rf.075f88315a4fb587aeff74e29db6f4ec.jpg,6ec92e6eae90578e85e0f0bd1386391d3558e0218fe31790bd12299f1ff05fdb,extra_variant_or_near_duplicate_for_test_component
536b709fb747c280,1697095267791_JPEG_jpg,train,train,1697095267791_JPEG_jpg.rf.42bb0ad7c1a65d3e83289aa9f9c3a55e.jpg,95cc02dc04c6faa2b7602193d579280e1035e522435cd508bce6e6a410550b51,extra_variant_or_near_duplicate_for_train_component
536b709fb747c280,1697095267791_JPEG_jpg,train,train,1697095267791_JPEG_jpg.rf.534b6fda6363026150d1ceb0de0d6091.jpg,58709bcb4d51da490baeb73faff5e53da236be3fe0f33b58dd4f564f344d75e0,extra_variant_or_near_duplicate_for_train_component
536b709fb747c280,1697095267791_JPEG_jpg,train,train,1697095267791_JPEG_jpg.rf.5d5da2f58dd6ee51c699d6b9ef626048.jpg,294704c6911e36ce8f881553285f27ed667478dcdd182be2caff25305192e812,extra_variant_or_near_duplicate_for_train_component
536b709fb747c280,1697095267791_JPEG_jpg,train,train,1697095267791_JPEG_jpg.rf.60fe7c0c1a8bea206dc226bcf15b33d8.jpg,d330e8ead582703259ffaad606b40b56c8a1d9e562ec5abd4e667395599e76e2,extra_variant_or_near_duplicate_for_train_component
536b709fb747c280,1697095267791_JPEG_jpg,train,train,1697095267791_JPEG_jpg.rf.6d7c2bae55db7197c14b7116b98d45b1.jpg,0ff99120ac0686be1af2c73a7c11b46216e909d6c80251c54f26199bd4aa7826,extra_variant_or_near_duplicate_for_train_component
536b709fb747c280,1697095267791_JPEG_jpg,train,train,1697095267791_JPEG_jpg.rf.f71caf6e926734602921e21f51d96866.jpg,9c301239a6e208a2e424ca64dfc485ff607e651871e51016d19ed1d8119cf763,extra_variant_or_near_duplicate_for_train_component
536b709fb747c280,1697095267791_JPEG_jpg,valid,train,1697095267791_JPEG_jpg.rf.15cdf8047d1435d58de7fb4f46ca8bfe.jpg,2c80420451517b85ece7f0da5db1ff3ca06dde97d0a78ecfd357432865b5dfd4,extra_variant_or_near_duplicate_for_train_component
536b709fb747c280,1697095267791_JPEG_jpg,valid,train,1697095267791_JPEG_jpg.rf.6110b433ae931dee9d8fd6fb18fb2b06.jpg,0b5b259950c6848cb25f77bc045ff8e552cb012671305a32b46e063f8e2e1347,extra_variant_or_near_duplicate_for_train_component
538baf3ff638188e,c00446_jpg,train,train,c00446_jpg.rf.14477f1b6a0ee64d6b259c01601e4bb6.jpg,b498dde01e9122fd6e39ceee33c49645cfa61f88d958de122b1491edb530df89,exact_duplicate_same_label
538baf3ff638188e,c00446_jpg,train,train,c00446_jpg.rf.34b236d9cf646347659c43794733aea9.jpg,b498dde01e9122fd6e39ceee33c49645cfa61f88d958de122b1491edb530df89,exact_duplicate_same_label
538baf3ff638188e,c00446_jpg,train,train,c00446_jpg.rf.8eba282621c2200ac68815ecd86b3ee1.jpg,e9f189e89dba74d9c86262e43857136a62091b28234e607ef4ed5a2d2deb8e58,exact_duplicate_same_label
538baf3ff638188e,c00446_jpg,train,train,c00446_jpg.rf.941ceaa52811fe7b46f38a93cb625baa.jpg,399c3ecfc827ce5079db597dcbb473b3a8ad7a579f522b938c3cb34765b743ff,exact_duplicate_same_label
538baf3ff638188e,c00446_jpg,train,train,c00446_jpg.rf.a78104aed36055a6a78232a12e6d9034.jpg,399c3ecfc827ce5079db597dcbb473b3a8ad7a579f522b938c3cb34765b743ff,exact_duplicate_same_label
538baf3ff638188e,c00446_jpg,train,train,c00446_jpg.rf.abf3a546e7ead63ab0b8edc75e697d10.jpg,53fd8828240c827269b44580e63e70b24af84f9236cad3c9d8c457efe808ba8d,exact_duplicate_same_label
538baf3ff638188e,c00446_jpg,train,train,c00446_jpg.rf.b6017c479663d38c0dd93a461eec7d8f.jpg,53fd8828240c827269b44580e63e70b24af84f9236cad3c9d8c457efe808ba8d,exact_duplicate_same_label
538baf3ff638188e,c00446_jpg,valid,train,c00446_jpg.rf.4d0923bdede9409d239f54ebafbccd53.jpg,cd2ce37816a9fcf68e511bf299c418203f8d47b9002798fe1871fa8764ccfced,extra_variant_or_near_duplicate_for_train_component
538baf3ff638188e,c00446_jpg,valid,train,c00446_jpg.rf.519d72529fb9fa273a0dbdafe6450772.jpg,87173ae881b1404dfd3b859648b4cf532ea205986fe59d77450f6bc15e28d362,extra_variant_or_near_duplicate_for_train_component
5473cdc171e5b89e,1697095309909_JPEG_jpg,valid,test,1697095309909_JPEG_jpg.rf.e874fa405583bddfccc16458b9737a02.jpg,202ce3f540a1253bcd991ae43032bdf423160dccd35b2e960d6788db345b0e9e,extra_variant_or_near_duplicate_for_test_component
5473cdc171e5b89e,1697095309909_JPEG_jpg,train,test,1697095309909_JPEG_jpg.rf.0e6ad1dc78dc52f7952599066f3f4c41.jpg,7f93947483fb284f6e8b96da8716e92d4418a8c81674c96bb1359c16ddf333e9,extra_variant_or_near_duplicate_for_test_component
5473cdc171e5b89e,1697095309909_JPEG_jpg,train,test,1697095309909_JPEG_jpg.rf.4e7fa38c8309dd1eec21acf4f94c6949.jpg,209d176808f43e5f510564d8b615bda7c72d48356a465f78af97410be3877071,extra_variant_or_near_duplicate_for_test_component
5473cdc171e5b89e,1697095309909_JPEG_jpg,train,test,1697095309909_JPEG_jpg.rf.6860065497743f7f7f7a23d2670bd3b8.jpg,5eb42fb84312d298b4a356e9a44d233c3e28e1bdd3151a92de82db50c76369c7,extra_variant_or_near_duplicate_for_test_component
5473cdc171e5b89e,1697095309909_JPEG_jpg,train,test,1697095309909_JPEG_jpg.rf.8de49ff5e88a7d444fbe12bdc3cc1a75.jpg,bf7ddf3b79c107255d03e399962b11baf4a5d4f1e85fb13c44f486ef3b435150,extra_variant_or_near_duplicate_for_test_component
5473cdc171e5b89e,1697095309909_JPEG_jpg,train,test,1697095309909_JPEG_jpg.rf.8eeba2ddb0458681c0ffe763bc46df8d.jpg,dbc766ae3cfaca9edef6b568d7c4cadc247e2a42b784d40916ed05f9a0e5616c,extra_variant_or_near_duplicate_for_test_component
5473cdc171e5b89e,1697095309909_JPEG_jpg,train,test,1697095309909_JPEG_jpg.rf.f6aa79426eed452708bd5942b35190fd.jpg,2f6a9745fd5f3378ee5facb6028555d42da2ed136de3723a6fc702e25f617546,extra_variant_or_near_duplicate_for_test_component
5473cdc171e5b89e,1697095309909_JPEG_jpg,train,test,1697095309909_JPEG_jpg.rf.f948226d4982e0f542b327b1d599c913.jpg,e9be2ffc5d59bef38f7ac09aca19786f68019e1e2eb392218eb941f966112b3a,extra_variant_or_near_duplicate_for_test_component
5504e0356ea4b05e,indir-13-_jpg,train,train,indir-13-_jpg.rf.530bd0a9717676ae5b48cb4ff7d18bd8.jpg,293e097956c892943397b12fc2c16dc5e503fadd49eb41a152e80b87cdbb3416,extra_variant_or_near_duplicate_for_train_component
5504e0356ea4b05e,indir-13-_jpg,train,train,indir-13-_jpg.rf.ad88a17f9ed60119f49db51c58a9edf1.jpg,dc0edd46e50a62ae2ea1f0e385cc3f8a4c6202a5283403fed369b5af9ddc7e9f,extra_variant_or_near_duplicate_for_train_component
55611e45652a228f,IMG_5114,train,train,IMG_5114.JPG,448d2a87a2e55f3fddae76a13f9f6f7a511c8953a0e458ea40dd0ea158c77fc2,extra_variant_or_near_duplicate_for_train_component
5589a3bfb9c424af,WIN_20220507_21_28_51_Pro_jpg,train,train,WIN_20220507_21_28_51_Pro_jpg.rf.eb152967386aa50eff281a7dc859f046.jpg,658e0f18cfd713930e35ca5afe21c6cf5c55922f2c1082adde64cf7129cfca26,exact_duplicate_same_label
5589a3bfb9c424af,WIN_20220507_21_28_51_Pro_jpg,valid,train,WIN_20220507_21_28_51_Pro_jpg.rf.8dcefc34e5da821ecf72800c8c9df822.jpg,8bb5b978ec140c85ea31488a65f9b632ca27374bade3059f3aef2b089e38f583,extra_variant_or_near_duplicate_for_train_component
5589a3bfb9c424af,WIN_20220507_21_28_51_Pro_jpg,test,train,WIN_20220507_21_28_51_Pro_jpg.rf.eb152967386aa50eff281a7dc859f046.jpg,658e0f18cfd713930e35ca5afe21c6cf5c55922f2c1082adde64cf7129cfca26,exact_duplicate_same_label
559f180c0f323616,b00253_jpg,train,train,b00253_jpg.rf.347202104235418ff46a98f1f4ea48b1.jpg,bed23901a35b4faa4495a15d4a1c5670d54036cadd1fd9a7214c8cd379df6209,exact_duplicate_same_label
559f180c0f323616,b00253_jpg,train,train,b00253_jpg.rf.7169a748f676408929d996a9e08fbb1e.jpg,e8854713bbd4803fc5be9b754e2073a714a5890f3769fb3d696948b5bfd41318,exact_duplicate_same_label
559f180c0f323616,b00253_jpg,train,train,b00253_jpg.rf.8428ccf6fa20555f6f5eda10e6aa3f01.jpg,c22389a81e7d111da25eb4af9daa46a336c950226dd521d10c64d1711ad52448,exact_duplicate_same_label
559f180c0f323616,b00253_jpg,train,train,b00253_jpg.rf.d9840f1bcd53b2bc66f5bcf098b259ef.jpg,bed23901a35b4faa4495a15d4a1c5670d54036cadd1fd9a7214c8cd379df6209,exact_duplicate_same_label
559f180c0f323616,b00253_jpg,train,train,b00253_jpg.rf.e9a1d866d5982339961afe0d7f3266b5.jpg,c22389a81e7d111da25eb4af9daa46a336c950226dd521d10c64d1711ad52448,exact_duplicate_same_label
566f4fb21da60146,bb0029_jpg,train,train,bb0029_jpg.rf.5c2ec430c8dc51d573f8474b698e2d93.jpg,c189aa059a3ac2a57e37dda2a1bf0fc594724bc137c8c8149745311e089f184c,exact_duplicate_same_label
566f4fb21da60146,bb0029_jpg,train,train,bb0029_jpg.rf.663b99a00314069940aa52f7ae8986ea.jpg,c189aa059a3ac2a57e37dda2a1bf0fc594724bc137c8c8149745311e089f184c,exact_duplicate_same_label
566f4fb21da60146,bb0029_jpg,train,train,bb0029_jpg.rf.91ea0ea73450fd7460b9bf156d498ba5.jpg,9ec055d38c1a150be3213ee6640c4c509e19282773afe8f351df351b92a83452,exact_duplicate_same_label
566f4fb21da60146,bb0029_jpg,train,train,bb0029_jpg.rf.aa9898137b496d190ae06011cd863b7e.jpg,47821f893196bd37bc7a2a9fd84b5ded2c74130ec57a6a428931a52ea3742a1f,exact_duplicate_same_label
566f4fb21da60146,bb0029_jpg,train,train,bb0029_jpg.rf.f7fa1da6fa392fb017f6b8e09ccecded.jpg,9ec055d38c1a150be3213ee6640c4c509e19282773afe8f351df351b92a83452,exact_duplicate_same_label
56d3af7fe0a94ebd,c00571_jpg,train,train,c00571_jpg.rf.50aabdaa7ddf9efdcc216579a147d02b.jpg,3ef860978f325f5f550c4868f799e8e14254cca9ed96dc1e77817a474c164e5f,exact_duplicate_same_label
56d3af7fe0a94ebd,c00571_jpg,train,train,c00571_jpg.rf.77ca49e46bb9b234c7d2529493aecf96.jpg,f93a7b6ee03676d516bbbe05d0b10323651c9bca5de68380bc76a104b4b7b96b,exact_duplicate_same_label
56d3af7fe0a94ebd,c00571_jpg,train,train,c00571_jpg.rf.78ccb834e2efd464d92812f22ddebead.jpg,f3e1631bb9b2fce52eedc00d4c04f19e5e3941d4bc70c6498cfb8499c35544a1,exact_duplicate_same_label
56d3af7fe0a94ebd,c00571_jpg,train,train,c00571_jpg.rf.bce4173d7717c4a7476a7f7f5fc53956.jpg,f93a7b6ee03676d516bbbe05d0b10323651c9bca5de68380bc76a104b4b7b96b,exact_duplicate_same_label
56d3af7fe0a94ebd,c00571_jpg,train,train,c00571_jpg.rf.e1f5110876216c61730a5df31ce0b2c5.jpg,f3e1631bb9b2fce52eedc00d4c04f19e5e3941d4bc70c6498cfb8499c35544a1,exact_duplicate_same_label
56d3af7fe0a94ebd,c00571_jpg,valid,train,c00571_jpg.rf.65cdc2d60d0e8f190a1eb37e82f2a92d.jpg,ae6ad8e24ca8b62082c443ae68476b2e7c943fb5a50c7002d70c8e9721226ee8,extra_variant_or_near_duplicate_for_train_component
56d3af7fe0a94ebd,c00571_jpg,valid,train,c00571_jpg.rf.ad7c536a3c1bddaa54e5d9fc5b09ee7e.jpg,1d272efca035aecf6bd5d72908f715f88c6c33d2a26f711d2504d923affa2b63,extra_variant_or_near_duplicate_for_train_component
56d3af7fe0a94ebd,c00571_jpg,test,train,c00571_jpg.rf.0fb18d81cbb71fa47054cfd59907da13.jpg,563afd282a35ab7fa11f4b951f20e1c2c0c76898ae1fb3582230a2c145218501,extra_variant_or_near_duplicate_for_train_component
571b0dae11f95769,IMG_4373_jpg,train,train,IMG_4373_jpg.rf.a59e44bae996f1c9e168ebbfbcb8fced.jpg,d13161dbc51ceb8c70d80e4fbe1aaa8fcb3e11fcfafd761ad6e5dc38acf7e680,extra_variant_or_near_duplicate_for_train_component
571b0dae11f95769,IMG_4373_jpg,train,train,IMG_4373_jpg.rf.c11f6df0c0b53499d980a2abb45fc3c1.jpg,db66438fb848cb370e8b5106e47ab731a72a28a26e06ff2479fab8b6c4bfe199,extra_variant_or_near_duplicate_for_train_component
574ad1667794750f,ggg313_jpg,test,train,ggg313_jpg.rf.a76ae39ae54776f90b91f981c279cb8b.jpg,3c835444006728d972afe54680163718dd25a97432b5bace0d707104de642c83,extra_variant_or_near_duplicate_for_train_component
574ad1667794750f,ggg313_jpg,test,train,ggg313_jpg.rf.b068ddbb0aaa58dc22de268d9e9da820.jpg,0e891b1290728fe17e6f9226996a3cbeb19baf46a1a0c085da250613e337e9e0,extra_variant_or_near_duplicate_for_train_component
57d798f376f2efcf,WIN_20220329_21_30_54_Pro_jpg,train,train,WIN_20220329_21_30_54_Pro_jpg.rf.c7841b034f35673e3ffc234bd1234ff2.jpg,6bc756afd6979ecec8069f479a31d87cee6dd8e8425584078055fc745d94b7c9,extra_variant_or_near_duplicate_for_train_component
57d798f376f2efcf,WIN_20220329_21_30_54_Pro_jpg,valid,train,WIN_20220329_21_30_54_Pro_jpg.rf.ebfa1116f24b65c8b3ad81a1ef05a3e9.jpg,a234e62f65fd5efd8cf3bb6ffa18903564bd3d1b00f1ea7d8a5821c61933c6db,extra_variant_or_near_duplicate_for_train_component
57ebcb1371b3a69a,000091_jpg,train,train,000091_jpg.rf.67d7c438c7ba12511948f264ebeafd1c.jpg,4c57f3b9e4bccfb3441a752d5f7f75200193b9a8b0bb376d41703c25ffdde8e0,exact_duplicate_same_label
587de8f3dc626ffb,bb0627_jpg,train,train,bb0627_jpg.rf.365662b0374dfd78f63615e44072c305.jpg,69440a5141da0eaa33932b5a9325fbe62549449fc9eef8e12ec4985c79971dfb,exact_duplicate_same_label
587de8f3dc626ffb,bb0627_jpg,train,train,bb0627_jpg.rf.6b6101b72a23b455d34f5406b6d124e9.jpg,c1ce66f32992cc4264045c6623daef4b8ac135e5982998172d710dceaa47177e,exact_duplicate_same_label
587de8f3dc626ffb,bb0627_jpg,train,train,bb0627_jpg.rf.97fb1e52b5bec3db3e77751b130516dc.jpg,c1ce66f32992cc4264045c6623daef4b8ac135e5982998172d710dceaa47177e,exact_duplicate_same_label
587de8f3dc626ffb,bb0627_jpg,train,train,bb0627_jpg.rf.c381cd543bac93f866bbe7811cb4927e.jpg,c6525ec6414276b3235a4dd0d19ba66ac43d963bb6c21d3513b0b4186c5ed3d2,exact_duplicate_same_label
587de8f3dc626ffb,bb0627_jpg,train,train,bb0627_jpg.rf.db3b87703d8541207fb43d8e53ab3c80.jpg,c6525ec6414276b3235a4dd0d19ba66ac43d963bb6c21d3513b0b4186c5ed3d2,exact_duplicate_same_label
58f011cb3b5c689e,bb0605_jpg,test,valid,bb0605_jpg.rf.cc68a968394c1796dd5e1648669ddbe7.jpg,ed46f5018099694189eeefcb9baf264c5257819a88e6c952889d173cbede16c8,extra_variant_or_near_duplicate_for_valid_component
58f011cb3b5c689e,bb0605_jpg,train,valid,bb0605_jpg.rf.0c8151e9f2c0b82fa5c8b84422adaefe.jpg,db929ffbe1e4491bd7e5e43b24a57b117e2d41de73c631dcb6209842649f3899,exact_duplicate_same_label
58f011cb3b5c689e,bb0605_jpg,train,valid,bb0605_jpg.rf.cd8f66c5fa6c8e16e0dd8148a4961882.jpg,db929ffbe1e4491bd7e5e43b24a57b117e2d41de73c631dcb6209842649f3899,exact_duplicate_same_label
5966a0309be54494,WIN_20220329_21_29_53_Pro_jpg,valid,train,WIN_20220329_21_29_53_Pro_jpg.rf.5e288aa77d34ef6e4e5c21339eca2937.jpg,2368204a66b52d35b3a8fce6779f60f11adc7af4f73cec10c226bf3804006268,extra_variant_or_near_duplicate_for_train_component
5966a0309be54494,WIN_20220329_21_29_53_Pro_jpg,valid,train,WIN_20220329_21_29_53_Pro_jpg.rf.83fff4936fba4f9e43b5f709688342ce.jpg,1893d43a1ae658262f532fa4c805b7488a3209b0cd6ce819ae4511543c4c1937,extra_variant_or_near_duplicate_for_train_component
5a167a8230bd6d70,WIN_20220507_21_27_59_Pro_jpg,train,train,WIN_20220507_21_27_59_Pro_jpg.rf.bfb2f1627af1603624c32c22345e4c8a.jpg,d35ad28572d74b3285632cb78192c81490e53736e72ee5d26ae21ee0eddcb783,extra_variant_or_near_duplicate_for_train_component
5a167a8230bd6d70,WIN_20220507_21_27_59_Pro_jpg,train,train,WIN_20220507_21_27_59_Pro_jpg.rf.f821de2aa0743cddfbba46b2fdd2f94f.jpg,555c06b898acd9186d9e609448e99c34ee85dbbf7a571e277fff875ba437abcb,extra_variant_or_near_duplicate_for_train_component
5a5a01997c5ad178,gg0117_jpg,train,train,gg0117_jpg.rf.035fbb1230e01f13f689902f177f8ec6.jpg,6a832a3326f9929533b26df3ba455f58610e66f3b23ea0e40611f366764a431b,exact_duplicate_same_label
5a5a01997c5ad178,gg0117_jpg,train,train,gg0117_jpg.rf.0d8ea0c6c55492b6dfcfd85f868464e0.jpg,9f5f6b3b55bd52c0fc3ab2d1e0677f32bfaf924d4dca1339324f81f8b68c40a0,exact_duplicate_same_label
5a5a01997c5ad178,gg0117_jpg,train,train,gg0117_jpg.rf.23da69d9a536e39a40453caa52bdbc61.jpg,2d6e8870a4982ea29889e8d075297639981e06e58abd12b2433b11647e5b657d,exact_duplicate_same_label
5a5a01997c5ad178,gg0117_jpg,train,train,gg0117_jpg.rf.4670e35d4b914f105137249da2c7ebdc.jpg,2ae6241434be8cb7386aa8832e903f0ca47f7538a36d2338d5d0fc27dd36eb54,exact_duplicate_same_label
5a5a01997c5ad178,gg0117_jpg,train,train,gg0117_jpg.rf.63b6ab13ee7004a1e094eb23ceb5b66a.jpg,d976024e35028d5b917822978202e56cc28b52411e5e1fce4f9f387852309196,exact_duplicate_same_label
5a5a01997c5ad178,gg0117_jpg,train,train,gg0117_jpg.rf.a538e67bbfce977a16e3846c07df57fa.jpg,6a832a3326f9929533b26df3ba455f58610e66f3b23ea0e40611f366764a431b,exact_duplicate_same_label
5a5a01997c5ad178,gg0117_jpg,train,train,gg0117_jpg.rf.ba19387b4bebd40956870bc7c870ded2.jpg,2ae6241434be8cb7386aa8832e903f0ca47f7538a36d2338d5d0fc27dd36eb54,exact_duplicate_same_label
5a5a01997c5ad178,gg0117_jpg,train,train,gg0117_jpg.rf.bd0dd85b085f8c8d6f13aa16ffae5bdc.jpg,9f5f6b3b55bd52c0fc3ab2d1e0677f32bfaf924d4dca1339324f81f8b68c40a0,exact_duplicate_same_label
5a5a01997c5ad178,gg0117_jpg,train,train,gg0117_jpg.rf.e73125d6ff8c2c7dcdab95f51d29267b.jpg,2d6e8870a4982ea29889e8d075297639981e06e58abd12b2433b11647e5b657d,exact_duplicate_same_label
5a5a01997c5ad178,gg0117_jpg,valid,train,gg0117_jpg.rf.012a439f49f2a16f9f1bfc990fe5f3db.jpg,3b93e25cc2cccec1b0158a92669398d46149784aecd825f3719abd89efa595bf,extra_variant_or_near_duplicate_for_train_component
5a5a01997c5ad178,gg0117_jpg,valid,train,gg0117_jpg.rf.280f1e1fc6f5249be60a7ccc4045bb75.jpg,b9a4163f290817a050714c38774be9409e6e30e180ba1ac7f8f1aed99dde23e4,extra_variant_or_near_duplicate_for_train_component
5a5a01997c5ad178,gg0117_jpg,valid,train,gg0117_jpg.rf.79fa41c4e667967ea535853f8fc81f5e.jpg,f85e87407241f0d6638256d3974adfc0e5af1b2c7d74f1f3f6d44f2255e02d23,extra_variant_or_near_duplicate_for_train_component
5a5a01997c5ad178,gg0117_jpg,valid,train,gg0117_jpg.rf.daf68396b18eba0dbe3a21c1a9133051.jpg,b65c2a01482b77686261a6caa9a19830b65e4b4b2eda28888d03501fa8debb9a,extra_variant_or_near_duplicate_for_train_component
5a7f1fc52c6b99a5,dbf21a38-smoking11_jpeg_jpg,test,train,dbf21a38-smoking11_jpeg_jpg.rf.19fcaf1650e1fc0f8c0dc09312a01c0e.jpg,06fb130a715dcab4c7e814fe7e32c6f1c17a2f793659fbbfd6b7d90374da445f,extra_variant_or_near_duplicate_for_train_component
5b77b505670ad25e,000112_jpg,train,train,000112_jpg.rf.43c864e6f71cc6164710e75ff17cb9c0.jpg,f0a8f6cfd0e57e54cc5352394ca5e3ed8cadbd12887620b699fd83a568ae7120,exact_duplicate_same_label
5b77b505670ad25e,000112_jpg,train,train,000112_jpg.rf.559c58a13dedfa559f6371529f5a05f7.jpg,4729a2c107dfeab96f1db18e8906a66677b5e89c4210faa0fa4942cc76c56a3c,exact_duplicate_same_label
5b77b505670ad25e,000112_jpg,train,train,000112_jpg.rf.5642aaa077e09eccffe3f2c92296e2ce.jpg,f0a8f6cfd0e57e54cc5352394ca5e3ed8cadbd12887620b699fd83a568ae7120,exact_duplicate_same_label
5b77b505670ad25e,000112_jpg,train,train,000112_jpg.rf.8113454608485fc24c793e49de824f85.jpg,4b262a464390fec110acfcf0d7e402bf6d879793b1c21303f5c01f696fc91965,exact_duplicate_same_label
5b77b505670ad25e,000112_jpg,train,train,000112_jpg.rf.c870f3059c158fbd598974e123efeb45.jpg,4b262a464390fec110acfcf0d7e402bf6d879793b1c21303f5c01f696fc91965,exact_duplicate_same_label
5bcedc5cd79df46a,a0010-0-0_jpg,train,train,a0010-0-0_jpg.rf.51dd69a652cd7e22d18c75cdb665e29c.jpg,5c1591840fb994ee06dd9716859d768409d3d5a87f24335cf2c733bb168cae14,exact_duplicate_same_label
5bcedc5cd79df46a,a0010-0-0_jpg,train,train,a0010-0-0_jpg.rf.66f7ee64c20168da11c830fde6f1c9ec.jpg,0f3e3e549532efd802b67a500bfccaef68ff60703f38c269e33fdccb5ee385c1,exact_duplicate_same_label
5bcedc5cd79df46a,a0010-0-0_jpg,train,train,a0010-0-0_jpg.rf.69796ef708199a5241aed5db03846574.jpg,0f3e3e549532efd802b67a500bfccaef68ff60703f38c269e33fdccb5ee385c1,exact_duplicate_same_label
5bcedc5cd79df46a,a0010-0-0_jpg,valid,train,a0010-0-0_jpg.rf.4fe5aba31c705d98ac9f93d8b0527dc1.jpg,52d8f4074009c6b1e47b12d70aa7869e55e450ab55a86c85ed028de8b6dec024,extra_variant_or_near_duplicate_for_train_component
5bd5c72029a31cd5,images-53-_jpg,train,train,images-53-_jpg.rf.8428eed48d314107589724d680ce10db.jpg,6292efe4db911ebec4d6bcc721d83d5dff07575be3975dc95828ae1fb31fdc36,exact_duplicate_same_label
5bd5c72029a31cd5,images-53-_jpg,train,train,images-53-_jpg.rf.ff39f019938795e0d542867ab7ea1aca.jpg,d713d09e13fcc0adf0948d426cff1e26c832a3bd21b7a8b085c6a12d5dd53902,exact_duplicate_same_label
5bd5c72029a31cd5,images-53-_jpg,test,train,images-53-_jpg.rf.8428eed48d314107589724d680ce10db.jpg,6292efe4db911ebec4d6bcc721d83d5dff07575be3975dc95828ae1fb31fdc36,exact_duplicate_same_label
5bd5c72029a31cd5,images-53-_jpg,test,train,images-53-_jpg.rf.ff39f019938795e0d542867ab7ea1aca.jpg,d713d09e13fcc0adf0948d426cff1e26c832a3bd21b7a8b085c6a12d5dd53902,exact_duplicate_same_label
5bff83070b01d35b,1697100022755_JPEG_jpg,train,train,1697100022755_JPEG_jpg.rf.9407a7dd3aafed8f64c59420330776a8.jpg,50de35dff5cb571d01ccb5d2590202ce8318b6b48786fed59e88bc6c67731183,extra_variant_or_near_duplicate_for_train_component
5bff83070b01d35b,1697100022755_JPEG_jpg,train,train,1697100022755_JPEG_jpg.rf.94c12d5bf16c9591a43512bf3e83fa7c.jpg,2d50d64824d85ecc0ace613f93ea7694f135d71b5146752a3d233314c906e3fa,extra_variant_or_near_duplicate_for_train_component
5bff83070b01d35b,1697100022755_JPEG_jpg,train,train,1697100022755_JPEG_jpg.rf.b32a3aa70f789667c95d1a8c9448e7bc.jpg,ba49e486cb2918721b05b87a4ee81405a7d4de0230210f1608e75581cd6c189f,extra_variant_or_near_duplicate_for_train_component
5bff83070b01d35b,1697100022755_JPEG_jpg,train,train,1697100022755_JPEG_jpg.rf.c24f5239fd9487029541550d75a3b198.jpg,1b66160d577ffad45f023d30376199116967b46f55c13972e452b3f9d477ca76,extra_variant_or_near_duplicate_for_train_component
5bff83070b01d35b,1697100022755_JPEG_jpg,train,train,1697100022755_JPEG_jpg.rf.db6f73a60cc23efa5cb54d0b7daff2d3.jpg,83a5fa4c15148bf4401a3d95ab850733e061a47789bfa2db6fc707271684b1e2,extra_variant_or_near_duplicate_for_train_component
5bff83070b01d35b,1697100022755_JPEG_jpg,train,train,1697100022755_JPEG_jpg.rf.f2679d919981ad554f415994dd11f209.jpg,b1bdb381ae24f5c39f479b3a9bf21aec9f7374086daadc53e83b37e17b957999,extra_variant_or_near_duplicate_for_train_component
5bff83070b01d35b,1697100022755_JPEG_jpg,valid,train,1697100022755_JPEG_jpg.rf.015b2de2d7170bb93309395e8e24a930.jpg,40f19d306541ec06ab8b4e26ac1bceaaf420b3013c81d238d872d40ce33fe9a1,extra_variant_or_near_duplicate_for_train_component
5bff83070b01d35b,1697100022755_JPEG_jpg,valid,train,1697100022755_JPEG_jpg.rf.7e08a268c9bcfde034af2a5fee642469.jpg,8dd3d712b5a2531e08ea894dfcd593f0fa92c8d90e94ff0aeec9dfcf42f0b1e9,extra_variant_or_near_duplicate_for_train_component
5cc1e114d5c1f559,WIN_20220507_21_29_00_Pro_jpg,test,train,WIN_20220507_21_29_00_Pro_jpg.rf.3478bf27ccbe881766706fab959b2d28.jpg,accf8e8f93b9458d167b3ee3919b592bfe3482adc453005e097c2a4577cc301b,exact_duplicate_same_label
5ccb6e1ea30aab0c,indir-9-_jpg,train,train,indir-9-_jpg.rf.20311441c77e10c68f12f10a7ab19f9b.jpg,5404f82f79eb79337103ea2025b3c46d01f90dba2c403230f5673b61fc3cb997,exact_duplicate_same_label
5ccb6e1ea30aab0c,indir-9-_jpg,train,train,indir-9-_jpg.rf.824419caae759c61d1ccc39c9920d665.jpg,897c78a41d66cdd0d0761b0ddcff64ad9fc067318944e28ce871b0defc425b35,extra_variant_or_near_duplicate_for_train_component
5ccb6e1ea30aab0c,indir-9-_jpg,test,train,indir-9-_jpg.rf.20311441c77e10c68f12f10a7ab19f9b.jpg,5404f82f79eb79337103ea2025b3c46d01f90dba2c403230f5673b61fc3cb997,exact_duplicate_same_label
5d0c494f2c1a3caa,IMG_5716_JPG,test,train,IMG_5716_JPG.rf.9a1e3162cf356116a612740f4286cdbb.jpg,ae9aa2b1c09e50c189839ace5580250cdf451ad207ed5c8a753da215f196c7e4,exact_duplicate_same_label
5d17ffaaefce5e0e,bb0071_jpg,train,test,bb0071_jpg.rf.075a12bb9d738fd9600c26b6259c70bb.jpg,4228fa9035e542792ff7fb97d736decdcba2df46c982534dd84464e5ebfcbae4,exact_duplicate_same_label
5d17ffaaefce5e0e,bb0071_jpg,train,test,bb0071_jpg.rf.13e44b7479eebc7891e9b27cc275a879.jpg,35409188557a69f4cfc0aada0891ac0c72b3efb27eaecd0c36dff035b6d0d1ad,exact_duplicate_same_label
5d17ffaaefce5e0e,bb0071_jpg,train,test,bb0071_jpg.rf.b48a43fc1e5788b5b1e7a90225293039.jpg,4228fa9035e542792ff7fb97d736decdcba2df46c982534dd84464e5ebfcbae4,exact_duplicate_same_label
5d17ffaaefce5e0e,bb0071_jpg,train,test,bb0071_jpg.rf.d4d90f94693a8f826e0c61169aebbcf5.jpg,35409188557a69f4cfc0aada0891ac0c72b3efb27eaecd0c36dff035b6d0d1ad,exact_duplicate_same_label
5d99257541b5ce84,gg0241_jpg,train,train,gg0241_jpg.rf.26e28ec80fb5d576f0090aa53630896c.jpg,2bd35887cd4aa542d0bd0aad46ca6b5fb099cf0cb16f8d9225836a64bcf1bc27,exact_duplicate_same_label
5d99257541b5ce84,gg0241_jpg,train,train,gg0241_jpg.rf.5310d9b8c95ac07564e26734af86081d.jpg,4aa0161bf0205bc0f7c9fbca1ca1b485900323660ac4af2bf15a166553edd1a6,exact_duplicate_same_label
5d99257541b5ce84,gg0241_jpg,train,train,gg0241_jpg.rf.bfd35f4f09f53a32544c867885099990.jpg,526fc994c373228886aa6fafe74bfec4fed083392e0d2c860746c5e390c7bb21,exact_duplicate_same_label
5d99257541b5ce84,gg0241_jpg,train,train,gg0241_jpg.rf.c0575c84d4349c7adcf34ed9fc7b7956.jpg,2bd35887cd4aa542d0bd0aad46ca6b5fb099cf0cb16f8d9225836a64bcf1bc27,exact_duplicate_same_label
5d99257541b5ce84,gg0241_jpg,train,train,gg0241_jpg.rf.e030edd5cb72053c99e466bac9d51f5c.jpg,526fc994c373228886aa6fafe74bfec4fed083392e0d2c860746c5e390c7bb21,exact_duplicate_same_label
5db773d3f0d0a011,bb0405_jpg,train,test,bb0405_jpg.rf.42aeac69646ab85c8139304887b24b86.jpg,88da3a21fce4f4ff018b389f8a473663d44b48c59dee27de695b649cc6253696,exact_duplicate_same_label
5db773d3f0d0a011,bb0405_jpg,train,test,bb0405_jpg.rf.5cc6f56bcef1ca285b0daa3680224c7a.jpg,104300c6c4bc1376d2cda321102e830afbcb52e1e1e8acc96b0e2ee0378b29ec,exact_duplicate_same_label
5db773d3f0d0a011,bb0405_jpg,train,test,bb0405_jpg.rf.6728cdbe9ce2b6d4c071e4146a53985a.jpg,104300c6c4bc1376d2cda321102e830afbcb52e1e1e8acc96b0e2ee0378b29ec,exact_duplicate_same_label
5db773d3f0d0a011,bb0405_jpg,train,test,bb0405_jpg.rf.c41089620dfeda29a6666a52f7c000f1.jpg,88da3a21fce4f4ff018b389f8a473663d44b48c59dee27de695b649cc6253696,exact_duplicate_same_label
5db773d3f0d0a011,bb0405_jpg,train,test,bb0405_jpg.rf.c76d5435221598d4427b056274a663a7.jpg,e80d0aa73c83cd5bf4c3a6a62247fc92bc928c1dc6f152194009aa05bbcf636d,exact_duplicate_same_label
5dc745303675b49c,1697099897486_JPEG_jpg,train,train,1697099897486_JPEG_jpg.rf.7946cfce667923003d59ab674705c350.jpg,4335ac61f94526b70547c0b083ba948d80e866695c3fe86ef6f324247a0876e9,extra_variant_or_near_duplicate_for_train_component
5dc745303675b49c,1697099897486_JPEG_jpg,train,train,1697099897486_JPEG_jpg.rf.a2856c85e0fdf17823ad015f4c7515f2.jpg,c10d4b4166a4564c0cf3dfc8f533494bfb2ce00d53538e990eceeb64c392dc09,extra_variant_or_near_duplicate_for_train_component
5dc745303675b49c,1697099897486_JPEG_jpg,train,train,1697099897486_JPEG_jpg.rf.a6f78b039402fc9729ee53685cc63975.jpg,7c7ac82e9d0566c7c5bfeb72b50f392caad0d8b367a90d073144977263212dec,extra_variant_or_near_duplicate_for_train_component
5dc745303675b49c,1697099897486_JPEG_jpg,train,train,1697099897486_JPEG_jpg.rf.ad3753c62ff04ec8771f44ad8cef9871.jpg,fc59d66790c985fe179cdcde94072c55b84579a14b0413543a72ab1cb4509af9,extra_variant_or_near_duplicate_for_train_component
5dc745303675b49c,1697099897486_JPEG_jpg,train,train,1697099897486_JPEG_jpg.rf.b50367757d1849b06f5cc42e904f5684.jpg,1ec6942548b5d079ead71219886221eedce6d67919c77fabca901032e67efd78,extra_variant_or_near_duplicate_for_train_component
5dc745303675b49c,1697099897486_JPEG_jpg,train,train,1697099897486_JPEG_jpg.rf.fa0ab10c144fc1d6cb403cb5652c0027.jpg,fd97886faae14ab9b4c14a1cda3b77ff76506c9d5917f7c8ad883fc24478cab2,extra_variant_or_near_duplicate_for_train_component
5dc745303675b49c,1697099897486_JPEG_jpg,valid,train,1697099897486_JPEG_jpg.rf.d294be7ddfbe88c53c62b08ece4c3e5b.jpg,e89db724a2ebdf27f0b73dbd1f17164dba878636fd3a6646cb7c7b43b6621557,extra_variant_or_near_duplicate_for_train_component
5dc745303675b49c,1697099897486_JPEG_jpg,valid,train,1697099897486_JPEG_jpg.rf.db611d735d2b8aaa45946d02c4fb7017.jpg,b2a30acfc068375085a35e51768d69c5074d4b5c88e9a7dd823423825b9c4880,extra_variant_or_near_duplicate_for_train_component
5dee7f0167e04f16,indidr_jpg,train,train,indidr_jpg.rf.b060ff6c2b9b836bea2df3c51edfee43.jpg,772b36760174140558e409336f16543f5f58240484bece9c11ce9bc442097188,extra_variant_or_near_duplicate_for_train_component
5dee7f0167e04f16,indidr_jpg,train,train,indidr_jpg.rf.b930d38e31db1f37d37a5e79b996e07c.jpg,217662b45e12e6c7cf7638779e324a619e68900bfdad6118979be9b3193f7b1e,extra_variant_or_near_duplicate_for_train_component
614f05c2a50252e0,000149_jpg,train,train,000149_jpg.rf.bd7691ac34c1361df3eefc30613dbadf.jpg,e705373a3d0f0fc7e33cccc29b878366a5305de01bb992fd3c7334f0ad791dc6,exact_duplicate_same_label
614f05c2a50252e0,000149_jpg,valid,train,000149_jpg.rf.3d0bb5805ae90b9675ae536c5e80713e.jpg,bab73b864a0794e2aca1b8a42e69e216218dfd0b3adfb799aa1e6448c4f9714b,extra_variant_or_near_duplicate_for_train_component
614f05c2a50252e0,000149_jpg,test,train,000149_jpg.rf.73284878621b986ba4a2655e33ee218b.jpg,ae0c9a7df1c6b3af25ab8739f91b2aa809ab46743ca0b29cb97d159629f81d7a,extra_variant_or_near_duplicate_for_train_component
6156a91b953dfe88,IMG_4486_jpg,train,test,IMG_4486_jpg.rf.0d92f9ea55253dc2605bc967c42ed47c.jpg,d8b4fbb08c10f1f562169192785ec817769c44c1b159af29fbd75f50f84f15ee,extra_variant_or_near_duplicate_for_test_component
6156a91b953dfe88,IMG_4486_jpg,train,test,IMG_4486_jpg.rf.247dc640fbb946b3681a8a3ded705719.jpg,c4fccf353488c3cb4e979ab18fe12a567a468eef71b412421e41b4f47eb0a610,extra_variant_or_near_duplicate_for_test_component
6156a91b953dfe88,IMG_4486_jpg,train,test,IMG_4486_jpg.rf.62268cc7da04fb7ae56b9022c2e89dca.jpg,f7947eadbd9b04d043c07109c7b4daafb6d803d02b202bf36050afc93480c4b0,extra_variant_or_near_duplicate_for_test_component
6156a91b953dfe88,IMG_4489_jpg,train,test,IMG_4489_jpg.rf.917947df676cfc6c063e8f4f9bc1b0ba.jpg,97db6e3eb4acffbd0bea068dd4c57bac7b0635694c512f5b0142ac6f5cab61f2,extra_variant_or_near_duplicate_for_test_component
6156a91b953dfe88,IMG_4489_jpg,train,test,IMG_4489_jpg.rf.c70d3d8108bc8621fbbac55b9d4a2ffc.jpg,c85ffad531028fe39f60c200787b71f06390b4da6b1ef00472e4a0963458958b,extra_variant_or_near_duplicate_for_test_component
6156a91b953dfe88,IMG_4489_jpg,train,test,IMG_4489_jpg.rf.fb921da6a571d3e48e69b59868bf95a7.jpg,66ac2c266decde178fd7e7f70555de33740bfc805db262b4cf8ab1aa490d6c9a,extra_variant_or_near_duplicate_for_test_component
6156a91b953dfe88,IMG_4492_jpg,train,test,IMG_4492_jpg.rf.5631dd0b6ded45b42fc400387fca7af5.jpg,da49957361730e792df0ab824e1721da8a7f99ea99d73e28da9d1129ca6f88f9,extra_variant_or_near_duplicate_for_test_component
6156a91b953dfe88,IMG_4492_jpg,train,test,IMG_4492_jpg.rf.af4e634a5e1fbc09f8ef4fd71c151348.jpg,cec679f11681c8a7a37d77361fd35c8604a0d1cdcd4b1ce53efe82964128a85e,extra_variant_or_near_duplicate_for_test_component
6156a91b953dfe88,IMG_4492_jpg,train,test,IMG_4492_jpg.rf.f359f5cda94d78d695169bac2e04654f.jpg,79b1197649914c7b3e2448863171efeade3c431313afb364bb78d3ca5fa63766,extra_variant_or_near_duplicate_for_test_component
6156a91b953dfe88,IMG_4494_jpg,train,test,IMG_4494_jpg.rf.52f898ae4b175f29b05687532145f2e3.jpg,2c660d865421fb8af1f14f3332a6e1a03d86e3022b1ef780a9211edb6036b158,extra_variant_or_near_duplicate_for_test_component
6156a91b953dfe88,IMG_4494_jpg,train,test,IMG_4494_jpg.rf.60a1d997e36916d4220db325540d78ff.jpg,1c12fd92cb4dfdf210accaa07afe438ca55e976a3bd3f614258e065abc7bffa3,extra_variant_or_near_duplicate_for_test_component
6156a91b953dfe88,IMG_4494_jpg,train,test,IMG_4494_jpg.rf.e16b9799b7eb1789c6cf17c0d8c28dfa.jpg,53f08f3290563378d7e7a23e1a7942bcd69db4230bd7f415d622203be2984d26,extra_variant_or_near_duplicate_for_test_component
6156a91b953dfe88,IMG_4495_jpg,train,test,IMG_4495_jpg.rf.14dd041f03f8330bffa0dbbee63500a8.jpg,b5180d27acb61f9c17fd228f568f3ecf4aec9ed3615c23fa178709e539923ec3,extra_variant_or_near_duplicate_for_test_component
6156a91b953dfe88,IMG_4495_jpg,train,test,IMG_4495_jpg.rf.30331fa29d998d1f02584dacba1b0024.jpg,aab61ed7de35a8d0bd411b8b192f1200b4edbf68c79196acf875c0d64ad250f3,extra_variant_or_near_duplicate_for_test_component
6156a91b953dfe88,IMG_4495_jpg,train,test,IMG_4495_jpg.rf.f9afc24d98f7ac3d85cd70b73893294d.jpg,94d695302044819b1d5c297d3eed26c8836532a9539ee87fb9e38b547ef03bbe,extra_variant_or_near_duplicate_for_test_component
6156a91b953dfe88,IMG_4488_jpg,valid,test,IMG_4488_jpg.rf.f8e411515cdcc787568b14a37c1433df.jpg,788613d7ae3fb9847b450144d4e6e8fa00749a61ed5079b7161bce7fa6ff1475,extra_variant_or_near_duplicate_for_test_component
6156a91b953dfe88,IMG_4483_jpg,train,test,IMG_4483_jpg.rf.3824bcf72a9a1d0d87f3384586c7f73f.jpg,c17fa1f9627a38d01161aa2d5044fe634a8fe2fe449763eb1b323a646edd03ce,extra_variant_or_near_duplicate_for_test_component
6156a91b953dfe88,IMG_4483_jpg,train,test,IMG_4483_jpg.rf.883bf0c41bd2be594f9f535b12f915a5.jpg,74507aec2600bc542a102d31164d07d56067ceadd6903453e85e31faa9abc164,extra_variant_or_near_duplicate_for_test_component
6156a91b953dfe88,IMG_4483_jpg,train,test,IMG_4483_jpg.rf.e67b806c870f73e8cbaa3ffcee2ee679.jpg,a5a766015b3d4c7192670c7b93f91d73a058aa7c1bda9d24ea91a6d19a55de61,extra_variant_or_near_duplicate_for_test_component
6156a91b953dfe88,IMG_4484_jpg,train,test,IMG_4484_jpg.rf.3ff446b4ca324ac617cc6ec03863aea0.jpg,1a1181a266566a186bb16870f0b31f6a687487a1aebe6dfad18463b0c7254b6a,extra_variant_or_near_duplicate_for_test_component
6156a91b953dfe88,IMG_4484_jpg,train,test,IMG_4484_jpg.rf.5d71ec44ff87471d1b98ae4bd18531a4.jpg,1d034a6b1ee1888bc9d63a1450aa3b2e3594125094c008327111e23538603fc8,extra_variant_or_near_duplicate_for_test_component
6156a91b953dfe88,IMG_4484_jpg,train,test,IMG_4484_jpg.rf.a906a12ecfb6d27ed95a409d7ec82143.jpg,affaf063858e7527c02c21605b1e56fcfa890e68d538191a3a7b2ff60c48e32f,extra_variant_or_near_duplicate_for_test_component
6156a91b953dfe88,IMG_4485_jpg,train,test,IMG_4485_jpg.rf.46fce5e00408329d1b7fff78b07f403e.jpg,10243be8411e36f92980667fe7ad34341e82bc287201e3fe62732f4ed69a8c92,extra_variant_or_near_duplicate_for_test_component
6156a91b953dfe88,IMG_4485_jpg,train,test,IMG_4485_jpg.rf.6357dd7a8376215d3fac1a69f7d9e80a.jpg,4130e76249b8ca94ac59033d0f1d83ad1ad936344c71cb8f9433fe0aa0144ca2,extra_variant_or_near_duplicate_for_test_component
6156a91b953dfe88,IMG_4485_jpg,train,test,IMG_4485_jpg.rf.961fd0e3ab3b4f044dc3fb9b950ca5b8.jpg,115e5acd46e64063595cbc5f8ef821b40ea52f7696aa62017c2c279e1359e511,extra_variant_or_near_duplicate_for_test_component
6156a91b953dfe88,IMG_4487_jpg,train,test,IMG_4487_jpg.rf.088ee9aab2bf6fd95a3dd3bf7ad92645.jpg,4198dda89b0d6329f8bd61e4825f488307a1825758e32db6aa76a41fe3f99401,extra_variant_or_near_duplicate_for_test_component
6156a91b953dfe88,IMG_4487_jpg,train,test,IMG_4487_jpg.rf.916370e3dfe05b9052f0b2bf1c676e24.jpg,3e0b92205e66b0781047527c3cd2f70138d14b48a86a2de154019bf10987643b,extra_variant_or_near_duplicate_for_test_component
6156a91b953dfe88,IMG_4487_jpg,train,test,IMG_4487_jpg.rf.c63f0747f9c097cdade0d68fda29a692.jpg,ab57251a62c3a90d87e989b68c1b2b9fe8a43e9bcb05e18ffa2e48cbca7494e1,extra_variant_or_near_duplicate_for_test_component
6156a91b953dfe88,IMG_4491_jpg,train,test,IMG_4491_jpg.rf.624ad5b56e9108649cccfdf219c10bc1.jpg,294504f383d69366436b2eacedd9567fbafbce4de1078a9fb66571ba32cc2096,extra_variant_or_near_duplicate_for_test_component
6156a91b953dfe88,IMG_4491_jpg,train,test,IMG_4491_jpg.rf.b5f42ea546a93ec90cd885bbc6518065.jpg,80d614adea7876d1697599ecab29cc9bfc3b0f4a4e2bfb500bdf43043904fa91,extra_variant_or_near_duplicate_for_test_component
6156a91b953dfe88,IMG_4491_jpg,train,test,IMG_4491_jpg.rf.f6c4c9bfa731927ce34bd2e785cb68bd.jpg,05b69010fa2ed236191cd46b8de2b9675bdb6088fd028789ff453cd0f86e9089,extra_variant_or_near_duplicate_for_test_component
628a03b3df2fa5dc,1697095309863_JPEG_jpg,train,train,1697095309863_JPEG_jpg.rf.76dfe12e3cd92f4ac2df43f86f51c595.jpg,49513034b43eb42e021a0989015b3a895e3c3fa2b5024a025748a30ab393ad6d,extra_variant_or_near_duplicate_for_train_component
628a03b3df2fa5dc,1697095309863_JPEG_jpg,train,train,1697095309863_JPEG_jpg.rf.9451d5d9b48ff27dfe08633db56d7c7d.jpg,e32cfd782d064cd2ff0847696a176bd5ec27783ab1f62de780fb581d65f621fe,extra_variant_or_near_duplicate_for_train_component
628a03b3df2fa5dc,1697095309863_JPEG_jpg,train,train,1697095309863_JPEG_jpg.rf.9c83eeae34c44e039f2f36fbb8aa8205.jpg,30ad33b0342d599c2383fed14eaede5c0cb4c82c2d1022dde4566092afcb5c89,extra_variant_or_near_duplicate_for_train_component
628a03b3df2fa5dc,1697095309863_JPEG_jpg,train,train,1697095309863_JPEG_jpg.rf.d287762b69c8bc1c5d22b43449ac321b.jpg,06f4a6b672635faf5b3fe196e2ffe3520c1db49f6fd5ffd777003d8c19e1aa8d,extra_variant_or_near_duplicate_for_train_component
628a03b3df2fa5dc,1697095309863_JPEG_jpg,train,train,1697095309863_JPEG_jpg.rf.f7d5f457dfa2034da19d4994e9b006de.jpg,5afe527578058a11af8923bc537cea027789561bd6fdc89a426afe8201c23bee,extra_variant_or_near_duplicate_for_train_component
628a03b3df2fa5dc,1697095309863_JPEG_jpg,valid,train,1697095309863_JPEG_jpg.rf.0f987fcfd859751a477a6db7c20153b8.jpg,496d8a461ba653b20aaf1261da35676fe786863b5c6338d95b8af0892f7edc69,extra_variant_or_near_duplicate_for_train_component
628a03b3df2fa5dc,1697095309863_JPEG_jpg,valid,train,1697095309863_JPEG_jpg.rf.4ecbf0440f49be4a50b07aba4e58ad53.jpg,f8ee6bb739d3177de8091e5d20d21ecb2e6a1e9dbf7d93fb29e4c7a9db9b2eee,extra_variant_or_near_duplicate_for_train_component
628a03b3df2fa5dc,1697095309863_JPEG_jpg,valid,train,1697095309863_JPEG_jpg.rf.9f405c4c302609c41f11fb713beecdd4.jpg,c4fb76f1815f64c9510a10594678a215c6b7f8991fb8f3cc2f0bf85b5234ca99,extra_variant_or_near_duplicate_for_train_component
62e62b2a48c0379e,000354_png_jpg,train,train,000354_png_jpg.rf.82726d20afb31365bb93f09cc0be1940.jpg,645519866d20964dfd8ab7e83fd6e5e1fdbfb51d036dc5e970f2e27deb0edc4e,exact_duplicate_label_conflict
63ce89cfd937333c,bb0419_jpg,train,train,bb0419_jpg.rf.58b3665f7bfa4baadf344b8b19f148c8.jpg,dfa1ffd2481a59dfbe5d03dc6a961732be8679f7223ab051c9fe4ee5c246e41a,exact_duplicate_same_label
63ce89cfd937333c,bb0419_jpg,train,train,bb0419_jpg.rf.69af0a477469596d359571955826d5dc.jpg,0778ca2795ef0d5c2e5ae6515f2e8972c46f84c81b0c758f821674c87a065dc2,exact_duplicate_same_label
63ce89cfd937333c,bb0419_jpg,train,train,bb0419_jpg.rf.bca08152ec70ae57f29265f7d0014ca5.jpg,3aa70ed84d784bfe239922677065051dc5cd00d018110ec982df23f835ee729a,exact_duplicate_same_label
63ce89cfd937333c,bb0419_jpg,train,train,bb0419_jpg.rf.cfac43bf76c03f7b5db4785201872817.jpg,dfa1ffd2481a59dfbe5d03dc6a961732be8679f7223ab051c9fe4ee5c246e41a,exact_duplicate_same_label
63ce89cfd937333c,bb0419_jpg,train,train,bb0419_jpg.rf.ff06f934aab5964687749d94d4567f71.jpg,0778ca2795ef0d5c2e5ae6515f2e8972c46f84c81b0c758f821674c87a065dc2,exact_duplicate_same_label
6497339a4a01718b,1697100023772_JPEG_jpg,train,train,1697100023772_JPEG_jpg.rf.22b7d84da68576e1ce603b2a06e1e172.jpg,30d342a59c6eaa912cc92802b5db306d864c083b8fc702e132a8c0369a2f311f,extra_variant_or_near_duplicate_for_train_component
6497339a4a01718b,1697100023772_JPEG_jpg,train,train,1697100023772_JPEG_jpg.rf.7c76fdad7a7fa8ced46f4cb32793997f.jpg,525d128be38fcc570ada195893d1d2a590e7ac91e8208b7234205ed3aaf12b20,extra_variant_or_near_duplicate_for_train_component
6497339a4a01718b,1697100023772_JPEG_jpg,train,train,1697100023772_JPEG_jpg.rf.93d5de2dafc85359cf802bc97d4ef76d.jpg,dee1a64c1613388f16296671fa09d70724503ed5dbf5a6f29a8e48b0d8397038,extra_variant_or_near_duplicate_for_train_component
6497339a4a01718b,1697100023772_JPEG_jpg,train,train,1697100023772_JPEG_jpg.rf.97055eb18e9717780a1a8f605ca84f35.jpg,7f49ed3becf2c8a69b3ea8780a1ae5fde0f35922f261e4dc58b83e581568f8cc,extra_variant_or_near_duplicate_for_train_component
6497339a4a01718b,1697100023772_JPEG_jpg,train,train,1697100023772_JPEG_jpg.rf.b3961a2192e2c06137f1e5529f2acad8.jpg,85dd0f8e0324f0c079552beafb55d5d27d37540d61e1c486e04f8cfa9dd4a02d,extra_variant_or_near_duplicate_for_train_component
6497339a4a01718b,1697100023772_JPEG_jpg,train,train,1697100023772_JPEG_jpg.rf.d90c19046299f8cb9302b05e79645ff1.jpg,82d0b541d4e8e32908987e84d65278a3264fdaaff717390a805d6825382d1e39,extra_variant_or_near_duplicate_for_train_component
6497339a4a01718b,1697100023772_JPEG_jpg,valid,train,1697100023772_JPEG_jpg.rf.70e4f9d10a7f5227322ea94f30a72e9a.jpg,db0d007700625431f9ceb2e29bd2668a82a88dfe26c0a739b039bc2acff305d9,extra_variant_or_near_duplicate_for_train_component
6497339a4a01718b,1697100023772_JPEG_jpg,valid,train,1697100023772_JPEG_jpg.rf.917bce28dc004fef65f46c9b36c803c2.jpg,60b489a4495878e85a533a196137043e0b23f0113615b222076e380997373efd,extra_variant_or_near_duplicate_for_train_component
64cf517a2894a60b,IMG_4382_jpg,train,train,IMG_4382_jpg.rf.7a3d7427c968da2dfb9906b1c4eb644f.jpg,71ba279b3f46221b28c949be31863dc3ded54aee97b92d314e10766bab418757,extra_variant_or_near_duplicate_for_train_component
64cf517a2894a60b,IMG_4382_jpg,train,train,IMG_4382_jpg.rf.85dc7aa812b1574ed978939fd0d1bd1d.jpg,88f60590ff094f20cede1dda0e29c7d4d0398b8acc8a3c278ed16dd44e67a65d,extra_variant_or_near_duplicate_for_train_component
64cf517a2894a60b,IMG_4383_jpg,train,train,IMG_4383_jpg.rf.0339f3124ac61c4539466cb9f3317407.jpg,c0ee0a86c0c29e3c761016239f970be1480e36e233a069b08bb99c4927c9fdda,extra_variant_or_near_duplicate_for_train_component
64cf517a2894a60b,IMG_4383_jpg,train,train,IMG_4383_jpg.rf.3a80b7b0cec2ab7737d0f04d7bb7c08b.jpg,4ac4777eb127819a015006d8a687c98684e3571043a7b749060098162440c450,extra_variant_or_near_duplicate_for_train_component
64cf517a2894a60b,IMG_4383_jpg,train,train,IMG_4383_jpg.rf.fdfe14f0a6ddcd228138dbfbca4ecfa2.jpg,fd44593893dd35f7db9fa248760ac158d9c8a6240be502488a26204d517d5b8d,extra_variant_or_near_duplicate_for_train_component
64e21e743ad2b553,images-83-_jpg,train,train,images-83-_jpg.rf.a98615b261810927af43e969feee5738.jpg,50b736bd77ab057f7bf64a065a3852f75adcf4d6cd72b1dae2cf0dbdd3cb4be8,extra_variant_or_near_duplicate_for_train_component
64e21e743ad2b553,images-83-_jpg,train,train,images-83-_jpg.rf.cf62442a7c2573b622337b3861a756f8.jpg,635cbdb07316dd5783e62baa84b498eaffe90bf3f76278f45355873dbe26cd03,extra_variant_or_near_duplicate_for_train_component
64e21e743ad2b553,images-83-_jpg,test,train,images-83-_jpg.rf.782aecbc2156ff5ac0268db70cf451ef.jpg,338f58167b376b168f27bee17915bb7bb4307c5bccdfef59fb03709dcdf9bf18,exact_duplicate_same_label
64ffd08613416525,IMG_4348_jpg,train,train,IMG_4348_jpg.rf.68f433db4dfcfd2abb4a60e0d50cf707.jpg,500c26168019de293bd438b70479fa298f056abeefc497947df87efe54394bce,extra_variant_or_near_duplicate_for_train_component
64ffd08613416525,IMG_4348_jpg,train,train,IMG_4348_jpg.rf.f025393093a87d72679d98a496966ae3.jpg,a62c9d2b33a67c89f2db5c591e03a89a697a2237272d507d64db0ae8f6811c19,extra_variant_or_near_duplicate_for_train_component
64ffd08613416525,IMG_4349_jpg,train,train,IMG_4349_jpg.rf.281b7309cb6d66e421fbbdeda6a759cb.jpg,4f52487ebb5fce41ef1642854bd128f50b9b50ca456f47a86f8ac22884a976d4,extra_variant_or_near_duplicate_for_train_component
64ffd08613416525,IMG_4349_jpg,train,train,IMG_4349_jpg.rf.2c3d483c95e3d4a2bc44c5abd1bd324b.jpg,9ab2848f568d5ff2fe0c41a65713f6c631d313d931440f5c1200e4fd19f820f8,extra_variant_or_near_duplicate_for_train_component
64ffd08613416525,IMG_4349_jpg,train,train,IMG_4349_jpg.rf.a72c1e6cf240ab8cb307dfd331712100.jpg,6dd03e25d9535c5150974951b66e47899c515681508b3f1b38c99ac5cdaa16de,extra_variant_or_near_duplicate_for_train_component
64ffd08613416525,IMG_4350_jpg,valid,train,IMG_4350_jpg.rf.e87cd8b0ce3680742d8ceec498f17571.jpg,7865ac0b940244170067908ec80ea5026e8c38975d9f19295811ceb87d77bd56,extra_variant_or_near_duplicate_for_train_component
655cdc4fb7f0938d,ggg098_jpg,test,train,ggg098_jpg.rf.851b35e4176fd382d60f28db7c0da336.jpg,13433eba857c651ec1587b85f7878539d59439b5e89df427f611644101e16631,extra_variant_or_near_duplicate_for_train_component
655cdc4fb7f0938d,ggg098_jpg,valid,train,ggg098_jpg.rf.50f2a6b7ab4a1fc14bbdd775ebec9c4a.jpg,e2b791ae766451cb3110c510ce37c2a97dff0987415df57f6426c763968fe76f,extra_variant_or_near_duplicate_for_train_component
655cdc4fb7f0938d,ggg098_jpg,test,train,ggg098_jpg.rf.25e225b60a27a0101b7782b6674cfde5.jpg,de1bff5fbcfdc42db9137d81c1078f4edb585f46b495f8e39c34ab73753d6cd0,extra_variant_or_near_duplicate_for_train_component
655cdc4fb7f0938d,ggg098_jpg,test,train,ggg098_jpg.rf.39d9d409ad868ccae4fe711d117727ce.jpg,444ec19d41f17ef255d7da00ee1872cf5903e17b9a562c6332c7c5af2637c820,extra_variant_or_near_duplicate_for_train_component
655cdc4fb7f0938d,ggg098_jpg,test,train,ggg098_jpg.rf.f23d7cf49618a5f96c629b421a5ff77d.jpg,043266221a35f5fd1284949f857a92b30b8638228ec3b1337be019497ce5089f,extra_variant_or_near_duplicate_for_train_component
65933878731117dc,c00523_jpg,train,train,c00523_jpg.rf.c4372f146f5ad69e3c3b653501e0e7c4.jpg,3f29de1587065dd04598e25298f547c6bd3c182f01687b8a18447cb3c743dc7f,exact_duplicate_same_label
65933878731117dc,c00523_jpg,train,train,c00523_jpg.rf.0340a2833ac75e67753627e35950b9fe.jpg,eadf49e77311328ea4152129660f507e3582677d4b70fd9a7ae406ce691159d7,exact_duplicate_same_label
65933878731117dc,c00523_jpg,train,train,c00523_jpg.rf.1e888df986c4ef6cd57dda939ee770dc.jpg,7100b76d1f34925856ef3d0d61e136163e158b7a8e9f6fe06dc105e64ff84728,exact_duplicate_same_label
65933878731117dc,c00523_jpg,train,train,c00523_jpg.rf.2246ad23a97bf836a66cc85446e4d122.jpg,74232341fa4e86a1ce570411f94a257e4027dd989a46f2e8ffda58f8e5462f85,exact_duplicate_same_label
65933878731117dc,c00523_jpg,train,train,c00523_jpg.rf.72e262cb9b9cdb8d43c79bdad671905c.jpg,eadf49e77311328ea4152129660f507e3582677d4b70fd9a7ae406ce691159d7,exact_duplicate_same_label
65933878731117dc,c00523_jpg,train,train,c00523_jpg.rf.a4077f72c3ee03a40968ed28996fbef8.jpg,7100b76d1f34925856ef3d0d61e136163e158b7a8e9f6fe06dc105e64ff84728,exact_duplicate_same_label
65933878731117dc,c00523_jpg,train,train,c00523_jpg.rf.b3856cfd7661f8efbad99429c067e4c2.jpg,74232341fa4e86a1ce570411f94a257e4027dd989a46f2e8ffda58f8e5462f85,exact_duplicate_same_label
65a9809d89aed565,IMG_4346_jpg,train,train,IMG_4346_jpg.rf.6b3d480f92e9084a26dcd49e863c8a8c.jpg,8831d2d9213ffd0d2deb4213991f2fcb54a7ca828b67d644398335b056acd3e5,extra_variant_or_near_duplicate_for_train_component
65a9809d89aed565,IMG_4346_jpg,train,train,IMG_4346_jpg.rf.d067263059142d5fbd71c9825cff1935.jpg,f4bb56cf8aa5a9119dd0239347fc81e62cbdc4e800ba60c6b89332548ddc30c6,extra_variant_or_near_duplicate_for_train_component
65acf3dc187472ea,1697099897788_JPEG_jpg,train,train,1697099897788_JPEG_jpg.rf.3fd8cb2f4a1188b9cfce132df7211d92.jpg,7910aca494eb86192042c70dd7d75aa173a0a480a7a90c13d2c0d30f04d0f031,extra_variant_or_near_duplicate_for_train_component
65acf3dc187472ea,1697099897788_JPEG_jpg,train,train,1697099897788_JPEG_jpg.rf.50428c2a71a5c4e1260ace01977a2412.jpg,f0854f6247118a01749f0f9fd6a28ecb72217a65ecd2f2cbe2a59cb310595d68,extra_variant_or_near_duplicate_for_train_component
65acf3dc187472ea,1697099897788_JPEG_jpg,train,train,1697099897788_JPEG_jpg.rf.7518a6968f7edad97a5c3cd1e9aa60b7.jpg,aa6532ab59b3f4722bdfc348a3f1302bd02831883f9ff3a72c5a65c348f095ba,extra_variant_or_near_duplicate_for_train_component
65acf3dc187472ea,1697099897788_JPEG_jpg,train,train,1697099897788_JPEG_jpg.rf.77eb72d17bb8cb473cea695e54c703aa.jpg,fd9b18ebe121ff50e0dffda0c5ed6da35c097146b989529021bb3aaedf59f921,extra_variant_or_near_duplicate_for_train_component
65acf3dc187472ea,1697099897788_JPEG_jpg,train,train,1697099897788_JPEG_jpg.rf.ad960b3c06be2670c8511da1fda9a57c.jpg,ed47fc4d06345c9689eb5fdab5e4b803b8c53c2616ebcd4bafd9ffdc2c646a15,extra_variant_or_near_duplicate_for_train_component
65acf3dc187472ea,1697099897788_JPEG_jpg,train,train,1697099897788_JPEG_jpg.rf.daa6465a5d35f20790c15831ed80a8c1.jpg,a87d067213ee4d6891cf516c227f8f02b0ca39e27e6b78fb99560d264e30ff3e,extra_variant_or_near_duplicate_for_train_component
65acf3dc187472ea,1697099897788_JPEG_jpg,valid,train,1697099897788_JPEG_jpg.rf.0b3070fda3cb66ebfa8c3debae6e815a.jpg,acff90acf375f77a1a2a8165f25f358971326d966a5d046872b48eb54ee8239d,extra_variant_or_near_duplicate_for_train_component
65acf3dc187472ea,1697099897788_JPEG_jpg,valid,train,1697099897788_JPEG_jpg.rf.addd9bec65718cf9315cf8505d4f70ca.jpg,2a03d12f8463f820a63b29514a866a3bb90eae5ebfcd91cbaae225a0258864f2,extra_variant_or_near_duplicate_for_train_component
662c30dc6d269dbe,imadaages_jpg,train,train,imadaages_jpg.rf.6437f65c48e7eb1f50fa197290ade183.jpg,0c06e8fc0a8ee1804d1d39ea90b5b8d1c0750593d22622ea1b8c5557aaf56199,extra_variant_or_near_duplicate_for_train_component
662c30dc6d269dbe,imadaages_jpg,train,train,imadaages_jpg.rf.f58fdb6743318b416c8c6e8eca1d3306.jpg,954656d947f633f900f53d7ea2e854deb4fd09fadff37b67a36f391d1a9a96be,extra_variant_or_near_duplicate_for_train_component
6674d2f696a001e2,IMG_4503_jpg,train,train,IMG_4503_jpg.rf.ccd185f344e8be687ca602f9226df392.jpg,2af1f549906e35287d91d9eae92eda214915bae25ba8d8b3aa50c5166a93266a,extra_variant_or_near_duplicate_for_train_component
6674d2f696a001e2,IMG_4503_jpg,train,train,IMG_4503_jpg.rf.d3ecdd99faf85ebb47518d9fce54d0ea.jpg,e6cd3d00455c43d9ef4383f4d379729e85284dbf99f0b90c95655db52b310a68,extra_variant_or_near_duplicate_for_train_component
6679a2fde7d749b4,000034_jpg,train,train,000034_jpg.rf.318944f01caf6e207741316b8b75f4c4.jpg,0fc321d401107854d125c01fd40f182a2c349494bfafd2a229f87feba4f21caa,exact_duplicate_same_label
6679a2fde7d749b4,000034_jpg,train,train,000034_jpg.rf.9777c3d0eb9f873467478918d5f9c792.jpg,23d5f57a1f6cc2300a95d313869380006d4d9761accfa69f5219451ba0306f0a,exact_duplicate_same_label
6679a2fde7d749b4,000034_jpg,train,train,000034_jpg.rf.d86d97b68140c16edb8bbdd8180b4d36.jpg,0fc321d401107854d125c01fd40f182a2c349494bfafd2a229f87feba4f21caa,exact_duplicate_same_label
6679a2fde7d749b4,000034_jpg,valid,train,000034_jpg.rf.69993bd2c45bc7c1649d48cecab43884.jpg,e4534c12f8e6c54b283f782ab1eebb0fe8e5507a33c9ed527b153c7899d44319,extra_variant_or_near_duplicate_for_train_component
6679a2fde7d749b4,000034_jpg,valid,train,000034_jpg.rf.fa22eb78ffdc7abf1c5f8f6bae508adc.jpg,819377643dd3498d10ff648a9fc912258afdd00440dc594000e30c9cae4ef0f0,extra_variant_or_near_duplicate_for_train_component
67186fe38db3272e,1697100023689_JPEG_jpg,train,train,1697100023689_JPEG_jpg.rf.4e0df483ab75d353390ed2214584869a.jpg,24840010c86cd90edaaa3bb9cf4584695a141318de1e41d97c8886e80c07ebf1,extra_variant_or_near_duplicate_for_train_component
67186fe38db3272e,1697100023689_JPEG_jpg,train,train,1697100023689_JPEG_jpg.rf.9a0f665ae0350c03d879af6b9be6506c.jpg,1a06f9a1a013d70920aae33dee404f8772c298c73b902ef57457ac51627c328b,extra_variant_or_near_duplicate_for_train_component
67186fe38db3272e,1697100023689_JPEG_jpg,train,train,1697100023689_JPEG_jpg.rf.adbb0d8f75eb8be923975ce44bfbfa5a.jpg,0bfa56107e37eab19f23f12c2ec6529bd2c9a7a6aab91a4df709ac64c6b0d257,extra_variant_or_near_duplicate_for_train_component
67186fe38db3272e,1697100023689_JPEG_jpg,train,train,1697100023689_JPEG_jpg.rf.e7d38c2fcac4306e074d30bbc8cf23cb.jpg,0fee31ab9993be817fce6e83db1703555df6d78234b63efb4e5a0ba07f35da68,extra_variant_or_near_duplicate_for_train_component
67186fe38db3272e,1697100023689_JPEG_jpg,train,train,1697100023689_JPEG_jpg.rf.f6f467cc7e9cb8e2315a62218e3c9487.jpg,86a3e3633e26ab037f5b69637e47ca9bc56f008d54d521b044fde4dd38ea2894,extra_variant_or_near_duplicate_for_train_component
67186fe38db3272e,1697100023689_JPEG_jpg,train,train,1697100023689_JPEG_jpg.rf.f7fdef2051076bb37327787e3b90c366.jpg,df8e9f69ee9da2ff3cb0d6929ed01c10f2d6e6923c05c09e5716c35f3219a588,extra_variant_or_near_duplicate_for_train_component
67186fe38db3272e,1697100023689_JPEG_jpg,valid,train,1697100023689_JPEG_jpg.rf.12241c1071a0a1418eddeb0baeb7ad9d.jpg,d8c414c2a8a75cb6dc3563c4966d2099ff46f16524ca8d1176ca40779f7df43b,extra_variant_or_near_duplicate_for_train_component
67186fe38db3272e,1697100023689_JPEG_jpg,valid,train,1697100023689_JPEG_jpg.rf.6490fcef6e57899a41dc3d4a7bc62748.jpg,80d2c2fcbc7fbd8de9869cca9699b21e9b3813a7ee12d4ab5f11896765e47433,extra_variant_or_near_duplicate_for_train_component
6788bdc54541c6e7,000148_jpg,train,train,000148_jpg.rf.58feeb2a3e50e186a09731b25e8891f3.jpg,08a37ec04b83438441360a6b6131479385f2af95de4cbe81fd6b8540e9cea0a3,exact_duplicate_same_label
6788bdc54541c6e7,000148_jpg,train,train,000148_jpg.rf.8353f6a41fc4737e513b8641c6e96c12.jpg,8fa388b5825de1ce3f690e7de0c80b21abcafc0e78e6f288003f5e6f1514c092,exact_duplicate_same_label
6788bdc54541c6e7,000148_jpg,train,train,000148_jpg.rf.b8dcc8d381a53001e0d7ff7367c34552.jpg,2400aea68dac8ff1ba9f235a5d188cc3e547bdfe03bdea12b619fed0dcf57dd2,exact_duplicate_same_label
6788bdc54541c6e7,000148_jpg,train,train,000148_jpg.rf.d69bc45c37f192fc0f97137aa76db582.jpg,2400aea68dac8ff1ba9f235a5d188cc3e547bdfe03bdea12b619fed0dcf57dd2,exact_duplicate_same_label
6788bdc54541c6e7,000148_jpg,train,train,000148_jpg.rf.e05f2cca9918c02c3345f7e7f3a43318.jpg,8fa388b5825de1ce3f690e7de0c80b21abcafc0e78e6f288003f5e6f1514c092,exact_duplicate_same_label
6793a6b137fe1853,IMG_4339_jpg,train,train,IMG_4339_jpg.rf.69d1900d94a89be38032524230ea3f6f.jpg,8a5728172a840bfe6df5db0197b3c422cac12ae80c42fc9bc9b95e7f20090a15,extra_variant_or_near_duplicate_for_train_component
6793a6b137fe1853,IMG_4339_jpg,train,train,IMG_4339_jpg.rf.a95c3af61b033d2cc4957379ceaa047c.jpg,e07d7587f275c64d820f401e44d77576413ae63215340f38270a330eee7764b6,extra_variant_or_near_duplicate_for_train_component
679b88c75f6305be,c00040_jpeg_jpg,train,train,c00040_jpeg_jpg.rf.bb635d98e6c54e577a523c736a532db0.jpg,ea980f3bc555c24035d17399576f45ca8146083737e32002adf71c86f4b4cbf9,exact_duplicate_same_label
679b88c75f6305be,c00040_jpeg_jpg,train,train,c00040_jpeg_jpg.rf.f36ece62168f0376215bcb57dc4ac289.jpg,ea980f3bc555c24035d17399576f45ca8146083737e32002adf71c86f4b4cbf9,exact_duplicate_same_label
679b88c75f6305be,c00040_jpeg_jpg,train,train,c00040_jpeg_jpg.rf.f8ed8a3fc333c2064e601a9b9f49adb2.jpg,989f351171403049ceb87ced5eaf3dab4876aec4109997550228208ed29abc85,exact_duplicate_same_label
679b88c75f6305be,c00040_jpeg_jpg,valid,train,c00040_jpeg_jpg.rf.682bac05559ab1e8b2660c4dd18678be.jpg,27a28dec79a006a637cf7af8a275c9f8b486a51694e742793ecf019fff3ebb96,extra_variant_or_near_duplicate_for_train_component
67bb056f0436aea6,000134_jpg,train,valid,000134_jpg.rf.6eb76663ff6bd80b8a4165ea280a904b.jpg,72c1ad2c1dd639c12f33fba585f0094b69e004f1c0939f359da57df7f330ee36,exact_duplicate_same_label
67bb056f0436aea6,000134_jpg,train,valid,000134_jpg.rf.7aea72f5c69221c6ed3567a6df2dd2fd.jpg,2e6bb92c0511b81f0d013259210831e937aac78a8fe4db54ba8c793cba67003d,exact_duplicate_same_label
67bb056f0436aea6,000134_jpg,train,valid,000134_jpg.rf.a90d39ea335a2035562db08275786915.jpg,2e6bb92c0511b81f0d013259210831e937aac78a8fe4db54ba8c793cba67003d,exact_duplicate_same_label
67bb056f0436aea6,000134_jpg,train,valid,000134_jpg.rf.b7e61232f4dd18f103238aee4e80faf4.jpg,72c1ad2c1dd639c12f33fba585f0094b69e004f1c0939f359da57df7f330ee36,exact_duplicate_same_label
67bb056f0436aea6,000134_jpg,train,valid,000134_jpg.rf.fbb7425b6b76deca05e3ca934f47ad5a.jpg,5e58dbb693af85fbee9c7d02e834390bd299be70594cc224683390f579e6f92c,exact_duplicate_same_label
67cbe333403aa48f,IMG_5109,train,test,IMG_5109.JPG,1f582d876c9d5492d228652a63291e0e96abf49eb267b66093c6ed3b61f46211,extra_variant_or_near_duplicate_for_test_component
67cbe333403aa48f,IMG_5110,train,test,IMG_5110.JPG,87d2411413181748bc1b9301084be587e7cf2493947376ab1486f0405b272ea6,extra_variant_or_near_duplicate_for_test_component
68dc86940a81de3e,IMG_4541_jpg,train,train,IMG_4541_jpg.rf.42c68e9f33ff855ead3c47db31cece65.jpg,9784a40c38526b68313ef3e86115c0fc3619aa0bbc1ec7bb5d0c98c4b3e16c06,extra_variant_or_near_duplicate_for_train_component
68dc86940a81de3e,IMG_4541_jpg,train,train,IMG_4541_jpg.rf.721907dd2481e65f3a7418e6fe56db9c.jpg,5c06efe308c18a2917654da37caeb443e52b5516b2b6dfd20b33222ab14db991,extra_variant_or_near_duplicate_for_train_component
6937a99141adcaf3,bb0677_jpg,train,train,bb0677_jpg.rf.61352b8b171a6c72cbc0ac841c2a81df.jpg,40b9b2d4e67401326d898c3f3165437b2398bf07d61eaaaa8bc9c56a317efc20,exact_duplicate_same_label
6937a99141adcaf3,bb0677_jpg,train,train,bb0677_jpg.rf.8921801fd30d89daffa7ea1c74504eb1.jpg,40b9b2d4e67401326d898c3f3165437b2398bf07d61eaaaa8bc9c56a317efc20,exact_duplicate_same_label
6937a99141adcaf3,bb0677_jpg,train,train,bb0677_jpg.rf.b0d5a48029979b557ee7cb9d60e91536.jpg,4db5ba2405cd5362e2889bdb8366a17d19cf0e180fcb1d6eaca7d3cca073168b,exact_duplicate_same_label
6937a99141adcaf3,bb0677_jpg,test,train,bb0677_jpg.rf.306c16e61394a40ed1ce18beda676d93.jpg,0ec16b03764ed1880a2267e4ab9fc100c6829a2463909f9bd0947feed65e8910,extra_variant_or_near_duplicate_for_train_component
698f377c606eefb8,000033_jpg,train,train,000033_jpg.rf.edf518331b18da874e6fce3e25143c41.jpg,a4d4517f758f358ac0baff9924381c92fe01264e03bbce8bec68ff7c72d7f3a0,exact_duplicate_same_label
698f377c606eefb8,000033_jpg,valid,train,000033_jpg.rf.6da9e4345fcc6f4a74b3004227825a50.jpg,146aaf731257931d746473239672e97b20c3cae98f42c3e514fa96f0212e9211,extra_variant_or_near_duplicate_for_train_component
698f377c606eefb8,000033_jpg,valid,train,000033_jpg.rf.f6dacc525b587f9f933b805f20588808.jpg,da3ded9abdd457836288aca5610ff0d488779cd6c5e22a89c52e688449649f5e,extra_variant_or_near_duplicate_for_train_component
69eea69ae69aeacd,IMG_4472_jpg,train,train,IMG_4472_jpg.rf.6d4056f021c3b46e83909f02ccd8e43c.jpg,2b299bdbc585b6b2f6163ecb9162d2c84f5eecf306fb22a12a2b1cfba48b3f42,extra_variant_or_near_duplicate_for_train_component
69eea69ae69aeacd,IMG_4472_jpg,train,train,IMG_4472_jpg.rf.b033a576129c1ee8522c3f16fcb81f0f.jpg,d98016246a2f65712dbb29dbff68c033d5aa9d6648fd60459656bcea8d321b1c,extra_variant_or_near_duplicate_for_train_component
69eea69ae69aeacd,IMG_4473_jpg,train,train,IMG_4473_jpg.rf.1d91523844a8fa5782c2ebaf1f8dd6b2.jpg,49a69e47bd07d3b13592939589bfe572478785ee63e3c49abebfcd16d171e713,extra_variant_or_near_duplicate_for_train_component
69eea69ae69aeacd,IMG_4473_jpg,train,train,IMG_4473_jpg.rf.6e873f01dc51b506845989808bdcae5a.jpg,95bca0f643f4a7aa2bd56d8c4c8bf95fbb7f3df7641bba8eac79c3a1a6a3172b,extra_variant_or_near_duplicate_for_train_component
69eea69ae69aeacd,IMG_4473_jpg,train,train,IMG_4473_jpg.rf.71e9ababf6280041d0c6267f132d747e.jpg,25fd74e522fef2cf94954872cf20136f1b42083aa9b372e946e7698c7ca67c08,extra_variant_or_near_duplicate_for_train_component
69eea69ae69aeacd,IMG_4478_jpg,train,train,IMG_4478_jpg.rf.1cfff74cfdb8b99a7fb104262bb2cb23.jpg,61a61c32847d5a7972b2631aff02fa5e71ca547ed7266661de5aad3b0907f18d,extra_variant_or_near_duplicate_for_train_component
69eea69ae69aeacd,IMG_4478_jpg,train,train,IMG_4478_jpg.rf.966b89525c7ead84eca3d2c11addda84.jpg,67d65c639e55d96b5ae6207edc8684dd105fc6051013ca711e155b86b2c1f833,extra_variant_or_near_duplicate_for_train_component
69eea69ae69aeacd,IMG_4478_jpg,train,train,IMG_4478_jpg.rf.ab7a48a26e59f91aa0f2f51bb2d7357b.jpg,f8cd4051d8b1e0471a7fc1ed3644da539bbe8cf21fe42b9aff22bd9d249397cc,extra_variant_or_near_duplicate_for_train_component
69eea69ae69aeacd,IMG_4479_jpg,train,train,IMG_4479_jpg.rf.5354657f0484a31a271e84dcf7ea097b.jpg,6846179c4efdac39ebfc35bf54e12a06db32ff97ebddd0b4e93015966866ab3c,extra_variant_or_near_duplicate_for_train_component
69eea69ae69aeacd,IMG_4479_jpg,train,train,IMG_4479_jpg.rf.5a3d6b68b877ee8e871ac72e7ccc8f52.jpg,4cf2c06d22fa09136bf762121756864ce3a2a413adce4a138ec6517d7d6f9b38,extra_variant_or_near_duplicate_for_train_component
69eea69ae69aeacd,IMG_4479_jpg,train,train,IMG_4479_jpg.rf.f798325124105d0b0b8d21c299bc1274.jpg,a130afd928b22c831ee21dd0c05c1806540e898f46dc4d52614014c35e4df598,extra_variant_or_near_duplicate_for_train_component
69eea69ae69aeacd,IMG_4481_jpg,train,train,IMG_4481_jpg.rf.4d3dc71f24c967baebfca6949270ef99.jpg,1ef8771580fd4a7a0256d6eeea021b448c4fb572251c633e7c98cda72ecc8f85,extra_variant_or_near_duplicate_for_train_component
69eea69ae69aeacd,IMG_4481_jpg,train,train,IMG_4481_jpg.rf.8f3924e04e6af9687874d875af373e8d.jpg,0e6ff05c6654fa20bd77359ff14ab99b08b2dee18fbe7871aeb86906179a978a,extra_variant_or_near_duplicate_for_train_component
69eea69ae69aeacd,IMG_4481_jpg,train,train,IMG_4481_jpg.rf.96bfc4420b2fae213f1f92e2cbc7a109.jpg,0837cacb6b6273e2c1711ee2521b581168729ea831312b07fcc26c72a1b8649f,extra_variant_or_near_duplicate_for_train_component
69eea69ae69aeacd,IMG_4474_jpg,train,train,IMG_4474_jpg.rf.52e759f5b93813297a65f95126498b16.jpg,0fcb67b1fc5905244aed00f70cc281580fb80400ead1ec1030b144c07d5c131c,extra_variant_or_near_duplicate_for_train_component
69eea69ae69aeacd,IMG_4474_jpg,train,train,IMG_4474_jpg.rf.649bb1aadfeb4b674bb7f8d9c1909df6.jpg,a2405132741028b38b8db860cbd5949c232bfa70292efadf8183242d347493fe,extra_variant_or_near_duplicate_for_train_component
69eea69ae69aeacd,IMG_4474_jpg,train,train,IMG_4474_jpg.rf.c4b54e548bb4c8422a3efcd3d6c2cfbe.jpg,4f88d5323ca69f1aec1fd9ad87fc93128ef3c5086c1bf9ef8638f9e032cd444f,extra_variant_or_near_duplicate_for_train_component
69eea69ae69aeacd,IMG_4476_jpg,train,train,IMG_4476_jpg.rf.5ef32111cb9b9575c30c2ec61d1f75dd.jpg,f1b012665e7f677edaa1902bc7d481c3ed497a4edffeb7c224dc9b45a6036674,extra_variant_or_near_duplicate_for_train_component
69eea69ae69aeacd,IMG_4476_jpg,train,train,IMG_4476_jpg.rf.92e4ba23473261516e3bae4484382a6a.jpg,d67fabc568918db4f3f786e43dcf1265b0015c44ed50192bc4701c412ea03d59,extra_variant_or_near_duplicate_for_train_component
69eea69ae69aeacd,IMG_4476_jpg,train,train,IMG_4476_jpg.rf.d63c7698b03f8ebeee1de1a61a9a1829.jpg,83746e431708ff3e8ea2767c2b9464db66036cfbabac984446e0cd9ea2fa45b8,extra_variant_or_near_duplicate_for_train_component
69eea69ae69aeacd,IMG_4480_jpg,train,train,IMG_4480_jpg.rf.6a93579c3d14475acc3365ad186b18b1.jpg,06a8a6969ba178a1a473e2a1664cbd652ad17ebe6c1026cb8b3b5515d98d06c3,extra_variant_or_near_duplicate_for_train_component
69eea69ae69aeacd,IMG_4480_jpg,train,train,IMG_4480_jpg.rf.c10663e427962361442a8c50a79d47b6.jpg,47a003660ed8e32316f790b0905be73adbeb47c595408d58d122107cba1cee2e,extra_variant_or_near_duplicate_for_train_component
69eea69ae69aeacd,IMG_4480_jpg,train,train,IMG_4480_jpg.rf.e2b41e437aa756358e986c21b3e3de7b.jpg,4684e88f3bcc1f3296f2bff6bba90a13c4c64b2ce256272bd30d73fe7ec370d2,extra_variant_or_near_duplicate_for_train_component
69eea69ae69aeacd,IMG_4482_jpg,train,train,IMG_4482_jpg.rf.1b3c4052dc56fe6c362ff88c862daf08.jpg,1bfcea9caab7ae0cff5649b807c9ecbef2c14154341d33024f61ac75b73567f1,extra_variant_or_near_duplicate_for_train_component
69eea69ae69aeacd,IMG_4482_jpg,train,train,IMG_4482_jpg.rf.e8e3f0bc7757f3cae7f02b7981a07653.jpg,237fa9c895317ab4ac96e292f0335b3bc6cae7ea67df189edda654f8432a7612,extra_variant_or_near_duplicate_for_train_component
69eea69ae69aeacd,IMG_4482_jpg,train,train,IMG_4482_jpg.rf.f8c0328d57ef171a2275d05f4177a17e.jpg,d097d28dc721ab998fb6ddea3a1906969f75c7de41be4331ad11541e06f96ecf,extra_variant_or_near_duplicate_for_train_component
69eea69ae69aeacd,IMG_4475_jpg,valid,train,IMG_4475_jpg.rf.f8e7cba6ae1f6637798aef110052d0a6.jpg,dff217c149a54c2379b5174c77216ad5d71a97d7e3d96d33dbf5c6a5069a2766,extra_variant_or_near_duplicate_for_train_component
69eea69ae69aeacd,IMG_4477_jpg,valid,train,IMG_4477_jpg.rf.9479953042773efba8a359ebe10aea22.jpg,576ba7804a78e3057c08eee2a58f9096ed009d56a60f7f53b2ae2be19ebf22db,extra_variant_or_near_duplicate_for_train_component
6a03b2fb13740253,WIN_20220329_21_29_44_Pro_jpg,train,train,WIN_20220329_21_29_44_Pro_jpg.rf.b4172dc883dd35c4ea89636f4dfed52e.jpg,9977d790325c2e099424f358f40b23d89950def000f6f0ed223ab3be9bb63be5,extra_variant_or_near_duplicate_for_train_component
6a03b2fb13740253,WIN_20220329_21_29_44_Pro_jpg,train,train,WIN_20220329_21_29_44_Pro_jpg.rf.fa2bc15f86d0c8f6247523191b7d9416.jpg,ac1ee4c32454c9a150feae7d6c3136be56c6066b708fcd3bf925c2bcc6ba8d33,extra_variant_or_near_duplicate_for_train_component
6a2d4ff71ed6d7ae,images-103-_jpg,valid,train,images-103-_jpg.rf.c4e0acf63f4786dae01f6684c3f2d917.jpg,ab104036cb2cc2e1e6e5d8ef2c1c14790597931eacb59f220777e08ccbc11ece,extra_variant_or_near_duplicate_for_train_component
6a2d4ff71ed6d7ae,images-103-_jpg,valid,train,images-103-_jpg.rf.c831271ebbaa494587ca64f634c0a234.jpg,39e02296a71c61be1a5ef0ee24f316688882405dabd25efafacb8f251ae28204,extra_variant_or_near_duplicate_for_train_component
6a6748fe0bd6190a,ggg291_jpg,test,train,ggg291_jpg.rf.4c0587691011081d7c32125013a2a4bf.jpg,cf7db45e7c682557e5fc44edbb0888d8f74bacf39354b432978437db6787a0ce,extra_variant_or_near_duplicate_for_train_component
6aa1b61a6a90e856,images-25-_jpg,train,train,images-25-_jpg.rf.2f6e6efcd5fb14e81a8feecca73892c3.jpg,e00cae979ea4f1aa9d0f8a72efa38a58fb0a05cb502e654d8d9f4dc3b62c81d1,exact_duplicate_same_label
6aa1b61a6a90e856,images-25-_jpg,train,train,images-25-_jpg.rf.b797a71d7f94fe912d94a924621f0e2f.jpg,6d2aaf47f906e0fa68e9a6c108089e50e5731a330c8490b6160b9136a9ca6087,extra_variant_or_near_duplicate_for_train_component
6aa1b61a6a90e856,images-25-_jpg,test,train,images-25-_jpg.rf.2f6e6efcd5fb14e81a8feecca73892c3.jpg,e00cae979ea4f1aa9d0f8a72efa38a58fb0a05cb502e654d8d9f4dc3b62c81d1,exact_duplicate_same_label
6b9bdb9c5086dc1c,b00401_jpg,train,train,b00401_jpg.rf.933cef43d4b6e78b9a9d931097d7a8ba.jpg,0239be68c4fdcfc17409722b47e81a11e67cf6c2e81342cc813c3821d4d96bfe,exact_duplicate_same_label
6b9bdb9c5086dc1c,b00401_jpg,train,train,b00401_jpg.rf.a3067dcd3ba16db4bb6fa7663ee26771.jpg,005ad8de4efe25f307a9492a0031c91e4acede4d63a17a242fb6f3446f4b37b7,exact_duplicate_same_label
6b9bdb9c5086dc1c,b00401_jpg,train,train,b00401_jpg.rf.d6c428ea833de53d1874f86b0594c5ad.jpg,0239be68c4fdcfc17409722b47e81a11e67cf6c2e81342cc813c3821d4d96bfe,exact_duplicate_same_label
6b9bdb9c5086dc1c,b00401_jpg,test,train,b00401_jpg.rf.98270387f98abce5d4957ce995e6598a.jpg,1e6b76075b76795c99562c2636936ae2e672611d55ea58931c2d83a8ae8a200d,extra_variant_or_near_duplicate_for_train_component
6bb01a323ec2ba32,000039_jpg,train,train,000039_jpg.rf.fd08857bde44f31d90cad156a806d2d7.jpg,c92a7b01ae12fc436955841f5681d9f39296fbef332e6a4515ed9b80ffc0a600,exact_duplicate_same_label
6bb01a323ec2ba32,000039_jpg,train,train,000039_jpg.rf.ff4baad2ceb13e42f480aa394fe4713c.jpg,2702f2ea0e5ede676a19ab2a9631b4739bd5284807a52ff474a9435d83cc0d30,exact_duplicate_same_label
6bb01a323ec2ba32,000039_jpg,train,train,000039_jpg.rf.ff87c133f7f68b29e78e8e6b067da21d.jpg,2702f2ea0e5ede676a19ab2a9631b4739bd5284807a52ff474a9435d83cc0d30,exact_duplicate_same_label
6bb01a323ec2ba32,000039_jpg,test,train,000039_jpg.rf.22da59dbb039a057d714defef1d82533.jpg,e70c3707186401db4e75a6e8c5d65e5d3ec01f53bd99464368a9f0db7ae8ccdc,extra_variant_or_near_duplicate_for_train_component
6bc78acc90ed668a,IMG_4510_jpg,train,train,IMG_4510_jpg.rf.b49f838d91e45249fe100af9474d7462.jpg,eca215df099af408940761748f24f0c0580317b8350d9a73fdcf3f32b08ab816,extra_variant_or_near_duplicate_for_train_component
6bc78acc90ed668a,IMG_4510_jpg,train,train,IMG_4510_jpg.rf.e8c1255658e0754e8f9e4b830c8e021d.jpg,0a85ffafc0e15a049b1b3daeef79fa6056ece6a9821bf4365886d3b5c8485cd2,extra_variant_or_near_duplicate_for_train_component
6bc78acc90ed668a,IMG_4507_jpg,train,train,IMG_4507_jpg.rf.7bac4a9d9aaa340359746d8dc9dabf60.jpg,b41c4c5c05062a7463a21e42480710fc258e74f7cf825c3aa8af947ff0df5c0c,extra_variant_or_near_duplicate_for_train_component
6bc78acc90ed668a,IMG_4507_jpg,train,train,IMG_4507_jpg.rf.cb78d96bef578856865628a666b6e250.jpg,2755ba092355d7539afc31e7a3c3f2c9e502ec46ef9e063794da7001df755523,extra_variant_or_near_duplicate_for_train_component
6bc78acc90ed668a,IMG_4507_jpg,train,train,IMG_4507_jpg.rf.e1a5ce930164346f17b2be6052251794.jpg,060824cbafbf1bdcc6da6cb6469e47752114fadb8def6d7def1ea57f19452371,extra_variant_or_near_duplicate_for_train_component
6bc78acc90ed668a,IMG_4508_jpg,train,train,IMG_4508_jpg.rf.75507a84c0e15dfc8b0fd5c770e2e56e.jpg,392e73fcafc29f41148255c621c618521669cb5eb7dbd67c15ca16e40f76b4a6,extra_variant_or_near_duplicate_for_train_component
6bc78acc90ed668a,IMG_4508_jpg,train,train,IMG_4508_jpg.rf.9bf3b2a47441c409c275586f219fd03e.jpg,a046305e5873a11e8abb92678ce47bade82f49ca041b382dc511a7186ee751f2,extra_variant_or_near_duplicate_for_train_component
6bc78acc90ed668a,IMG_4508_jpg,train,train,IMG_4508_jpg.rf.c7b95e4ce1044232f43dfef2ca9e94be.jpg,9fca7f9411c8ddd860addbef8d2b81a650c542f40c94e3d266882345b447479e,extra_variant_or_near_duplicate_for_train_component
6bc78acc90ed668a,IMG_4504_jpg,train,train,IMG_4504_jpg.rf.30d8a3c32c03b771a55eff577dc1283e.jpg,cd47460c6b3e970290c3c2b240d00d8eef2bc053c73e2945b3c8e82be727dd0c,extra_variant_or_near_duplicate_for_train_component
6bc78acc90ed668a,IMG_4504_jpg,train,train,IMG_4504_jpg.rf.c90d6f2d364126a0770e423e85432941.jpg,5ddd9a9c814da6e24f0e9f77ec55fe46c6084d4394c3635e824f7dfc75f47ade,extra_variant_or_near_duplicate_for_train_component
6bc78acc90ed668a,IMG_4504_jpg,train,train,IMG_4504_jpg.rf.ecba8503674963376a558ec9931a695b.jpg,e1dfd0b4e8e189a5d69ffed4700dbab253ce8667ce63e669c227f7580fc1603f,extra_variant_or_near_duplicate_for_train_component
6bc78acc90ed668a,IMG_4505_jpg,train,train,IMG_4505_jpg.rf.5510777fbaf2d91aec41b3b4cc89f375.jpg,93ac7d592f68f26efc4e13a1c29302205fe516b0f0d3a1cad1f032db97dc7409,extra_variant_or_near_duplicate_for_train_component
6bc78acc90ed668a,IMG_4505_jpg,train,train,IMG_4505_jpg.rf.6a243a3e867d3fa965f9027c0c8ee732.jpg,b92f38a3dd8834c5d955b3c651c09037d146a197f4a06a5f9b21d84bba666e6b,extra_variant_or_near_duplicate_for_train_component
6bc78acc90ed668a,IMG_4505_jpg,train,train,IMG_4505_jpg.rf.9ae218c27723e3eb2938c35d01d37981.jpg,95972c59557c5aab5d912d595f2b5e6e4f0e3cc47dacc7a5373980ba1879a2da,extra_variant_or_near_duplicate_for_train_component
6bc78acc90ed668a,IMG_4509_jpg,train,train,IMG_4509_jpg.rf.14cb8a13bb1464842f65bf420fbb1f7c.jpg,eb0a5bb44c73a5d5bdb4ad1ad9b7bb45870b65a68e63126dd5162db7b7cc8888,extra_variant_or_near_duplicate_for_train_component
6bc78acc90ed668a,IMG_4509_jpg,train,train,IMG_4509_jpg.rf.40840f26621ce353dba0f523b768a0c4.jpg,3d965a66f28118d5ba71743669f39c5ff992651d6803cd936aea73465b296467,extra_variant_or_near_duplicate_for_train_component
6bc78acc90ed668a,IMG_4509_jpg,train,train,IMG_4509_jpg.rf.a4f8b46aaf6b0ba7c76873911536caf6.jpg,c324e127e3a3aa43945f4bb4f346fae337bc9b315baf142608c565cc0f248ef0,extra_variant_or_near_duplicate_for_train_component
6bc78acc90ed668a,IMG_4506_jpg,valid,train,IMG_4506_jpg.rf.69f8f400fa616118ea4ee20128452634.jpg,e7a921de5343872722425d3730102b99da2ab50b237f7c9127025a44929eb02d,extra_variant_or_near_duplicate_for_train_component
6c2dea8984c4fa57,images-109-_jpg,test,train,images-109-_jpg.rf.1e2c300865daaac77f40c92708ec17a0.jpg,fe029586b07926594b9297da8519e9182264333d6f0a98e10db3f5ab38130088,exact_duplicate_same_label
6c4dc8c0bbf67a78,ggg031_jpg,train,train,ggg031_jpg.rf.628300df356760ff2d8a942c978dc602.jpg,2d2d62c5b006fcab3879ce8056d01fd70370c45a97985fc88e4261a1fd2bf24e,exact_duplicate_same_label
6c4dc8c0bbf67a78,ggg031_jpg,train,train,ggg031_jpg.rf.7e0043adebce91f2d9b492594794069a.jpg,ff2b91b825dfa3f96761fe8b84b68b423d871d25669acf81fef3cb8a280919f4,exact_duplicate_same_label
6c4dc8c0bbf67a78,ggg031_jpg,train,train,ggg031_jpg.rf.fd88705131f90b0a8886ce8b22a8e97c.jpg,ff2b91b825dfa3f96761fe8b84b68b423d871d25669acf81fef3cb8a280919f4,exact_duplicate_same_label
6c4dc8c0bbf67a78,ggg031_jpg,valid,train,ggg031_jpg.rf.b4728f827226fc2b1c8361c5890edb37.jpg,17afe44024d3c82aee6238b809badd60ec266b3791d10d25250e61e56321e4da,extra_variant_or_near_duplicate_for_train_component
6c4dc8c0bbf67a78,ggg031_jpg,train,train,ggg031_jpg.rf.3f2f99f637d45a27fc8b4816c013c33d.jpg,13dbc640cd0b15b30479f0cd85998b17af8a948077ff9456eea3417a7bd955ab,exact_duplicate_same_label
6c4dc8c0bbf67a78,ggg031_jpg,train,train,ggg031_jpg.rf.5fb85c7dc46e6ddbbf19ca0732cdb354.jpg,e365d9a3b84db2342132206948e0efd427c76acf7daa04dd4f3e9576483fe5f9,exact_duplicate_same_label
6c4dc8c0bbf67a78,ggg031_jpg,train,train,ggg031_jpg.rf.76ba238a11e916abe879dc04be3a76ef.jpg,7cb10d2ab938a57eb8134e24939e8d68c12c28a1768a8f8948a638e71b79d622,exact_duplicate_same_label
6c4dc8c0bbf67a78,ggg031_jpg,train,train,ggg031_jpg.rf.d099145fbbdd3b41a8bb989b446d20bc.jpg,e365d9a3b84db2342132206948e0efd427c76acf7daa04dd4f3e9576483fe5f9,exact_duplicate_same_label
6c4dc8c0bbf67a78,ggg031_jpg,train,train,ggg031_jpg.rf.d1c1275346f2ecac819778cbb83e2007.jpg,13dbc640cd0b15b30479f0cd85998b17af8a948077ff9456eea3417a7bd955ab,exact_duplicate_same_label
6c4dc8c0bbf67a78,ggg031_jpg,train,train,ggg031_jpg.rf.da3e6685bdb74a5268f2d40a369d03ad.jpg,7cb10d2ab938a57eb8134e24939e8d68c12c28a1768a8f8948a638e71b79d622,exact_duplicate_same_label
6c4dc8c0bbf67a78,ggg031_jpg,valid,train,ggg031_jpg.rf.2114f9bb637f5709cf7362f6b88358f7.jpg,c010ba20b8f57727cbaaab32a886c7f89b22ff01b31a6045463f53648bf6328e,extra_variant_or_near_duplicate_for_train_component
6c763cff201035bf,IMG_4394_jpg,train,train,IMG_4394_jpg.rf.9aed941ff687e63701bc2080970d8189.jpg,8643c5e1d251dd64400e01ec321eee86ee8b215118a326306c0bf58d0d965bf3,extra_variant_or_near_duplicate_for_train_component
6c763cff201035bf,IMG_4394_jpg,train,train,IMG_4394_jpg.rf.ac6fa8148610f18218771e21e079bd63.jpg,e39117dca76e126ebcf415bea17eca5952fa6a8e6d9b35a051a9262280d9461e,extra_variant_or_near_duplicate_for_train_component
6c9427428b903f37,c00010_jpg,train,valid,c00010_jpg.rf.538255a2049e4f24a2dba4b081f91b65.jpg,591a2d7cb45bc77b70fe9f2d3849b357ea62477df09dc915bda70591ee5ac037,exact_duplicate_same_label
6c9427428b903f37,c00010_jpg,train,valid,c00010_jpg.rf.b40715ba6d033280c345bad5ecabd64d.jpg,c6d48bed5908d2f305dda81ae18f859d0175abd37a7265e3612f79ee1d96445c,exact_duplicate_same_label
6c9427428b903f37,c00010_jpg,train,valid,c00010_jpg.rf.b62d9f92aa7ef1a31f54c3d05740031b.jpg,30cf55e8c10b837b2fec2f0a2e8badd56b9f7922e83e9d219e069ca5c1c3bcee,exact_duplicate_same_label
6c9427428b903f37,c00010_jpg,train,valid,c00010_jpg.rf.c27e80a234edd094947fa63ac3ec8b4f.jpg,30cf55e8c10b837b2fec2f0a2e8badd56b9f7922e83e9d219e069ca5c1c3bcee,exact_duplicate_same_label
6c9427428b903f37,c00010_jpg,train,valid,c00010_jpg.rf.ca211c6c980ec71d75c427a0e6454dff.jpg,e0d2327748d81011bb4307b9b84c071e2f679cda225bd1f38af10e61624747fd,exact_duplicate_same_label
6c9427428b903f37,c00010_jpg,train,valid,c00010_jpg.rf.cb6197f6ecb8df061e2516f992ffd5f2.jpg,591a2d7cb45bc77b70fe9f2d3849b357ea62477df09dc915bda70591ee5ac037,exact_duplicate_same_label
6c9427428b903f37,c00010_jpg,train,valid,c00010_jpg.rf.d7f462e84a4e6bf2c751e572d5982665.jpg,e0d2327748d81011bb4307b9b84c071e2f679cda225bd1f38af10e61624747fd,exact_duplicate_same_label
6caa0b4d0375465c,ggg043_jpg,test,train,ggg043_jpg.rf.050a9f2b4e32555d6806913d4acdf42d.jpg,21dd3be6303bc9406625b1a771e442bc008ad7d0b0da3e3cc811e970711b192a,extra_variant_or_near_duplicate_for_train_component
6caa0b4d0375465c,ggg043_jpg,test,train,ggg043_jpg.rf.3b6c3f7fbdf0a21c6a3691b3deaadae4.jpg,181dbe13d10c194607afb188e103ff136da9895df64507b5fc53700c1d2863d7,extra_variant_or_near_duplicate_for_train_component
6caa0b4d0375465c,ggg043_jpg,test,train,ggg043_jpg.rf.c2767080e3baf690f869f191e71fb766.jpg,60c89dd84dee785ac052c258eb8aea4f59c8d9ba3bfaf2faa12569711855d223,extra_variant_or_near_duplicate_for_train_component
6cbc5dd4907b7ad8,bb0113_jpg,train,train,bb0113_jpg.rf.5995fb1dcbe054b2b2e2da66777c723c.jpg,7d558295f6bcf409295381fb90b47a935799bc09c5ba8873f047a865347bee7b,exact_duplicate_same_label
6cbc5dd4907b7ad8,bb0113_jpg,train,train,bb0113_jpg.rf.9e1509e86dae5e9ebf753f94b964e70f.jpg,3cd6a1ceba0556c43ebf5171bd2367e13ee238905f4e8c1cd9afc94830386c57,exact_duplicate_same_label
6cbc5dd4907b7ad8,bb0113_jpg,train,train,bb0113_jpg.rf.c5e9eadf864b2e44cc6e4f1a70eae01a.jpg,3cd6a1ceba0556c43ebf5171bd2367e13ee238905f4e8c1cd9afc94830386c57,exact_duplicate_same_label
6cbc5dd4907b7ad8,bb0113_jpg,valid,train,bb0113_jpg.rf.7e59df08bdd5f72c68df5e17932e3f5b.jpg,dd091665c55e48d0dcf825289c68991a7870a3a539a2c9f67d5a79594cccc1d0,extra_variant_or_near_duplicate_for_train_component
6cd047f1d117b9f1,M_00942_png_jpg,train,train,M_00942_png_jpg.rf.6720c92a89e3057d2b02143ac9a83650.jpg,434ba869c4bf37e6f0dea56179d25b7b7e00ceae0e6232ee67ec07cfc59fb596,extra_variant_or_near_duplicate_for_train_component
6cd047f1d117b9f1,M_00942_png_jpg,train,train,M_00942_png_jpg.rf.faae3f1738ad6e8c8964b1c290d5e8aa.jpg,30188721bda6d90a51a4197129705c2f73ec8b5fe98328d4fc404146efa2b67e,extra_variant_or_near_duplicate_for_train_component
6d1c097f47be3f79,bb0314_jpg,train,train,bb0314_jpg.rf.dcad919b068bb240bee9eba93b03e08f.jpg,58eae6ea57deb04db58f1f3aac6ee361b535060220e03a5ddaa945a7401d7111,exact_duplicate_same_label
6d1c097f47be3f79,bb0314_jpg,train,train,bb0314_jpg.rf.dd5cfa70b3d2009d5364c41d439d6195.jpg,58eae6ea57deb04db58f1f3aac6ee361b535060220e03a5ddaa945a7401d7111,exact_duplicate_same_label
6d1c097f47be3f79,bb0314_jpg,train,train,bb0314_jpg.rf.f618f47da06732fa95ffff4f20371a7c.jpg,682f43586b87b58aa8a4cdda532c0aa21b7d2443293c3498d76c09c06ea0323e,exact_duplicate_same_label
6d1c097f47be3f79,bb0314_jpg,valid,train,bb0314_jpg.rf.8c05058d7650541a78af0643bf6aa548.jpg,79b4496aba140132c6d0bab993dec8bab279e4ec09939193ac0d63a3a6858795,extra_variant_or_near_duplicate_for_train_component
6d3e04d9726a655d,c00036_jpg,train,train,c00036_jpg.rf.2a81e2ecc06685e81cd4854399b12d55.jpg,61692087bf6c0d331206adc34310dc2d83f60afe3a325743d4fb2cc03c3cf47f,exact_duplicate_same_label
6d3e04d9726a655d,c00036_jpg,train,train,c00036_jpg.rf.3379e19cbc1a58d8f590a40fe3d0744e.jpg,db58bd8ed94d261283264bd94727bf172fe532de7e18c0a9bc13eec85db301fb,exact_duplicate_same_label
6d3e04d9726a655d,c00036_jpg,train,train,c00036_jpg.rf.546e9b3576f2a51e812fd30f9c98c7a9.jpg,a20f6b1b0e59f98c4d2c903927c0bc76bd88b73a56a00f9f7d640657133c194e,exact_duplicate_same_label
6d3e04d9726a655d,c00036_jpg,train,train,c00036_jpg.rf.649057ae45e62dd0eed6d9b5a50dea94.jpg,d19a18530f06fc3badaa38f856d8df45127b3790c92684a5fdc64c0715d405ef,exact_duplicate_same_label
6d3e04d9726a655d,c00036_jpg,train,train,c00036_jpg.rf.d88a5269e72f0bef0ed1c7388311892c.jpg,61692087bf6c0d331206adc34310dc2d83f60afe3a325743d4fb2cc03c3cf47f,exact_duplicate_same_label
6d3e04d9726a655d,c00036_jpg,train,train,c00036_jpg.rf.d9e45c7975639e1be5cb5d5ca475af05.jpg,db58bd8ed94d261283264bd94727bf172fe532de7e18c0a9bc13eec85db301fb,exact_duplicate_same_label
6d3e04d9726a655d,c00036_jpg,train,train,c00036_jpg.rf.ed2a920814136e6aba0142fa0702a1ef.jpg,d19a18530f06fc3badaa38f856d8df45127b3790c92684a5fdc64c0715d405ef,exact_duplicate_same_label
6d7ffc48b1301889,000312_jpg,train,train,000312_jpg.rf.61905fc6b3b06b2e69a85674927dee45.jpg,05d01ac75b56f0e2d203781c276feb811ec4ca094bfc8d7683b09cf779b1be86,exact_duplicate_same_label
6d7ffc48b1301889,000312_jpg,valid,train,000312_jpg.rf.ac1597a29e698ee2defd7b8cbb39f79d.jpg,f481a3c858ca5100826c1fd48e0871ffb7b0abdacb1e44fd3acf678c68d1925f,extra_variant_or_near_duplicate_for_train_component
6d7ffc48b1301889,000312_jpg,test,train,000312_jpg.rf.c1daede84c08d6a9494265e65f2e9922.jpg,44528f28c473a31cffcddeb5470b1a82858227763f1b798f09bc131672442b3f,extra_variant_or_near_duplicate_for_train_component
6d9ff99af071ffa5,IMG_4359_jpg,train,train,IMG_4359_jpg.rf.a538409e7a80879d9155f2da80a391af.jpg,c37c12380633b417035ef1c43d5e72ddcd6914fd1a1ecb9117bca542e4483439,extra_variant_or_near_duplicate_for_train_component
6d9ff99af071ffa5,IMG_4359_jpg,train,train,IMG_4359_jpg.rf.f174c0358082a4d68dd744a8c2bc6084.jpg,587c456c27695735bc97dd2ef502141c9c9b3129945b2dd10260fc1c534d512f,extra_variant_or_near_duplicate_for_train_component
6e3dbbafc7573ef8,pexels-photo-5657966_jpeg_jpg,train,train,pexels-photo-5657966_jpeg_jpg.rf.e3ad897f358323d13f5fb17282839a10.jpg,6a5c8201b745bfa97d401e4dd52aabe547285b47f51b99b909a0083d90af97bc,extra_variant_or_near_duplicate_for_train_component
6e3dbbafc7573ef8,pexels-photo-5657966_jpeg_jpg,train,train,pexels-photo-5657966_jpeg_jpg.rf.f39838409e4db420aba533712ced082b.jpg,29d5421b83d41de45e2e310502ec66a850660001d10209a52ce127bd61e9e5c0,extra_variant_or_near_duplicate_for_train_component
6e408a12df298ca0,IMG_5125,train,train,IMG_5125.JPG,e1266ecbaebc1976ff715f36907f603ae7a2c5f7d9c24a8b1738cd27b2af7407,extra_variant_or_near_duplicate_for_train_component
6ea82c53f9f6d264,ggg076_jpg,test,train,ggg076_jpg.rf.9ea3d8f44e994512d8d4f7fe0d8dd34c.jpg,263e63e0b88f7fbfb81359e6139290169fa0f9ba21f68d20a34a814e9a7615bb,extra_variant_or_near_duplicate_for_train_component
6ec9675a0875f4e4,images-79-_jpg,train,train,images-79-_jpg.rf.4d79515521b960aaf95d3559a0cddefe.jpg,12f399d5c8c260158f0f9ff7560fa6f7b6795eaa0d8f4b3a9f40988cc6ef09b1,extra_variant_or_near_duplicate_for_train_component
6ec9675a0875f4e4,images-79-_jpg,train,train,images-79-_jpg.rf.63e6ec62473d336a7f0c1627185f9e87.jpg,391bfd64bfea21f46d92c8334e3eeb7f6086fa1d4b7bab46fc7c584639285f4e,exact_duplicate_same_label
6ec9675a0875f4e4,images-79-_jpg,test,train,images-79-_jpg.rf.63e6ec62473d336a7f0c1627185f9e87.jpg,391bfd64bfea21f46d92c8334e3eeb7f6086fa1d4b7bab46fc7c584639285f4e,exact_duplicate_same_label
6efaba5b29e6e5d3,IMG_5100,valid,train,IMG_5100.JPG,2f6e69b06883ea6ba05fdba5f5e625ae58394dc5633adf02fbb9910ae585bcfd,extra_variant_or_near_duplicate_for_train_component
6f1215e2ad029627,images-59-_jpg,valid,train,images-59-_jpg.rf.38a90e821ade42fe2c9e01736ba0ccd6.jpg,cb647d42a4a894b9c738d2c3c8d12c26f2a8322a716dae3588a44d1f86b8de16,extra_variant_or_near_duplicate_for_train_component
6f1215e2ad029627,images-59-_jpg,valid,train,images-59-_jpg.rf.bf1a2ff892d77087b894a79b9f0854f4.jpg,c0a20717f2ecdf62112d82aa4cf7954fbaae390b2f58ba880925a602618aa317,extra_variant_or_near_duplicate_for_train_component
701cbd2b2be44b2b,images-92-_jpg,train,test,images-92-_jpg.rf.2e84697d1f67aada0e23116424069214.jpg,83d5bae237f86b6c05044d08a9b833d96a0c03f894a8e016d80fd6b1d71a3e3e,extra_variant_or_near_duplicate_for_test_component
701cbd2b2be44b2b,images-92-_jpg,train,test,images-92-_jpg.rf.7ecb8f65a61ef3e7d93951b4cda60473.jpg,eba401f431b49f8029c27b8906d679b6e48d23bc7f61af67f3dbb7ecfb1e8afb,extra_variant_or_near_duplicate_for_test_component
70c2f1b907e116c5,smoking_0740_jpg,test,train,smoking_0740_jpg.rf.2db8d779bd13eca892d319df548fdf27.jpg,749687a3abccd02509c27af06ad05a0fca91a4d40634c32415fc2f7421dc2947,extra_variant_or_near_duplicate_for_train_component
718fa5f77955ce0f,000007_jpg,train,train,000007_jpg.rf.f95a74b464ada3f9493243657d8213fd.jpg,cd6e06d66fc2d9294dbc5b80082fe2a22c8b4be3ce2cc882f7b47a087988bbea,exact_duplicate_same_label
718fa5f77955ce0f,000007_jpg,valid,train,000007_jpg.rf.01b8b83e38e40803756501ddb9d4ac98.jpg,609285b324e68e574d1a7c8b3845443cadace8176ee093dc475f9fb1fa758928,extra_variant_or_near_duplicate_for_train_component
718fa5f77955ce0f,000007_jpg,valid,train,000007_jpg.rf.dec604f4f15dbcdd7d5b2a0930c20807.jpg,3c14422c72eb38b56b141abb2989fd958a0bda524f27988e64693f1d9504738c,extra_variant_or_near_duplicate_for_train_component
7237ca51e7f620f2,WIN_20220507_21_27_56_Pro_jpg,valid,train,WIN_20220507_21_27_56_Pro_jpg.rf.68519b3d152f7a6432cde8c93edf8419.jpg,ad08d14ea3068a6b79a663b248976013818272e5a8a224d543f1a73ef9b63e86,extra_variant_or_near_duplicate_for_train_component
7237ca51e7f620f2,WIN_20220507_21_27_56_Pro_jpg,valid,train,WIN_20220507_21_27_56_Pro_jpg.rf.dda9318e67abdcb664dd25e8c5bbf290.jpg,59879f5377ebf9c04ba1a810926b58ab3d052e182bd28add21ba8110f939409e,extra_variant_or_near_duplicate_for_train_component
7237ca51e7f620f2,WIN_20220507_21_27_56_Pro_jpg,test,train,WIN_20220507_21_27_56_Pro_jpg.rf.bbf1f931e5a41d45057f7456907a86c0.jpg,c8929ffd5675ee56c51c14816caa0658026a68fe69ffd4ebe5f0da003fd4d43b,exact_duplicate_same_label
72cda1e57eb2f90c,gg0072_jpg,train,valid,gg0072_jpg.rf.1d52736442f8224d84de7faaa97daabd.jpg,e1174763a86cc7294fbdc5d11edf615ae803cd52698b0c3bdc903a4aecae8b17,exact_duplicate_same_label
72cda1e57eb2f90c,gg0072_jpg,train,valid,gg0072_jpg.rf.21b109186c4d2f18801c34d875291517.jpg,e1174763a86cc7294fbdc5d11edf615ae803cd52698b0c3bdc903a4aecae8b17,exact_duplicate_same_label
72cda1e57eb2f90c,gg0072_jpg,train,valid,gg0072_jpg.rf.3f08b05105ffde67c5a4e6ccf0d6a020.jpg,cbcc96dbc98b752d2c9af7fb818f0f8476c8dad0fa793617e1d6a600eb98fa20,exact_duplicate_same_label
72cda1e57eb2f90c,gg0072_jpg,train,valid,gg0072_jpg.rf.5776a38ebc6ac4aced8c122f5ce28d6a.jpg,3c7fa27e7684a14166ecdbee73a81c0a2c8927235af666ccdee61805f0d5aeea,exact_duplicate_same_label
72cda1e57eb2f90c,gg0072_jpg,train,valid,gg0072_jpg.rf.820b4ab09badf0f5bd2b1aa0acc0b7f3.jpg,cbcc96dbc98b752d2c9af7fb818f0f8476c8dad0fa793617e1d6a600eb98fa20,exact_duplicate_same_label
72cda1e57eb2f90c,gg0072_jpg,train,valid,gg0072_jpg.rf.cd4905c7ddd870cfbeafc84695fdf077.jpg,3c7fa27e7684a14166ecdbee73a81c0a2c8927235af666ccdee61805f0d5aeea,exact_duplicate_same_label
732a7505b6c1aeb6,WIN_20220329_21_28_55_Pro_jpg,train,train,WIN_20220329_21_28_55_Pro_jpg.rf.b376bb9a4658b18b4cdb226dfcc9ad8d.jpg,f76783914dbe5499a69736263b1308d711848998f7f8a80718531d8b44a33a6e,extra_variant_or_near_duplicate_for_train_component
732a7505b6c1aeb6,WIN_20220329_21_28_55_Pro_jpg,valid,train,WIN_20220329_21_28_55_Pro_jpg.rf.3c35063f54ba98e6e00b671f24fa0b86.jpg,c71a78f9a5bcdec9465f7d97b69c27e6ae2914e4714646894dccf8ffbb126c52,extra_variant_or_near_duplicate_for_train_component
744d108a82442aab,images-93-_jpg,train,train,images-93-_jpg.rf.bf8e926c8dca755758663e40beb13637.jpg,af57fb50fe30e0250f82c662f4ff7ea323e7264e54c008c2279ec8dd0b9c9552,extra_variant_or_near_duplicate_for_train_component
744d108a82442aab,images-93-_jpg,train,train,images-93-_jpg.rf.e7810deacc7b43885afc3431f8ad0854.jpg,adf777b8098ba69866049c8eb1fd6f38b8f15110ee85c9b6552ba71415e13182,extra_variant_or_near_duplicate_for_train_component
74aff0e0f8798841,1697099983360_JPEG_jpg,train,train,1697099983360_JPEG_jpg.rf.92f289a0be275d3cadbedf13693d9b55.jpg,7a7e104f2714db2a34eaba9ad4de33139de576834c0038755246e3be6f6c7c40,extra_variant_or_near_duplicate_for_train_component
74aff0e0f8798841,1697099983360_JPEG_jpg,train,train,1697099983360_JPEG_jpg.rf.a06d513a575dd1e188fd9622e54db09a.jpg,512e43c127177c5495a1e38dd52da77c1e81744ed932d90b73cd4867d40527a9,extra_variant_or_near_duplicate_for_train_component
74aff0e0f8798841,1697099983360_JPEG_jpg,train,train,1697099983360_JPEG_jpg.rf.a6110937691a3dce9101ad5c5b3194ef.jpg,15fca63caad347084b727ad60777bac693a77a37960d4f8dd6a66ea8aadde2d7,extra_variant_or_near_duplicate_for_train_component
74aff0e0f8798841,1697099983360_JPEG_jpg,train,train,1697099983360_JPEG_jpg.rf.e858878a389e9094086bd85c11e0c77b.jpg,1af325ae0fe660a5493a05b78b99c4b8d569845ca924538305dbcaefa6db9835,extra_variant_or_near_duplicate_for_train_component
74aff0e0f8798841,1697099983360_JPEG_jpg,valid,train,1697099983360_JPEG_jpg.rf.160b8d5c4aad1b71858077b407c47a3f.jpg,d32e0da39b891f5798a01b186f01de051293fef85c1ee87daf73eb6d66f491f1,extra_variant_or_near_duplicate_for_train_component
74aff0e0f8798841,1697099983360_JPEG_jpg,valid,train,1697099983360_JPEG_jpg.rf.7acd02745e921061c295e9688da904c2.jpg,b6c460ca2e19123af75e65c1483048ebac9ea4c74fe8aac494ecca7f9668cb32,extra_variant_or_near_duplicate_for_train_component
74aff0e0f8798841,1697099983360_JPEG_jpg,valid,train,1697099983360_JPEG_jpg.rf.99e195b481498e1a7cf2b07b9a277405.jpg,1e20050eda1ff32272fb4411f383301a684811e4e0e661444684bb03ca8cc847,extra_variant_or_near_duplicate_for_train_component
74aff0e0f8798841,1697099983360_JPEG_jpg,valid,train,1697099983360_JPEG_jpg.rf.ef6a065356b80e498605acb75fd390c9.jpg,48b8682c7c882065fdbe62ea8140eef14cf000777ee92efce26bea53ef8c0f27,extra_variant_or_near_duplicate_for_train_component
74f303da8cf94f42,bb0149_jpg,train,train,bb0149_jpg.rf.4f729cc3fb0160e8aa5786f707d8bd33.jpg,52b248bc95cce0785505e0ce0dbbcbd2040e9b4b3faa9e658024bc3144836c7b,exact_duplicate_same_label
74f303da8cf94f42,bb0149_jpg,train,train,bb0149_jpg.rf.6fef9d7c0bc888f6e99ad7c5fa816575.jpg,efa0dcccce0654397bf7a1107e6516c240f9f4246095022f1aeea61b2efd5d17,exact_duplicate_same_label
74f303da8cf94f42,bb0149_jpg,train,train,bb0149_jpg.rf.e253cd64781158f881e9712107e7af1b.jpg,efa0dcccce0654397bf7a1107e6516c240f9f4246095022f1aeea61b2efd5d17,exact_duplicate_same_label
74f303da8cf94f42,bb0149_jpg,test,train,bb0149_jpg.rf.816eccadd0474c6b3391a8600ffb1a6d.jpg,88fe5ae64b441172286c799ca7dd003a336381de4fc16ca5d980de875cc9e4f6,extra_variant_or_near_duplicate_for_train_component
75c8d7d7176b4a9b,a00058-0_jpg,train,train,a00058-0_jpg.rf.1525c853bb2178f832a2e57f6d77ec33.jpg,c76f1389d2ba7c74ffc940c1b141cf11a26c65c54f2ea35f7f6a34d9cc7f3a90,exact_duplicate_same_label
75c8d7d7176b4a9b,a00058-0_jpg,train,train,a00058-0_jpg.rf.a14ad25bdb776f02e436bcb198d5d413.jpg,b9bb69fa159dec96abcca0df50d241a2b630af7d75e424aa48634add30d06f38,exact_duplicate_same_label
75c8d7d7176b4a9b,a00058-0_jpg,train,train,a00058-0_jpg.rf.e99feeed1d6176e302324171063a358b.jpg,91c6271032c26e945437705f30a1b9f09c7e1a0c1f8cae7a403f41d727cd2ca7,exact_duplicate_same_label
75c8d7d7176b4a9b,a00058-0_jpg,train,train,a00058-0_jpg.rf.e9d06f433f9fce782603f5f449da39b7.jpg,c76f1389d2ba7c74ffc940c1b141cf11a26c65c54f2ea35f7f6a34d9cc7f3a90,exact_duplicate_same_label
75c8d7d7176b4a9b,a00058-0_jpg,train,train,a00058-0_jpg.rf.f6892faa0f3ef16d0712427a7bb9fdcf.jpg,91c6271032c26e945437705f30a1b9f09c7e1a0c1f8cae7a403f41d727cd2ca7,exact_duplicate_same_label
76385b1c4faf55f2,IMG_5106,train,train,IMG_5106.JPG,87ddf2abf64f074a7361176f6b249286b6e10385c73f8907919ac7e5bfba68eb,extra_variant_or_near_duplicate_for_train_component
76385b1c4faf55f2,IMG_5107,valid,train,IMG_5107.JPG,5fa8a835799e928951c111ab2cd97bda6d1df36275911980f49bd1a061c0deab,extra_variant_or_near_duplicate_for_train_component
7696f2a906d0bcf1,WIN_20220507_21_29_03_Pro_jpg,train,train,WIN_20220507_21_29_03_Pro_jpg.rf.f1275af560e98c7015bff3e23ab1896b.jpg,e9f3d1e1df1dbf6b23a784d4b680f2e04c5f7e3008826f2f9ac9a0d2ed59db1c,extra_variant_or_near_duplicate_for_train_component
7696f2a906d0bcf1,WIN_20220507_21_29_03_Pro_jpg,valid,train,WIN_20220507_21_29_03_Pro_jpg.rf.3219f9be8554c10c6edb52a5307a64a8.jpg,7f7f0a04b51344fbed82a78268e767ab16f2daccbac1a13e8d0e91384460bcd6,extra_variant_or_near_duplicate_for_train_component
7696f2a906d0bcf1,WIN_20220507_21_29_03_Pro_jpg,test,train,WIN_20220507_21_29_03_Pro_jpg.rf.4a3ad7fc785b31ec33b292ad5ff70eb8.jpg,1a396526a203b44b9835c2f0861ff356879518d1c752298d43d0c2e2b0f430f8,exact_duplicate_same_label
76f5daf123c6131f,a00111-0_jpg,train,train,a00111-0_jpg.rf.37023550dd95faad87f3de49777f2b5d.jpg,6c8bda981b0135b32abbbe1839fc100f692a4f5e503a6daebfeca34096793a29,exact_duplicate_same_label
76f5daf123c6131f,a00111-0_jpg,train,train,a00111-0_jpg.rf.6268daecf5ff1c7266e69a20b0986cbe.jpg,e8ec86e8d7dc81da758e902c2e02fbd686800f5e18a736a64ff0ced7eb69d54d,exact_duplicate_same_label
76f5daf123c6131f,a00111-0_jpg,train,train,a00111-0_jpg.rf.6b499ea4324f0dbefab1b3e224194de0.jpg,e8ec86e8d7dc81da758e902c2e02fbd686800f5e18a736a64ff0ced7eb69d54d,exact_duplicate_same_label
76f5daf123c6131f,a00111-0_jpg,train,train,a00111-0_jpg.rf.7b5f23292358ed1b53fbd093a59362d7.jpg,200d0e882aaa0194ddda294e318395a3d5f6c27efaff4ba36d0ebf8ff3cfd5de,exact_duplicate_same_label
76f5daf123c6131f,a00111-0_jpg,train,train,a00111-0_jpg.rf.f34d8994794ec6faad0745c2ec3cc5a8.jpg,200d0e882aaa0194ddda294e318395a3d5f6c27efaff4ba36d0ebf8ff3cfd5de,exact_duplicate_same_label
7714de7888977bba,000321_jpg,train,test,000321_jpg.rf.218e4010c6bc03d1bceb4df6ac07ec0f.jpg,f265cf390f7f441a22aa972ed7ff64ec7c11818ddf0778cf024d3ec2c46ddaf9,exact_duplicate_same_label
7714de7888977bba,000321_jpg,train,test,000321_jpg.rf.4f1b9c74a154c56c436d6b40f48da8c2.jpg,e9222d20f1a2cd7fa744999c9402de973fbef65b652c1e9da796d2b5aaf7f02c,exact_duplicate_same_label
7714de7888977bba,000321_jpg,train,test,000321_jpg.rf.6f7864b0b3212b735ede65e4f919e8c9.jpg,f265cf390f7f441a22aa972ed7ff64ec7c11818ddf0778cf024d3ec2c46ddaf9,exact_duplicate_same_label
7714de7888977bba,000321_jpg,train,test,000321_jpg.rf.e937daf17dde1a0c7f62ba8cc8bc68bc.jpg,e9222d20f1a2cd7fa744999c9402de973fbef65b652c1e9da796d2b5aaf7f02c,exact_duplicate_same_label
779549d28e1d75bc,1697099897711_JPEG_jpg,train,train,1697099897711_JPEG_jpg.rf.102b7060f4c78eb18448cbf04ee18410.jpg,a9370feb6c509ff5018a2210a7565e09da961509be5bcbe58bd5dce0ed8a4668,extra_variant_or_near_duplicate_for_train_component
779549d28e1d75bc,1697099897711_JPEG_jpg,train,train,1697099897711_JPEG_jpg.rf.43243f1ed91c797b193fc30aee31b697.jpg,a071e4f017824ad587d8b52ebd5efee2a13e27f98548db33187cb0d3ef8a228c,extra_variant_or_near_duplicate_for_train_component
779549d28e1d75bc,1697099897711_JPEG_jpg,train,train,1697099897711_JPEG_jpg.rf.52961cd6208778dc2278e41ccbbc07f1.jpg,d7e9d1769a5c828cf26fef60f6a649575b54fa31f25410b9514b17177f9e875b,extra_variant_or_near_duplicate_for_train_component
779549d28e1d75bc,1697099897711_JPEG_jpg,train,train,1697099897711_JPEG_jpg.rf.887f86f1469299a5877faf21c91f2a4c.jpg,4b74da6f6e24ee66aef9b6787ec970ace0332a9c7f329598a21a4ba1f011d8b2,extra_variant_or_near_duplicate_for_train_component
779549d28e1d75bc,1697099897711_JPEG_jpg,train,train,1697099897711_JPEG_jpg.rf.9cfb1c06353320431093270a953306d2.jpg,cbb1c56a9f36a7eb7fad0d82c820f6774e4911e14025b5247b093131412a59cc,extra_variant_or_near_duplicate_for_train_component
779549d28e1d75bc,1697099897711_JPEG_jpg,train,train,1697099897711_JPEG_jpg.rf.b3d7d43f8b462123a2addeb32f36793d.jpg,17c14ef63ceeda1d8ea480f2187152667299135aec4e1da8a8a883b4ab368846,extra_variant_or_near_duplicate_for_train_component
779549d28e1d75bc,1697099897711_JPEG_jpg,train,train,1697099897711_JPEG_jpg.rf.d12bc8c1f0fb7e68c214cadf2226da34.jpg,411ee1c91b773ccbed00ab0fc77b2d45c3e692991eb7f68d536831a3e2fe1015,extra_variant_or_near_duplicate_for_train_component
779549d28e1d75bc,1697099897711_JPEG_jpg,valid,train,1697099897711_JPEG_jpg.rf.e650806b97bffef20a0271483ee1767a.jpg,97b4a2dd84d5b2f704b6305afdca38348257ce474b9f115671481726ec80fba9,extra_variant_or_near_duplicate_for_train_component
77c84f6440e20d98,WIN_20220329_21_29_31_Pro_jpg,train,train,WIN_20220329_21_29_31_Pro_jpg.rf.a5eb20b97362049667cd117ea20405e0.jpg,833382be0bb50be9ad27c9d2725ca63890e9a267f3a5872a3b2c257dd7b33f5c,extra_variant_or_near_duplicate_for_train_component
77c84f6440e20d98,WIN_20220329_21_29_31_Pro_jpg,train,train,WIN_20220329_21_29_31_Pro_jpg.rf.c78df4b781c2941c24d12f565167f060.jpg,83a647bddd4b48111b2eefa06dae7109dffaf1ac8b7aae0b5b01f382d5a9521d,extra_variant_or_near_duplicate_for_train_component
77c84f6440e20d98,WIN_20220329_21_29_31_Pro_jpg,test,train,WIN_20220329_21_29_31_Pro_jpg.rf.8a304e77576b80005bb200a51c7de5d0.jpg,eb3842f698a6eb00736e40bf12433df2a907471c46d4bccc2f99626a82dcd2c9,exact_duplicate_same_label
78355281f3f49cdc,bb0087_jpg,train,train,bb0087_jpg.rf.6d29c451c4cf53e010cd0489fdd41e89.jpg,f86486175e60a0353043367ec21d3a06d8cdbcaf9e917de0c56d1eb42e334dc6,exact_duplicate_same_label
78355281f3f49cdc,bb0087_jpg,train,train,bb0087_jpg.rf.8b17036a49a1752e3f510d69f3958280.jpg,a5f4bd30d44a7ea561a47781aa130bdfe205b24747323473de1f73238f36777d,exact_duplicate_same_label
78355281f3f49cdc,bb0087_jpg,train,train,bb0087_jpg.rf.8f525088f9db32f3de91f45020eac5cb.jpg,f86486175e60a0353043367ec21d3a06d8cdbcaf9e917de0c56d1eb42e334dc6,exact_duplicate_same_label
78355281f3f49cdc,bb0087_jpg,train,train,bb0087_jpg.rf.a20d220d77dc3ca460bc391c45260e50.jpg,a5f4bd30d44a7ea561a47781aa130bdfe205b24747323473de1f73238f36777d,exact_duplicate_same_label
78355281f3f49cdc,bb0087_jpg,train,train,bb0087_jpg.rf.edd82cd92ed85430c379e0e8b927f6fa.jpg,d44121dd5629b671a1d4a0b372a4aa8fb70f579e6815b51219aaecd5d3e65f63,exact_duplicate_same_label
7839e8c93514ffca,bb0576_jpg,train,train,bb0576_jpg.rf.e7dd7161484beb774e882f7a2d2cfe37.jpg,03761ae93436fb02f4a4135c910b0105dd0588fbc5cc021764ed72995b8a695b,exact_duplicate_same_label
78592a7c9a62a82f,bb0662_jpg,train,train,bb0662_jpg.rf.504bd04554139b0173baf432182f3790.jpg,00160a1ed646e255fa9d0283d532cd859fb2072bb50ee22c54f9546a03119d82,exact_duplicate_same_label
78592a7c9a62a82f,bb0662_jpg,train,train,bb0662_jpg.rf.52c737a192c2459fbff6d371e66de179.jpg,d23f747f7d4f0bf0ec87769bc6e4bbf91a9bafdea5de07c6e6d59c23b841744c,extra_variant_or_near_duplicate_for_train_component
78592a7c9a62a82f,bb0662_jpg,train,train,bb0662_jpg.rf.6b0ad32672153ed7d002e247267729cb.jpg,82a9ac79b7925371e9335e3134aa6a741a25654bb9b5f6f609be845386f4627c,exact_duplicate_same_label
78592a7c9a62a82f,bb0662_jpg,train,train,bb0662_jpg.rf.7a8ac6533a9798b76fd770254a8c9664.jpg,56c23693ec7b2a98eefe2ef5ffdaf8c2ec0933ec85274aa6fcdb61b4066d9ac0,extra_variant_or_near_duplicate_for_train_component
78592a7c9a62a82f,bb0662_jpg,train,train,bb0662_jpg.rf.d0362eb86fe4508909b38a0f8d49369c.jpg,00160a1ed646e255fa9d0283d532cd859fb2072bb50ee22c54f9546a03119d82,exact_duplicate_same_label
78592a7c9a62a82f,bb0662_jpg,train,train,bb0662_jpg.rf.dfef83cb6f543b8b63b11d764e6ca111.jpg,e821cb09d8ba5dab9ce4caafa9340b119b73421de99faef6de02b8e02c68964a,extra_variant_or_near_duplicate_for_train_component
78592a7c9a62a82f,bb0662_jpg,test,train,bb0662_jpg.rf.d1c3a33cec17ceaa1d9b301bca904272.jpg,10e54e93d74b0ee61ed32c6696b5d38aaaeec92aa4295b1469ef98e95df493a4,extra_variant_or_near_duplicate_for_train_component
787b98a8a7ddaf1a,c00455_png_jpg,test,test,c00455_png_jpg.rf.a964a9ae35f036bd01c6e11513344bde.jpg,6ae76890b1c0b803805070e3799fb869b91d99c6a54cffc83645d7f17b2bfc57,extra_variant_or_near_duplicate_for_test_component
787b98a8a7ddaf1a,c00455_png_jpg,valid,test,c00455_png_jpg.rf.5ea5e7984ee61559288c1feb65ef2c42.jpg,4af1f986fb8c28f57dae24ea573bb612df1e7e763047db96b107332ad0089fa0,extra_variant_or_near_duplicate_for_test_component
787b98a8a7ddaf1a,c00455_png_jpg,valid,test,c00455_png_jpg.rf.82fa605dacfc86cbb0e6b4c92fe1d3bf.jpg,047fcadf9207dc1d1af965bdfa3f8cbb59ccdd1eb662becbf4b6cb1ab4148580,extra_variant_or_near_duplicate_for_test_component
787b98a8a7ddaf1a,c00455_png_jpg,train,test,c00455_png_jpg.rf.0a0ac12e27de4576acda38cd1918b1bd.jpg,063c9dd5409a07808d6ba04af4346a8ab99f901382c4717896856ef4f2a818ee,exact_duplicate_same_label
787b98a8a7ddaf1a,c00455_png_jpg,train,test,c00455_png_jpg.rf.5c2ef4bb0707791f611a88746c640213.jpg,e4d938a5059fcb1c7abc0de55af684f66e856ddc8d82abf4607e956ef9365c65,exact_duplicate_same_label
787b98a8a7ddaf1a,c00455_png_jpg,train,test,c00455_png_jpg.rf.6223852651b6c0f278ec71ec37b9cfec.jpg,063c9dd5409a07808d6ba04af4346a8ab99f901382c4717896856ef4f2a818ee,exact_duplicate_same_label
787b98a8a7ddaf1a,c00455_png_jpg,train,test,c00455_png_jpg.rf.b2aa34f59a202be5a5e7dbbd36d1b9a6.jpg,e4d938a5059fcb1c7abc0de55af684f66e856ddc8d82abf4607e956ef9365c65,exact_duplicate_same_label
7964d3e072b0796f,000030_jpg,train,train,000030_jpg.rf.8c919275f814bc862093420cea1557da.jpg,0fd4afafab1aa7472c2e018d0cc6af417049b76ce0595a264719467cf49fc69a,exact_duplicate_same_label
7964d3e072b0796f,000030_jpg,train,train,000030_jpg.rf.9dec4f76d7ea598ef19136b7d0c7f1cb.jpg,a6437fe1f71cef0d8c58093322b1ff30d74affb867f52081d6482587cbdb75e3,exact_duplicate_same_label
7964d3e072b0796f,000030_jpg,train,train,000030_jpg.rf.e9b809d3c218e32178c4da98bb48f2d5.jpg,0fd4afafab1aa7472c2e018d0cc6af417049b76ce0595a264719467cf49fc69a,exact_duplicate_same_label
7964d3e072b0796f,000030_jpg,valid,train,000030_jpg.rf.2cfa898a80b59d6a9a5ca2476273bfe3.jpg,9693b14c2c8b0a12f24bfa0bc399377f3fa467a2e3e3f49fb558d206cf669997,extra_variant_or_near_duplicate_for_train_component
7a01340f94b6cadd,WIN_20220507_21_29_01_Pro_jpg,train,train,WIN_20220507_21_29_01_Pro_jpg.rf.5902645538da7ff1ba3655819ecd0711.jpg,892383d66ed872e1226d72f92ec2035dad43ac26c0a72d16ba51b32d7123c1a3,extra_variant_or_near_duplicate_for_train_component
7a01340f94b6cadd,WIN_20220507_21_29_01_Pro_jpg,valid,train,WIN_20220507_21_29_01_Pro_jpg.rf.3b5f2a076f3311035a1d3bad3fae407f.jpg,83a4730bff86bba2da2d6e1824aacf29a7f8a4d0fd84a343f0c32b286082841a,extra_variant_or_near_duplicate_for_train_component
7a8c700de57f934b,bb0190_jpg,train,train,bb0190_jpg.rf.82273773ad5fd3c33f3916468b7f8d80.jpg,bd1e825ae3e21e75a061a4acc04d8089fee4030f6cfc156b04f68f3de3ea30fa,exact_duplicate_same_label
7a8c700de57f934b,bb0190_jpg,train,train,bb0190_jpg.rf.b438d2ab24fb48e831e7be007577594f.jpg,bd1e825ae3e21e75a061a4acc04d8089fee4030f6cfc156b04f68f3de3ea30fa,exact_duplicate_same_label
7a8c700de57f934b,bb0190_jpg,train,train,bb0190_jpg.rf.b7d9a16be37006271fa17be966429692.jpg,af21494824da0284988800aa9aa68393f3ccc78da7ee4578c1162420924751e5,exact_duplicate_same_label
7a8c700de57f934b,bb0190_jpg,valid,train,bb0190_jpg.rf.a0ec0d697974005ff8ae0db6c7745efb.jpg,ba15ae56f0d95fa61b4cc4756bb87e39f7921630fc6cf7acc65dc68ac74bdb23,extra_variant_or_near_duplicate_for_train_component
7a9336dcfd03a210,bb0551_jpg,train,train,bb0551_jpg.rf.e4fc9b2b5fedf7988c83c82f46ec7a19.jpg,844920bdd437e9c0da8f095f6406bce512d3aec23fe0d66e47be4efbfbafc7f3,exact_duplicate_same_label
7a9336dcfd03a210,bb0551_jpg,valid,train,bb0551_jpg.rf.d25756623d8a315aa75d0825de6e89f1.jpg,a7c378b12fae37256793849cb4e86576f9469bab228a676c03fe9c99b77b9ebd,extra_variant_or_near_duplicate_for_train_component
7a9336dcfd03a210,bb0551_jpg,test,train,bb0551_jpg.rf.83e57c1aa8fad491f68ad37b2a8c2148.jpg,3ec0ab7f9ae4b4e908024f568eb5b34c658e1d085e5fc5163e680bc10a5a8c62,extra_variant_or_near_duplicate_for_train_component
7aa66ce788673c83,IMG_4351_jpg,train,valid,IMG_4351_jpg.rf.33e92799d8328e430b7b1f14c92e06c8.jpg,11e7269df83b3c3a2689df7d1dd7c335d30888e434a7750ccc49a97f2803ee4c,extra_variant_or_near_duplicate_for_valid_component
7aa66ce788673c83,IMG_4351_jpg,train,valid,IMG_4351_jpg.rf.9b8198eb2275af8ba8d18e76e8716416.jpg,bbc22b13cf2916159dad971ac374f777fc1f5e965318ba330f78698affcda9a7,extra_variant_or_near_duplicate_for_valid_component
7b516f8017cc255e,images-99-_jpg,train,train,images-99-_jpg.rf.f7d8efcb26b4fcd9ad1366549275ab95.jpg,ecc23a8a28bc0ad77549c1e847ec5eb9d395ea2fd2253d0f4cb78c6d2e459739,extra_variant_or_near_duplicate_for_train_component
7b516f8017cc255e,images-99-_jpg,valid,train,images-99-_jpg.rf.624ea81a3f3ddd29b738aac4fa71d02a.jpg,30861bba579c03d0a21bacf5b906e6efe8d089915f3306950228f3a4bfedbbb9,extra_variant_or_near_duplicate_for_train_component
7b8276d318a5e3a7,gg0148_jpg,train,train,gg0148_jpg.rf.6de6ca487960b12f004e4ac73be19cbd.jpg,1c5343f767b852cd241a5e54768ff3573bf9a279fe03e0cb88f003533c1635f1,exact_duplicate_same_label
7b8276d318a5e3a7,gg0148_jpg,train,train,gg0148_jpg.rf.9ccea181664e9eec7ad5ead2595f1de5.jpg,1c5343f767b852cd241a5e54768ff3573bf9a279fe03e0cb88f003533c1635f1,exact_duplicate_same_label
7b8276d318a5e3a7,gg0148_jpg,train,train,gg0148_jpg.rf.e05f27b9f977983a38071135c0f11327.jpg,3ea40932702b112c51b1ce671a5782c1a7eaf3728da5d8953b8ebb3e61971b30,exact_duplicate_same_label
7b8276d318a5e3a7,gg0148_jpg,valid,train,gg0148_jpg.rf.6219d4864467a72d70df2a68f8261a84.jpg,8128d204fd26aeeb1644ea2c756cb8d3229d7fea5ded1683399d434199e869fc,extra_variant_or_near_duplicate_for_train_component
7b8276d318a5e3a7,gg0148_jpg,valid,train,gg0148_jpg.rf.b83c65858ac9e0ed9c6e594a860bbbc8.jpg,a7ec699329c4ef4c4e85686779832bce543a030b6e3e357ff9ece4b09d4b9d50,extra_variant_or_near_duplicate_for_train_component
7bb18e66e8c0a06e,bb0680_jpg,train,train,bb0680_jpg.rf.4fe10dc0387df490adcc8f2e2394fa2f.jpg,44599808663f687b2f4a1b60c2f3796be27676f6eff298a254f52d6370ff467a,exact_duplicate_same_label
7bb18e66e8c0a06e,bb0680_jpg,train,train,bb0680_jpg.rf.56e40d25aedecaf33438048cb79c0ab2.jpg,092da8f272587b96e3bc70acacc12f402dc2b67b01dc7603630a0b1e489c5cf4,exact_duplicate_same_label
7bb18e66e8c0a06e,bb0680_jpg,train,train,bb0680_jpg.rf.702dc55a262b0693021c71074b17c635.jpg,b4ea0780507c68ce3003f5e9a7a4c08e0f5f37fe71b05548d9f9f466c1e84dd1,exact_duplicate_same_label
7bb18e66e8c0a06e,bb0680_jpg,train,train,bb0680_jpg.rf.dc31827e0b895c8e8a498fc0fdc0bed5.jpg,44599808663f687b2f4a1b60c2f3796be27676f6eff298a254f52d6370ff467a,exact_duplicate_same_label
7bb18e66e8c0a06e,bb0680_jpg,train,train,bb0680_jpg.rf.e8359c7bf2e47cf91209d4eaf52d2017.jpg,b4ea0780507c68ce3003f5e9a7a4c08e0f5f37fe71b05548d9f9f466c1e84dd1,exact_duplicate_same_label
7c4919e6cbc69980,M_00949_png_jpg,train,train,M_00949_png_jpg.rf.2aa64429cc86ff4bff69e695fb61fd35.jpg,3d40c981c4e2200748d5396ff63da6ca50b12b11989bab599536ff4938048c98,extra_variant_or_near_duplicate_for_train_component
7c4919e6cbc69980,M_00949_png_jpg,train,train,M_00949_png_jpg.rf.8b264376f75f7d0e1d8c4802ccf0dac0.jpg,76deeb8afe69005fc38d3e49e6e35f8b46d4cdedf687128e2233d7a14c5b5af1,extra_variant_or_near_duplicate_for_train_component
7c81e48d46c806f7,WIN_20220507_21_29_05_Pro_jpg,valid,test,WIN_20220507_21_29_05_Pro_jpg.rf.cc8694ac5fa14a0d181967b92e2ffdb9.jpg,0fe41853d64196fca22bb87f5ab4982fbcabab48e175f6933e7819934f97b511,extra_variant_or_near_duplicate_for_test_component
7c81e48d46c806f7,WIN_20220507_21_29_05_Pro_jpg,train,test,WIN_20220507_21_29_05_Pro_jpg.rf.2240c15dc1bfa0dc12af4599560b8c3c.jpg,d2a66a0c5811cf69ccd5cce37be8b682fbe5a0d63fdc05c611c9da72ed54da42,exact_duplicate_same_label
7c81e48d46c806f7,WIN_20220507_21_29_05_Pro_jpg,train,test,WIN_20220507_21_29_05_Pro_jpg.rf.a925cdc0c78a293cef9a256a1c83a23e.jpg,f020d7e4fae0eba9a148d8105f1349df30b399c88a05868487c07bd7c441ca1d,extra_variant_or_near_duplicate_for_test_component
7cd162feef46dd6f,000239_jpg,train,train,000239_jpg.rf.6cb081fc12caf0e9a398439c360f8a5b.jpg,b43ca3b4a810a8b15d71a4d6e82c21aca318f2cc59cf8ed15667304474f6f376,exact_duplicate_same_label
7cd162feef46dd6f,000239_jpg,train,train,000239_jpg.rf.830244a4015307c25aca4b29d631d6fd.jpg,16c2ae3f460125a97155f69dd3b07403d6718a32b2f39cf8897b029a47c92562,exact_duplicate_same_label
7cd162feef46dd6f,000239_jpg,train,train,000239_jpg.rf.e3bc025964d9f85c6db3f0b8a17aac6f.jpg,16c2ae3f460125a97155f69dd3b07403d6718a32b2f39cf8897b029a47c92562,exact_duplicate_same_label
7cd162feef46dd6f,000239_jpg,valid,train,000239_jpg.rf.6c6d24a3f7fe9dc90c29b8e83ca1b244.jpg,8b3cf0c83b70d1d5b84cb0c0ee82e2cf2662861e9e81b5be1d74e68a3815c4be,extra_variant_or_near_duplicate_for_train_component
7d4b791f5c517ab4,ggg008_jpg,train,train,ggg008_jpg.rf.102445f47f3745c9b8bfb66dd029e54f.jpg,95d78a75eba731f0684c573548152cb46ee6ef9dc4a09724a92f1f45c0d648c7,exact_duplicate_same_label
7d4b791f5c517ab4,ggg008_jpg,train,train,ggg008_jpg.rf.1e8e422e4a10aa211160a99ff4baaef6.jpg,c9f61d99f3f0257124e3bebd61872077f5696c69ee5f74c7ca26faf3438498d6,exact_duplicate_same_label
7d4b791f5c517ab4,ggg008_jpg,train,train,ggg008_jpg.rf.368183cd857841c5abf261b59add9272.jpg,f8283821979cedee93e2fbd1c3ea8f244f5cf4e33e2062c26909d83a9ff2353a,exact_duplicate_same_label
7d4b791f5c517ab4,ggg008_jpg,train,train,ggg008_jpg.rf.4070596f847635b3852d5a8fdc434f39.jpg,488a6eff0d0789eec555344189def57946e6652aa4de88453d0c603b7815fab1,exact_duplicate_same_label
7d4b791f5c517ab4,ggg008_jpg,train,train,ggg008_jpg.rf.430e4ab0794fb77d4b7668a030c1bda9.jpg,f8283821979cedee93e2fbd1c3ea8f244f5cf4e33e2062c26909d83a9ff2353a,exact_duplicate_same_label
7d4b791f5c517ab4,ggg008_jpg,train,train,ggg008_jpg.rf.47598e6cc7fd765a24c8bf848b21208e.jpg,c81ff4c4cf611d2298c57a11155eb2acdddc5c7c08b67d7ee28131fb734f0a09,exact_duplicate_same_label
7d4b791f5c517ab4,ggg008_jpg,train,train,ggg008_jpg.rf.4dbd842409aab05ffcd1506a374cc710.jpg,2bb1d86e08a7ba42b5f417288ca41a1ae30efd1e58ae8167273ae0ed2efa537a,exact_duplicate_same_label
7d4b791f5c517ab4,ggg008_jpg,train,train,ggg008_jpg.rf.5efa52600f392731ae24bd56a7acc080.jpg,95d78a75eba731f0684c573548152cb46ee6ef9dc4a09724a92f1f45c0d648c7,exact_duplicate_same_label
7d4b791f5c517ab4,ggg008_jpg,train,train,ggg008_jpg.rf.8661543514638b609eb57b2a32d332ed.jpg,2bb1d86e08a7ba42b5f417288ca41a1ae30efd1e58ae8167273ae0ed2efa537a,exact_duplicate_same_label
7d4b791f5c517ab4,ggg008_jpg,train,train,ggg008_jpg.rf.a23671c9272c72da7971bd2f2cf5d2cc.jpg,f06872d350fc9828e9d4673654074bd6dbe25f34bcecf6bb5b72d0ac453b8c4c,exact_duplicate_same_label
7d4b791f5c517ab4,ggg008_jpg,train,train,ggg008_jpg.rf.a795fb72794be9ef25573acb0edaf83b.jpg,c81ff4c4cf611d2298c57a11155eb2acdddc5c7c08b67d7ee28131fb734f0a09,exact_duplicate_same_label
7d4b791f5c517ab4,ggg008_jpg,train,train,ggg008_jpg.rf.cdfa2aacd9f4741693abdf331454524b.jpg,488a6eff0d0789eec555344189def57946e6652aa4de88453d0c603b7815fab1,exact_duplicate_same_label
7d4b791f5c517ab4,ggg008_jpg,train,train,ggg008_jpg.rf.e8d67902bf1c9cd37ccde727d9357436.jpg,f06872d350fc9828e9d4673654074bd6dbe25f34bcecf6bb5b72d0ac453b8c4c,exact_duplicate_same_label
7d4b791f5c517ab4,ggg008_jpg,valid,train,ggg008_jpg.rf.55ef4511869e90ce6a062764b54a7874.jpg,421195e6c2c201099326c3be78f5423dac21aa697764cfba24569541c8b26a91,extra_variant_or_near_duplicate_for_train_component
7d4b791f5c517ab4,ggg008_jpg,valid,train,ggg008_jpg.rf.fc011a4e81de62b0d5e24ada2168bec5.jpg,2876418f2368892ffd7c7530b3f7e81dee126fe39c56d49f17c760fa4bbe9291,extra_variant_or_near_duplicate_for_train_component
7def71feceb56cbb,c00001_jpg,train,train,c00001_jpg.rf.e928af1d1e567d07ac4b3520976f8083.jpg,6b6059aa3fe2e0afea2f753a9dfc6b7e450510e88d099d2473a1ff5a24e7516b,exact_duplicate_same_label
7def71feceb56cbb,c00001_jpg,valid,train,c00001_jpg.rf.1f0a5f0d177f01def4811201ee5efe72.jpg,3c0726e1ac1cd3d7a99f97eae601ea8702029b26af3e787ad6ba65dda776cc7f,extra_variant_or_near_duplicate_for_train_component
7def71feceb56cbb,c00001_jpg,test,train,c00001_jpg.rf.127b0aa7a842f711d727f0dfde2d9242.jpg,d21ca91230fa072ab1b85d0e88cfbb479ee187c3ac2f824fe3b22e5289a4975d,extra_variant_or_near_duplicate_for_train_component
7e4fa7105cb1cc39,IMG_4418_jpg,train,train,IMG_4418_jpg.rf.b1ab61571806369871a484346a538cf6.jpg,a9797ac73b2791c6cd9958865185741d9162afe3e2d20648a7c840e2edd02d39,extra_variant_or_near_duplicate_for_train_component
7e4fa7105cb1cc39,IMG_4418_jpg,train,train,IMG_4418_jpg.rf.b8880f53325368aba2d3000c7fecb166.jpg,c4523760d4773b87c099a7e53ca8d308a6795df30400e8f858a305b95a46dc3f,extra_variant_or_near_duplicate_for_train_component
7efa5d6a72da152c,images-17-_jpeg_jpg,test,train,images-17-_jpeg_jpg.rf.9b93f1ad7bc2c64f761f8ad267bd2c69.jpg,6ada46859d8fdca94a138f0e56a3aa0e99611167c78cbf6caf15589cfafcda41,exact_duplicate_same_label
7f1fe481eef9938a,images-108-_jpg,train,train,images-108-_jpg.rf.620bbeec9703fb4c285a8f748eb3397f.jpg,ae1d3da12efe1fc03ffef9509ec3a75dcac241a1f09f3de2364489aabd0bd7ab,extra_variant_or_near_duplicate_for_train_component
7f1fe481eef9938a,images-108-_jpg,train,train,images-108-_jpg.rf.7edaf476d90188e89d83640c6b441f81.jpg,a52ddd7ffdecb3c6a5855a3d0ebe7d8d019919d15b095d768341b534b64330ce,exact_duplicate_same_label
7f1fe481eef9938a,images-108-_jpg,test,train,images-108-_jpg.rf.292e0821b61fabaadb98c666ceebd197.jpg,a03032634908f01253c821372e7c007041c3a6d268b4057ac78278a2ab39b4e1,exact_duplicate_same_label
7f1fe481eef9938a,images-108-_jpg,test,train,images-108-_jpg.rf.7edaf476d90188e89d83640c6b441f81.jpg,a52ddd7ffdecb3c6a5855a3d0ebe7d8d019919d15b095d768341b534b64330ce,exact_duplicate_same_label
7f5ab8acfa5c5869,c00008_jpeg_jpg,valid,test,c00008_jpeg_jpg.rf.50b9a46650e865bf8731487b175d3af6.jpg,77ae31b3e935797e87b1a3da5ade440f2672691d397dfa0d64b07cd6b374745b,extra_variant_or_near_duplicate_for_test_component
7f5ab8acfa5c5869,c00008_jpeg_jpg,train,test,c00008_jpeg_jpg.rf.1efecc5d5c3dfd91830d0c2668dfc9b4.jpg,57c447d1f86a3f177f03b2a81e3b276cdddfea57652090d2768b7a9a521a94ef,exact_duplicate_same_label
7f5ab8acfa5c5869,c00008_jpeg_jpg,train,test,c00008_jpeg_jpg.rf.1f203886e04fc690ccd85602d32be6c4.jpg,57c447d1f86a3f177f03b2a81e3b276cdddfea57652090d2768b7a9a521a94ef,exact_duplicate_same_label
7f5ab8acfa5c5869,c00008_jpeg_jpg,train,test,c00008_jpeg_jpg.rf.3c6f1ff735180de552de729f1cf445e5.jpg,5ce849466b5ab4147f91eddb52b03c57c9833fa18c38fb2ecfa22093274a920a,exact_duplicate_same_label
7f5ab8acfa5c5869,c00008_jpeg_jpg,train,test,c00008_jpeg_jpg.rf.4ea5c4de50d412d026a4930b287cb03f.jpg,64cf34a6f9ccaf78ce5a0bf0db599dcbdbfdce74431bb7fa4cd6098d0ad65480,exact_duplicate_same_label
7f5ab8acfa5c5869,c00008_jpeg_jpg,train,test,c00008_jpeg_jpg.rf.6998e1d55587732e6a5f57d1befb5e1c.jpg,435baf64f8cd923f49b12d36eeb0f801c6f1a9cad095e568d5759322cc82ec42,exact_duplicate_same_label
7f5ab8acfa5c5869,c00008_jpeg_jpg,train,test,c00008_jpeg_jpg.rf.8f1e1e69a1c5996e3ec9c502ad85e234.jpg,64cf34a6f9ccaf78ce5a0bf0db599dcbdbfdce74431bb7fa4cd6098d0ad65480,exact_duplicate_same_label
7f5ab8acfa5c5869,c00008_jpeg_jpg,train,test,c00008_jpeg_jpg.rf.d7cf8db6584a1ed6601ce9ebead06593.jpg,5ce849466b5ab4147f91eddb52b03c57c9833fa18c38fb2ecfa22093274a920a,exact_duplicate_same_label
7f5ab8acfa5c5869,c00008_jpeg_jpg,train,test,c00008_jpeg_jpg.rf.ef03dd4563b38a2884c4538674351e92.jpg,435baf64f8cd923f49b12d36eeb0f801c6f1a9cad095e568d5759322cc82ec42,exact_duplicate_same_label
7f5b75100807b112,ggg269_jpg,valid,test,ggg269_jpg.rf.39a4dc2977b0929f1c153d2738d495b2.jpg,098daba279c44275ab936504eacfad15b0d33cc39fd7184a1e9b54abd093a480,extra_variant_or_near_duplicate_for_test_component
7f5b75100807b112,ggg269_jpg,valid,test,ggg269_jpg.rf.f546f7e3f5b9d410c7856796a75a78ad.jpg,b1cfcd2e8f9aaff6ad8008b2e13c313c4721f1cfb232dada0df029fd0ba1bd23,extra_variant_or_near_duplicate_for_test_component
7f5b75100807b112,ggg269_jpg,valid,test,ggg269_jpg.rf.593c07827bf3bbf1c288a3b1573e397a.jpg,239db3b32d9b9b17ab98f5653aff6ea2771cf8c6b1d8c66ece74d38dc5eebd46,extra_variant_or_near_duplicate_for_test_component
7f5b75100807b112,ggg269_jpg,valid,test,ggg269_jpg.rf.ff0ead530ef17ad61c6a3f00606b77c2.jpg,a33cd40e31e9e7f6314de339f2b3715cf847732e16aa250f8993b4fc39f7fd29,extra_variant_or_near_duplicate_for_test_component
7f6e7dbadbde9887,1697099878091_JPEG_jpg,valid,valid,1697099878091_JPEG_jpg.rf.f1629a90dd20609ef07f9addcd583540.jpg,91d637b8efe02a4beee16a1261076d25d9e6039718af6a0d342d253e0aeb1b7a,extra_variant_or_near_duplicate_for_valid_component
7f6e7dbadbde9887,1697099878091_JPEG_jpg,train,valid,1697099878091_JPEG_jpg.rf.0100b8ffeb841568eb5681f0c50aa867.jpg,3c52e6d4abd605ed5cc1d36fdbf2563661db58a3ef615eef6406e35056baf85e,extra_variant_or_near_duplicate_for_valid_component
7f6e7dbadbde9887,1697099878091_JPEG_jpg,train,valid,1697099878091_JPEG_jpg.rf.945020ee36634d5ea8caf2af255618e4.jpg,29f1fb3b73f93af720a31f6ac1e119284349cf4cd6b27d408ec5a2d8a3075d91,extra_variant_or_near_duplicate_for_valid_component
7f6e7dbadbde9887,1697099878091_JPEG_jpg,train,valid,1697099878091_JPEG_jpg.rf.a1786c343fc735fa31fd621ddb9855f6.jpg,6ec991398f29e23b49d91067b066b879ab224bd1d939aa470308292fc1dd6633,extra_variant_or_near_duplicate_for_valid_component
7f6e7dbadbde9887,1697099878091_JPEG_jpg,train,valid,1697099878091_JPEG_jpg.rf.afa98ad5ab7028d15a771b33540bccad.jpg,5f01324bf9cfe9716ca1d1799f0e9ced2a9c6cbac8346baf80313516ba39e670,extra_variant_or_near_duplicate_for_valid_component
7f6e7dbadbde9887,1697099878091_JPEG_jpg,train,valid,1697099878091_JPEG_jpg.rf.e70aef34ef2203780a3cf2465a28b9eb.jpg,e5a47136fdfbacc755e87ac90249eaa701c8c47ade46a24ee4d20ae8f9598272,extra_variant_or_near_duplicate_for_valid_component
7f6e7dbadbde9887,1697099878091_JPEG_jpg,train,valid,1697099878091_JPEG_jpg.rf.fef1768a7d680b58ff6b8472c529d9d8.jpg,f0fb6cc4bbc36bce059c2ae07e440db67165653a7f3631cb6eaf0e715dc4c057,extra_variant_or_near_duplicate_for_valid_component
800c920ef6d3e075,small-79-_jpg,train,train,small-79-_jpg.rf.67363b75d64376b0801f0dae6e084b20.jpg,6a527a2614194cc00881571b3dcdd6078acba8495e8338a9399613dc6971fbc2,exact_duplicate_same_label
800c920ef6d3e075,small-79-_jpg,train,train,small-79-_jpg.rf.803f598aba3100f54d335fe364a6f78f.jpg,563333aaf4f2892c04c7e2ebd6c0472a8f27c57b90b71bac325e002f05d91fa5,exact_duplicate_same_label
800c920ef6d3e075,small-79-_jpg,test,train,small-79-_jpg.rf.67363b75d64376b0801f0dae6e084b20.jpg,6a527a2614194cc00881571b3dcdd6078acba8495e8338a9399613dc6971fbc2,exact_duplicate_same_label
800c920ef6d3e075,small-79-_jpg,test,train,small-79-_jpg.rf.803f598aba3100f54d335fe364a6f78f.jpg,563333aaf4f2892c04c7e2ebd6c0472a8f27c57b90b71bac325e002f05d91fa5,exact_duplicate_same_label
8045e14a7546e175,bb0091_jpg,train,train,bb0091_jpg.rf.7910aeefcdacfb3dfa2471fc58a12268.jpg,253ac58292b83f54467c7a874037b6b95bab33b4dbe2647ebb45293ddcd9cde9,exact_duplicate_same_label
8045e14a7546e175,bb0091_jpg,train,train,bb0091_jpg.rf.8f2c1d005e1df71375476e337319711f.jpg,0483d44fe0bea885ea3474c70fc94a211ec7d6cef7e4c1e16d12d29c6962e447,exact_duplicate_same_label
8045e14a7546e175,bb0091_jpg,train,train,bb0091_jpg.rf.943fe723ea42c38f53ca42d2a50b840c.jpg,0483d44fe0bea885ea3474c70fc94a211ec7d6cef7e4c1e16d12d29c6962e447,exact_duplicate_same_label
8045e14a7546e175,bb0091_jpg,valid,train,bb0091_jpg.rf.31e4c7365f5421aa277b70fdd928d8a5.jpg,6f56648f403ab102a60359e5f4d489b847aed7cd44f5df5587b8b1cab2d5eed4,extra_variant_or_near_duplicate_for_train_component
809356fef4fbd5b9,1697099984324_JPEG_jpg,train,train,1697099984324_JPEG_jpg.rf.3a362c985a93541c55c43d432352da10.jpg,b434a4e1722f4f3fd95f942b3ac6236e9eef5e25235fbda3022f74e170f2720c,extra_variant_or_near_duplicate_for_train_component
809356fef4fbd5b9,1697099984324_JPEG_jpg,train,train,1697099984324_JPEG_jpg.rf.6bc70fc8b9eb501b1d2ff66d67eb947a.jpg,f70fa0ff2d3b5b265db1e67e4eb5d9629e6bfe11fa60c9cc993b54271aab3dae,extra_variant_or_near_duplicate_for_train_component
809356fef4fbd5b9,1697099984324_JPEG_jpg,train,train,1697099984324_JPEG_jpg.rf.87eff24710c38a91809a58b9c230a404.jpg,6a8416c434cd544cb55ec5ffcfab2567d1be8a661ced5dd9a07175fd29e4c781,extra_variant_or_near_duplicate_for_train_component
809356fef4fbd5b9,1697099984324_JPEG_jpg,train,train,1697099984324_JPEG_jpg.rf.8c5e0cfbe17c1f84fd0f831241785742.jpg,1386a7dc12285914e52a845d85a96006d3766d583c8b814b7f039c3b7674d7ab,extra_variant_or_near_duplicate_for_train_component
809356fef4fbd5b9,1697099984324_JPEG_jpg,train,train,1697099984324_JPEG_jpg.rf.d069ac724aa7ff4d0b30e2aaf4485573.jpg,f861dc5b6e278440917ac5394b3c16d2bbcb350ec754c23572154a0995dc29ec,extra_variant_or_near_duplicate_for_train_component
809356fef4fbd5b9,1697099984324_JPEG_jpg,valid,train,1697099984324_JPEG_jpg.rf.1ec21e4bd9b459c89571fc003dd5c975.jpg,5945f5e111f8b61474bd1ea91b63d50bcea0e1e74014bb48d9b41c23d532ac9a,extra_variant_or_near_duplicate_for_train_component
809356fef4fbd5b9,1697099984324_JPEG_jpg,valid,train,1697099984324_JPEG_jpg.rf.52c389380a43f109bf1cb7079073edb5.jpg,acfb27e99b7b244cb65e43d039ae00e6e37f65c9a33c67c4cc965b6135f899c8,extra_variant_or_near_duplicate_for_train_component
809356fef4fbd5b9,1697099984324_JPEG_jpg,valid,train,1697099984324_JPEG_jpg.rf.58cc40cd4306c5a4e69ab780e055a143.jpg,72d0898b3adb2fa3c8f2a464c0a8897d6faa90c6a73a2fc3a6d7b6692bd7ee29,extra_variant_or_near_duplicate_for_train_component
80e07e6c4c0a24ea,6_jpg,train,test,6_jpg.rf.9c1d9f7ee00dbb7f38ef0c82cccab997.jpg,93a599d0c48e83ba87802d6c29af678fe85495206fc3ba92a6416f5fcb881efe,exact_duplicate_same_label
8113692ef06f5625,IMG_4329_jpg,train,train,IMG_4329_jpg.rf.6ac2f9fa9a9a81a10ae3a3ce5f220743.jpg,10b3b94e253d045e97ecf9771d35252cd1fa6046fa762e49c1bd4ad03edcfd2d,extra_variant_or_near_duplicate_for_train_component
8113692ef06f5625,IMG_4329_jpg,train,train,IMG_4329_jpg.rf.934455331c2c5e74c7753422b477a8be.jpg,746e1e74b08491ed10e25ef53fcddf3396b9596abbdda0832b6562813076d976,extra_variant_or_near_duplicate_for_train_component
8113692ef06f5625,IMG_4328_jpg,valid,train,IMG_4328_jpg.rf.27938520be7825f9d2bbe6e0f2bbf760.jpg,e3cef1925e1839b63b745cd32699203971a8d88b57e202d000bdad1b90a6f472,extra_variant_or_near_duplicate_for_train_component
8121179664afa229,10_jpg,test,train,10_jpg.rf.45f4814446f819e54457ac72ba8cee9d.jpg,68f8dea307410bdfceb4bbc84c99e49e91fbeaae34694c371e0ca95789150355,exact_duplicate_same_label
81504cbd0e6a195f,bb0248_jpg,train,train,bb0248_jpg.rf.8f2ce91a52d471bebc47c9116f6add53.jpg,f9a2262080349df37f35ebc6893f4f6b0281a4a88a395c7a6db6c64a5e56b5ef,exact_duplicate_same_label
81504cbd0e6a195f,bb0248_jpg,train,train,bb0248_jpg.rf.afc0a29e6f29d546dc3580413c732a50.jpg,f9a2262080349df37f35ebc6893f4f6b0281a4a88a395c7a6db6c64a5e56b5ef,exact_duplicate_same_label
81504cbd0e6a195f,bb0248_jpg,train,train,bb0248_jpg.rf.f19d0677274c0adfa5bd64d2e631cc84.jpg,71281d37d5f3d77aba91c16307a4af9b25e39d789ea4680c6db6fcb5b73104a0,exact_duplicate_same_label
81504cbd0e6a195f,bb0248_jpg,valid,train,bb0248_jpg.rf.bf14fe75141122856486e19976a4fb09.jpg,98d2d761864a87165ff6c86c493790cb2f1635910d75a9c4757c582f76500ae2,extra_variant_or_near_duplicate_for_train_component
82d1ff52d8d4ee42,WIN_20220507_21_28_06_Pro_jpg,valid,train,WIN_20220507_21_28_06_Pro_jpg.rf.90bdce3906b926b0d8285ecf2bd20f94.jpg,e69a39736171bbd2e4ae60e5682541ad4a11e5e7a94149cfa58a5ac58befd719,extra_variant_or_near_duplicate_for_train_component
82d1ff52d8d4ee42,WIN_20220507_21_28_06_Pro_jpg,valid,train,WIN_20220507_21_28_06_Pro_jpg.rf.d02e86579a9c26873a6047610c2e8d08.jpg,131ee7a36dfaf58ccadb6323af7540f4c497cc2c6a75d16b1e1d86b30f767055,extra_variant_or_near_duplicate_for_train_component
82d1ff52d8d4ee42,WIN_20220507_21_28_06_Pro_jpg,test,train,WIN_20220507_21_28_06_Pro_jpg.rf.35f4fc60db2dd280c94e010aaca2d199.jpg,5bb2fb17d152ec7126fc86b5c902872decdb1ec96eac8ceb811889a9617d2305,exact_duplicate_same_label
82ee89c3b30c1434,c00469_jpg,train,valid,c00469_jpg.rf.9d659fa5c8c10fe6787aa31093ea771d.jpg,d0d81893d3860735ac3ec27ec41de62ff774fa893521011137f0b06c46374685,exact_duplicate_same_label
82ee89c3b30c1434,c00469_jpg,train,valid,c00469_jpg.rf.c87705c7e74f8d904b983d8dda5283f2.jpg,aae0b02d3ca71328e4abece3cf990a229cfa9d19194af280a5ba0d680f829fa5,exact_duplicate_same_label
82ee89c3b30c1434,c00469_jpg,train,valid,c00469_jpg.rf.d9720570f6e43c305ac18ac70dfe955b.jpg,3006c693bce1e1057135ca113cb81b43b8d455169d2ea8cce6e16f855dc835e7,exact_duplicate_same_label
82ee89c3b30c1434,c00469_jpg,train,valid,c00469_jpg.rf.dac334c55c951cdde9ec62f05213621f.jpg,3006c693bce1e1057135ca113cb81b43b8d455169d2ea8cce6e16f855dc835e7,exact_duplicate_same_label
82ee89c3b30c1434,c00469_jpg,train,valid,c00469_jpg.rf.ef023140f4a53873ee861e947134112d.jpg,d0d81893d3860735ac3ec27ec41de62ff774fa893521011137f0b06c46374685,exact_duplicate_same_label
82ee89c3b30c1434,c00469_jpg,train,valid,c00469_jpg.rf.fddbe728f9e4f4c9530d0a4256d172db.jpg,aae0b02d3ca71328e4abece3cf990a229cfa9d19194af280a5ba0d680f829fa5,exact_duplicate_same_label
82f665611eb3eec1,WIN_20220507_21_28_31_Pro_jpg,train,train,WIN_20220507_21_28_31_Pro_jpg.rf.edff99512f164c730f2c7b777067ef6b.jpg,b3b17e2116e1d420bf33aa68ed0e8337f9b5a4d3e9a5d11c15e5649a9ee9837a,extra_variant_or_near_duplicate_for_train_component
82f665611eb3eec1,WIN_20220507_21_28_31_Pro_jpg,valid,train,WIN_20220507_21_28_31_Pro_jpg.rf.e3095706ab4c2a3cc13a02221eed5050.jpg,9c89377b8311a7087ac025d6e2a152de21dd1a8b6e82c06e7b707582c239b5bf,extra_variant_or_near_duplicate_for_train_component
82f665611eb3eec1,WIN_20220507_21_28_31_Pro_jpg,test,train,WIN_20220507_21_28_31_Pro_jpg.rf.d49852378b4e4fc92ca752f61605dde6.jpg,ba7b24d83522369f2ac4d31d40ee5110ee3d5cc29367ffec531c4fa03468e215,exact_duplicate_same_label
8403ae568f34046f,bb0391_jpg,train,train,bb0391_jpg.rf.3cc7c313eca6fd49d0fb1cfccae4319a.jpg,9add7f2121fe905f432b82f6f871d6919ab333fead6dbe1397aa5e7d5f9859f1,extra_variant_or_near_duplicate_for_train_component
8403ae568f34046f,bb0391_jpg,train,train,bb0391_jpg.rf.5e28872e512cce069a9f6ce5f670825f.jpg,49f1b0fa147a8b6b1d9afdde7eb2336407b9af3ffc45f5c4c9744c0f55ccdffb,exact_duplicate_same_label
8403ae568f34046f,bb0391_jpg,train,train,bb0391_jpg.rf.96da00a35f840880867b609b2d644752.jpg,d82ca26db3f406a0bb8d6980484180b929a1041e113c180d858ce919a9170f50,extra_variant_or_near_duplicate_for_train_component
8403ae568f34046f,bb0391_jpg,train,train,bb0391_jpg.rf.9b5207a07822221727af4a61d4626f0c.jpg,c654e26bf5908183dfe5dca33f5f461b159e54a0cc302fe4da2dcd7fc5cf3928,extra_variant_or_near_duplicate_for_train_component
8403ae568f34046f,bb0391_jpg,train,train,bb0391_jpg.rf.ac9dc8d21f64062080e34aedfa4dabde.jpg,61b05b4f7371c77ded1fb90ef3f10917ae81cb0492fee67566fc6241b91d8ec6,extra_variant_or_near_duplicate_for_train_component
8403ae568f34046f,bb0391_jpg,train,train,bb0391_jpg.rf.acd32dfd826abe2ad30f46c735a1b96e.jpg,e6f20fdc5d7ba5d9dddeb16201eaf00ba9faadd32cc1ff610efcb36bb2f7c974,extra_variant_or_near_duplicate_for_train_component
8403ae568f34046f,bb0391_jpg,train,train,bb0391_jpg.rf.b8682a7bbd08f6f5d193e969800b7531.jpg,7252e6bf2b183e6ed7c74506e0a05ebc461c948391a4792d93811aabe6891f36,extra_variant_or_near_duplicate_for_train_component
8403ae568f34046f,bb0391_jpg,train,train,bb0391_jpg.rf.ce107cc35405713db35c009e75164eb9.jpg,a64b7fae78cbb4b65ba78965255e96effac2a192c1b3f2ea57c96edd437d0d07,extra_variant_or_near_duplicate_for_train_component
8403ae568f34046f,bb0391_jpg,train,train,bb0391_jpg.rf.d382f842dcd6d754e2cd8217bf79de13.jpg,71d07f2100cec0327bf5e3f832a407fa3eeff689b22bdd004dba202dcacdf588,extra_variant_or_near_duplicate_for_train_component
8403ae568f34046f,bb0391_jpg,train,train,bb0391_jpg.rf.e4d52da3d26bff85f4ac38f31f96f804.jpg,45937295b2e4863db8be8cd8ed8774b0d94a983367e2207ac14abe69a74a2e45,extra_variant_or_near_duplicate_for_train_component
8403ae568f34046f,bb0391_jpg,valid,train,bb0391_jpg.rf.7fb59517c383ba0d078d4c4ac406d043.jpg,662b901167d9cf249ce3cc857c58631589503d1058a5b34fddeb0eef04a8634f,extra_variant_or_near_duplicate_for_train_component
8403ae568f34046f,bb0391_jpg,test,train,bb0391_jpg.rf.d0ffa222e97bb93e250ea555cb1f12f2.jpg,926086bf7cc5e1ed23e7d616afb23b309a7163a5f97a273e56458f09656b2b8f,extra_variant_or_near_duplicate_for_train_component
84c85edf57ab07aa,images-17-_jpg,train,train,images-17-_jpg.rf.b1350fd8b18f6afc08a3cc78f16fd1b9.jpg,ac2e9c30eeffb6e4c90287f044280f23bd615a29dcf5ad2d3678b7cfbb5c12fb,exact_duplicate_same_label
84c85edf57ab07aa,images-17-_jpg,train,train,images-17-_jpg.rf.d7deccccd95dc8a78366f5c81ff4d6a3.jpg,d0fe5d97efea323998b37967dc23252878cbac398992f8150b60f28b1ab5643e,extra_variant_or_near_duplicate_for_train_component
84c85edf57ab07aa,images-17-_jpg,test,train,images-17-_jpg.rf.b1350fd8b18f6afc08a3cc78f16fd1b9.jpg,ac2e9c30eeffb6e4c90287f044280f23bd615a29dcf5ad2d3678b7cfbb5c12fb,exact_duplicate_same_label
84e442ec3890ce6e,images-56-_jpg,train,train,images-56-_jpg.rf.dcca351d567a78de6acdb27c7a72b831.jpg,c1e3f29b53c9b24a06ffb34c61830b72a83b864a6330781bdbf2d747afe9832d,exact_duplicate_same_label
84e442ec3890ce6e,images-56-_jpg,test,train,images-56-_jpg.rf.dcca351d567a78de6acdb27c7a72b831.jpg,c1e3f29b53c9b24a06ffb34c61830b72a83b864a6330781bdbf2d747afe9832d,exact_duplicate_same_label
84fe3bc0334abd14,IMG_4461_jpg,train,train,IMG_4461_jpg.rf.c921056055b2aacdc634c622bf2e4408.jpg,41fbc6799ca912a83d3622cbfcb0a5cc1f0a2d84f8aaee963ab730caaab01705,extra_variant_or_near_duplicate_for_train_component
84fe3bc0334abd14,IMG_4461_jpg,train,train,IMG_4461_jpg.rf.cb9ef2114365e4c9858579b454570bd5.jpg,2f2004e57f33ca1993109680ad9db2938bba29a9fddb4ebda56b19c32b046aea,extra_variant_or_near_duplicate_for_train_component
8501182dea7c21e5,000443_jpg,train,train,000443_jpg.rf.5509ac38a17871ac6a46710de4189462.jpg,88f54965e2c4e732d7a80365f912b1b0cc006d7a334479858c3b4886f00ec389,exact_duplicate_same_label
8501182dea7c21e5,000443_jpg,train,train,000443_jpg.rf.7efa9c58f29ca7232fb44040a4f44365.jpg,2e0f7b56d3a3e94a5583b0f37ddae93a19b7e880dbdcc838648afc8d71f2eb18,exact_duplicate_same_label
8501182dea7c21e5,000443_jpg,train,train,000443_jpg.rf.84e94e3be6c874d0eb7badb817732b00.jpg,88f54965e2c4e732d7a80365f912b1b0cc006d7a334479858c3b4886f00ec389,exact_duplicate_same_label
8501182dea7c21e5,000443_jpg,train,train,000443_jpg.rf.ac11b27b96854029888907bb45f7ca2e.jpg,3846e5459c57f12991d5e770f30e76a25153785eceac1430770fd8ee3d594176,exact_duplicate_same_label
8501182dea7c21e5,000443_jpg,train,train,000443_jpg.rf.cd83c15b86012525e9f46e82cfa2e18a.jpg,2e0f7b56d3a3e94a5583b0f37ddae93a19b7e880dbdcc838648afc8d71f2eb18,exact_duplicate_same_label
85399d96991a431d,1697100022553_JPEG_jpg,train,train,1697100022553_JPEG_jpg.rf.54b0a1ac758717aadaf232c514e4ca71.jpg,74ecd5fe3b50b25e97c1d53dea57cf4a8ac49f2b2430280988b8b87d91aebb09,extra_variant_or_near_duplicate_for_train_component
85399d96991a431d,1697100022553_JPEG_jpg,train,train,1697100022553_JPEG_jpg.rf.ec0fc5eb936b8739ec83982911d09051.jpg,5fd2f531bede43075db34bfb4e03c5e360aab5911d42328051e460461b3ca141,extra_variant_or_near_duplicate_for_train_component
85399d96991a431d,1697100022553_JPEG_jpg,train,train,1697100022553_JPEG_jpg.rf.f99937e0d57744a24802688850fa34f8.jpg,9a82ae2fe13d5711e8dde208416fbf02938f409b6924acd184e00f5e9bee89b9,extra_variant_or_near_duplicate_for_train_component
85399d96991a431d,1697100022553_JPEG_jpg,train,train,1697100022553_JPEG_jpg.rf.fac45a860e590cd50eec4edafa9dafcf.jpg,173817642989320cbc0b88b49f408e7a126d30db11fc0bbd235def757c659ee9,extra_variant_or_near_duplicate_for_train_component
85399d96991a431d,1697100022553_JPEG_jpg,valid,train,1697100022553_JPEG_jpg.rf.6d2ebe03ebf4c2b475179002b3dd556f.jpg,32b27eea03a8cf21c26bf10960a1b4728d7cf0f563bf57ad656ac85ead619f93,extra_variant_or_near_duplicate_for_train_component
85399d96991a431d,1697100022553_JPEG_jpg,valid,train,1697100022553_JPEG_jpg.rf.fd73f94b85d8e1dbd99038b4b427b6eb.jpg,feca5bfd5c8fc02b610b5a72d1ffc1bd022653d3fc025dfc9ae7205a3c3d1452,extra_variant_or_near_duplicate_for_train_component
866a516d01b994b5,ggg021_jpg,train,train,ggg021_jpg.rf.3ab2ae78204ad55f49192e131f6d27c6.jpg,4a634b02b8660aa167d3d66ec57edf42e522c9199e4c138287bd62cec31a8e18,exact_duplicate_same_label
866a516d01b994b5,ggg021_jpg,train,train,ggg021_jpg.rf.53ce82668eab43871948621b12cdceff.jpg,549bec57ad5d952f21f81c975093cf4b875f1ce11352cc06492f2ee68b37863b,exact_duplicate_same_label
866a516d01b994b5,ggg021_jpg,train,train,ggg021_jpg.rf.9041556118a2b863451a0628d2c11c8b.jpg,fd3b9da5c0676ddd36210cc1c0b3bb532e680d41618bb2739a159a944c025b46,exact_duplicate_same_label
866a516d01b994b5,ggg021_jpg,train,train,ggg021_jpg.rf.cdb4e74f48a415fecb5bc942a06c6236.jpg,fd3b9da5c0676ddd36210cc1c0b3bb532e680d41618bb2739a159a944c025b46,exact_duplicate_same_label
866a516d01b994b5,ggg021_jpg,train,train,ggg021_jpg.rf.ffbedcc530f6d8870787b2f0776a9efc.jpg,4a634b02b8660aa167d3d66ec57edf42e522c9199e4c138287bd62cec31a8e18,exact_duplicate_same_label
866a516d01b994b5,ggg021_jpg,valid,train,ggg021_jpg.rf.3eb4b0993ae5664555ad409fde269cc6.jpg,33384967175fcdb35b652b37876770797db5d0fd46f0c784ac3f4833c0cfbae5,extra_variant_or_near_duplicate_for_train_component
866a516d01b994b5,ggg021_jpg,valid,train,ggg021_jpg.rf.43ccc040e8bc45fb80799c34cd6471d9.jpg,1a5e5677c6b80d6e48e7cfc7f389ebcb5e3662ad2df6de0b7277790857be09d9,extra_variant_or_near_duplicate_for_train_component
866a516d01b994b5,ggg021_jpg,test,train,ggg021_jpg.rf.20ed9505fd5bc38f5e2fb2d2ceca6a7c.jpg,60e86e17a4436174d531dc307a7085d3dc16f41c6d05e64937a55e9135a6edb8,extra_variant_or_near_duplicate_for_train_component
867d427de300d2b5,gg0036_jpg,train,train,gg0036_jpg.rf.1fdbb72ddcb89019014ba213606dcd16.jpg,f65235f112cc7a750b73440ca60f28a02b1defd2eb0016fc25c12e8680056dbd,exact_duplicate_same_label
867d427de300d2b5,gg0036_jpg,train,train,gg0036_jpg.rf.3a4feaa32e9b091b8629bc72c9c32535.jpg,f65235f112cc7a750b73440ca60f28a02b1defd2eb0016fc25c12e8680056dbd,exact_duplicate_same_label
867d427de300d2b5,gg0036_jpg,train,train,gg0036_jpg.rf.44088e2f1056b5a7bf9bbbd49c61bbc1.jpg,410783bc3121956718d4396ff9016bad5af4b45239bb6dc02506ddb67a1a35bc,exact_duplicate_same_label
867d427de300d2b5,gg0036_jpg,train,train,gg0036_jpg.rf.538852001f293664fe900d147c1859f3.jpg,7f9c28f901c2ae391e7aa63dcc16b4883518a3bad46a4e7af3202a1c5aed3481,exact_duplicate_same_label
867d427de300d2b5,gg0036_jpg,train,train,gg0036_jpg.rf.6b0932289c52e91663dd1b028c70fc90.jpg,7f9c28f901c2ae391e7aa63dcc16b4883518a3bad46a4e7af3202a1c5aed3481,exact_duplicate_same_label
867d427de300d2b5,gg0036_jpg,valid,train,gg0036_jpg.rf.609384d6a48092cca9f02f33f4cb81ba.jpg,afc5dd4dcd78c689570f44851af7c75d42e2bb07d62722bd18467ed0b75407af,extra_variant_or_near_duplicate_for_train_component
867d427de300d2b5,gg0036_jpg,test,train,gg0036_jpg.rf.9507fa4cac719ecf70ecab434c55c3a6.jpg,5d682fbb1b4a9ad010ea2cba464268a018384a9c214942f644c7972f25dcb300,extra_variant_or_near_duplicate_for_train_component
867d427de300d2b5,gg0036_jpg,test,train,gg0036_jpg.rf.982565c8fd17b4dd4791f83a692a42b7.jpg,4012e14bb3e894e6e116accf29313a2ba0af77b7fb4bc250782b5c2a389ece4c,extra_variant_or_near_duplicate_for_train_component
86d2e7e732936582,IMG_4413_jpg,train,train,IMG_4413_jpg.rf.15a3e778ed413484d45070e47315a49c.jpg,1d8ad53787987afd42b183b72e3d3ffdac9d6492ab0243e69140f51a8c0fa435,extra_variant_or_near_duplicate_for_train_component
86d2e7e732936582,IMG_4413_jpg,train,train,IMG_4413_jpg.rf.fcc73454cd05761dad8e09cab84ddbb2.jpg,cca3cf040d3f9c3d66644504f7d503867d6cf0c26ca77dd582b1c804cafe6125,extra_variant_or_near_duplicate_for_train_component
86d2e7e732936582,IMG_4414_jpg,train,train,IMG_4414_jpg.rf.0fc78a05b8a10693449373adf2d53eff.jpg,c00889e6af83b300ce5a26f8fddb0eb39814676c7d5d5bbfc2ed13eb20567b01,extra_variant_or_near_duplicate_for_train_component
86d2e7e732936582,IMG_4414_jpg,train,train,IMG_4414_jpg.rf.64940734e31a32ad36722639f5af5828.jpg,8b51e73346df0be9e7a565316baa4692899856d8b4459235b03794e2fb847c57,extra_variant_or_near_duplicate_for_train_component
86d2e7e732936582,IMG_4414_jpg,train,train,IMG_4414_jpg.rf.838600dcc5489ee80b4b61b87d497bf1.jpg,0ef996fee9578a383a460f273fff4ae67823382c8ccdd77e8575064a8c3b576a,extra_variant_or_near_duplicate_for_train_component
86d2e7e732936582,IMG_4415_jpg,train,train,IMG_4415_jpg.rf.25a15faf35fb263af3a561c10ed92747.jpg,9c87f3993ef85371a0496158d11227ac67be0475b1fdbf04a0cbee4d8b4eff5b,extra_variant_or_near_duplicate_for_train_component
86d2e7e732936582,IMG_4415_jpg,train,train,IMG_4415_jpg.rf.e58d6a8251b187ae9a24e166fcfea844.jpg,59535ba10f317e5a44d84c3ed5eb1aa9b956107e05fcb29ac806358c42c18a0b,extra_variant_or_near_duplicate_for_train_component
86d2e7e732936582,IMG_4415_jpg,train,train,IMG_4415_jpg.rf.fead00d4dad46f9e534104652124ea56.jpg,d813e0a4aee346fcebdaa81039ba5188099641bf735d892d9ec85d4772ecd9c0,extra_variant_or_near_duplicate_for_train_component
87feb6df1739ead0,gg0059_jpg,train,test,gg0059_jpg.rf.1ed6214b0a09154573c77b6107c6e5ec.jpg,88faaa5a29ef48c312e17c6c2c2675cf6b1d9feaad5fb241fee7208b6f7c76d7,exact_duplicate_same_label
87feb6df1739ead0,gg0059_jpg,train,test,gg0059_jpg.rf.5da978752565aa2a02736d8225be0529.jpg,d2f0c89c7ac064547032c36098be99862d06949018c0513e97174f550c07c6eb,exact_duplicate_same_label
87feb6df1739ead0,gg0059_jpg,train,test,gg0059_jpg.rf.640fc212bdfba258ea7fb138c96d7ef4.jpg,afecbc774f5152e13ea18595d6c257bd7900c9284dae1ae4ce645124fd010c21,exact_duplicate_same_label
87feb6df1739ead0,gg0059_jpg,train,test,gg0059_jpg.rf.67a7947bb08f753db494974f3c5c7fbc.jpg,88faaa5a29ef48c312e17c6c2c2675cf6b1d9feaad5fb241fee7208b6f7c76d7,exact_duplicate_same_label
87feb6df1739ead0,gg0059_jpg,train,test,gg0059_jpg.rf.68e2d0b8c2223094a57c19666981581f.jpg,3036cc8bcf205b896c07c9c83cb1cce5ad7cb802a48d37e3d2c94a4168422cf5,exact_duplicate_same_label
87feb6df1739ead0,gg0059_jpg,train,test,gg0059_jpg.rf.7acdca80bc638c675598fcd950a0d2a4.jpg,583c9a75cad11b616ffa9a72048b0ec1e26220391cec27cc85cc3eb8143ffdce,exact_duplicate_same_label
87feb6df1739ead0,gg0059_jpg,train,test,gg0059_jpg.rf.b2e48e2a13459cffdd0d4c850a5a043e.jpg,2418d15b8a3b2e5ba407162a662054551ed29cf9ce1075a08e7c90052e983a00,exact_duplicate_same_label
87feb6df1739ead0,gg0059_jpg,train,test,gg0059_jpg.rf.b8725e5f8126f605db762a58289e9a66.jpg,2418d15b8a3b2e5ba407162a662054551ed29cf9ce1075a08e7c90052e983a00,exact_duplicate_same_label
87feb6df1739ead0,gg0059_jpg,train,test,gg0059_jpg.rf.c0891838f921704826c838e720bae30a.jpg,583c9a75cad11b616ffa9a72048b0ec1e26220391cec27cc85cc3eb8143ffdce,exact_duplicate_same_label
87feb6df1739ead0,gg0059_jpg,train,test,gg0059_jpg.rf.d21b50ef4e540f0966c27c8f9e61a148.jpg,3036cc8bcf205b896c07c9c83cb1cce5ad7cb802a48d37e3d2c94a4168422cf5,exact_duplicate_same_label
87feb6df1739ead0,gg0059_jpg,train,test,gg0059_jpg.rf.e102fc4095d31efce1b2f860fe1fbc15.jpg,d2f0c89c7ac064547032c36098be99862d06949018c0513e97174f550c07c6eb,exact_duplicate_same_label
8810f63762288f8b,small-11-_jpg,train,train,small-11-_jpg.rf.431a35d3c6d38a1092a6cfb2e45d43dc.jpg,6302478d91e2e2c4295c9b6761fe4b2b9fffca3944f4e5d46604c3c230e72879,extra_variant_or_near_duplicate_for_train_component
8810f63762288f8b,small-11-_jpg,train,train,small-11-_jpg.rf.8181c27384eaeff7fc3e3c8da81a6eb0.jpg,53793c0671a9731ebbf2eae879b5f6ecd64477ec309f2fa7edb98a2fbdc35ade,extra_variant_or_near_duplicate_for_train_component
8810f63762288f8b,small-11-_jpg,test,train,small-11-_jpg.rf.1d5c154bc50574998ff5d8a022998f8c.jpg,58d5a80569f49996531efd8e646950c4776aadc77134b58b9fc54a8a98572970,exact_duplicate_same_label
881de647908acdb3,c00284_jpg,train,train,c00284_jpg.rf.22e142655b1c23b3013967a89769656b.jpg,6bc3a934340c1d164bad7a9a9a67587f11d7995dfc343319d47d1f1e3fbecd1e,exact_duplicate_same_label
881de647908acdb3,c00284_jpg,train,train,c00284_jpg.rf.44c509f6cebdb645b91ab26a2798d897.jpg,bbd542b218868985323f2703fd398087185e91696eb8138fa31dc55571a0551c,exact_duplicate_same_label
881de647908acdb3,c00284_jpg,train,train,c00284_jpg.rf.dc0f20be41bbe5effa9ce38649f6017c.jpg,6bc3a934340c1d164bad7a9a9a67587f11d7995dfc343319d47d1f1e3fbecd1e,exact_duplicate_same_label
881de647908acdb3,c00284_jpg,valid,train,c00284_jpg.rf.21aea2797155f4138145775920677e3d.jpg,4e9409de213923eff3403651a827d6574f27925c4dabb58df6303c368b0b3cd4,extra_variant_or_near_duplicate_for_train_component
8853f670360d93b5,IMG_4518_jpg,train,train,IMG_4518_jpg.rf.3aed83e7f1e4bb52fc0692d4cdbf90d4.jpg,d95baa117bfe77fb01272d8cabd8b9a4c2c366a572e88e3f85d3b51a5ca42ec7,extra_variant_or_near_duplicate_for_train_component
8853f670360d93b5,IMG_4518_jpg,train,train,IMG_4518_jpg.rf.56685c6f3a39166a720952454190dceb.jpg,2541e0c00a729d5143377bedf33dae8007be02c1759371cd7837a5ef0d9ef22a,extra_variant_or_near_duplicate_for_train_component
88ca4c9ed8b71189,c00232_jpg,train,train,c00232_jpg.rf.377ba5179d73169c3199abdd14cda9f2.jpg,d67907df700e703fcaba570d14b18738dfeb5fa8ef41dcd38e641da36bda4e63,exact_duplicate_same_label
88ca4c9ed8b71189,c00232_jpg,train,train,c00232_jpg.rf.4a75abf1fd04c82f388ec33454b4d5ba.jpg,9831b170ad9702889feffdb9b11b49fe7c48be1f595ac752106f99ad6308b0bd,exact_duplicate_same_label
88ca4c9ed8b71189,c00232_jpg,train,train,c00232_jpg.rf.4b6d05721a7e6d95525c1f92a91f3ca0.jpg,75797440a77736916016ef272532d5f589aed9f367cc5d2127ce189a574a7419,exact_duplicate_same_label
88ca4c9ed8b71189,c00232_jpg,train,train,c00232_jpg.rf.5060245c0abf9340b4f02414645d0de9.jpg,75797440a77736916016ef272532d5f589aed9f367cc5d2127ce189a574a7419,exact_duplicate_same_label
88ca4c9ed8b71189,c00232_jpg,train,train,c00232_jpg.rf.62977d735e5511dc6fd26efa46fc4326.jpg,027eaeaa3289099fa1c32ac931670126c8e18888019122fd1f528250e50f7c8f,exact_duplicate_same_label
88ca4c9ed8b71189,c00232_jpg,train,train,c00232_jpg.rf.7eb240ba9e668e218b9793df8b0fd1e9.jpg,027eaeaa3289099fa1c32ac931670126c8e18888019122fd1f528250e50f7c8f,exact_duplicate_same_label
88ca4c9ed8b71189,c00232_jpg,train,train,c00232_jpg.rf.9eb7ba3e13c79f351182980a425424c4.jpg,d9ba006afcb9b62fb95b3f906adaf9035667ffa3d494a21ce62f1d7ab3e938aa,exact_duplicate_same_label
88ca4c9ed8b71189,c00232_jpg,train,train,c00232_jpg.rf.ab3baa439e73f6f4a9222685cbd041db.jpg,d9ba006afcb9b62fb95b3f906adaf9035667ffa3d494a21ce62f1d7ab3e938aa,exact_duplicate_same_label
88ca4c9ed8b71189,c00232_jpg,train,train,c00232_jpg.rf.b2e70aa46dbb94cbd545c6dfb9e65e1a.jpg,d67907df700e703fcaba570d14b18738dfeb5fa8ef41dcd38e641da36bda4e63,exact_duplicate_same_label
88ca4c9ed8b71189,c00232_jpg,train,train,c00232_jpg.rf.c8298000b35bc54a3d9c829f842c7da0.jpg,e737cad4a84472d6f11c876b1750ce68224560f23389c4824e2208232550cefd,exact_duplicate_same_label
88ca4c9ed8b71189,c00232_jpg,train,train,c00232_jpg.rf.ddddac35ebc46c20bdb46c1f5322b829.jpg,9831b170ad9702889feffdb9b11b49fe7c48be1f595ac752106f99ad6308b0bd,exact_duplicate_same_label
88d2195626434469,bb0136_jpg,train,train,bb0136_jpg.rf.fd6eb8546e922338871b67a6f3932c76.jpg,ef3ee1f7e1cac587d784bae8f1d88c860534424635feb09ec633bc85ffbcfba5,exact_duplicate_same_label
88d2195626434469,bb0136_jpg,valid,train,bb0136_jpg.rf.bc78485d7599df7e8530fce16a8ca7d7.jpg,9013aad1e1e2ed25d8a70a5ab4f8b931ca1366e370a0a17466337e5cddc140a0,extra_variant_or_near_duplicate_for_train_component
88d2195626434469,bb0136_jpg,test,train,bb0136_jpg.rf.d7084b87bbe04fa992f3372d9aca596c.jpg,7a43362beb51b5409639a95590a4436a3c79a29acb0e5e314bb5c95510fd2150,extra_variant_or_near_duplicate_for_train_component
89cbb5f66a2fd278,WIN_20220507_21_27_22_Pro-2-_jpg,train,train,WIN_20220507_21_27_22_Pro-2-_jpg.rf.d37ecab40b1063d071c67230efe1327d.jpg,2fb8e4e594b44e6914eed7221bb4ab6531af99cb4e9a7202e8ebb2533d61eb86,extra_variant_or_near_duplicate_for_train_component
89cbb5f66a2fd278,WIN_20220507_21_27_22_Pro-2-_jpg,train,train,WIN_20220507_21_27_22_Pro-2-_jpg.rf.e1fc6d248ee6345d2a85926170943629.jpg,61a633a3e2309f5ccbddb7ba24ea9f197a113af69f2f7112e00e226275240e68,extra_variant_or_near_duplicate_for_train_component
89ef1323d20f629a,imagdes_jpg,valid,test,imagdes_jpg.rf.cef1ece313cfd9d646d99ffb538f7e93.jpg,d3122bf461c63cf3048ababa636b09af5f5baf1a71cb59f64339d04c2bf05ac8,extra_variant_or_near_duplicate_for_test_component
89ef1323d20f629a,imagdes_jpg,train,test,imagdes_jpg.rf.942926548c93494027df816be38dbf4d.jpg,2e3a0d69c257e9a58b9129d06e191dea3228ec0b09ac600be14bd2bd3030d750,extra_variant_or_near_duplicate_for_test_component
89ef1323d20f629a,imagdes_jpg,train,test,imagdes_jpg.rf.ba67b34fbf206f08e48e1a4b6727a377.jpg,74dd91155e7eaa63ea6bacd2f2b84bb8d5f75dcd6ba70d16f3aa1f7a295298a1,exact_duplicate_same_label
89fd24f2c67c248a,a00071-0_jpg,valid,train,a00071-0_jpg.rf.90bf1e941707c717d0d5be3942ab5df4.jpg,2d2c91f813aa032c81bb8fdb49b71056b8a35f5fd6531a6851f86318063aa7b9,extra_variant_or_near_duplicate_for_train_component
89fd24f2c67c248a,a00071-0_jpg,valid,train,a00071-0_jpg.rf.ef04a16b90dfcfc83f045bdc4b5f685a.jpg,36834cb4a05c9460827d979624202e022a8df93047b8a26b63233f0056840fc9,extra_variant_or_near_duplicate_for_train_component
8b3e7ffb96e4770c,000477_jpg,train,train,000477_jpg.rf.9f4e6baa04343adff1ead32b54bd4acd.jpg,f64710b530bb927e27b89aa20d3091b2afac3140fa1979044ef7a794e6ae6247,exact_duplicate_same_label
8b3e7ffb96e4770c,000477_jpg,train,train,000477_jpg.rf.c1f72b142fa49ab12697c831d8de2b86.jpg,f07c5c6767fbc73de085573175ffb373d6cb6499e1cdf8a331a54b0a39cfe512,exact_duplicate_same_label
8b3e7ffb96e4770c,000477_jpg,train,train,000477_jpg.rf.cf9c6f0b4dba62e993bf19eb5e7f78ce.jpg,f64710b530bb927e27b89aa20d3091b2afac3140fa1979044ef7a794e6ae6247,exact_duplicate_same_label
8b3e7ffb96e4770c,000477_jpg,train,train,000477_jpg.rf.f4a32303ec931d4038407615b6ffb8eb.jpg,6b4f41e2573dbf9ae0cd3dc4f148eb0b9619ccda37ec9e1ce102289201654faa,exact_duplicate_same_label
8b3e7ffb96e4770c,000477_jpg,train,train,000477_jpg.rf.fa5d09ae3aed08665b85b99d59e19b9e.jpg,6b4f41e2573dbf9ae0cd3dc4f148eb0b9619ccda37ec9e1ce102289201654faa,exact_duplicate_same_label
8b86759a32bb6ec2,1697100022652_JPEG_jpg,train,train,1697100022652_JPEG_jpg.rf.6a7aebbcb68c327d9e1453c891eb10e1.jpg,0b7590017cba7c0e45681a0bb6ae7bc26f50fcca78c084844313c8c096160ec1,extra_variant_or_near_duplicate_for_train_component
8b86759a32bb6ec2,1697100022652_JPEG_jpg,train,train,1697100022652_JPEG_jpg.rf.c32f92d3e1c5423399c572a3c8c58c51.jpg,774e99864bda41ed6c33c14296c45697a11149585920b889a454e474d818a384,extra_variant_or_near_duplicate_for_train_component
8b86759a32bb6ec2,1697100022652_JPEG_jpg,train,train,1697100022652_JPEG_jpg.rf.cc7eb64332f5dd23977acc4ba74b0e3a.jpg,efdc2bdcf5409c9cc8bd2c98fdf6a8137d518d620d951359251068983541735c,extra_variant_or_near_duplicate_for_train_component
8b86759a32bb6ec2,1697100022652_JPEG_jpg,train,train,1697100022652_JPEG_jpg.rf.e8c5361740bb9b03aa63b5fb8a7fa152.jpg,9e17618accd6ce95a2945c8ff7567a6804db9efeec127f1d2fc458f0d0171dc3,extra_variant_or_near_duplicate_for_train_component
8b86759a32bb6ec2,1697100022652_JPEG_jpg,train,train,1697100022652_JPEG_jpg.rf.edc68b0d3d2f8c03a043fbeb9c87dfe6.jpg,84470f2d7085f55e9080f2f04ccc8b2b46c43261fc14bc8d6e0a95fb8df1fa86,extra_variant_or_near_duplicate_for_train_component
8b86759a32bb6ec2,1697100022652_JPEG_jpg,valid,train,1697100022652_JPEG_jpg.rf.6cddbc3518300e59d576ee8b6a9fef02.jpg,c909cad867864989c5fa63aa349deabc83ab13913fffac31ae2ffaa42ac35ae5,extra_variant_or_near_duplicate_for_train_component
8b86759a32bb6ec2,1697100022652_JPEG_jpg,valid,train,1697100022652_JPEG_jpg.rf.ab5a93f690dffd28e802f3251242477c.jpg,60c0b932fecab644b8564fc01624157d581a657f87defcb9a2187b7db43de18b,extra_variant_or_near_duplicate_for_train_component
8b86759a32bb6ec2,1697100022652_JPEG_jpg,valid,train,1697100022652_JPEG_jpg.rf.f4d7e368f10e807f33c1a49887883816.jpg,dbb1a99164432e51d49278bccb0a728e7adb664b12da04fb6c9cbb11bd8101a8,extra_variant_or_near_duplicate_for_train_component
8cc79eb46e9adee4,WIN_20220507_21_29_21_Pro_jpg,train,train,WIN_20220507_21_29_21_Pro_jpg.rf.964cde595f3b476f27a427003a7235c5.jpg,90bc319c549fb3b5a44426ffdbf0f7643535b1866f7c9315544f54768fef7d45,extra_variant_or_near_duplicate_for_train_component
8cc79eb46e9adee4,WIN_20220507_21_29_21_Pro_jpg,valid,train,WIN_20220507_21_29_21_Pro_jpg.rf.74d631c1adfa11964d84cbeb5d86b4d1.jpg,507566b0a8ca66cfd96362a48f6eaaab62df4780beb28b7dbb67dde64b85fc92,extra_variant_or_near_duplicate_for_train_component
8d2e8e83a1d35de2,pexels-photo-5506873_jpeg_jpg,train,train,pexels-photo-5506873_jpeg_jpg.rf.bdabfdd6abe8c32b53ae4b7a056e88fc.jpg,c5459b8a1762ba1e5dacf63ae78a7cb50168294f162f1d886745ece379fb7379,extra_variant_or_near_duplicate_for_train_component
8d2e8e83a1d35de2,pexels-photo-5506873_jpeg_jpg,valid,train,pexels-photo-5506873_jpeg_jpg.rf.8c868ba4a6422d67e5ac2d692fddaaf0.jpg,2dcf1d47022fea8fdd5a619020e9094fb5f764f33253ad1b99ceb59cbf869a8c,extra_variant_or_near_duplicate_for_train_component
8d44e7a69de83ae9,IMG_4563_jpg,train,train,IMG_4563_jpg.rf.771ba7d17db8ac7eebc843356c219925.jpg,7ff6eff9b02ff7260f72806d8dc514e5d09a310cb697829dfd1aa857c708c71a,extra_variant_or_near_duplicate_for_train_component
8d44e7a69de83ae9,IMG_4563_jpg,train,train,IMG_4563_jpg.rf.be15f094209d045dc393dc57c78651f2.jpg,a1c08daaa719dbf734a196cbba0ca15104904970f562acc00b7ebee5d0a49042,extra_variant_or_near_duplicate_for_train_component
8d44e7a69de83ae9,IMG_4564_jpg,train,train,IMG_4564_jpg.rf.0ab1d8c1cebf7041d078201720423ecd.jpg,414ceb1b177f9d7f03d90f5d07a6bb003f98a3fa943086185ac66ec145019c5c,extra_variant_or_near_duplicate_for_train_component
8d44e7a69de83ae9,IMG_4564_jpg,train,train,IMG_4564_jpg.rf.83c8fd2d764a157f0981c7fc3a518c38.jpg,443e7c9c0dfbc5564a79b16cfbf8d12beda8ca3ff4eb046192bb8ac65f82ccef,extra_variant_or_near_duplicate_for_train_component
8d44e7a69de83ae9,IMG_4564_jpg,train,train,IMG_4564_jpg.rf.a1eaef57a84256cd6bfe9c184f404f53.jpg,69194e4c36f95634cb38e8ced2026c780aacf7dc48ff0b9f39e1ec4541e633fd,extra_variant_or_near_duplicate_for_train_component
8d44e7a69de83ae9,IMG_4565_jpg,train,train,IMG_4565_jpg.rf.13de37cece83d48be32bd7534af14d61.jpg,affd90fab6afd9ad6c55747b058a5c1e83363c9b344ac057b3145fa313307e20,extra_variant_or_near_duplicate_for_train_component
8d44e7a69de83ae9,IMG_4565_jpg,train,train,IMG_4565_jpg.rf.15ca46e38ad31d256b02592281535f52.jpg,fb9449d802eb9f9683b1893464824a2c4ebf3de0d4aed07dff8692a599f6e539,extra_variant_or_near_duplicate_for_train_component
8d44e7a69de83ae9,IMG_4565_jpg,train,train,IMG_4565_jpg.rf.4d903ea3ed966b32234220111efc6ff3.jpg,1474bdd6b67f9fea10798215a799a8040b6f70d189ee05c781e8e0d5a7ee074c,extra_variant_or_near_duplicate_for_train_component
8d44e7a69de83ae9,IMG_4566_jpg,train,train,IMG_4566_jpg.rf.0c368fff90d09a7ff53ca721961757c0.jpg,be8f295364493a5e08695789e923fbec6320d386b09b606c2b474452f21de682,extra_variant_or_near_duplicate_for_train_component
8d44e7a69de83ae9,IMG_4566_jpg,train,train,IMG_4566_jpg.rf.25567728255993931c49f7d5354952ea.jpg,3922dae3340f22465af508a539d31b94594602624cf54d5f317c8391e51d740d,extra_variant_or_near_duplicate_for_train_component
8d44e7a69de83ae9,IMG_4566_jpg,train,train,IMG_4566_jpg.rf.a5830b70f9f814c4d705d0e1f4a9e486.jpg,a38f24a7e0ba9a05dd11c173eed1ea69748ec135ad738f9b8414870c6dcea3c7,extra_variant_or_near_duplicate_for_train_component
8d44e7a69de83ae9,IMG_4567_jpg,train,train,IMG_4567_jpg.rf.0299ea780013feb4e2db82f39be23e99.jpg,8441358c400342d9b9d131f700df6549163a7f6e3dcd30d0d01e533b9f30f58c,extra_variant_or_near_duplicate_for_train_component
8d44e7a69de83ae9,IMG_4567_jpg,train,train,IMG_4567_jpg.rf.21fedd19a496cd7f53f463c43955c838.jpg,e9b69ddfb4ca092a270c63523c61b8e3670f12ebb9074081817407dd47b527f5,extra_variant_or_near_duplicate_for_train_component
8d44e7a69de83ae9,IMG_4567_jpg,train,train,IMG_4567_jpg.rf.531605dde9205e62e9d4a899595c64eb.jpg,91ec65d862470f3330795d30ca7a02d3b44da2572f5ca000db4c6fac2ea4beab,extra_variant_or_near_duplicate_for_train_component
8d44e7a69de83ae9,IMG_4568_jpg,train,train,IMG_4568_jpg.rf.4a096dd5129431596f49ad0fe230f0b4.jpg,24e149cf3396e972decf5558d7c782428816fc1c5a2703449a7a4e1aa0136be8,extra_variant_or_near_duplicate_for_train_component
8d44e7a69de83ae9,IMG_4568_jpg,train,train,IMG_4568_jpg.rf.5637441e0ab65072d1b7a2c8283e7b16.jpg,f8cda268214036d519d11a422389d750414a82bd7726478215a96918bd9be02e,extra_variant_or_near_duplicate_for_train_component
8d44e7a69de83ae9,IMG_4568_jpg,train,train,IMG_4568_jpg.rf.a1a644c6f818d9245b66e878d662e5a9.jpg,b94dd21a4e8ee74e498fd92d8fe2c5b3cb6e53409827b4f72524b2269595adfc,extra_variant_or_near_duplicate_for_train_component
8dcbf0b589e81d4b,small-23-_jpg,train,train,small-23-_jpg.rf.863a2473761e7b612b22994c06b03a71.jpg,210bf6eac50cb22bd4c8cb16d19e4aa306c292d6799afe7ead8c2b73420731a9,exact_duplicate_same_label
8dcbf0b589e81d4b,small-23-_jpg,train,train,small-23-_jpg.rf.ac9a3ec50dfe3bd2f48a25ae2f459383.jpg,a8672f8566611c8e202f9bce65764eb9bafd297730c5911bc3982b47623b23c7,extra_variant_or_near_duplicate_for_train_component
8dcbf0b589e81d4b,small-23-_jpg,test,train,small-23-_jpg.rf.863a2473761e7b612b22994c06b03a71.jpg,210bf6eac50cb22bd4c8cb16d19e4aa306c292d6799afe7ead8c2b73420731a9,exact_duplicate_same_label
8e25a0f6c64bc247,WIN_20220507_21_29_07_Pro_jpg,test,train,WIN_20220507_21_29_07_Pro_jpg.rf.aa43c6b9edc7a4421ae1264ed081d89a.jpg,116feb9e251976b82e437df276f3c9dc42dd84e73ee16a098ee814c6e7b9f8ab,exact_duplicate_same_label
8e95597b82352da6,WIN_20220507_21_28_29_Pro-2-_jpg,train,train,WIN_20220507_21_28_29_Pro-2-_jpg.rf.999f70110155c9547abb1104a8c97dd0.jpg,e843ddf36dc21bf7468c8e98649a7d47e1cee35eed1e784fc28a50c5123e2aea,extra_variant_or_near_duplicate_for_train_component
8e95597b82352da6,WIN_20220507_21_28_29_Pro-2-_jpg,valid,train,WIN_20220507_21_28_29_Pro-2-_jpg.rf.27194fea450a7d3c116803cb9ee56b07.jpg,390b053fc0a265a32e2adce75c3e7c309fe2f3aa41f6a226632456cdd0b889d3,extra_variant_or_near_duplicate_for_train_component
8eb5439d3e58dab7,WIN_20220329_21_28_41_Pro_jpg,train,train,WIN_20220329_21_28_41_Pro_jpg.rf.72b84f3d2d7f840919bb24ef25107183.jpg,6445d402bd13daacbe19c0003f11dba3177026278c52904261ec21aaaaafcc6f,exact_duplicate_same_label
8eb5439d3e58dab7,WIN_20220329_21_28_41_Pro_jpg,train,train,WIN_20220329_21_28_41_Pro_jpg.rf.93a037bca16e3d5d3f3b74be784774cd.jpg,041b91269a1ff2ab01fa25aec0319f12b33a6c6c203adbe53d377d9e97905b5f,extra_variant_or_near_duplicate_for_train_component
8eb5439d3e58dab7,WIN_20220329_21_28_41_Pro_jpg,test,train,WIN_20220329_21_28_41_Pro_jpg.rf.72b84f3d2d7f840919bb24ef25107183.jpg,6445d402bd13daacbe19c0003f11dba3177026278c52904261ec21aaaaafcc6f,exact_duplicate_same_label
8eb6bc0f27908da9,WIN_20220507_21_28_49_Pro_jpg,train,train,WIN_20220507_21_28_49_Pro_jpg.rf.9ae9ae48b8dbf7e24c573bee95c2eb6e.jpg,7dbe4956898ba6bba27f1f26ed9a754e2fa28e47f5cf7f5e75016af2689a998b,extra_variant_or_near_duplicate_for_train_component
8eb6bc0f27908da9,WIN_20220507_21_28_49_Pro_jpg,train,train,WIN_20220507_21_28_49_Pro_jpg.rf.f733c834f3db8a63112b958192dbb89a.jpg,23e47d685b215a977bbd24937503d06d94f2e8be65b623c2a2b63b3e94a751fc,extra_variant_or_near_duplicate_for_train_component
8f1d032a3f02677d,c00026_jpeg_jpg,train,train,c00026_jpeg_jpg.rf.66bbb5f07daccc22a358cbddea8ac6e5.jpg,dbae6c9a45f6d781ae83973304d23a5c2352aef6538cd442f128e7bee7cb29ec,exact_duplicate_same_label
8f1d032a3f02677d,c00026_jpeg_jpg,train,train,c00026_jpeg_jpg.rf.7a16a562248d15a39743847f7b3c38d0.jpg,b14ac0d6527ba3ca6e711ef5ec823ed8f608c4c1248840f02e45d2372414d255,exact_duplicate_same_label
8f1d032a3f02677d,c00026_jpeg_jpg,train,train,c00026_jpeg_jpg.rf.81c3dfcc1cb14ac2b1b6bfb383b1e7d6.jpg,c92ccbf7b9fbd6a5db9d33a45a90913c033ef258e007461ab497483ad3bf444c,exact_duplicate_same_label
8f1d032a3f02677d,c00026_jpeg_jpg,train,train,c00026_jpeg_jpg.rf.a1d6646f1ca10e378e18e48a8963d312.jpg,c92ccbf7b9fbd6a5db9d33a45a90913c033ef258e007461ab497483ad3bf444c,exact_duplicate_same_label
8f1d032a3f02677d,c00026_jpeg_jpg,train,train,c00026_jpeg_jpg.rf.d2371124a01e87179feaa1e015e0bf72.jpg,dbae6c9a45f6d781ae83973304d23a5c2352aef6538cd442f128e7bee7cb29ec,exact_duplicate_same_label
8f47576292d4f5b6,WIN_20220507_21_28_55_Pro_jpg,train,train,WIN_20220507_21_28_55_Pro_jpg.rf.9784822fcbed30daf34f8871ccd522ca.jpg,f43e429a89142f5178c500c636bb3a486400cafa25cf6e614a99cc649e591843,exact_duplicate_same_label
8f47576292d4f5b6,WIN_20220507_21_28_55_Pro_jpg,train,train,WIN_20220507_21_28_55_Pro_jpg.rf.f573bc459ec534220952fbb3bcd36e91.jpg,ed643cdeeb3ffbbfc11a57c463dde582b6132d7f0b28e62a9ca18763d758ae0a,extra_variant_or_near_duplicate_for_train_component
8f47576292d4f5b6,WIN_20220507_21_28_55_Pro_jpg,test,train,WIN_20220507_21_28_55_Pro_jpg.rf.6f226940e6d42428b117c21a2f144f89.jpg,b1fec0698e283f471459b94fb683dd96531899e1c9009024cfd17a4810c4dd24,exact_duplicate_same_label
8f47576292d4f5b6,WIN_20220507_21_28_55_Pro_jpg,test,train,WIN_20220507_21_28_55_Pro_jpg.rf.9784822fcbed30daf34f8871ccd522ca.jpg,f43e429a89142f5178c500c636bb3a486400cafa25cf6e614a99cc649e591843,exact_duplicate_same_label
8f5165eed8f32102,bb0393_jpg,train,train,bb0393_jpg.rf.65c65e523c2cf8ba7d70621620b1f4c4.jpg,d38dc9308ba178c6579cdd33f3184ef0b72526d92b7ce0322736e46d747ee741,exact_duplicate_label_conflict
8f5165eed8f32102,bb0393_jpg,train,train,bb0393_jpg.rf.7b59f23a90712d465048149bd9040d07.jpg,81a2287bd7185557f91e304469a8f96994684d0ac520a35e5b2216bd39792386,exact_duplicate_same_label
8f5165eed8f32102,bb0393_jpg,train,train,bb0393_jpg.rf.ded161f474ea3812d6ed4364ae34cb42.jpg,81a2287bd7185557f91e304469a8f96994684d0ac520a35e5b2216bd39792386,exact_duplicate_same_label
8f5165eed8f32102,bb0393_jpg,test,train,bb0393_jpg.rf.560cf168738b1514511851248d0f3b5b.jpg,225c961dcb107c90a04f3c288a85c36bb049e891c62379fc218c268772fc0213,extra_variant_or_near_duplicate_for_train_component
8fe31c270d3463f1,images-2022-05-07T213519-098-1-_jpg,train,train,images-2022-05-07T213519-098-1-_jpg.rf.c24317e77994dfaee0c75d1cdd91fca6.jpg,fc5d607887545d48e7adabed722f6b93ce980c473d5031529d68f38a277774a9,extra_variant_or_near_duplicate_for_train_component
8fe31c270d3463f1,images-2022-05-07T213519-098-1-_jpg,valid,train,images-2022-05-07T213519-098-1-_jpg.rf.16c87f06eb137555bf0ec41167f20c61.jpg,ddcd1c0c26601b792f2770da3bf9f866198a786b734dfe7d30ee9d55db05a8c1,extra_variant_or_near_duplicate_for_train_component
8fe31c270d3463f1,images-2022-05-07T213519-098-1-_jpg,test,train,images-2022-05-07T213519-098-1-_jpg.rf.2c01703708b0f5ab0ec738c40cc70d2f.jpg,08571182f2051de30fb5f808904e8883cfb78560c47dd254c7eddf2b95d532ae,exact_duplicate_same_label
9130bba398bd7140,small-26-_jpg,train,train,small-26-_jpg.rf.1ca9ed86b60f4fa29dbfd807d489cb02.jpg,8963be7e981a519c16ed5a47015e5bb419e88ae28f320c8a588429362e57ee44,exact_duplicate_same_label
9130bba398bd7140,small-26-_jpg,train,train,small-26-_jpg.rf.8ab7e1dbedf42fe7dc262231f06fbd14.jpg,819ffaafe15117b1fe9b1a16e91af1dc4b49adce48708aeec07ea12dccb79e0a,extra_variant_or_near_duplicate_for_train_component
9130bba398bd7140,small-26-_jpg,test,train,small-26-_jpg.rf.1ca9ed86b60f4fa29dbfd807d489cb02.jpg,8963be7e981a519c16ed5a47015e5bb419e88ae28f320c8a588429362e57ee44,exact_duplicate_same_label
9149a36c9c1ab0c0,bb0205_jpg,train,valid,bb0205_jpg.rf.180dbd8ed5cad41915fab5e206509f33.jpg,0771aaf525c5b03387e83d0530e390f6a20d93f819fd6ff34d93dddc9a041d69,exact_duplicate_same_label
9149a36c9c1ab0c0,bb0205_jpg,train,valid,bb0205_jpg.rf.3451437d4e9be4c469b7531d34d53a63.jpg,cfa30b8e7d7ab054e7bb01beee3f23d43a69c06fd6ddbb91a0fd75444e7e0266,exact_duplicate_same_label
9149a36c9c1ab0c0,bb0205_jpg,train,valid,bb0205_jpg.rf.ae9eb08bb4d8f10f0d192b9344376eb8.jpg,cfa30b8e7d7ab054e7bb01beee3f23d43a69c06fd6ddbb91a0fd75444e7e0266,exact_duplicate_same_label
9149a36c9c1ab0c0,bb0205_jpg,train,valid,bb0205_jpg.rf.b33dce5827b56f4f02f38d248a70d32e.jpg,0771aaf525c5b03387e83d0530e390f6a20d93f819fd6ff34d93dddc9a041d69,exact_duplicate_same_label
91f4118338e3e8a0,WIN_20220507_21_29_24_Pro_jpg,train,train,WIN_20220507_21_29_24_Pro_jpg.rf.3de6e38a2363b833497d980cd356527d.jpg,b9842a8e2b0f5fa58db6f0cb7184cdb020cc394ae4aa1e299202a980c28c8ae1,extra_variant_or_near_duplicate_for_train_component
91f4118338e3e8a0,WIN_20220507_21_29_24_Pro_jpg,valid,train,WIN_20220507_21_29_24_Pro_jpg.rf.c00652a64edc6c7799fc75fd1b7820e1.jpg,b86c2b7f2af7ed7da0730344b75e6f95167cb6643d5712b57b4e68b7343a6e83,extra_variant_or_near_duplicate_for_train_component
91f4118338e3e8a0,WIN_20220507_21_29_24_Pro_jpg,test,train,WIN_20220507_21_29_24_Pro_jpg.rf.2dd15fcc778193f78ad5e11afeaf68e4.jpg,fe2b6e9931daa31fd121fa8c5795280b46a0f46150545f793a40e87d4c8b9971,exact_duplicate_same_label
923150b9b40ee0bf,IMG_4378_jpg,train,train,IMG_4378_jpg.rf.c231f6d7dc0a0f48317c5ca895b60e10.jpg,1eddf0cf7afcce743d9ad702f5e82e20755e2e8ebcba29052e810113c2c97ab4,extra_variant_or_near_duplicate_for_train_component
923150b9b40ee0bf,IMG_4378_jpg,train,train,IMG_4378_jpg.rf.e5b1bb5d22d6b492ea86a58a49a0c9d3.jpg,e9ff34d4a1471dcae7383df1792c74deefc81544d2516231232dcaa6ac32c16b,extra_variant_or_near_duplicate_for_train_component
93081cb960bc5cc0,bb0300_jpg,train,test,bb0300_jpg.rf.73db2796585c5e91c03bae274e069475.jpg,70531d2965ea2d35e4396a91909387b7b966cd58864bea87c39c7e342bbbb98e,exact_duplicate_same_label
93081cb960bc5cc0,bb0300_jpg,train,test,bb0300_jpg.rf.9250faa8f6b38098c755874aeefc43df.jpg,70531d2965ea2d35e4396a91909387b7b966cd58864bea87c39c7e342bbbb98e,exact_duplicate_same_label
93081cb960bc5cc0,bb0300_jpg,train,test,bb0300_jpg.rf.b9a0199aefc0f8ae702ad12114f165ba.jpg,6bf08720f2c231d90a05017380e99c292001d84319d115757a7408ab0863b100,exact_duplicate_same_label
93081cb960bc5cc0,bb0300_jpg,train,test,bb0300_jpg.rf.c690e3bce334ac9daa5b68a9f026de36.jpg,6bf08720f2c231d90a05017380e99c292001d84319d115757a7408ab0863b100,exact_duplicate_same_label
937798eb1095f876,IMG_4531_jpg,train,train,IMG_4531_jpg.rf.d11ff03577f2d3c15ac419b24b4a1eb0.jpg,0fcd87f1eb39e79dad24feb92b87af3aa2fbb748723a761ad5c8f06b529eb8d0,extra_variant_or_near_duplicate_for_train_component
937798eb1095f876,IMG_4531_jpg,train,train,IMG_4531_jpg.rf.fdff1fa9cdcf34ffc542ba2a70d74746.jpg,543f480909a020d88adc99b5d0c8aa13512a9f0549b97d631157af53bb036049,extra_variant_or_near_duplicate_for_train_component
937798eb1095f876,IMG_4529_jpg,train,train,IMG_4529_jpg.rf.8711d5399c2127bbfe73b6bc1ddb165b.jpg,ce08c0cd505948e65b319ae31bcf84fc03b12a95ef2f026018445b6c2a38b130,extra_variant_or_near_duplicate_for_train_component
937798eb1095f876,IMG_4529_jpg,train,train,IMG_4529_jpg.rf.a2e8bf58e394eb235a177f5ef870e387.jpg,ca75e0f741aee5c6ceb432640cc85da96368a807bd10282615d0ea93d07b8f34,extra_variant_or_near_duplicate_for_train_component
937798eb1095f876,IMG_4529_jpg,train,train,IMG_4529_jpg.rf.a7c9d79f32fbffbcead4a49b3a61f5ba.jpg,f6b7f88956d7386397d6faf69c049f928da4cb7066faceec418eb836ac1c45e6,extra_variant_or_near_duplicate_for_train_component
937798eb1095f876,IMG_4530_jpg,train,train,IMG_4530_jpg.rf.60464881ee02c5fa221fc9e175d2b5ca.jpg,b851b9b929c4218bb19893078a2203ece3a6790c5cf9988457bbce943a823423,extra_variant_or_near_duplicate_for_train_component
937798eb1095f876,IMG_4530_jpg,train,train,IMG_4530_jpg.rf.7c14c37d6f5e090431adb029a1921394.jpg,9103bbcf95ff90e80ca11717484d296ce201b72509be50a73be3ac1729f8c10a,extra_variant_or_near_duplicate_for_train_component
937798eb1095f876,IMG_4530_jpg,train,train,IMG_4530_jpg.rf.f6d38a525da8d948b43223f298f0a44a.jpg,cdf58f18917f42555b3706954c1d63545f1abc1849b75bda3d0250ad36d0599d,extra_variant_or_near_duplicate_for_train_component
937798eb1095f876,IMG_4532_jpg,train,train,IMG_4532_jpg.rf.d9ae7a70d3800f945a49dc5089dfe323.jpg,58c72f35523db1f79e491e8e076b2a00e723a88d853e28825bae0b8fc62b6c67,extra_variant_or_near_duplicate_for_train_component
937798eb1095f876,IMG_4532_jpg,train,train,IMG_4532_jpg.rf.defd599157a77b6f9219da9d53f9a250.jpg,7d7ba9321b7046e8d9dd672dfd8f5a1b2d6e08dad629f77e25d230acd4f80d4f,extra_variant_or_near_duplicate_for_train_component
937798eb1095f876,IMG_4532_jpg,train,train,IMG_4532_jpg.rf.e2b29c8833825f457d6f4c6cd5344cf9.jpg,fb55492b462488405837d3872edefd86f9419d5239923c8de3f7c16ef615d569,extra_variant_or_near_duplicate_for_train_component
937798eb1095f876,IMG_4534_jpg,train,train,IMG_4534_jpg.rf.3b37fdd624995ef91ff76c38e95591fc.jpg,eb38b0fa0e4f46f77043bc35bcca10d74b52557e81bd36bd0a7f9fdfe3a44979,extra_variant_or_near_duplicate_for_train_component
937798eb1095f876,IMG_4534_jpg,train,train,IMG_4534_jpg.rf.dd396703cd2d31f923ec32efcc85598f.jpg,d1849360b92b004b672678fc55a57086d682ea463c597210d9bfde85ecc8039b,extra_variant_or_near_duplicate_for_train_component
937798eb1095f876,IMG_4534_jpg,train,train,IMG_4534_jpg.rf.f98ed1dbf1766aef1dfe9399ab6c7e61.jpg,df53778d318c34cb83c4f0332c8014bdb02b737f29f39357098faa41a076d455,extra_variant_or_near_duplicate_for_train_component
937798eb1095f876,IMG_4535_jpg,train,train,IMG_4535_jpg.rf.55ce09fd063ee8f4d487633a14d6eb37.jpg,a31837bc8aba5aafe46c00c2a0bea01de1f5ea009566262f2961530e7e811171,extra_variant_or_near_duplicate_for_train_component
937798eb1095f876,IMG_4535_jpg,train,train,IMG_4535_jpg.rf.cb509b576e414130b2f18bb33d914e5d.jpg,8a3646a675161a70981fa2b01b7bd0af19b2e16185f8708ccadf6f7dbd27af29,extra_variant_or_near_duplicate_for_train_component
937798eb1095f876,IMG_4535_jpg,train,train,IMG_4535_jpg.rf.e820697b932121b445f1c04600088f49.jpg,ca8bc4fd1bdc14043cbdf6be04a43dafeb7b77250567e8ac506623512b5bc699,extra_variant_or_near_duplicate_for_train_component
937798eb1095f876,IMG_4536_jpg,train,train,IMG_4536_jpg.rf.079e3289c2fe642472996e433d7bbbf8.jpg,30447dec0494dec3971bcd9c709e48a1b04b77a8fb653a1dc7d84f45d1d08ec9,extra_variant_or_near_duplicate_for_train_component
937798eb1095f876,IMG_4536_jpg,train,train,IMG_4536_jpg.rf.51e5bdbc9bfb0cd3bfa9c54ef208cedd.jpg,abfc0db7c616e10f104b142c08d3697651d85436713a3ea1c629d888d2ecbf48,extra_variant_or_near_duplicate_for_train_component
937798eb1095f876,IMG_4536_jpg,train,train,IMG_4536_jpg.rf.f8ffa453cc04be9535c5df8d3125b399.jpg,4c1ecf31164046f378608531e7c9a74952e2273897c64f2cd9fff4f726c060d4,extra_variant_or_near_duplicate_for_train_component
937798eb1095f876,IMG_4537_jpg,train,train,IMG_4537_jpg.rf.13553f93cc934a212063a66e8994a16c.jpg,0e3303361f8ae04fce8b55ca04a1824d5811bd37e02d4d913887cbe5f65dbded,extra_variant_or_near_duplicate_for_train_component
937798eb1095f876,IMG_4537_jpg,train,train,IMG_4537_jpg.rf.2b9bbb179f698b6391dd656392410081.jpg,c1b634e493071a021b028b34aa8454c3b727e5618f401e1107cec53117ebf92a,extra_variant_or_near_duplicate_for_train_component
937798eb1095f876,IMG_4537_jpg,train,train,IMG_4537_jpg.rf.4558d0d291ad080ae6fd9f1fc21a590b.jpg,883e53415d03513d7e89b4e780651606185b1673161fc5a857a2d112fc20e071,extra_variant_or_near_duplicate_for_train_component
937798eb1095f876,IMG_4538_jpg,train,train,IMG_4538_jpg.rf.139d91cfe55ba57e262e1d82e3cdea99.jpg,4c57d8f7efe19bcfa1dd3bb42e35b7101a886bb1d7ae5a42ccfa0fe71784f220,extra_variant_or_near_duplicate_for_train_component
937798eb1095f876,IMG_4538_jpg,train,train,IMG_4538_jpg.rf.769d3de1689bba4a14f079c1f8a15f11.jpg,33e7af1ec7257f48b29a778dd975064b2a1d80db145bac91cfce65474fddcceb,extra_variant_or_near_duplicate_for_train_component
937798eb1095f876,IMG_4538_jpg,train,train,IMG_4538_jpg.rf.cdbca68a2e892d567c4f9dde4b47a3fa.jpg,5359b49134de8a34359519a3652cba79a1db1a2d8d94b1c811ca4237c359532f,extra_variant_or_near_duplicate_for_train_component
937798eb1095f876,IMG_4533_jpg,valid,train,IMG_4533_jpg.rf.c9ee900b57a07d82cd8595c7a0165aca.jpg,c9d344b77f4b75fa6cf6d7b276882c69bd8f94e0a5ddc13dba35d2c33b6e21bc,extra_variant_or_near_duplicate_for_train_component
937fff62e5477b46,000436_jpg,train,train,000436_jpg.rf.23a6943fadb3ab2c1b3d92231e74a2be.jpg,96cecabbff5e17de85fff25a4b5ca944a499ee31d43c67ebe6ff1bcd69c927f0,exact_duplicate_same_label
937fff62e5477b46,000436_jpg,train,train,000436_jpg.rf.6bdc2da6f1b35ef0f20054d97fdd3972.jpg,96cecabbff5e17de85fff25a4b5ca944a499ee31d43c67ebe6ff1bcd69c927f0,exact_duplicate_same_label
937fff62e5477b46,000436_jpg,train,train,000436_jpg.rf.c517e3b9e39202d4137a371bc7ff4519.jpg,d8192a75836ebea8e53c9ba9307279040231064a659662c2f3537b589b84c53d,exact_duplicate_same_label
937fff62e5477b46,000436_jpg,train,train,000436_jpg.rf.dd20cd449a7a8ec647bd1d88206030cc.jpg,d8192a75836ebea8e53c9ba9307279040231064a659662c2f3537b589b84c53d,exact_duplicate_same_label
937fff62e5477b46,000436_jpg,train,train,000436_jpg.rf.e8636b168506ee340af87bc1f17844a9.jpg,dfe7e6015fc47838cdd4fe93f0e816069f13e8948ea6d7ecdce81c2b09f959f0,exact_duplicate_same_label
93a0790fc1e07027,small-13-_jpg,train,train,small-13-_jpg.rf.ee09ea81c7c4532c6ec6ad19873371bf.jpg,a22b1b7434cfeefce2c5366b40d108f2586d1493860e338407a36f17cacf3ce5,extra_variant_or_near_duplicate_for_train_component
93a0790fc1e07027,small-13-_jpg,valid,train,small-13-_jpg.rf.397ff91214a79b3ec7fac53f9620f727.jpg,21ee299949aea076f26f445c14eca503eb8541d06fdcfb25d252c969b9e45fa7,extra_variant_or_near_duplicate_for_train_component
9411dd1f53bab445,1697099878154_JPEG_jpg,train,train,1697099878154_JPEG_jpg.rf.2cf630290eb095b5d7396f5668e8c704.jpg,759776a17260d3bbaf2d8b92220b21f7d2468dd45d7e35b70475ec3ff62559ea,extra_variant_or_near_duplicate_for_train_component
9411dd1f53bab445,1697099878154_JPEG_jpg,train,train,1697099878154_JPEG_jpg.rf.6cd641197f5f8183ac0db44588de254c.jpg,a99e9a2adb885916b636840a29d8dbc444798cb88e4cad0e50bd5d6c5c705654,extra_variant_or_near_duplicate_for_train_component
9411dd1f53bab445,1697099878154_JPEG_jpg,train,train,1697099878154_JPEG_jpg.rf.7082b63ef51fb6d14b1126bfb6a62219.jpg,f0801bcf46a01cd06a225f4450b61687813f8af573b8f71902ac5a4bf870cf5b,extra_variant_or_near_duplicate_for_train_component
9411dd1f53bab445,1697099878154_JPEG_jpg,train,train,1697099878154_JPEG_jpg.rf.7d80e88ca18aec9d770275072ede5c3b.jpg,7b77140cd928d691691e657960ae17b7ec162ab06c057a602186266d4311b9d5,extra_variant_or_near_duplicate_for_train_component
9411dd1f53bab445,1697099878154_JPEG_jpg,train,train,1697099878154_JPEG_jpg.rf.a6b0ba562f488822d54d471925cff95b.jpg,b42327f32899492abbb0ff6a1a4a0c55ae81f6416f303a2c9669e7a507eff838,extra_variant_or_near_duplicate_for_train_component
9411dd1f53bab445,1697099878154_JPEG_jpg,train,train,1697099878154_JPEG_jpg.rf.c46c77151b32c551398583ab53380cdc.jpg,8d18f701f8ab40b45be3f32466a89fc2b1e4effaaeffd01202314fd9befe4cfa,extra_variant_or_near_duplicate_for_train_component
9411dd1f53bab445,1697099878154_JPEG_jpg,valid,train,1697099878154_JPEG_jpg.rf.5ff902f72805f05fd4c711d4af0847d2.jpg,13ffdb03b42785c0b13744f93b6ab3c6dba0ab89d94ab9c9792730df00eddb8a,extra_variant_or_near_duplicate_for_train_component
94625d218974db87,IMG_4377_jpg,train,train,IMG_4377_jpg.rf.b2a7b7c0c7028fcd11f047fd56191e52.jpg,262a78dc37fc4bbebc4572a2a1eef3c5d57fa0b9fd55b9d7961effad09510c0f,extra_variant_or_near_duplicate_for_train_component
94625d218974db87,IMG_4377_jpg,train,train,IMG_4377_jpg.rf.bed7f4c84a7e60eeb97b71a7872bc757.jpg,cce91450029577d7342454aa54b1e983ac66e75d38ddabfd11670acafd360894,extra_variant_or_near_duplicate_for_train_component
94836d86a2ea2ce4,bb0095_jpg,train,train,bb0095_jpg.rf.689decd5d45e721b71cd573adfa67511.jpg,c36858f575c0f8fa7e05f9dfdf97e67a2da16ae566a07a2058b97c28cf601ab7,exact_duplicate_same_label
94836d86a2ea2ce4,bb0095_jpg,valid,train,bb0095_jpg.rf.c8c7b706ad9eae161c08b251d7fd57e8.jpg,bd2a04beafe142949c144786647c9850d4faebc7527a2b7bb7e871c583938b01,extra_variant_or_near_duplicate_for_train_component
94836d86a2ea2ce4,bb0095_jpg,test,train,bb0095_jpg.rf.95b2f8857d52e64d174c7626cea4068f.jpg,b624a19a694ad6ceb89d773839648038dee594c8acb512f3f10b2731dbfef30b,extra_variant_or_near_duplicate_for_train_component
94eecf1988b1dac0,bb0570_jpg,train,train,bb0570_jpg.rf.97a2c0892080847418264d05d812e6a7.jpg,1af9daeecc12fe0baf7727ca4951fe071d01177dbceb0045e8ec2e8a90a507dc,exact_duplicate_same_label
94eecf1988b1dac0,bb0570_jpg,train,train,bb0570_jpg.rf.ec4b5baecfa7f744dad9e16942396019.jpg,6b3d51dd241b1882e5ce12c7c76a6687f72d9ad07dc37a87e6df80740fccb2ab,exact_duplicate_same_label
94eecf1988b1dac0,bb0570_jpg,train,train,bb0570_jpg.rf.f81104203a5359730a4c1fd3ef3298aa.jpg,1af9daeecc12fe0baf7727ca4951fe071d01177dbceb0045e8ec2e8a90a507dc,exact_duplicate_same_label
94eecf1988b1dac0,bb0570_jpg,valid,train,bb0570_jpg.rf.b2aef1b828194abec741f629cdd56be6.jpg,888ee50cbb1a67f0dfaef7979286bb5b26f17911fd6f6307aee6829ab90b9f7e,extra_variant_or_near_duplicate_for_train_component
9523a310370167d9,1697100045380_JPEG_jpg,train,train,1697100045380_JPEG_jpg.rf.52a13f15157b16283b7c522752914326.jpg,154c66400625e8a1bcb5fdc2c5dba746f770603eac28a475649e76e987628fb4,extra_variant_or_near_duplicate_for_train_component
9523a310370167d9,1697100045380_JPEG_jpg,train,train,1697100045380_JPEG_jpg.rf.5d55e491ac11f5623e560b629cc9ac83.jpg,87e0bd028b87e423865406aee02f075505a2a5fef39830156862cbe0b25ca25f,extra_variant_or_near_duplicate_for_train_component
9523a310370167d9,1697100045380_JPEG_jpg,train,train,1697100045380_JPEG_jpg.rf.7bf5accd5b0eb13798e0fc15c96cda48.jpg,6801519cda36928209df3b2f7a724fc11ec4b7bba49c16d49f7855842bf3c625,extra_variant_or_near_duplicate_for_train_component
9523a310370167d9,1697100045380_JPEG_jpg,train,train,1697100045380_JPEG_jpg.rf.b2355c1631ac97c4f2d841e5ba669686.jpg,c7d6d1c95668b36ae25bba3f73f2d54764c8159a13223e14799ecf79809bb1fd,extra_variant_or_near_duplicate_for_train_component
9523a310370167d9,1697100045380_JPEG_jpg,train,train,1697100045380_JPEG_jpg.rf.d6be7238e20ad052902cc948e72ab6e6.jpg,6f83a20febeae50ee4f8220612dffa932a54eec7e6c6f9478611378755a717ba,extra_variant_or_near_duplicate_for_train_component
9523a310370167d9,1697100045380_JPEG_jpg,valid,train,1697100045380_JPEG_jpg.rf.7055f15cc6e21cec818b63fb2db01ae1.jpg,6f01e8e73c4c6ee2d0db8a85bcad93f542c1342ffd6d7c4f1d9133abb4b87696,extra_variant_or_near_duplicate_for_train_component
9523a310370167d9,1697100045380_JPEG_jpg,valid,train,1697100045380_JPEG_jpg.rf.afbd8e55c598da721c47fc74895f0f64.jpg,694ccb52e7c81be11691ee928b8f572db2c7a0d1a6a8146e7a19a4d443cc08d7,extra_variant_or_near_duplicate_for_train_component
9523a310370167d9,1697100045380_JPEG_jpg,valid,train,1697100045380_JPEG_jpg.rf.e839b10f85b7f9c16d405c3f8db70d17.jpg,e924002c00c763bf7e18e62f9ab4978db728a1d4a9778e2bd4a2ea3f881013f3,extra_variant_or_near_duplicate_for_train_component
9541fe694386a1f2,000392_jpg,valid,train,000392_jpg.rf.e183cfe4e6bd0bbb05d91bfae1758833.jpg,97cd4ca6a71f1a8b33a25e7c9ed20135093023bcb10e6eeea5109f089b138255,extra_variant_or_near_duplicate_for_train_component
95d7284373c57b4c,b00181_jpg,train,train,b00181_jpg.rf.7e044fce385fa79a86acef4972c7dd61.jpg,d92ddbca44883e94c37e33ee881a55300e1ac3cc0e5801ed3085a9801645cc60,exact_duplicate_same_label
95d7284373c57b4c,b00181_jpg,train,train,b00181_jpg.rf.e2879f84c6fada74657ca99095b4830b.jpg,3f66372937902628db26d1e33d97e92f8682e194ae07950db5c54117723c18fa,exact_duplicate_same_label
95d7284373c57b4c,b00181_jpg,train,train,b00181_jpg.rf.f0c8b8c1cec051f21f52bbaf4914b706.jpg,3f66372937902628db26d1e33d97e92f8682e194ae07950db5c54117723c18fa,exact_duplicate_same_label
95d7284373c57b4c,b00181_jpg,test,train,b00181_jpg.rf.d5badebc84a88252527d8c67027998d4.jpg,f1f17a7ab08a392b96112a254ce585958085195df64c33373bf1114ed549bc18,extra_variant_or_near_duplicate_for_train_component
95dfe75287c3065d,1697095266386_JPEG_jpg,train,train,1697095266386_JPEG_jpg.rf.1fe6429686ce38ff3465c49842102a26.jpg,db38e26f4a79c6bbdaf46911ddcca2a92e2ed5ef97c0fb8efaf20317d13effcc,extra_variant_or_near_duplicate_for_train_component
95dfe75287c3065d,1697095266386_JPEG_jpg,train,train,1697095266386_JPEG_jpg.rf.41edb0f7e4a279719357f9a8493a3d6b.jpg,81200112175f753d63c228c9d80321755db9283d12c7d5e6962bd59610b3f68c,extra_variant_or_near_duplicate_for_train_component
95dfe75287c3065d,1697095266386_JPEG_jpg,train,train,1697095266386_JPEG_jpg.rf.5164d25568f7bb7de2f54fdbeaec3668.jpg,24752175094842ee486c02bd54f6882edb53c690c6fe0f131c9b658fccc984a1,extra_variant_or_near_duplicate_for_train_component
95dfe75287c3065d,1697095266386_JPEG_jpg,train,train,1697095266386_JPEG_jpg.rf.aa2ba58ce40ae4aa05e00468ec922c76.jpg,3df4a645f5545ea738140c6650205a3960225044d2f1ad6585310169afab0273,extra_variant_or_near_duplicate_for_train_component
95dfe75287c3065d,1697095266386_JPEG_jpg,valid,train,1697095266386_JPEG_jpg.rf.11a2a1de569900a8383d9ae089015082.jpg,be05197cc92084f23eee4ee4fb1f769b249aa73390a65a7266a245635d47b823,extra_variant_or_near_duplicate_for_train_component
95dfe75287c3065d,1697095266386_JPEG_jpg,valid,train,1697095266386_JPEG_jpg.rf.9d80ff88ae8b8adc51def189decaaca1.jpg,4553eb8f8b2d19fc1f6cbd7e30c7c18a4ed76dafbf653c0541877ceed804345b,extra_variant_or_near_duplicate_for_train_component
95dfe75287c3065d,1697095266386_JPEG_jpg,valid,train,1697095266386_JPEG_jpg.rf.b895003f979b73cf482095dcbc03d4f4.jpg,0f0032686cf4734af7bc6eeb594ed19d5906acc7069cb48457305b3dbb1bfafc,extra_variant_or_near_duplicate_for_train_component
95dfe75287c3065d,1697095266386_JPEG_jpg,valid,train,1697095266386_JPEG_jpg.rf.fd17c2170f0781e701c23737ff22ee18.jpg,1d372b956f2dc6c4f3473547c0c125bf320696d1de0ebb23c0994ed90f63f1c8,extra_variant_or_near_duplicate_for_train_component
96502ad36b3fa1fd,IMG_4453_jpg,train,train,IMG_4453_jpg.rf.9a13fea620b282cd8aaec6c6d0c4dd7e.jpg,d694d5d63be235248f17d0d836550dbd2cda81a00b1c7d4b1ceed7a3e70e82b6,extra_variant_or_near_duplicate_for_train_component
96502ad36b3fa1fd,IMG_4453_jpg,train,train,IMG_4453_jpg.rf.eb8fa5810baec04f7fcc850879a7578c.jpg,1c37d6048c546aca269d1bcf5b5ca12b1df76f0ed0722d1e2266890438e6d654,extra_variant_or_near_duplicate_for_train_component
96502ad36b3fa1fd,IMG_4455_jpg,train,train,IMG_4455_jpg.rf.1e1bc8183907e89a37a79d3517e27f2c.jpg,ec63f57d0a66742241f873fcebc999609e3577ec2f9f0c5976d532d8161315b8,extra_variant_or_near_duplicate_for_train_component
96502ad36b3fa1fd,IMG_4455_jpg,train,train,IMG_4455_jpg.rf.2869ef1725d9a78805e3805e6aeb0c99.jpg,4a4795e44d24eb89b1589ff4f21f5de8d0b2609a009c5a0e1e9375cf629233fa,extra_variant_or_near_duplicate_for_train_component
96502ad36b3fa1fd,IMG_4455_jpg,train,train,IMG_4455_jpg.rf.e94c994d6854e09a7038cdbc3d37d664.jpg,1b041c73aef88dbee1ccf80a67bdc6a25083156f3c3f870372b890a65a8ab68d,extra_variant_or_near_duplicate_for_train_component
96502ad36b3fa1fd,IMG_4454_jpg,valid,train,IMG_4454_jpg.rf.bf3f92dc8bbeed1d224c9609ed9b42ff.jpg,53f17baf078fec8dead23693ac9608053f0dcb5143e65d1b2ca3e694d8635282,extra_variant_or_near_duplicate_for_train_component
9745bc49ad418b7d,000592_jpg,valid,test,000592_jpg.rf.8422d9a4890bb22b361c2dc2cd837871.jpg,bfbbacc99d8b26075f5b9e756bddef4cfdf09248cd5220fe52fdff66b1d3141a,extra_variant_or_near_duplicate_for_test_component
9745bc49ad418b7d,000592_jpg,train,test,000592_jpg.rf.170d2214ad280bb4595a93c47669debd.jpg,40553ee58a31bf99f31416ab799ccca758783acae2520171a303ecc6f6fcf14f,exact_duplicate_same_label
9745bc49ad418b7d,000592_jpg,train,test,000592_jpg.rf.a2665d585f54eedfa3993064f0b78f1f.jpg,40553ee58a31bf99f31416ab799ccca758783acae2520171a303ecc6f6fcf14f,exact_duplicate_same_label
976e1d1b7f47dd34,bb0089_jpg,valid,test,bb0089_jpg.rf.03544406c6cfb9bf3a5efcf4e5c45a3c.jpg,45b436122a221501ca265a5943562929fa39e746e4ee47d8b8fa9100eb337ecb,extra_variant_or_near_duplicate_for_test_component
976e1d1b7f47dd34,bb0089_jpg,valid,test,bb0089_jpg.rf.d72e5f7d011b911da2bc3cfacbc8f0f7.jpg,20c9acd8604d59d2d1f06804d0ef684034b576a210ae1858f6cf69d4e5e9cf05,extra_variant_or_near_duplicate_for_test_component
9771d9282ed81734,images-74-_jpg,train,train,images-74-_jpg.rf.a622649f49150c388b14650e36d60c87.jpg,0577d6d851d0b247a047ab5260ba49f2196579f8766550167de2eccaa962038d,extra_variant_or_near_duplicate_for_train_component
9771d9282ed81734,images-74-_jpg,valid,train,images-74-_jpg.rf.51fcc461217099b491660542d0d6d6d7.jpg,906ef7b3b0e9978c06c1d9e90cda426708bf3a2b30e7f143127c639dd3f23036,extra_variant_or_near_duplicate_for_train_component
97b956bece910a1e,WIN_20220507_21_28_33_Pro_jpg,train,train,WIN_20220507_21_28_33_Pro_jpg.rf.5a1d8e140ff77ff6ed090c60990d2164.jpg,7562db1ee770f2642c8811f85abacb752fe72bd7f09a2c1a0198f3156fe2fe23,exact_duplicate_same_label
97b956bece910a1e,WIN_20220507_21_28_33_Pro_jpg,train,train,WIN_20220507_21_28_33_Pro_jpg.rf.c68d0c3f77496c58f149f90dbaab1b0b.jpg,7a16c05d378db368c58a98777b348c348aa50a1eff96420f2733f740e8e6ddc6,extra_variant_or_near_duplicate_for_train_component
97b956bece910a1e,WIN_20220507_21_28_33_Pro_jpg,test,train,WIN_20220507_21_28_33_Pro_jpg.rf.5a1d8e140ff77ff6ed090c60990d2164.jpg,7562db1ee770f2642c8811f85abacb752fe72bd7f09a2c1a0198f3156fe2fe23,exact_duplicate_same_label
97d1a5c91305b8eb,images-34-_jpg,train,train,images-34-_jpg.rf.2e51080ed127ee6ee9dc6b12ffe311fc.jpg,7c7a83d714f60e06852614201019476fcc5838ac58335a220dfe84e38983f47a,extra_variant_or_near_duplicate_for_train_component
97d1a5c91305b8eb,images-34-_jpg,train,train,images-34-_jpg.rf.f062e61a7f6f61d01f7618a4f6740340.jpg,c3ebb333c35ce4f5a742573c8144a304a0ff0227bd8991f3e43a471a3da4d80b,extra_variant_or_near_duplicate_for_train_component
983a35efe36e1e12,c00290_jpg,train,test,c00290_jpg.rf.01a0b11f5be3a2a8e72c26093e1f677b.jpg,8f5dac4199f580962369cc4384bc2bdd0b3ee9886a0533fc1090df4393d35edb,exact_duplicate_same_label
983a35efe36e1e12,c00290_jpg,train,test,c00290_jpg.rf.3e4709cd968e6ab76f7abcf1f862d1ef.jpg,6fadd2c056c39ad494e2d9eaf616ebe75cb3120f2ed1e2f4fa7abd303790ee2a,exact_duplicate_same_label
983a35efe36e1e12,c00290_jpg,train,test,c00290_jpg.rf.450af889abfab2172c74a79213102dea.jpg,8f5dac4199f580962369cc4384bc2bdd0b3ee9886a0533fc1090df4393d35edb,exact_duplicate_same_label
983a35efe36e1e12,c00290_jpg,train,test,c00290_jpg.rf.a72554998f445acea92cb8aebdc6cdfd.jpg,6fadd2c056c39ad494e2d9eaf616ebe75cb3120f2ed1e2f4fa7abd303790ee2a,exact_duplicate_same_label
983a35efe36e1e12,c00290_jpg,valid,test,c00290_jpg.rf.d7b8271f8568e1bfadd2480c029fa770.jpg,8777f255dddbbbf0fb1e2d37acc4691eafa36eee320f8892a24e86e2918e0464,extra_variant_or_near_duplicate_for_test_component
983a35efe36e1e12,c00290_jpg,train,test,c00290_jpg.rf.31548bcfcb0bee8fde1323a3bcc1f765.jpg,9266bbca45e8c203b0b973182c96fa093ae7f3c103cbb8015a803f70ad2653cc,exact_duplicate_same_label
983a35efe36e1e12,c00290_jpg,train,test,c00290_jpg.rf.4bc1526b89d693ad0cb88b0863c1a28a.jpg,18e3ee0f2ec43af021aac37ea323c1d2eabc27e90a81be0e79f3f5e9ca5d5bd2,exact_duplicate_same_label
983a35efe36e1e12,c00290_jpg,train,test,c00290_jpg.rf.6ff9314d09a42e731b46152ac8eae937.jpg,9266bbca45e8c203b0b973182c96fa093ae7f3c103cbb8015a803f70ad2653cc,exact_duplicate_same_label
983a35efe36e1e12,c00290_jpg,train,test,c00290_jpg.rf.df4e02bc810747b1b39577289f5ae064.jpg,18e3ee0f2ec43af021aac37ea323c1d2eabc27e90a81be0e79f3f5e9ca5d5bd2,exact_duplicate_same_label
98851b5b19780a00,images-39-_jpg,valid,train,images-39-_jpg.rf.24960bec94579b287ee50786911a4f40.jpg,d311d7654bc98cbcd37d3112ba6802b18569a6722bda5c217a6df05b1dfa0f81,extra_variant_or_near_duplicate_for_train_component
98851b5b19780a00,images-39-_jpg,valid,train,images-39-_jpg.rf.3cb4615136a690fb114821ae2bc1bf0a.jpg,afc383d34a136628bfdd687defe21b309b9bb50f1ad67852b12f386b1eb4f7f0,extra_variant_or_near_duplicate_for_train_component
9964357c3a894518,000062_jpg,train,train,000062_jpg.rf.52f69a9f370876b1f5326550ad689c21.jpg,8c3a774d20ebd99dcd64d16083a5c10e1a47549d21861e08f9be8db29df83348,exact_duplicate_same_label
9964357c3a894518,000062_jpg,train,train,000062_jpg.rf.604cd5475b1885013f52d107f083a4cf.jpg,8c3a774d20ebd99dcd64d16083a5c10e1a47549d21861e08f9be8db29df83348,exact_duplicate_same_label
9964357c3a894518,000062_jpg,train,train,000062_jpg.rf.6bb02385df4e9d290b2c0ce2a0758aec.jpg,882c39fb075a921be18e3ebac4d5bf7b62fd91fee59487ad64d70b2afe9693b2,exact_duplicate_same_label
9964357c3a894518,000062_jpg,train,train,000062_jpg.rf.847479bebee324d366129f09333b187b.jpg,882c39fb075a921be18e3ebac4d5bf7b62fd91fee59487ad64d70b2afe9693b2,exact_duplicate_same_label
9964357c3a894518,000062_jpg,train,train,000062_jpg.rf.e45a4d112988cf514b164c969b1007ad.jpg,9599d6903027c2cc52dbe87be4a22884f5182462eed4733df212cce5886261d8,exact_duplicate_same_label
997993bd50756062,IMG_4552_jpg,train,train,IMG_4552_jpg.rf.4cbf6c960fa6c153dda3ff7d6b63df29.jpg,90b086783dd834e4f68c1f5ac1417d63cdfa2a1faea7d9ba0e7eaff87f4711c0,extra_variant_or_near_duplicate_for_train_component
997993bd50756062,IMG_4552_jpg,train,train,IMG_4552_jpg.rf.dcc304514744cb104ea3166ca4edf9a0.jpg,00dd11eb9c9ff1c70b1e29c37a3f51e4c3a43d9f24a84e2b038025f76b4ecf67,extra_variant_or_near_duplicate_for_train_component
997993bd50756062,IMG_4553_jpg,valid,train,IMG_4553_jpg.rf.ea62b160a30c8bad67fb6a1a763e5716.jpg,7fb9e30cd3db6c2cb4f9a0453347c19b96241a5e779f5f03955516630a57f27c,extra_variant_or_near_duplicate_for_train_component
99c5a7090af5df86,IMG_4457_jpg,valid,train,IMG_4457_jpg.rf.2a5d0c7dfe67f523d1521221993c6c51.jpg,0947e5fe86828afc68be70e56bc88078a87564e55c3ce7225fbafa137e73425c,extra_variant_or_near_duplicate_for_train_component
99c5a7090af5df86,IMG_4458_jpg,valid,train,IMG_4458_jpg.rf.1748778f217b6b320cd296468f7be54c.jpg,991e72e2150cee4e1effb17864c8ace0ab40b7dbafbbbd9fd10e67e42b7f59a8,extra_variant_or_near_duplicate_for_train_component
9a09dee8cbf27d2b,images-5-_jpeg_jpg,test,train,images-5-_jpeg_jpg.rf.b4b67e99c7fe36aa0d894508892fda42.jpg,aa7bc3ec661f8907e638372618dadedefba9a0145333a17c03d615c45f168fdc,exact_duplicate_same_label
9a5cf62249b12901,c00241_jpg,train,train,c00241_jpg.rf.3dbc0996371e7dd8419083faff33336f.jpg,f8cc328a8c37953124905051fccbbcdc6ba89e635a2fdc9c6b6fd9ae5706ae2b,exact_duplicate_same_label
9a5cf62249b12901,c00241_jpg,train,train,c00241_jpg.rf.724cd1be8e7cbaaf7c8bdfcd0151c870.jpg,423e0d871a9df6f5c7e903e9306e2d5b5fed53f01be651bdd7285a1b6e26b9fe,exact_duplicate_same_label
9a5cf62249b12901,c00241_jpg,train,train,c00241_jpg.rf.98481fbeb829f3ac39fb3ea3dd4e88ba.jpg,68363b74b7ad1d80c4e55f99de3c34dac8904b3e0e415178d286ba52d51018f2,exact_duplicate_same_label
9a5cf62249b12901,c00241_jpg,train,train,c00241_jpg.rf.a40ad84faaa123ac2e2ab13cc0488677.jpg,68363b74b7ad1d80c4e55f99de3c34dac8904b3e0e415178d286ba52d51018f2,exact_duplicate_same_label
9a5cf62249b12901,c00241_jpg,train,train,c00241_jpg.rf.a612b626bcec6a233cec490641cf13e9.jpg,36d805de6ddf1c30eb5d5685e4c2add79de2f188d989e2cd60407cd83b272d0b,exact_duplicate_same_label
9a5cf62249b12901,c00241_jpg,train,train,c00241_jpg.rf.a8a0853be24d4f9c359ea773d4d8f887.jpg,36d805de6ddf1c30eb5d5685e4c2add79de2f188d989e2cd60407cd83b272d0b,exact_duplicate_same_label
9a5cf62249b12901,c00241_jpg,train,train,c00241_jpg.rf.d0df3636f0beace0ea30ecd7828dc315.jpg,423e0d871a9df6f5c7e903e9306e2d5b5fed53f01be651bdd7285a1b6e26b9fe,exact_duplicate_same_label
9a5cf62249b12901,c00241_jpg,valid,train,c00241_jpg.rf.006cb027a2620b345f14f5b0bbf61f12.jpg,05ec56cf0220571595c7f1d80b058ce59a87c32287e7e0c87f95ecf8b60223cd,extra_variant_or_near_duplicate_for_train_component
9a5cf62249b12901,c00241_jpg,valid,train,c00241_jpg.rf.aa97062f9a724b678733543fcae46ed2.jpg,c5f107b3c27b0e6f42e5f52363d18046ab67c1f351e7f636e799a3e780b98eb0,extra_variant_or_near_duplicate_for_train_component
9b2f4ae5f7850753,c00525_jpg,train,train,c00525_jpg.rf.39bd4a372a42f48b1ad2f957a82a4b70.jpg,fb1b82c924c67ea17605a7f07906fbbc8543955887e33a5b90b778dd41515687,exact_duplicate_same_label
9b2f4ae5f7850753,c00525_jpg,train,train,c00525_jpg.rf.3ce6bb41fe74f8a45e9ae4996017573f.jpg,13810f3a26e38ac6436f2f075db80f611fdc2c71a4b77ef251a2417feb13b44d,exact_duplicate_same_label
9b2f4ae5f7850753,c00525_jpg,train,train,c00525_jpg.rf.4b4f1f57c6effc1d76fd4bd1a59231f3.jpg,26bdc46b2d6252a1a7a105d66337500b4557c28e46db6fd5a52f244079b361ed,exact_duplicate_same_label
9b2f4ae5f7850753,c00525_jpg,train,train,c00525_jpg.rf.611b6cfad4f65e82ea689a6a2cbe7856.jpg,44a6d20ddcc8350d393f39fb628d6edb08562c33a84ae0f39fe24e1e4ba886f2,exact_duplicate_same_label
9b2f4ae5f7850753,c00525_jpg,train,train,c00525_jpg.rf.933075b4810ccb077ece397b8e38700d.jpg,26bdc46b2d6252a1a7a105d66337500b4557c28e46db6fd5a52f244079b361ed,exact_duplicate_same_label
9b2f4ae5f7850753,c00525_jpg,train,train,c00525_jpg.rf.95037b4ab6362fb3ec652d6c8f8d3e47.jpg,fb1b82c924c67ea17605a7f07906fbbc8543955887e33a5b90b778dd41515687,exact_duplicate_same_label
9b2f4ae5f7850753,c00525_jpg,train,train,c00525_jpg.rf.c6828f979ab4ae0cc5972f55632c941a.jpg,13810f3a26e38ac6436f2f075db80f611fdc2c71a4b77ef251a2417feb13b44d,exact_duplicate_same_label
9b2f4ae5f7850753,c00525_jpg,valid,train,c00525_jpg.rf.60c1ef35187304155f319f4f740c17cb.jpg,2d82c71bdab08d370c885d7dc7fa6f526c09100c0445d6d37b671a59f5d3781f,extra_variant_or_near_duplicate_for_train_component
9b2f4ae5f7850753,c00525_jpg,test,train,c00525_jpg.rf.80adb8c0f80f9244e2590ce34836d708.jpg,ca846b0ed479b7a793343849ff7dea544aef8ab535276a857afe215e5888882a,extra_variant_or_near_duplicate_for_train_component
9b33dd5e61c55046,000117_jpg,train,train,000117_jpg.rf.5f4d8fa0a84439c280307a67bd0cc475.jpg,428b2db0e67cbda534f4fd827946cb5d4db3cb537a907ccb686b8a0da35a03f3,exact_duplicate_same_label
9b33dd5e61c55046,000117_jpg,train,train,000117_jpg.rf.8844fda1fa42e4c71678a8246298d414.jpg,56d2c2efa4089e19815afd2c71f013f3d02291eaa8a14f9dad57a0c801bf00c3,exact_duplicate_same_label
9b33dd5e61c55046,000117_jpg,train,train,000117_jpg.rf.9cc5ea6e06cb6da31c3c3e8a3a36e6a0.jpg,d24cbeca513f4be8dda92a8a13740c44afd322d13b9d113ff8d6f64cb86bc8bd,exact_duplicate_same_label
9b33dd5e61c55046,000117_jpg,train,train,000117_jpg.rf.abaa9ded61232315d80e1aeaaf34f1d4.jpg,d24cbeca513f4be8dda92a8a13740c44afd322d13b9d113ff8d6f64cb86bc8bd,exact_duplicate_same_label
9b33dd5e61c55046,000117_jpg,train,train,000117_jpg.rf.cc8d5b7b0b54d15913dda5d2d8b37c2a.jpg,56d2c2efa4089e19815afd2c71f013f3d02291eaa8a14f9dad57a0c801bf00c3,exact_duplicate_same_label
9b8da148e2aa4830,indir-21-_jpg,train,train,indir-21-_jpg.rf.6cb344ce18d476d5bd3841bf1ecaea36.jpg,652a2067a473d43a640274d3cf63abb71f4dc4c5b49e66da90742644742ade7f,extra_variant_or_near_duplicate_for_train_component
9b8da148e2aa4830,indir-21-_jpg,train,train,indir-21-_jpg.rf.cfc9ef0835b543a25fd22c5a2672abaf.jpg,e70436046a3ac40d025d696ff7ec7dd492534e5b70a598266232c6732ad662e6,extra_variant_or_near_duplicate_for_train_component
9b98b06a2bd21504,IMG_4434_jpg,train,train,IMG_4434_jpg.rf.80575b195cf7bd269ff275e8a509baf8.jpg,4e23c45413cf1142a0ffa02263372de897819264fce2bd88e51a094127ac1eff,extra_variant_or_near_duplicate_for_train_component
9b98b06a2bd21504,IMG_4434_jpg,train,train,IMG_4434_jpg.rf.8bf7b27fd33f4c5351096891e7decb0c.jpg,71a70fc0879115ace6a744d20fb63bbd54bbad40d5aab0ad7f02d7fb4b63afcb,extra_variant_or_near_duplicate_for_train_component
9ba8c155ee40d0a6,WIN_20220507_23_10_41_Pro_jpg,train,valid,WIN_20220507_23_10_41_Pro_jpg.rf.4301cfed53bfd1c6a59c28a7f2ee1e56.jpg,4b9a5f265f88153dd8267daec35a8a5daf1cf802cf636c42907655368eac023f,extra_variant_or_near_duplicate_for_valid_component
9ba8c155ee40d0a6,WIN_20220507_23_10_41_Pro_jpg,train,valid,WIN_20220507_23_10_41_Pro_jpg.rf.bac0c989fa1822ad936a393f5a81a4f5.jpg,ee9b3ea4af51022fd6460007a6bf2234a2dc2b7cfe5698d2d5a34b60860d63bd,extra_variant_or_near_duplicate_for_valid_component
9bad6bb067b44025,bb0651_jpg,train,train,bb0651_jpg.rf.1f9a3c3d1fe5e652e5d6f4a340a3915a.jpg,9c63fef36a91d53060d537de948fbf9293063df2b8a1cbbe10b3d2f754544bfe,exact_duplicate_same_label
9bad6bb067b44025,bb0651_jpg,train,train,bb0651_jpg.rf.7df3ee3a58e0398f4180f388ce69da7b.jpg,9c63fef36a91d53060d537de948fbf9293063df2b8a1cbbe10b3d2f754544bfe,exact_duplicate_same_label
9bad6bb067b44025,bb0651_jpg,train,train,bb0651_jpg.rf.908e6d42bfca176efbc5b8c5ed56ed52.jpg,263202835e5cc8fe46602ea980757ae641100a92ff498aadcebcb62a455db6a1,exact_duplicate_same_label
9bad6bb067b44025,bb0651_jpg,train,train,bb0651_jpg.rf.a6fff5d8e5c1ccc41e21dc2b3809a2ad.jpg,7ae791c73bb5a2dd0321d724111a28ce24f173e26321a470e7f814856f91a9b8,exact_duplicate_same_label
9bad6bb067b44025,bb0651_jpg,train,train,bb0651_jpg.rf.ffb74022ad6ebdc93b8cc79575da0969.jpg,7ae791c73bb5a2dd0321d724111a28ce24f173e26321a470e7f814856f91a9b8,exact_duplicate_same_label
9c2ff83a91541087,c00141_jpg,train,train,c00141_jpg.rf.456d14988791ed53c3598ec960f23e7a.jpg,1cb2cdcde1a45a9b6318c80e024040d7976d8fc2c08f51f9f0e18accf4d7aca0,exact_duplicate_same_label
9c2ff83a91541087,c00141_jpg,train,train,c00141_jpg.rf.482b581daac875e72e90315cc9e12957.jpg,d5f08d56ea835aa1ad7e93016c0cd30a5302e4478ccc39e1451441b079ca56bc,exact_duplicate_same_label
9c2ff83a91541087,c00141_jpg,train,train,c00141_jpg.rf.4a601278bfcf46366639c9ea0c526aca.jpg,49aea38cb2c4ed317a9448d6b56f0a6756b935dfedd7df8f4d3de05341706ae8,exact_duplicate_same_label
9c2ff83a91541087,c00141_jpg,train,train,c00141_jpg.rf.4e37b02cd685c187bfeb69a81737d81a.jpg,49aea38cb2c4ed317a9448d6b56f0a6756b935dfedd7df8f4d3de05341706ae8,exact_duplicate_same_label
9c2ff83a91541087,c00141_jpg,train,train,c00141_jpg.rf.629f9a941295adabc4bd3a0d2a9ef930.jpg,b19282b0d6c673c8806d3d5ab65f675f896c2eb80388867dea452e4ad9693403,exact_duplicate_same_label
9c2ff83a91541087,c00141_jpg,train,train,c00141_jpg.rf.6af0cc2b8c0d8a6b52ec3e5e07cc24da.jpg,d5f08d56ea835aa1ad7e93016c0cd30a5302e4478ccc39e1451441b079ca56bc,exact_duplicate_same_label
9c2ff83a91541087,c00141_jpg,train,train,c00141_jpg.rf.b1d089eb77be4c2bd3965b847f9cd663.jpg,d79b2e4815cafa2feb48b7ce166b4fda8ecc6caab53df06790f36c44a5caa4fd,exact_duplicate_same_label
9c2ff83a91541087,c00141_jpg,train,train,c00141_jpg.rf.b3bbe091ec861c579c2decc0c7e614e6.jpg,b19282b0d6c673c8806d3d5ab65f675f896c2eb80388867dea452e4ad9693403,exact_duplicate_same_label
9c2ff83a91541087,c00141_jpg,train,train,c00141_jpg.rf.da45975537bf7dc3f6c1b53ace755e56.jpg,1cb2cdcde1a45a9b6318c80e024040d7976d8fc2c08f51f9f0e18accf4d7aca0,exact_duplicate_same_label
9c2ff83a91541087,c00141_jpg,test,train,c00141_jpg.rf.e42fdaf82f1efc06686623a4772fd76d.jpg,e4f7832f26ff5ab183b97c73181830c92c4d2e29469554eaa13e3a212c3f0716,extra_variant_or_near_duplicate_for_train_component
9c3a3f63a8c56c62,000093_png_jpg,train,train,000093_png_jpg.rf.79496a7c1d2a2330c0df7124fcd5f850.jpg,bb59c64bd38eef3af31ec0268d23d4397bbb072897030bdfd8bac70e9de5a9e8,exact_duplicate_same_label
9c3a3f63a8c56c62,000093_png_jpg,valid,train,000093_png_jpg.rf.8a2c1db929d7457b83ae9d61e7f363ac.jpg,b67f58fe7adf1980f36b84031e4058a34937513477f42acb049465afb091e3d1,extra_variant_or_near_duplicate_for_train_component
9c3a3f63a8c56c62,000093_png_jpg,valid,train,000093_png_jpg.rf.d93a38e7cb9cddd4b81e33a01d0c3b1b.jpg,a7b6cbdb52b4e4354a7795352950d3d467534e72137eb71e9352afd118d94bdc,extra_variant_or_near_duplicate_for_train_component
9c5bdec5dcb6fa99,bb0036_jpg,train,train,bb0036_jpg.rf.5e8342b0eb73bc4733ed012fd4c126f9.jpg,a762e586e4e440cc41a969b7cb9dc6ad2f24ad2dacf9d1a012446f27c6b91383,exact_duplicate_same_label
9c5bdec5dcb6fa99,bb0036_jpg,train,train,bb0036_jpg.rf.aa9327f2e7d163b3fd882347ecfedc6d.jpg,fe8f9aa33c5f7b3e80f68b96a7e1162174fb22a8ea87fbf9e756a00e46c09f0c,exact_duplicate_same_label
9c5bdec5dcb6fa99,bb0036_jpg,train,train,bb0036_jpg.rf.ea3ae36ce66dbc05e1492fcee1308214.jpg,fe8f9aa33c5f7b3e80f68b96a7e1162174fb22a8ea87fbf9e756a00e46c09f0c,exact_duplicate_same_label
9c5bdec5dcb6fa99,bb0036_jpg,test,train,bb0036_jpg.rf.79c014608e778ccd094fbf0f580bb492.jpg,ccda0043685ade552931f78699271425a3cd07a41756e4f2eae62111cb6213d2,extra_variant_or_near_duplicate_for_train_component
9c9f2494224b61f0,IMG_4526_jpg,train,train,IMG_4526_jpg.rf.2af6bdc3f1378a6665b39197d81440c3.jpg,340986ab507c53595f58cf384f1610ee2e941717edd5221cb000d3e8727dfdce,extra_variant_or_near_duplicate_for_train_component
9c9f2494224b61f0,IMG_4526_jpg,train,train,IMG_4526_jpg.rf.abad095d47b3b5aae3134c844d6dfbf9.jpg,4dbb183ac1779a88acb9dceb8b7bea612632cfd97d0982387ff3d489be909d99,extra_variant_or_near_duplicate_for_train_component
9d0be3d661f5e3ff,pexels-photo-7033805_jpeg_jpg,train,train,pexels-photo-7033805_jpeg_jpg.rf.e9fc08adc6ea5b12f2f3e0bf594ea5eb.jpg,91353f0199a3da218b7b7f8158253402a389c436781f00789fa3490000499470,extra_variant_or_near_duplicate_for_train_component
9d0be3d661f5e3ff,pexels-photo-7033805_jpeg_jpg,train,train,pexels-photo-7033805_jpeg_jpg.rf.fc53c7aa264bcac21dc84a0d9114e51b.jpg,cd728ebd3e7270f4f58d164e082d341484030d061a4050cdf2288bc088ad9c93,extra_variant_or_near_duplicate_for_train_component
9dc02a203d3c730d,WIN_20220329_21_30_01_Pro_jpg,train,train,WIN_20220329_21_30_01_Pro_jpg.rf.eb3dc5ef3fd0b28f54784cad3b4f62db.jpg,7f892a810b926f29365f9ccdacf9ea366f6c9fb511b971cfe8807fd09bf21a63,extra_variant_or_near_duplicate_for_train_component
9dc02a203d3c730d,WIN_20220329_21_30_01_Pro_jpg,valid,train,WIN_20220329_21_30_01_Pro_jpg.rf.1fcf5df02a39ab1755943f9aab74dd61.jpg,bc1b2164488733b332565b5c7a96d904aaa6e6ba4fd54c08bea8451b3137d74d,extra_variant_or_near_duplicate_for_train_component
9de7bf174b64110d,ggg013_jpeg_jpg,train,train,ggg013_jpeg_jpg.rf.9b75c4e113e3dbcf9705c3f8f16f793d.jpg,05c75b82387d4652e927bee0d19e232a131bd2fbc0eba53addbc695dbde058de,exact_duplicate_same_label
9de7bf174b64110d,ggg013_jpeg_jpg,train,train,ggg013_jpeg_jpg.rf.9feedc913ac9b7b73d309120ec0864b2.jpg,05c75b82387d4652e927bee0d19e232a131bd2fbc0eba53addbc695dbde058de,exact_duplicate_same_label
9de7bf174b64110d,ggg013_jpeg_jpg,train,train,ggg013_jpeg_jpg.rf.aecce3dfc42bf3379c3ccfcb3d1f2532.jpg,77d7374e600654846012e4646b12e03f22364246dd3273e0b1bcb2769b8a52a6,exact_duplicate_same_label
9de7bf174b64110d,ggg013_jpeg_jpg,train,train,ggg013_jpeg_jpg.rf.d01e61756a64f4dba455b60c0de99554.jpg,77d7374e600654846012e4646b12e03f22364246dd3273e0b1bcb2769b8a52a6,exact_duplicate_same_label
9de7bf174b64110d,ggg013_jpeg_jpg,train,train,ggg013_jpeg_jpg.rf.f9ad0e7b249dbf26fa9306ad8d51ba31.jpg,a53ecaac16e84ca870100323b68cee15d779b0eaba0cf7edda44d6bfa518a938,exact_duplicate_same_label
9de7bf174b64110d,ggg013_jpeg_jpg,train,train,ggg013_jpeg_jpg.rf.29186bf76ad749b839f08e716422007e.jpg,8d5cbc244026e9fdf295d841a5e246ea4bb8091ed5ba14b531b249733e62bd4a,exact_duplicate_same_label
9de7bf174b64110d,ggg013_jpeg_jpg,train,train,ggg013_jpeg_jpg.rf.3d64389b1f14fc23302b3d0d8285913f.jpg,6d4c195dc76f5e2f9a9256c0999f188cac4b65aa3873fcba93ede3e4e0aec592,exact_duplicate_same_label
9de7bf174b64110d,ggg013_jpeg_jpg,train,train,ggg013_jpeg_jpg.rf.449d5c40a4f5f2ae613817ce758bcd45.jpg,8d5cbc244026e9fdf295d841a5e246ea4bb8091ed5ba14b531b249733e62bd4a,exact_duplicate_same_label
9de7bf174b64110d,ggg013_jpeg_jpg,train,train,ggg013_jpeg_jpg.rf.c6834b5cd9be8b249015101e9228a3a7.jpg,537f32a579ad4c3eb00207b251ab2bee152ebb0bfee93d0a0ee70e54fceba3ba,exact_duplicate_same_label
9de7bf174b64110d,ggg013_jpeg_jpg,train,train,ggg013_jpeg_jpg.rf.c8884ce42b0de50f122c1acc90d2b29f.jpg,537f32a579ad4c3eb00207b251ab2bee152ebb0bfee93d0a0ee70e54fceba3ba,exact_duplicate_same_label
9de7bf174b64110d,ggg013_jpeg_jpg,train,train,ggg013_jpeg_jpg.rf.d80913035bc03483f188809cdb96ab5e.jpg,6d4c195dc76f5e2f9a9256c0999f188cac4b65aa3873fcba93ede3e4e0aec592,exact_duplicate_same_label
9de7bf174b64110d,ggg013_jpeg_jpg,valid,train,ggg013_jpeg_jpg.rf.b4c5d07e434102a95a0c4676386d60c1.jpg,58af4db0c60ab74bc570b01e6695b561a94b2e79928324a6c23e05d5e1a44705,extra_variant_or_near_duplicate_for_train_component
9e7b3d7dbdbf91bc,IMG_4437_jpg,train,train,IMG_4437_jpg.rf.53e4c27d57563294a525ccbcfd727192.jpg,12bb266a93adb23b5d5963b848fea8216b333d0f2f221da6cb34b02ab23667d4,extra_variant_or_near_duplicate_for_train_component
9e7b3d7dbdbf91bc,IMG_4437_jpg,train,train,IMG_4437_jpg.rf.e57019fe568ab74df010d43e170e151a.jpg,a19bad7de938797a05a9b98a0bc5b4c6f090d0cb3dc8ba0f0ddf1bbdcf6ef228,extra_variant_or_near_duplicate_for_train_component
9e7b3d7dbdbf91bc,IMG_4439_jpg,train,train,IMG_4439_jpg.rf.94e18a8807dfa02f0e02aa9a6d5f528e.jpg,4c0371340672db8598c53780201a675c15b1114d56bf0c61ba0a9a8004963a14,extra_variant_or_near_duplicate_for_train_component
9e7b3d7dbdbf91bc,IMG_4439_jpg,train,train,IMG_4439_jpg.rf.a9435837fa2fbe258625f8629676c6f4.jpg,163c8f13506bd6dc00445bc6ae18ea1e1db613a4a6182c058c14ccc00f9a807e,extra_variant_or_near_duplicate_for_train_component
9e7b3d7dbdbf91bc,IMG_4439_jpg,train,train,IMG_4439_jpg.rf.e277971d788c54b9211848da5fc5e527.jpg,db098351511c77ac4554fb04ef0f351a54ef2af9ed72248e27db3dc81e97e72a,extra_variant_or_near_duplicate_for_train_component
9e7b3d7dbdbf91bc,IMG_4440_jpg,train,train,IMG_4440_jpg.rf.0679402e5b4fd1f22be9e91f2b51b3f7.jpg,431a421be141721939ca3585a85cbffb1b3edbeebccd6e79e4adaa98723321a2,extra_variant_or_near_duplicate_for_train_component
9e7b3d7dbdbf91bc,IMG_4440_jpg,train,train,IMG_4440_jpg.rf.4152e58194e63108cab1a0618a808afa.jpg,c7302641ed89bfa26e18db089af8eb62d4348adee254bcf4d5c8a1b52b8c49cc,extra_variant_or_near_duplicate_for_train_component
9e7b3d7dbdbf91bc,IMG_4440_jpg,train,train,IMG_4440_jpg.rf.8feb5d07c769d99075a400d5f94c3875.jpg,033e3d9dd7eb1e7e39ba04528d35513348034d6b724cef1027196153b30b77eb,extra_variant_or_near_duplicate_for_train_component
9e7b3d7dbdbf91bc,IMG_4442_jpg,train,train,IMG_4442_jpg.rf.3eef447040b8310077964aeb6d3d217a.jpg,c617a7b428dc22bb055d372ea151578801245ee4775cb7fd4bce12cb7fdb86e4,extra_variant_or_near_duplicate_for_train_component
9e7b3d7dbdbf91bc,IMG_4442_jpg,train,train,IMG_4442_jpg.rf.7f33117636c93d468133e6b2e9107847.jpg,ce0f37da92c2208b0538378af5cb3d45c5c214bf1b0d475ac978de9189a0c262,extra_variant_or_near_duplicate_for_train_component
9e7b3d7dbdbf91bc,IMG_4442_jpg,train,train,IMG_4442_jpg.rf.b32aad97041a6e657e4eda3ba6ef81b7.jpg,6a224f1e39b2b877966332cac7b45caae75dbd6e797ea86221ff76a03f451d7a,extra_variant_or_near_duplicate_for_train_component
9e7b3d7dbdbf91bc,IMG_4438_jpg,valid,train,IMG_4438_jpg.rf.1d8bee2ea461880c1837f0e3d697a73d.jpg,ffa4d2d15cb4a1d2332b4892fe29249190d146f3b83278d57101a0fedeae3c90,extra_variant_or_near_duplicate_for_train_component
9e7b3d7dbdbf91bc,IMG_4441_jpg,valid,train,IMG_4441_jpg.rf.8650daf939736aa6a262ab3d588fb280.jpg,5e9bf4110c7f8f8cc3c9468d08548185afd8d5689b6f27bb0a650dcd73acc855,extra_variant_or_near_duplicate_for_train_component
9e7b3d7dbdbf91bc,IMG_4443_jpg,valid,train,IMG_4443_jpg.rf.d362fbbf34f485adb058055d4cd02ae3.jpg,914457a31702cbbb4ec43fbed91c27b621a938f45ce09bd67c0dbf9e11a786c0,extra_variant_or_near_duplicate_for_train_component
9eeef3a3487ed633,IMG_4555_jpg,train,valid,IMG_4555_jpg.rf.3f678fc00b816abb68377ddf5f2f94e4.jpg,c933d642d4cf169a97552b6d838180ccc212c6086fb0aa55f516395de106a246,extra_variant_or_near_duplicate_for_valid_component
9eeef3a3487ed633,IMG_4555_jpg,train,valid,IMG_4555_jpg.rf.7e633477472b953f8e97d8e3c32d6406.jpg,9986e9f7cf9447631108f11c9614af4406b7d8d507df448522f527422fb9f967,extra_variant_or_near_duplicate_for_valid_component
9f1411ebbc6152c3,000362_jpg,valid,test,000362_jpg.rf.7fc0021630338352ccc2685bd33e9af4.jpg,93f11099be91f4123a6216af4248b58142524b32d443de08110cc3494d0694dd,extra_variant_or_near_duplicate_for_test_component
9f1411ebbc6152c3,000362_jpg,valid,test,000362_jpg.rf.98cc6bb67b5d19fcd84ae298b87ac3fa.jpg,61228e9fb22ac8b0db5bf17664ca8ea8efd469de982dbee5ef24a245666c186c,extra_variant_or_near_duplicate_for_test_component
9fdc6d1ad0ff8708,c00318_jpg,train,train,c00318_jpg.rf.121a152a26f40954b961c4f5ec79c408.jpg,33b282e47809848106af014549e85f9aed38aa5d08984b28d6d9e35cf8a9aa2f,exact_duplicate_same_label
9fdc6d1ad0ff8708,c00318_jpg,train,train,c00318_jpg.rf.4fdc0b4a5500e93432bfd1c267c19abd.jpg,16d9c7c0981ba9882ca9ad68f5a89ab8b13766e4577ffcd6dd0d49597f6a9366,exact_duplicate_same_label
9fdc6d1ad0ff8708,c00318_jpg,train,train,c00318_jpg.rf.73ea7ae42e9b5312ba26924651b4fb3a.jpg,3489fc7d9fd8b53e51c20452b78e27dddbf25d4adc72c3a833ff6ea8becc128e,exact_duplicate_same_label
9fdc6d1ad0ff8708,c00318_jpg,train,train,c00318_jpg.rf.7dbc0c191ab87686b4c3a5e80bba2879.jpg,3489fc7d9fd8b53e51c20452b78e27dddbf25d4adc72c3a833ff6ea8becc128e,exact_duplicate_same_label
9fdc6d1ad0ff8708,c00318_jpg,train,train,c00318_jpg.rf.b322745ca2b8c7102c8dd4fd5dd253c4.jpg,16d9c7c0981ba9882ca9ad68f5a89ab8b13766e4577ffcd6dd0d49597f6a9366,exact_duplicate_same_label
9fdc6d1ad0ff8708,c00318_jpg,train,train,c00318_jpg.rf.b86d97221f3d08f427d8e5edca8c4f46.jpg,7c4de8b82d7eec2e2b36acf210691ea2ebe51ba28d6e18e3394d05e86a77f568,exact_duplicate_same_label
9fdc6d1ad0ff8708,c00318_jpg,train,train,c00318_jpg.rf.bb173bcbabd2e26d1f5417f592ae9104.jpg,0cd060fae4d8c6f3c86d91d577fc18ee6e794032ddf041b353e791def4e2468c,exact_duplicate_same_label
9fdc6d1ad0ff8708,c00318_jpg,train,train,c00318_jpg.rf.ccaf9b24bafb4730d6c21671183a1c80.jpg,0cd060fae4d8c6f3c86d91d577fc18ee6e794032ddf041b353e791def4e2468c,exact_duplicate_same_label
9fdc6d1ad0ff8708,c00318_jpg,train,train,c00318_jpg.rf.fcc306505a995dc36d37b5d6fe7e3cd3.jpg,7c4de8b82d7eec2e2b36acf210691ea2ebe51ba28d6e18e3394d05e86a77f568,exact_duplicate_same_label
9fdc6d1ad0ff8708,c00318_jpg,valid,train,c00318_jpg.rf.fe42b7bb2df46ed21efe54bccf6d931d.jpg,25bb12613c3802aa6408a90f8d8bc21fb3a24f30bd9f9cb6a1a7c12c222c1f87,extra_variant_or_near_duplicate_for_train_component
a04023a30965351b,WIN_20220507_21_29_24_Pro-2-_jpg,train,valid,WIN_20220507_21_29_24_Pro-2-_jpg.rf.0f97877a148ab85c77324c439bb36cde.jpg,45b8772c2235d4782a7abe6e093f9f7a35490db26bdfdbc83a7f9b5bd7df398c,extra_variant_or_near_duplicate_for_valid_component
a04023a30965351b,WIN_20220507_21_29_24_Pro-2-_jpg,train,valid,WIN_20220507_21_29_24_Pro-2-_jpg.rf.2b173958112e3b467baf8506b615735b.jpg,9442e11947f7fefa940a40e0f761cc14428bccf0484987b6cb1173d34ab612c2,extra_variant_or_near_duplicate_for_valid_component
a06baa949a60fe82,indir-2-_jpg,valid,train,indir-2-_jpg.rf.6ff41490a136bb4a847195307b07e44b.jpg,81e80a862172820a1c4d39576789f28487082491ed500759757ba7c345f94a57,extra_variant_or_near_duplicate_for_train_component
a0cbd893d6a19799,1697099984249_JPEG_jpg,train,train,1697099984249_JPEG_jpg.rf.376ec94b3a9366b84ce4716bb1c42a6f.jpg,7648e2e8d193c62afd754ef8918f0d9edbfbc9f991b1586124902356cc3ce488,extra_variant_or_near_duplicate_for_train_component
a0cbd893d6a19799,1697099984249_JPEG_jpg,train,train,1697099984249_JPEG_jpg.rf.4d7e0fedbc6b7147bc5c8dbd9dca944b.jpg,bbe911db7182dd2e9ee52d1725b875f5ea329081877ffaf76fb8afa9f28f3580,extra_variant_or_near_duplicate_for_train_component
a0cbd893d6a19799,1697099984249_JPEG_jpg,train,train,1697099984249_JPEG_jpg.rf.6623367c33d323231e69b1bd236d3480.jpg,0878f36ddb6bec3368244c55e36675a2d9f712c01b72230bd511242e6715265a,extra_variant_or_near_duplicate_for_train_component
a0cbd893d6a19799,1697099984249_JPEG_jpg,train,train,1697099984249_JPEG_jpg.rf.a00bd469d9f1bd904761ddd427193ac5.jpg,4fbc8c9e8a11427960d30b4bc97ed29091f5987b4b286793e4e4bd6e388da5b6,extra_variant_or_near_duplicate_for_train_component
a0cbd893d6a19799,1697099984249_JPEG_jpg,valid,train,1697099984249_JPEG_jpg.rf.03c44f95933770b607d25c42d06d4d45.jpg,71f0c9582771919cd557741fd32378ecfeb39d4b0ea5f49f06158b1930b76409,extra_variant_or_near_duplicate_for_train_component
a0cbd893d6a19799,1697099984249_JPEG_jpg,valid,train,1697099984249_JPEG_jpg.rf.043632b90965f653db8e41aa7aec3240.jpg,5f72d9f66d71865110e40b0377e349f8ddc7f2e5ab1da4e1958ca81f5944c0af,extra_variant_or_near_duplicate_for_train_component
a0cbd893d6a19799,1697099984249_JPEG_jpg,valid,train,1697099984249_JPEG_jpg.rf.c9a0f2bfd5748c6f890db1c8352a0f69.jpg,e2822ed2113ee5c1acaceda5bd32dd4d76a5746568d835cbaa8db4b412425dfb,extra_variant_or_near_duplicate_for_train_component
a0cbd893d6a19799,1697099984249_JPEG_jpg,valid,train,1697099984249_JPEG_jpg.rf.db6ab96d601aa021933ff962d7ee12f8.jpg,2f00b2af28f5f97c0f80d9300d980dbc02c576ffc66017a2f0f12efe0cecd372,extra_variant_or_near_duplicate_for_train_component
a138f49077da3d1b,IMG_5129,train,train,IMG_5129.JPG,e8e60793954f564d21fedb50706fe370d912211756af9b2decc5768dea249781,extra_variant_or_near_duplicate_for_train_component
a138f49077da3d1b,IMG_5130,train,train,IMG_5130.JPG,bd0ec0a6bfc768c0d9093ba19a9855a982cabe1e596a55b265d2375fd00e3cce,extra_variant_or_near_duplicate_for_train_component
a138f49077da3d1b,IMG_5131,train,train,IMG_5131.JPG,d127a76c4332ae4116f18124a57cae92ef48a92cdb4508c69af73244f2adcf4f,extra_variant_or_near_duplicate_for_train_component
a1842058e55a5c2e,images-13-_jpg,train,train,images-13-_jpg.rf.d5c776f077c825106a4aebf35d10b0af.jpg,9207fbf80d9c932653cec79174b528c0a30116f3914e51ca0c8bc78c95d20f1c,extra_variant_or_near_duplicate_for_train_component
a1842058e55a5c2e,images-13-_jpg,train,train,images-13-_jpg.rf.e2196cc363803d0948bd7cb4b5073012.jpg,2a4e1d7fa6ad7a8f5ce5ecd2e6cc9afa003def1aae75c900e6ab63f18f29f46f,exact_duplicate_same_label
a1842058e55a5c2e,images-13-_jpg,test,train,images-13-_jpg.rf.e2196cc363803d0948bd7cb4b5073012.jpg,2a4e1d7fa6ad7a8f5ce5ecd2e6cc9afa003def1aae75c900e6ab63f18f29f46f,exact_duplicate_same_label
a1ec4e4cc43061a3,bb0163_jpg,train,train,bb0163_jpg.rf.8600ca5e63520a4749a16d075d9ccdca.jpg,635097630e613b60edbba862fc86aa662927ec0fec1096d53208cb8d5f5ccb58,exact_duplicate_same_label
a1ec4e4cc43061a3,bb0163_jpg,train,train,bb0163_jpg.rf.9be7a8fe8cc6b52d9339b7c57673e38e.jpg,b995b801c21abf137978a019642a1c9d26c2bc0953316a8fb6a4406917a07756,exact_duplicate_same_label
a1ec4e4cc43061a3,bb0163_jpg,train,train,bb0163_jpg.rf.aa546bffdb327ecebca5d91412136aa0.jpg,b995b801c21abf137978a019642a1c9d26c2bc0953316a8fb6a4406917a07756,exact_duplicate_same_label
a1ec4e4cc43061a3,bb0163_jpg,valid,train,bb0163_jpg.rf.7deee49f2e03f54ef7289cfa3f836e90.jpg,8b86840b1f49bd378d5c1810362ce1931b0d52c6cc541562966c4ae4948fbfc9,extra_variant_or_near_duplicate_for_train_component
a20afe4da7847133,images-8-_jpg,train,train,images-8-_jpg.rf.3e4e8fea753d9be78b14488a4f2ed343.jpg,da35d86c5ebaa95c719279d31a3eb64a2fda94b59775ff3479a8ccfe5c899d42,extra_variant_or_near_duplicate_for_train_component
a20afe4da7847133,images-8-_jpg,train,train,images-8-_jpg.rf.ac797e050078ffbffa572a990df382a1.jpg,421dabc5f19ebd623940a890da2d163481481531f701b4a5ebe97118c53301b6,extra_variant_or_near_duplicate_for_train_component
a20afe4da7847133,images-8-_jpg,test,train,images-8-_jpg.rf.3a17263d1b0c8d8a2bedacd83fed0ece.jpg,acd63981379c6055c25221f0e7e9ce1be0db516c7a2212616760b218c94368be,exact_duplicate_same_label
a28987312480f272,small-137-_jpg,train,train,small-137-_jpg.rf.886025fed0f4b1ddf9afaec3a87aea8e.jpg,26dafcc04ad7073afe97dafe24e052b3131ae913e985c75a29fee5bd0e0cab12,extra_variant_or_near_duplicate_for_train_component
a28987312480f272,small-137-_jpg,valid,train,small-137-_jpg.rf.662f478e8c489a080400d4b7b9b30f73.jpg,114d297739f60868d185f14ec7d017f607d20975a236deb4ce03dbb0f36397f3,extra_variant_or_near_duplicate_for_train_component
a3654c40d770d6a6,images-89-_jpg,train,train,images-89-_jpg.rf.8a2b5ba3c0c80eabeb27efd09306c1d1.jpg,e2376017cbc17e276368be425d581467c1c7cce434843055bf047f0ca57b59fd,extra_variant_or_near_duplicate_for_train_component
a3654c40d770d6a6,images-89-_jpg,valid,train,images-89-_jpg.rf.18845677247f032ed983998e71b5825a.jpg,75e8db23afc6cfc3ebe037a0a56a1fcb9ea1002508e5191d2010b67e67d38a40,extra_variant_or_near_duplicate_for_train_component
a3b370d194dfb5e0,images-42-_jpg,train,train,images-42-_jpg.rf.6cd971570f7a2813626cef87328cebe5.jpg,f06f19bc198e50a1302aab2ee1c7505d9b87806efcb8d0a04771ca6c1d3077bb,exact_duplicate_same_label
a3b370d194dfb5e0,images-42-_jpg,train,train,images-42-_jpg.rf.83aeb6ce053412a54bedc4615306c5cf.jpg,844d758cafc59e59e04c2c532f00929fc7d43a4513061c5a43cd01739280e61c,extra_variant_or_near_duplicate_for_train_component
a3b370d194dfb5e0,images-42-_jpg,test,train,images-42-_jpg.rf.6cd971570f7a2813626cef87328cebe5.jpg,f06f19bc198e50a1302aab2ee1c7505d9b87806efcb8d0a04771ca6c1d3077bb,exact_duplicate_same_label
a444ec23b4fef079,c00054_jpg,train,train,c00054_jpg.rf.8fccd5a0f194c2f841cc8463e113c350.jpg,a00a4243f861b543462daa6b21bccecd991b3ab8e17414ec1c313b6d3b75da78,exact_duplicate_same_label
a444ec23b4fef079,c00054_jpg,train,train,c00054_jpg.rf.a3cf117c705700f918205e6c7a6d902c.jpg,838d26833ba18da1dd4b54e2eb9ae38afda7a386f4402f93e9e281a355a0d541,exact_duplicate_same_label
a444ec23b4fef079,c00054_jpg,train,train,c00054_jpg.rf.aab566762bee5f30659076aaa53bb738.jpg,838d26833ba18da1dd4b54e2eb9ae38afda7a386f4402f93e9e281a355a0d541,exact_duplicate_same_label
a444ec23b4fef079,c00054_jpg,train,train,c00054_jpg.rf.b46e02c4262714855a2c90d21767cc4b.jpg,50a06fa76f3b0ffb2fa49421bb147f6d14f0febd6295aa06cba7f12aef653295,exact_duplicate_same_label
a444ec23b4fef079,c00054_jpg,train,train,c00054_jpg.rf.bf5c76b9508353c89305bbd097e89672.jpg,a00a4243f861b543462daa6b21bccecd991b3ab8e17414ec1c313b6d3b75da78,exact_duplicate_same_label
a444ec23b4fef079,c00054_jpg,train,train,c00054_jpg.rf.0c8b398a96f7019a7de9b55017a7a1e7.jpg,7071a3d5121377e80e674dea05e4b907952c0f6116bbbe27c616f4198775934a,exact_duplicate_same_label
a444ec23b4fef079,c00054_jpg,train,train,c00054_jpg.rf.0de132a93e8fc66c95f2de265cce6e96.jpg,54a28e227b5a0e58c6932b7ef2b84ee7621f9406cf12f18163b66055425780d7,exact_duplicate_same_label
a444ec23b4fef079,c00054_jpg,train,train,c00054_jpg.rf.15fe6522bb9e8c5d90bd4b3a5ef7eaed.jpg,7071a3d5121377e80e674dea05e4b907952c0f6116bbbe27c616f4198775934a,exact_duplicate_same_label
a444ec23b4fef079,c00054_jpg,train,train,c00054_jpg.rf.1a5301c7310b086fa2d24b9585d95ad3.jpg,3b284563014eacf4004f263d5124a01dfcf649ac44385148508ed02e33c59043,exact_duplicate_same_label
a444ec23b4fef079,c00054_jpg,train,train,c00054_jpg.rf.5185a73d2e95743edb8d085c0f047fa5.jpg,54a28e227b5a0e58c6932b7ef2b84ee7621f9406cf12f18163b66055425780d7,exact_duplicate_same_label
a444ec23b4fef079,c00054_jpg,train,train,c00054_jpg.rf.841452867bfb0b2b6f9575fd35db3e14.jpg,3b284563014eacf4004f263d5124a01dfcf649ac44385148508ed02e33c59043,exact_duplicate_same_label
a4652c6efd5b48f0,1697099897333_JPEG_jpg,train,train,1697099897333_JPEG_jpg.rf.7468752ef22d5bc90d7259f8521f3e27.jpg,98c9cd1b9f66117c1f125184eb941d63c60358b8542b8045e80cdaf25bee022a,extra_variant_or_near_duplicate_for_train_component
a4652c6efd5b48f0,1697099897333_JPEG_jpg,train,train,1697099897333_JPEG_jpg.rf.b37828bf8a7557df8b37e6c823258ade.jpg,b4dc3a0e1b8eb48c5984d1bbc2bfc1f70243986cb78e7ddbfe086ef0dcc82b2b,extra_variant_or_near_duplicate_for_train_component
a4652c6efd5b48f0,1697099897333_JPEG_jpg,valid,train,1697099897333_JPEG_jpg.rf.1bc17b17c9014ee9629f4aece17a5e98.jpg,a90366b09f6593169aa53788cb5900f2304ffff8eea035e03570475868360ec2,extra_variant_or_near_duplicate_for_train_component
a4652c6efd5b48f0,1697099897333_JPEG_jpg,valid,train,1697099897333_JPEG_jpg.rf.28760bfe1d8169d523d5008f5aa8b9d9.jpg,089317dbd254effc3f0ba5bf5329ef855a218adbfd4edf3d061ee9571cc3b2c2,extra_variant_or_near_duplicate_for_train_component
a4652c6efd5b48f0,1697099897333_JPEG_jpg,valid,train,1697099897333_JPEG_jpg.rf.3e7e27aee5f1ed3e1327ad6e1b87594a.jpg,d9a09e80d8c10f4af2226a6c1f8b42f471e10a698ff0d9221639ddb381c05bad,extra_variant_or_near_duplicate_for_train_component
a4652c6efd5b48f0,1697099897333_JPEG_jpg,valid,train,1697099897333_JPEG_jpg.rf.5cb06b96329683cdd189ecdb993ab916.jpg,8a8845baf907564e270f17960e4c7dd74e560324f627269039ad2a05744ae986,extra_variant_or_near_duplicate_for_train_component
a4652c6efd5b48f0,1697099897333_JPEG_jpg,valid,train,1697099897333_JPEG_jpg.rf.6e4179b7b22f3b6b899b373f1164e6b2.jpg,a38572acc12da1299483416eaf0795f7cb09e5a6224f705ceafccc06cd10e7be,extra_variant_or_near_duplicate_for_train_component
a4652c6efd5b48f0,1697099897333_JPEG_jpg,valid,train,1697099897333_JPEG_jpg.rf.d68ecb6927f0785c5171da32162b6259.jpg,181321d3f45ccda5d93c950cb53129d41cd9c769412bd22c57538b6a83f69fbb,extra_variant_or_near_duplicate_for_train_component
a596a3e1f830d600,images-24-_jpg,train,train,images-24-_jpg.rf.a7276a49e9c80a7833751a513851175d.jpg,e092848a861b21e81ca861a795adadfe37d3b70d087f780e4d49555c19aacc6b,exact_duplicate_same_label
a596a3e1f830d600,images-24-_jpg,valid,train,images-24-_jpg.rf.40ea6cb9396f299510447ba2f4e5fdfa.jpg,59f65948c062ec93d435a21d7f09c749a2d5af093564da34059be3b6196ff5ce,extra_variant_or_near_duplicate_for_train_component
a596a3e1f830d600,images-24-_jpg,test,train,images-24-_jpg.rf.a7276a49e9c80a7833751a513851175d.jpg,e092848a861b21e81ca861a795adadfe37d3b70d087f780e4d49555c19aacc6b,exact_duplicate_same_label
a5e741056febb118,IMG_4545_jpg,train,train,IMG_4545_jpg.rf.0e5ba9ad62b90051adc80c1611c350e2.jpg,9984de11a96a971a2be8677675e3a719a7c1f9ff107d3bc65cf3edb604c8d16c,extra_variant_or_near_duplicate_for_train_component
a5e741056febb118,IMG_4545_jpg,train,train,IMG_4545_jpg.rf.10833c3872b2ba21c119c3a3f0572cea.jpg,63689bb3ce36707d6ab5f04905c4ea8d138ec352f2b54e196b30462ea9052751,extra_variant_or_near_duplicate_for_train_component
a6468e5d4e41bad1,WIN_20220329_21_29_37_Pro_jpg,train,train,WIN_20220329_21_29_37_Pro_jpg.rf.922ed16b69f03dba4262feb07e451c6c.jpg,12b4be18fa0c74641df7f8fe5f1ff58d1660a56487c763d06991c943c01d7810,extra_variant_or_near_duplicate_for_train_component
a6468e5d4e41bad1,WIN_20220329_21_29_37_Pro_jpg,train,train,WIN_20220329_21_29_37_Pro_jpg.rf.f1e950638d3af67215a974ea382c0209.jpg,f8ce152d91e2283ccc36901ac05225dab231c53e5f913f371bcc099a4342e9f7,extra_variant_or_near_duplicate_for_train_component
a6468e5d4e41bad1,WIN_20220329_21_29_37_Pro_jpg,test,train,WIN_20220329_21_29_37_Pro_jpg.rf.5fa2701c0c3a0f39aee898ca6de40c85.jpg,6e5a7ee949616a75bee67570c4c08a87e615807ec108d4f822fd226504b58271,exact_duplicate_same_label
a67c584427711c2d,bb0052_jpg,train,train,bb0052_jpg.rf.05d380b66862b9c3b7aed60cdf446366.jpg,8b31ec114d991e07a0581cbe6052f8ce2295f433a29e076e797fa58fd8eb9802,exact_duplicate_same_label
a67c584427711c2d,bb0052_jpg,train,train,bb0052_jpg.rf.07fc56859abe0084959159a7d62bbde7.jpg,7a9a9954adac7bb2ee86fe797578eeef45a707e61843946c970142a1d747c146,extra_variant_or_near_duplicate_for_train_component
a67c584427711c2d,bb0052_jpg,train,train,bb0052_jpg.rf.128454258cb0bad115bfc4994e6f3436.jpg,1b142ecc833603f7f03b7cd4466f9d4e271a513bd6b052abb7958e899319274e,extra_variant_or_near_duplicate_for_train_component
a67c584427711c2d,bb0052_jpg,train,train,bb0052_jpg.rf.2b5c89dd9f1bc2379e52e98dedb4212e.jpg,5e06ead363a3b29d2b1220e6b2a4e2a71c1c09702241bfa68cec6ad127933477,extra_variant_or_near_duplicate_for_train_component
a67c584427711c2d,bb0052_jpg,train,train,bb0052_jpg.rf.38a71013ce397bc0d71c62714343ae30.jpg,d7b47f5c915b58ef276e5195dc609614052aa784488cbfc3af8e04e0475f82e4,exact_duplicate_same_label
a67c584427711c2d,bb0052_jpg,train,train,bb0052_jpg.rf.59dd846ab14b7100b287693c064cd8a9.jpg,62d7b1802e32155189fd4e8ee24081d3c3e895f1d66e3ce3c9051924fb683d80,extra_variant_or_near_duplicate_for_train_component
a67c584427711c2d,bb0052_jpg,train,train,bb0052_jpg.rf.6279ff6b606f8ebaebf1f74a7e273c55.jpg,8b31ec114d991e07a0581cbe6052f8ce2295f433a29e076e797fa58fd8eb9802,exact_duplicate_same_label
a67c584427711c2d,bb0052_jpg,train,train,bb0052_jpg.rf.73b13ff2b05263ae66fc7c7067dfd1d2.jpg,d7b47f5c915b58ef276e5195dc609614052aa784488cbfc3af8e04e0475f82e4,exact_duplicate_same_label
a67c584427711c2d,bb0052_jpg,train,train,bb0052_jpg.rf.8d87396473952303899d07b0b36d57a3.jpg,b559eea9d11c9418e915f7c1f5bc698c610df0b29978d6dda60cc2321c8347e0,extra_variant_or_near_duplicate_for_train_component
a67c584427711c2d,bb0052_jpg,train,train,bb0052_jpg.rf.be803cfa31af75906d8c9e14ece60365.jpg,a6b6dd398abf535c62f8383e3edc1d374de0df1dac9a1245d70da938de046d1b,exact_duplicate_same_label
a67c584427711c2d,bb0052_jpg,train,train,bb0052_jpg.rf.d669bf0d38be5d24259de7131ca8a923.jpg,0a7ecf4af8ef8f2bf40c6092b573e41452cf6dc8960ad1a5f2ba5ef4129141cd,extra_variant_or_near_duplicate_for_train_component
a67c584427711c2d,smoking_0736_jpg,train,train,smoking_0736_jpg.rf.492d3fda90bc212e23dcc662688fb98f.jpg,1580bc380dfda69399cd2adcf7c199e3050ba0daf7747526835c93ffcf192c9f,extra_variant_or_near_duplicate_for_train_component
a708e1c017b7d6a7,images-57-_jpg,train,train,images-57-_jpg.rf.810f470eeaba77ced5bd3228e57bf4b9.jpg,d754a115c1a8b930a9784a10de79d1f84222f6180d741253f8c7dc2d48230f1d,extra_variant_or_near_duplicate_for_train_component
a708e1c017b7d6a7,images-57-_jpg,train,train,images-57-_jpg.rf.b64350c0e7b231a886f8896eeea106a0.jpg,eddbf4291f887a04b0e83c00c9a3f47a655013b9a949f56e77789e74373ad776,extra_variant_or_near_duplicate_for_train_component
a708e1c017b7d6a7,images-57-_jpg,test,train,images-57-_jpg.rf.0c30055e281a1e45ef50da6105b3b384.jpg,f83f36db8eb5a57bb51f0c3d62da3e613f178b0861d611f618975e8db19319a0,exact_duplicate_same_label
a8a9ed5eb11f70fe,iaaages_jpg,train,test,iaaages_jpg.rf.35b387e6a98d4eaee324d00d31e9406b.jpg,bf4f7572189c46e1c5f29376e6852eb8c305b1bfa82d8036a8370f4c1d0c96ac,extra_variant_or_near_duplicate_for_test_component
a8a9ed5eb11f70fe,iaaages_jpg,train,test,iaaages_jpg.rf.399faff2feef0ff513b36aef5e1df450.jpg,1733bc23651ca55febf6d8a9ddd356d61a35016d209a460a14850502f4f25340,exact_duplicate_same_label
a8a9ed5eb11f70fe,iaaages_jpg,train,test,iaaages_jpg.rf.f79ff5adb8ed674340442de15c19b7f2.jpg,c5e8306da38cffe48e5b890f47ac4a838ad5985a0c6f70ae475021b4c2a368f5,extra_variant_or_near_duplicate_for_test_component
a904b602c3ca5d7f,gg0041_jpg,train,train,gg0041_jpg.rf.502b85bbb9d04e8f34e9b1a77586ceec.jpg,ba34ba96b5248b92510043e1d4fcf282be82a46e72b50d5edeb3cea576922702,exact_duplicate_same_label
a904b602c3ca5d7f,gg0041_jpg,train,train,gg0041_jpg.rf.7131c2a5ef6207b1bcb06f96248cf250.jpg,6e267c1bbd4b0882103b0d4c561dc1d580d328b0c10c054c96383cf8f3f4d4f0,exact_duplicate_same_label
a904b602c3ca5d7f,gg0041_jpg,train,train,gg0041_jpg.rf.803cfa589512dc6169e8717bfeae23fd.jpg,6e267c1bbd4b0882103b0d4c561dc1d580d328b0c10c054c96383cf8f3f4d4f0,exact_duplicate_same_label
a904b602c3ca5d7f,gg0041_jpg,test,train,gg0041_jpg.rf.165f3eb9197ec271db43d598c2228160.jpg,25b48eec0031004aba189020ff57e044c8cc8b96741602bed702e521a6606653,extra_variant_or_near_duplicate_for_train_component
a9436ff7215c501f,b00223_jpg,train,train,b00223_jpg.rf.6bf035ca7fe21c4aa71bf69b5212208f.jpg,24928e2df9c480f4f6a713cebacba0599895d7c71b9483f9ce0df3e856fb08c8,exact_duplicate_same_label
a9436ff7215c501f,b00223_jpg,train,train,b00223_jpg.rf.be7da5abb01fa337987a1362cd441f73.jpg,01ce24b099ca7216c4cd4a114eaf891cca7c6c9d2431be578d56c16f0ab55c7a,exact_duplicate_same_label
a9436ff7215c501f,b00223_jpg,train,train,b00223_jpg.rf.e982d2d033697f052d02c6a468f9354f.jpg,01ce24b099ca7216c4cd4a114eaf891cca7c6c9d2431be578d56c16f0ab55c7a,exact_duplicate_same_label
a9436ff7215c501f,b00223_jpg,valid,train,b00223_jpg.rf.68089aa587e210f0d407c08469dfa66d.jpg,f71375f4ca6e70e112172a7c5b9693d2f0339958ffacebcdfece6888e244fb45,extra_variant_or_near_duplicate_for_train_component
ab6de8f46531985b,indir-14-_jpg,valid,test,indir-14-_jpg.rf.984924ad94cde679f58d14f6eb4683ae.jpg,68c708cae6a4d92195f147c77d8de0fbc0ef1514afe30920cb0c448f4ea18a39,extra_variant_or_near_duplicate_for_test_component
ab6de8f46531985b,indir-14-_jpg,train,test,indir-14-_jpg.rf.1d85f351f12f3b9b0d217488718a0caf.jpg,0536ed1eb6b97b82502bede58eaa43460a8464ef508b3ceb0a0390118dd65fdf,extra_variant_or_near_duplicate_for_test_component
ab7b498cadeb9402,bb0297_jpg,train,valid,bb0297_jpg.rf.0b656ff88cd9cbbb7600e79cd833543c.jpg,a9e42f71f82451d0ae7df694bc7184348914387a168d80749e0d19e0ea16f50c,exact_duplicate_same_label
ab7b498cadeb9402,bb0297_jpg,train,valid,bb0297_jpg.rf.725194882d08d22a96cfb2f4dcdd12d1.jpg,946b3fac75987bea55dc5dff8d424cb48facaca5c97078e1214ef3aabe50c864,exact_duplicate_same_label
ab7b498cadeb9402,bb0297_jpg,train,valid,bb0297_jpg.rf.cf0b0af1d8085f54ac4d64fa14412034.jpg,946b3fac75987bea55dc5dff8d424cb48facaca5c97078e1214ef3aabe50c864,exact_duplicate_same_label
ab7b498cadeb9402,bb0297_jpg,train,valid,bb0297_jpg.rf.fb0b04962ecdbbc319bb5419285f844f.jpg,a9e42f71f82451d0ae7df694bc7184348914387a168d80749e0d19e0ea16f50c,exact_duplicate_same_label
abd379591b73b27d,WIN_20220507_21_27_19_Pro_jpg,valid,train,WIN_20220507_21_27_19_Pro_jpg.rf.3f7e62892cec2048aeda9ecf31f6d589.jpg,996818614bef4cde27a05a03b4c5b3a280f5f155b4b1898844c089ba36b28db0,extra_variant_or_near_duplicate_for_train_component
abd379591b73b27d,WIN_20220507_21_27_19_Pro_jpg,valid,train,WIN_20220507_21_27_19_Pro_jpg.rf.e38923bcb21359768a4560cef9af6848.jpg,32e9a7e93a168a81c10d73f92b2a2dfa6b43172e4a039d4d06bc15f80081eda5,extra_variant_or_near_duplicate_for_train_component
abe41eca3a5a8dbe,c00467_jpeg_jpg,train,train,c00467_jpeg_jpg.rf.7b2025a3ba5f3a4620dc38931c674c7d.jpg,a3a22ee0c148bec0040742594cbb7c638b653c68fdd3fcb54e9bd06ad4118bbb,exact_duplicate_same_label
abe41eca3a5a8dbe,c00467_jpeg_jpg,train,train,c00467_jpeg_jpg.rf.9c5b8d0185616a9dfb152e9a1ff2f74f.jpg,a3a22ee0c148bec0040742594cbb7c638b653c68fdd3fcb54e9bd06ad4118bbb,exact_duplicate_same_label
abe41eca3a5a8dbe,c00467_jpeg_jpg,train,train,c00467_jpeg_jpg.rf.c4a40bdf63594296232453467cf59146.jpg,72fbd03ad7834c9b0c0f7cba9afa4925bccd84d87e11409534a4cbb4ad09a32d,exact_duplicate_same_label
abe41eca3a5a8dbe,c00467_jpeg_jpg,valid,train,c00467_jpeg_jpg.rf.4ae36262fedebb14e94c6d4f89b30cbd.jpg,cacb6595e5030bd16778f0103215674e3b7c8531bb0d7d92eaa08a53926a46aa,extra_variant_or_near_duplicate_for_train_component
ac9f399f2fe90926,1697099878247_JPEG_jpg,valid,test,1697099878247_JPEG_jpg.rf.7f42499c5c5ff913a3c3e1bc69aab638.jpg,f1cd4f96d9eaa40ba4e17885ad7543e9f26c9f1cb22ccbec10a8a5d0e5f022bb,extra_variant_or_near_duplicate_for_test_component
ac9f399f2fe90926,1697099878247_JPEG_jpg,valid,test,1697099878247_JPEG_jpg.rf.f7dcd122c560f8c53ce94cc67afb0ad0.jpg,d0116688581d31d0572f4c0a27f0faf0de3c2006cbd2904da63d0efea3b020a8,extra_variant_or_near_duplicate_for_test_component
ac9f399f2fe90926,1697099879029_JPEG_jpg,valid,test,1697099879029_JPEG_jpg.rf.842bd9b8e20b285e12c4dacf1c4e5060.jpg,85fe9c23f0949800da1d8db9ed92e78e3a0d048137deeb624028510a794255fd,extra_variant_or_near_duplicate_for_test_component
ac9f399f2fe90926,1697099878247_JPEG_jpg,train,test,1697099878247_JPEG_jpg.rf.4454ad142563fcfff67a1b12568ced71.jpg,8f435a01217c2ba53b07afc05c227a9c4b2acd95aec81caaa1f1b90e120a271b,extra_variant_or_near_duplicate_for_test_component
ac9f399f2fe90926,1697099878247_JPEG_jpg,train,test,1697099878247_JPEG_jpg.rf.606c928e301af58ae336da64ba75aecf.jpg,71ae6d007c11c8d0af5d588b728c1d553f5136779f749fa8cb92cc4d900ea46e,extra_variant_or_near_duplicate_for_test_component
ac9f399f2fe90926,1697099878247_JPEG_jpg,train,test,1697099878247_JPEG_jpg.rf.af43003867e6663f33fd632648b8f996.jpg,c0483a2666ff5b94d746a6eed613c51d5c2bc85fedd2c9623cf34a5ee3565755,extra_variant_or_near_duplicate_for_test_component
ac9f399f2fe90926,1697099878247_JPEG_jpg,train,test,1697099878247_JPEG_jpg.rf.dd9c138637b29ab38cd59bfb83fcb111.jpg,d0ff947f7f4a3fc375a56038dc7852b5faf04bcc1b3be0a7c9a94da4a6c5149c,extra_variant_or_near_duplicate_for_test_component
ac9f399f2fe90926,1697099878247_JPEG_jpg,train,test,1697099878247_JPEG_jpg.rf.e1785499274a264fe385da8a440897cc.jpg,605d0dc2b54d1a9ffeaf76dceadd6c52697b1023bde49968bab031dbc81d43ae,extra_variant_or_near_duplicate_for_test_component
ac9f399f2fe90926,1697099878247_JPEG_jpg,train,test,1697099878247_JPEG_jpg.rf.f48c8dba2ed9106e9ac1c81e0d5b527a.jpg,6228fe08f9641534c17c771df0d03c39efa63bb2ea50390300813edeb5abbf13,extra_variant_or_near_duplicate_for_test_component
ac9f399f2fe90926,1697099879029_JPEG_jpg,train,test,1697099879029_JPEG_jpg.rf.0b5f83647670c6ad5162041a091b99d0.jpg,b6a71025c389ae42d10637fa3ab8fbdd014cb2b4895509a82baba3a0db5357d7,extra_variant_or_near_duplicate_for_test_component
ac9f399f2fe90926,1697099879029_JPEG_jpg,train,test,1697099879029_JPEG_jpg.rf.1d694681a8f87be53926fe079a7de7ad.jpg,d716a086fb6ca2cc0d9b2ee958fc59827e2e7b14de98dfe193406fa86e94058e,extra_variant_or_near_duplicate_for_test_component
ac9f399f2fe90926,1697099879029_JPEG_jpg,train,test,1697099879029_JPEG_jpg.rf.384bd0eeb9bfc6378513ab041a8db516.jpg,971dead78a735e138938bd6870ef5684c7fdb057a0b5dcfecc1e88a0c2caf0c1,extra_variant_or_near_duplicate_for_test_component
ac9f399f2fe90926,1697099879029_JPEG_jpg,train,test,1697099879029_JPEG_jpg.rf.45ded1fb1f08197f626288ecf5665ac1.jpg,e33b4a513057559efcd92c01328a11f189c0a50bf0c30b13a16e3ae1b99173ad,extra_variant_or_near_duplicate_for_test_component
ac9f399f2fe90926,1697099879029_JPEG_jpg,train,test,1697099879029_JPEG_jpg.rf.4a035f307f28e73417571d5cd9430c30.jpg,9cca2030e7a5e3016011c7bf0e013d3d6248302b1a95f42c21e64add17848f52,extra_variant_or_near_duplicate_for_test_component
ac9f399f2fe90926,1697099879029_JPEG_jpg,train,test,1697099879029_JPEG_jpg.rf.55d3ab4a428a3003895cbb8618b4ceca.jpg,e9ad949c33d479447f1d71d493964a64d7917694e811d6a75dbb0a342fde18e0,extra_variant_or_near_duplicate_for_test_component
ac9f399f2fe90926,1697099879029_JPEG_jpg,train,test,1697099879029_JPEG_jpg.rf.6eeb0ac3a8f9429f082aeddb5240d1dc.jpg,e29b449cdb424f338f412d6d88fdc85196b1525ad0c23fcdfb542195444d1143,extra_variant_or_near_duplicate_for_test_component
ac9f399f2fe90926,1697099879029_JPEG_jpg,train,test,1697099879029_JPEG_jpg.rf.7ce7b018e4c3ecc986b1f11a5fa961e5.jpg,7209c34bd0b7a260f6125237b1e28973585d4bf2c3c3ad93a0bdf9529eb391db,extra_variant_or_near_duplicate_for_test_component
acdeb4f58c2bba8c,images-101-_jpg,train,train,images-101-_jpg.rf.a5f6c38b38387602288b16ed2b1c7dfc.jpg,993d9e272720ef2b9a68fb5f791a4340497cbc90136f64e72b345d87997d799e,extra_variant_or_near_duplicate_for_train_component
acdeb4f58c2bba8c,images-101-_jpg,valid,train,images-101-_jpg.rf.a79ec82afa0ae7150e5d56a76308f55f.jpg,801f555b47992b21160dad2fdbd80df1fc5512f0c068cb4a1631f17a91483fc6,extra_variant_or_near_duplicate_for_train_component
acdf36f76df0dfd6,000001_jpg,train,train,000001_jpg.rf.934e4fb58c5a027bd1a0bb5160431ab3.jpg,aece1b8a427450f67c838a90f0204aa0d70de8bf711d26c39991b570b75f6b49,exact_duplicate_same_label
acdf36f76df0dfd6,000001_jpg,train,train,000001_jpg.rf.966f4bb76934d0ade0138e7030ea6db8.jpg,ee23283a676a7ea93d6e9c1608c5a88346105f5cb845d68c06d6db45f0279f6d,exact_duplicate_same_label
acdf36f76df0dfd6,000001_jpg,train,train,000001_jpg.rf.c6bf50956c8782ff716087ac7f252a1e.jpg,aece1b8a427450f67c838a90f0204aa0d70de8bf711d26c39991b570b75f6b49,exact_duplicate_same_label
acdf36f76df0dfd6,000001_jpg,test,train,000001_jpg.rf.37a6894045cee7bbccedc936d1ca92a1.jpg,1c4ab41d5fe38f634cce55b320c6f387ba6c993bd9735c01d4f593923e916fe6,extra_variant_or_near_duplicate_for_train_component
ace333192a4f392b,WIN_20220507_21_27_18_Pro_jpg,train,train,WIN_20220507_21_27_18_Pro_jpg.rf.cbafc3561132b8b4f8ea5f441e511c14.jpg,9907e80a0925666fa5ee561de2678b855576cfa8b640a05baec949032a461f75,extra_variant_or_near_duplicate_for_train_component
ace333192a4f392b,WIN_20220507_21_27_18_Pro_jpg,valid,train,WIN_20220507_21_27_18_Pro_jpg.rf.36f62e7b64477d02643cc626f433ec06.jpg,fd2d6e7fbee23bfc1bca1a89a118304a3f29d145b3d29cdbb681251a0854edbd,extra_variant_or_near_duplicate_for_train_component
ad0fe38e81f51130,smoking_0603_jpg,test,train,smoking_0603_jpg.rf.d1afc0c0adb708edbbcc2ca62d5951fd.jpg,1952e6df6b6581594f878e1792318caf8a1cef536441a86b22b62e3cddcf62fa,extra_variant_or_near_duplicate_for_train_component
ad75013029ef4a4b,IMG_4436_jpg,train,train,IMG_4436_jpg.rf.5ff28c66a973a9acb6487c627fbc1666.jpg,e94a9f36be05654b43fb5f88bd9c5243a68ec022b9b5745c2f5db3f1b0cff29b,extra_variant_or_near_duplicate_for_train_component
ad75013029ef4a4b,IMG_4436_jpg,train,train,IMG_4436_jpg.rf.b5165821454eaeac6ecc09d6ec74c038.jpg,32bf586bc18f0a498b8b846900d0bdd7cbd87dd93676c5868e4652af152f6a64,extra_variant_or_near_duplicate_for_train_component
ad9d43545af7be75,pexels-photo-340876_jpg,valid,test,pexels-photo-340876_jpg.rf.f7c9d4aabf863d295eaa0926dd9627c2.jpg,e4dfde1afb8379b5a770c1cd94cd7e215adaec96c97f3c2bbe26149c042f7285,extra_variant_or_near_duplicate_for_test_component
ad9d43545af7be75,pexels-photo-340876_jpg,train,test,pexels-photo-340876_jpg.rf.36fc355fc3fa0279cd9a1aa4f344afad.jpg,c2389c29acea545cd8f6b7eed89f0fc6ed1d412053566511743d7b8837663665,extra_variant_or_near_duplicate_for_test_component
ada15b38651dc253,WIN_20220329_21_29_02_Pro_jpg,valid,train,WIN_20220329_21_29_02_Pro_jpg.rf.2710cc504fd5cac8c42cae67c01fe8ab.jpg,a842c4a1bcf2bbcee0ae216cbf850db5fde76ce37baf946e92957a04025d75b6,extra_variant_or_near_duplicate_for_train_component
ada15b38651dc253,WIN_20220329_21_29_02_Pro_jpg,valid,train,WIN_20220329_21_29_02_Pro_jpg.rf.6310bf2dc906a8aa535ab5716acb0c17.jpg,2497e68c41693354ff2939ea1aa5f8774f6b926ceda4a3188ca1c514903d9706,extra_variant_or_near_duplicate_for_train_component
add15110be7c35b8,c00329_jpg,train,train,c00329_jpg.rf.14431dc84aff1a4ad996c13a8841adf1.jpg,47be23fb8580c9569426a06bf60eadcb66f86ee58db752145b191d341e3b5b7e,exact_duplicate_same_label
add15110be7c35b8,c00329_jpg,train,train,c00329_jpg.rf.3c8822d23a208a74fe52f26e130eb198.jpg,bcbdd581c0cd43a7403d27eda4f0a1fdadb0e9b4512f105f4d2ba8a7fcd6e01e,exact_duplicate_same_label
add15110be7c35b8,c00329_jpg,train,train,c00329_jpg.rf.4fda061dfb35fe352071fece40ce6b52.jpg,6009c7382994f44ea862b6398ef8859f15c7ecffac963c5b495f5b47fc4298fc,exact_duplicate_same_label
add15110be7c35b8,c00329_jpg,train,train,c00329_jpg.rf.5cbcb792cafa783682a25ffcdf1b3b78.jpg,8dae12b4dca4a08acf714fc74d0181cdd497aadf2f6e84d264541e7687da03a7,exact_duplicate_same_label
add15110be7c35b8,c00329_jpg,train,train,c00329_jpg.rf.8755634438bb4507336f90b675d04e1c.jpg,bcbdd581c0cd43a7403d27eda4f0a1fdadb0e9b4512f105f4d2ba8a7fcd6e01e,exact_duplicate_same_label
add15110be7c35b8,c00329_jpg,train,train,c00329_jpg.rf.b1b8791e0d539e95125b156838720e13.jpg,04fb1d9808739ca61f3567180c638c79b10722871518ee0670ee36eeda7f2e2e,exact_duplicate_same_label
add15110be7c35b8,c00329_jpg,train,train,c00329_jpg.rf.b41dabb2666ecb125ccb932a0b116dfe.jpg,6009c7382994f44ea862b6398ef8859f15c7ecffac963c5b495f5b47fc4298fc,exact_duplicate_same_label
add15110be7c35b8,c00329_jpg,train,train,c00329_jpg.rf.c28db90fbd52df0fc349d9dcf7fc9422.jpg,8dae12b4dca4a08acf714fc74d0181cdd497aadf2f6e84d264541e7687da03a7,exact_duplicate_same_label
add15110be7c35b8,c00329_jpg,train,train,c00329_jpg.rf.e973e6ceba5baa5672a32a787ace63e4.jpg,04fb1d9808739ca61f3567180c638c79b10722871518ee0670ee36eeda7f2e2e,exact_duplicate_same_label
add15110be7c35b8,c00329_jpg,valid,train,c00329_jpg.rf.ff87cac46f99534dd92d42d314f66572.jpg,c38ce10f102ecab929edc6f3a2345a7a590e1c9573c7e21005e7d5b559747a54,extra_variant_or_near_duplicate_for_train_component
ae57b18928ae5fdb,images-85-_jpg,train,train,images-85-_jpg.rf.c7eb3ffe305cdbf4dedb9054caffd9f0.jpg,734d2fd7c37a8592e13e998b1489e345729205a1f17395d09d50a2f173315b95,extra_variant_or_near_duplicate_for_train_component
ae57b18928ae5fdb,images-85-_jpg,train,train,images-85-_jpg.rf.cd76c9713c8d9f9200f976cf4f6ca2fa.jpg,99bc3f2ca3a7186b00238293ab3eb1264b2c584d0b5fcc0af04cea7e9f064a3b,extra_variant_or_near_duplicate_for_train_component
ae57b18928ae5fdb,images-85-_jpg,test,train,images-85-_jpg.rf.6d60be7b06ccd37905459efcc73d516f.jpg,85aab731ba39d026822a1fdb352e78ff513cbd4ef2c0adaa9ed41b99468cf219,exact_duplicate_same_label
aeb6b4991394edc5,c00465_jpg,train,train,c00465_jpg.rf.36a4c126e5e01dcf53dd1e7ca334a15f.jpg,75203c68ed8f4c54ec6e3ccc5e1776350ec55fe8c2a7d3d884d45ecafcd7c1f2,exact_duplicate_same_label
aeb6b4991394edc5,c00465_jpg,train,train,c00465_jpg.rf.2b7c0339e50a8ecafaf113575054647e.jpg,4e9316a301f26a1111621acf65fd1fe231ee14d96b18ff0d73f87d06d78f2974,exact_duplicate_same_label
aeb6b4991394edc5,c00465_jpg,train,train,c00465_jpg.rf.343d62e426d2e3cf9bd4d661983ff9b1.jpg,4e9316a301f26a1111621acf65fd1fe231ee14d96b18ff0d73f87d06d78f2974,exact_duplicate_same_label
aeb6b4991394edc5,c00465_jpg,train,train,c00465_jpg.rf.ae4088c595c34b672126beebc9d9d638.jpg,30a36d539948486bae99759a76137bb4520f1521e68f7007b770eca041edc83e,exact_duplicate_same_label
aeb6b4991394edc5,c00465_jpg,train,train,c00465_jpg.rf.c01244a9ab7e9a088098d1df4ba49da2.jpg,30a36d539948486bae99759a76137bb4520f1521e68f7007b770eca041edc83e,exact_duplicate_same_label
aeb6b4991394edc5,c00465_jpg,test,train,c00465_jpg.rf.7f1628a1b8072a60c45f67b99b065e35.jpg,f95383352029f2465432f1a8b5503b59016e4b99f816fc8df99ad8b26c2efd46,extra_variant_or_near_duplicate_for_train_component
af7fe5f7fd4f7165,2_jpg,train,train,2_jpg.rf.e401fb1515770913f70913c7b68e4fbd.jpg,73a71c61974f22fc05eb8c07eabeabe435f317ff3d1b62dad43852c2365b7cbd,extra_variant_or_near_duplicate_for_train_component
af7fe5f7fd4f7165,2_jpg,train,train,2_jpg.rf.ffc2fcc852da1fc1f934ececa604f489.jpg,71545b02dbf557af38017bf14d823902de933e917bc1e59d43dfea10ce354294,extra_variant_or_near_duplicate_for_train_component
b02a45f1896ecb36,images-51-_jpg,train,train,images-51-_jpg.rf.8d0ebf39146ac778a744e8ef0dc739a5.jpg,c5478bb4071d6b3e9b94f16ce104ea895d8d673eea56d47ea23d31f277ef3a92,extra_variant_or_near_duplicate_for_train_component
b02a45f1896ecb36,images-51-_jpg,train,train,images-51-_jpg.rf.95294081d63174f3c2b3c633f930588a.jpg,0fa30e16329369dbb77c639681bf9ff3a39ce74be87d1117fe53288409f4a30c,exact_duplicate_same_label
b02a45f1896ecb36,images-51-_jpg,test,train,images-51-_jpg.rf.95294081d63174f3c2b3c633f930588a.jpg,0fa30e16329369dbb77c639681bf9ff3a39ce74be87d1117fe53288409f4a30c,exact_duplicate_same_label
b06be08bf584d850,000044_jpeg_jpg,train,train,000044_jpeg_jpg.rf.ae07a2d39a35a9c42430278b32eeaed7.jpg,a01ca067c684f88bbbe1a7957e6cb84263ba0a471c61322cf575e1f95203c09d,extra_variant_or_near_duplicate_for_train_component
b06be08bf584d850,000044_jpeg_jpg,train,train,000044_jpeg_jpg.rf.cbe6ca03bb4605d8d0c728970d4cabd3.jpg,d31af7ee88bb9cd61a3988406315258c2c2447afea7510135366e767c51711cb,extra_variant_or_near_duplicate_for_train_component
b06be08bf584d850,000044_jpeg_jpg,train,train,000044_jpeg_jpg.rf.5281eb2cfdaac66fa5b5a5b9ecb9596c.jpg,e9b21cebc4f09ccd674cfa2d8bcc5fb8339ebbf667d9a59a9f1a07cad4c25de5,exact_duplicate_same_label
b06be08bf584d850,000044_jpeg_jpg,train,train,000044_jpeg_jpg.rf.be85e98f9f41c8a56b549127a1f6cea1.jpg,771dc76101cdb531c4c39d8903d9beb4f419c6c727375b7ea624eb1dda0927c2,exact_duplicate_same_label
b06be08bf584d850,000044_jpeg_jpg,train,train,000044_jpeg_jpg.rf.f3837846fb0946aacc76d3ef4ce3c563.jpg,771dc76101cdb531c4c39d8903d9beb4f419c6c727375b7ea624eb1dda0927c2,exact_duplicate_same_label
b06be08bf584d850,000044_jpeg_jpg,train,train,000044_jpeg_jpg.rf.f9837afb283f21a4b5c571274da90f22.jpg,e9b21cebc4f09ccd674cfa2d8bcc5fb8339ebbf667d9a59a9f1a07cad4c25de5,exact_duplicate_same_label
b06be08bf584d850,000044_jpeg_jpg,test,train,000044_jpeg_jpg.rf.902f6f6c19ca70f26f102bd2c1125719.jpg,f44c43f82eea9a6d08b28d7456a973fc2885327fcfb7d1b4058128e865f7c33b,extra_variant_or_near_duplicate_for_train_component
b0c78580560c18e7,IMG_4343_jpg,train,train,IMG_4343_jpg.rf.a6f93a33a405ba23c3fad3f963a8a3e2.jpg,4dc6046a74d98ef55f6d9aea5e0c1c29bab15f9553ee50447dbe74b8fd08f5e4,extra_variant_or_near_duplicate_for_train_component
b0c78580560c18e7,IMG_4343_jpg,train,train,IMG_4343_jpg.rf.e731ab04e68ceca8a393abde375717f3.jpg,6f0780297a67d500f3edf7945825126cd88d84190709f4a3355c996996436c7f,extra_variant_or_near_duplicate_for_train_component
b0fcfe644c937e9c,WIN_20220329_21_30_02_Pro_jpg,train,train,WIN_20220329_21_30_02_Pro_jpg.rf.586998329303ee87e7b134a880d966cf.jpg,5447975740f34de917cc6f7abb147b5e612f304fb5ab52c7150ba5b078d7c2e3,extra_variant_or_near_duplicate_for_train_component
b0fcfe644c937e9c,WIN_20220329_21_30_02_Pro_jpg,valid,train,WIN_20220329_21_30_02_Pro_jpg.rf.fd2576bccc5696381d43a5420a360aa0.jpg,2cefef4caecc60a5644c56796c579831dfce95a9363e937e48c773d09d99d24f,extra_variant_or_near_duplicate_for_train_component
b17eca976a8d697e,bb0488_jpg,train,train,bb0488_jpg.rf.7304bc537e3ba2bf4a88e046f8935585.jpg,a52ba89106bda36d5439fa7cab8395f6c7878e54d04d67a6988283b3d271e9f1,exact_duplicate_same_label
b17eca976a8d697e,bb0488_jpg,train,train,bb0488_jpg.rf.b8e2a2681e8b17ab737bafb2de0e8718.jpg,4609376e66877c15265f2a60330b5cc12de45e44f1771d25033fe821da35750d,exact_duplicate_same_label
b17eca976a8d697e,bb0488_jpg,train,train,bb0488_jpg.rf.e0db0b492e8019e3d00e6f02b4941229.jpg,8a39be685bd1375797dbe8a64aa526c0d62ca0d1b3f4c936979bea69d331728c,exact_duplicate_same_label
b17eca976a8d697e,bb0488_jpg,train,train,bb0488_jpg.rf.e5cf14817c7d4a9f088010450331777f.jpg,a52ba89106bda36d5439fa7cab8395f6c7878e54d04d67a6988283b3d271e9f1,exact_duplicate_same_label
b17eca976a8d697e,bb0488_jpg,train,train,bb0488_jpg.rf.f32a73803c4768529378245324da5cd5.jpg,8a39be685bd1375797dbe8a64aa526c0d62ca0d1b3f4c936979bea69d331728c,exact_duplicate_same_label
b18995fbd0d92020,11_jpg,train,train,11_jpg.rf.f8aeda6f9d8b5d89a1313f428d8421fc.jpg,07bb5f52d836742329a148ca94d17a7e3cb38ec564823cf04789d3ff7e28f954,extra_variant_or_near_duplicate_for_train_component
b18995fbd0d92020,11_jpg,valid,train,11_jpg.rf.4ea1507ab0b54a017f82cd6dc2be0221.jpg,4eb859cbae6ae75cbbcbf120dc9c327962048f974e2dc53e19dd66b9bd81d2e0,extra_variant_or_near_duplicate_for_train_component
b1ae1617c5cf2358,bb0600_jpg,train,test,bb0600_jpg.rf.3af576607c94a44711ba6f441ec8138f.jpg,1466341e70f5982417ba929295008b33691a3b6cf352a07d4614fcf2232c9d33,exact_duplicate_label_conflict
b1ae1617c5cf2358,bb0600_jpg,train,test,bb0600_jpg.rf.483125752e2cb45e94e3bdc2f35f6bfe.jpg,5b70d57f575609b9f134334ff2c0cc9273c3aa1021514dec8809a5ac737deb93,exact_duplicate_label_conflict
b1ae1617c5cf2358,bb0600_jpg,train,test,bb0600_jpg.rf.bd29682b5fe363aaacd523d66ca97c74.jpg,1466341e70f5982417ba929295008b33691a3b6cf352a07d4614fcf2232c9d33,exact_duplicate_label_conflict
b1ae1617c5cf2358,bb0600_jpg,train,test,bb0600_jpg.rf.ea13058e4e910f9cd35ae31e24b976d4.jpg,803ca024392f0241e2a7bf65a18bbc0aa03e773773d299dbaeadee620f499e19,exact_duplicate_label_conflict
b1ae1617c5cf2358,bb0600_jpg,train,test,bb0600_jpg.rf.edb9c3cf44d34ca27f882bf1492bff81.jpg,5b70d57f575609b9f134334ff2c0cc9273c3aa1021514dec8809a5ac737deb93,exact_duplicate_label_conflict
b1bc7952e9457a88,000178_jpg,train,train,000178_jpg.rf.851fe5e71d2ce29c83bc35b518ee0252.jpg,2b36298342923dbe71f6518cbec2945ddbb93be6e424cfa41f94c6b2a1e26131,exact_duplicate_same_label
b1dc89b9a1d7aa9c,IMG_4561_jpg,train,train,IMG_4561_jpg.rf.b7f61dad233c5f15f9b537d360dd50e7.jpg,6b4d19be12ef9630e91f693d7771c37bcf1eed25bcae4cf50c4497c8fef074d5,extra_variant_or_near_duplicate_for_train_component
b1dc89b9a1d7aa9c,IMG_4561_jpg,train,train,IMG_4561_jpg.rf.d864de3c421475adfd9870cb9e5e1b0b.jpg,d654bcf708ffac229bc3da2959c75b715febefd61d8cd8ef86a212a9b11b3739,extra_variant_or_near_duplicate_for_train_component
b2bb2751779d481f,IMG_4386_jpg,train,train,IMG_4386_jpg.rf.6d11797586cdec5c0d6e7b641736e6cc.jpg,b5019983003bbff5988ae97d35f3a209545aff90d3ce7fd602fc1a30e95dcfca,extra_variant_or_near_duplicate_for_train_component
b2bb2751779d481f,IMG_4386_jpg,train,train,IMG_4386_jpg.rf.cc038fd9d094d84b9b048fb531e375c2.jpg,0de6642c940ee016475a13c8d54bfcbd737aa37b31d5e7922fb1b3cfea85728b,extra_variant_or_near_duplicate_for_train_component
b30289c206e20681,c00014_png_jpg,train,train,c00014_png_jpg.rf.278a8362ba23a2084a12b7017f3c4800.jpg,77e484707ebd341527ce0ff88622644895e8e00c22252d09bef2932538d9070e,exact_duplicate_same_label
b30289c206e20681,c00014_png_jpg,train,train,c00014_png_jpg.rf.4b2810597791eb6c8dbc3dca32313fca.jpg,77e484707ebd341527ce0ff88622644895e8e00c22252d09bef2932538d9070e,exact_duplicate_same_label
b30289c206e20681,c00014_png_jpg,train,train,c00014_png_jpg.rf.517785b8ca33321f661da76748d04805.jpg,731efd2f80ba8be971a675fc2e4f3f7a399bcc81b40889da363c1e1fb99d8148,exact_duplicate_same_label
b30289c206e20681,c00014_png_jpg,train,train,c00014_png_jpg.rf.5d0c49f7094c4d6d0b38d9e868b3d600.jpg,36af8ad3e90ba555237c727403a7e887dabd567ac4d09a2f7cacd93e1ab1ebe9,exact_duplicate_same_label
b30289c206e20681,c00014_png_jpg,train,train,c00014_png_jpg.rf.dc2a0c024f79f80732bccd2209f0ca00.jpg,36af8ad3e90ba555237c727403a7e887dabd567ac4d09a2f7cacd93e1ab1ebe9,exact_duplicate_same_label
b30289c206e20681,c00014_png_jpg,train,train,c00014_png_jpg.rf.e33764647d4d81a779cf1f5cd6246cd4.jpg,4ddeddb50fada7755815b44b5fe9abeb90b4bcb293bfcd873bfc809572193ba9,exact_duplicate_same_label
b30289c206e20681,c00014_png_jpg,train,train,c00014_png_jpg.rf.f1f3437585dd0777fb3a2e1602bb1e15.jpg,4ddeddb50fada7755815b44b5fe9abeb90b4bcb293bfcd873bfc809572193ba9,exact_duplicate_same_label
b30289c206e20681,images-105-_jpg,train,train,images-105-_jpg.rf.7e29bbf25bbf3160d0d70721dc3779e4.jpg,e64cc31b7dcee0ba8eb6d30defdefca17d0c01c1f6d8fdeeff7f36404a19d970,extra_variant_or_near_duplicate_for_train_component
b30289c206e20681,c00014_png_jpg,valid,train,c00014_png_jpg.rf.4785b38aee9b8111162bb3978f26ca17.jpg,fdbb7428285452005d2edaa103b3156e0970f67196da33389ef78de063291714,extra_variant_or_near_duplicate_for_train_component
b30289c206e20681,c00014_png_jpg,valid,train,c00014_png_jpg.rf.bc681aed4cc9e7f14ab1a42c1afe1841.jpg,3865b2149b97260e67350c501f434491fe6255192f86e5449013d5f2705bfc26,extra_variant_or_near_duplicate_for_train_component
b30289c206e20681,images-105-_jpg,valid,train,images-105-_jpg.rf.343e75984e6edd79c5cda9aed8784d94.jpg,0da2eb943b27a0e8b9b5e884027297890d5f5787df4d1bed6ddec851c977b596,extra_variant_or_near_duplicate_for_train_component
b30289c206e20681,images-105-_jpg,valid,train,images-105-_jpg.rf.e4fc445573b6d0a347106be5d6998062.jpg,31c3334121f3e87c2ccd4a54eef152cd6cf64ecec4b598f96b250b0d665e2e1d,extra_variant_or_near_duplicate_for_train_component
b37f615674c7c0f8,imddages_jpg,test,test,imddages_jpg.rf.b3523af572d34da9106d9f2ad0fc82c7.jpg,055b35be96ddfdf6425273f78c61a9b7b4449bddeaef1fbafba84e1e32c70649,exact_duplicate_same_label
b37f615674c7c0f8,imddages_jpg,train,test,imddages_jpg.rf.696aca020b84b9559c083cbd6c5e2851.jpg,a53f9648539956c47a580a7bf00b7818c3de505ad540a90a265225cf5857d08d,exact_duplicate_same_label
b37f615674c7c0f8,imddages_jpg,train,test,imddages_jpg.rf.6ea6e1ff661be155498cf0f94495a846.jpg,73cbf39e58342bee619dd2a0a008e8d47b065f553995c0ddaf13a2a506aabcb6,extra_variant_or_near_duplicate_for_test_component
b37f615674c7c0f8,imddages_jpg,train,test,imddages_jpg.rf.b3523af572d34da9106d9f2ad0fc82c7.jpg,055b35be96ddfdf6425273f78c61a9b7b4449bddeaef1fbafba84e1e32c70649,exact_duplicate_same_label
b390d89df83836d6,IMG_4539_jpg,train,train,IMG_4539_jpg.rf.f50ba0e29c18c040cae1eca59d443d69.jpg,1dd0781bef7da1b1e0ee7786bb2615a4f3f4b281a5684b004ba55bc57770fea7,extra_variant_or_near_duplicate_for_train_component
b390d89df83836d6,IMG_4539_jpg,train,train,IMG_4539_jpg.rf.ff942572df00fa178e381b131a454480.jpg,5f638484fa6ae634d345fd78af95cc58a24d1844f3c82faef76affc3a23d703c,extra_variant_or_near_duplicate_for_train_component
b390d89df83836d6,IMG_4540_jpg,train,train,IMG_4540_jpg.rf.24099c6be9ffb45ba6164c26135c985a.jpg,3478c36e15fb276f7ff810be17a62aa050a968b9a5c326f6d984135d5bbef0bd,extra_variant_or_near_duplicate_for_train_component
b390d89df83836d6,IMG_4540_jpg,train,train,IMG_4540_jpg.rf.36042205fff765b75139cbe3a57f2f25.jpg,f6a16cc0f5748912f0b099ac9c44470f72b3380f2a5181a3f37436e4cd7ce1c9,extra_variant_or_near_duplicate_for_train_component
b390d89df83836d6,IMG_4540_jpg,train,train,IMG_4540_jpg.rf.7674ed981175031d830607ffbad2d82c.jpg,d06e42ac3410ac177d804ea7a1ccd272b0dac9d9967541b583506d4e4d64814e,extra_variant_or_near_duplicate_for_train_component
b43cf2696b00e685,WIN_20220507_21_28_39_Pro_jpg,train,train,WIN_20220507_21_28_39_Pro_jpg.rf.97388260b9e847c59ae656505ca0b097.jpg,d954b17b5e6133ccaa63d9d66f08de84e1f0dba1b0d574ce8deedb5ae4b5f694,exact_duplicate_same_label
b43cf2696b00e685,WIN_20220507_21_28_39_Pro_jpg,valid,train,WIN_20220507_21_28_39_Pro_jpg.rf.a5c989cfa00f44a8b83afcd8c90a9387.jpg,48755163df839d6361f51f0d945dcc9ee5b3673d3b72be666447ae65d34ad1cd,extra_variant_or_near_duplicate_for_train_component
b43cf2696b00e685,WIN_20220507_21_28_39_Pro_jpg,test,train,WIN_20220507_21_28_39_Pro_jpg.rf.97388260b9e847c59ae656505ca0b097.jpg,d954b17b5e6133ccaa63d9d66f08de84e1f0dba1b0d574ce8deedb5ae4b5f694,exact_duplicate_same_label
b5264b7bbd1273c7,IMG_4380_jpg,train,valid,IMG_4380_jpg.rf.ce7245d9efb98290038cdd54ba38c80b.jpg,92c145d65bcda89f74b57711dd4901623bb0726d09e371fcf8bdf4cf58d44a47,extra_variant_or_near_duplicate_for_valid_component
b5264b7bbd1273c7,IMG_4380_jpg,train,valid,IMG_4380_jpg.rf.fbdc88a524cee9a51717ad75196b1809.jpg,8281f3a54e06fbe5555c856112e65ff647116b4e47e841230f63cad054652f86,extra_variant_or_near_duplicate_for_valid_component
b528c2f33a115a05,bb0124_jpg,train,train,bb0124_jpg.rf.9e35c94be83a109f9732815e3779cda9.jpg,f429a0d4d4d4f6531bfd1504cae2728bfdaefe8672085ac9a23b2fe916ea8b37,exact_duplicate_same_label
b580aace9f19bb35,images-43-_jpg,valid,train,images-43-_jpg.rf.12bfa1e5accc3e75f597ec2a1d1199eb.jpg,1fc17bdd91f7aeb5d02fbfd59d2c936d6de25acccfcb49dc5666cf53abb947e0,extra_variant_or_near_duplicate_for_train_component
b580aace9f19bb35,images-43-_jpg,valid,train,images-43-_jpg.rf.2ef3251886aceeacc706ad24e16cd8d5.jpg,168efb969f7abc785964e65282cf6a74191e809cb83c718fc7d1eebf47d84cd2,extra_variant_or_near_duplicate_for_train_component
b6017d6cedd7a49f,000281_jpg,train,train,000281_jpg.rf.30fbc30598313ddbb615546ea935f8cb.jpg,ec9f0bc342bfaa3bb368d077d7935d6d403819b18a9d403c6b00e8461f3d9469,exact_duplicate_same_label
b6017d6cedd7a49f,000281_jpg,valid,train,000281_jpg.rf.0c9a206fa7baf869f0b3214999b3bcee.jpg,8aae37846f19f92d5d5f62af5ad573363eeeabde2edf93a1e855fb3410a0a264,extra_variant_or_near_duplicate_for_train_component
b6017d6cedd7a49f,000281_jpg,valid,train,000281_jpg.rf.7dc1bef334dda89d8f75bd7ce61318a3.jpg,daeef228274d106602d9636957ec26028605e6a4083d8570ebe8afe56df5222f,extra_variant_or_near_duplicate_for_train_component
b60738e52d7d84f4,1_jpg,train,train,1_jpg.rf.ac9a311302919c8a66190fa5c01eaccf.jpg,c335ed085cbd9d9da5923cca23def7933a128430532b2f3bf68c3b67f8569177,extra_variant_or_near_duplicate_for_train_component
b60738e52d7d84f4,1_jpg,train,train,1_jpg.rf.eb7e1cb0e4d3e5f4e5c00aefafd389d4.jpg,53228e1b9fc69462110532dbba2e4f2aa9da07fb14a3d6bd842ab7d7d9695b78,extra_variant_or_near_duplicate_for_train_component
b693ca1ce6969b7e,WIN_20220507_23_10_44_Pro_jpg,train,train,WIN_20220507_23_10_44_Pro_jpg.rf.e7f3f00adaa87a9bc395bedb62b7c340.jpg,de8218558e168847e2ba2e358284a0761e97f20217062f7a84039eeacea8cc3c,extra_variant_or_near_duplicate_for_train_component
b693ca1ce6969b7e,WIN_20220507_23_10_44_Pro_jpg,train,train,WIN_20220507_23_10_44_Pro_jpg.rf.ed01e4b0cdb39c18d29218ab0fc36272.jpg,f809a1819f2a1244d6ba3e0f7ec8ddedbbffd01dc5b8ce4971a03e6a2d4df72a,extra_variant_or_near_duplicate_for_train_component
b70dd15c1506147d,c00035_jpg,train,train,c00035_jpg.rf.21631c96fb19538fc4d5f4dc75978203.jpg,8dc0d031aaee48948b9d14bdc03cb43047457f5fa8f03fe5e32a3046c3940a02,exact_duplicate_same_label
b70dd15c1506147d,c00035_jpg,train,train,c00035_jpg.rf.36fa8d74ebc1200a6a4b53774e3751fc.jpg,76008651135c0cdb936b3f701f26865432a52a847e8df2ce883ad8e950cbd062,exact_duplicate_same_label
b70dd15c1506147d,c00035_jpg,train,train,c00035_jpg.rf.3933f6f4278283d0dcf4897316e4003c.jpg,7b75596122d4e908177c123f2a14aac4da7e6b2df60eb817d596d447800cf86a,exact_duplicate_same_label
b70dd15c1506147d,c00035_jpg,train,train,c00035_jpg.rf.4194db6d30b8334dcd0d0c6d43ddc7a7.jpg,7b75596122d4e908177c123f2a14aac4da7e6b2df60eb817d596d447800cf86a,exact_duplicate_same_label
b70dd15c1506147d,c00035_jpg,train,train,c00035_jpg.rf.9520ebf27848b762b84784eb553d9f00.jpg,cc5219dfbe5edb7dfce89d889d3b5bfa4bbce5fabce714f10233edcf347d6bcc,exact_duplicate_same_label
b70dd15c1506147d,c00035_jpg,train,train,c00035_jpg.rf.af1960e1177208c1c9fba8cee4870305.jpg,a4227ef93f4385f0adff826fafb69744a0175394911b79e8677eb9a3f49d9f33,exact_duplicate_same_label
b70dd15c1506147d,c00035_jpg,train,train,c00035_jpg.rf.bdbc3ab0b482c84c40d4f5573797ba44.jpg,76008651135c0cdb936b3f701f26865432a52a847e8df2ce883ad8e950cbd062,exact_duplicate_same_label
b70dd15c1506147d,c00035_jpg,train,train,c00035_jpg.rf.e51f27fa8cc5f3795a711481def5a0ab.jpg,8dc0d031aaee48948b9d14bdc03cb43047457f5fa8f03fe5e32a3046c3940a02,exact_duplicate_same_label
b70dd15c1506147d,c00035_jpg,train,train,c00035_jpg.rf.ef3f5da0bb8654ff584376b9e207995a.jpg,a4227ef93f4385f0adff826fafb69744a0175394911b79e8677eb9a3f49d9f33,exact_duplicate_same_label
b70dd15c1506147d,c00035_jpg,valid,train,c00035_jpg.rf.ae279b6818898e09ff0fab75365b0f4d.jpg,354e20f1cab676750a61a7519d566223dcf075245a9fa1288b014d808aeea0dd,extra_variant_or_near_duplicate_for_train_component
b7abb6f22dead06c,small-62-_jpg,train,train,small-62-_jpg.rf.e5aee85f526384845bb41d25a4b5bb00.jpg,736cefa3595ecef307db85d1ce5136c46d88af8d87d0f1d3335cc6ba32fd922b,extra_variant_or_near_duplicate_for_train_component
b7abb6f22dead06c,small-62-_jpg,valid,train,small-62-_jpg.rf.d512787c0e6f473c30ca89376a2c5ebb.jpg,8d5e92edf48c926d99dc0f7081704f1b5704d37d72288ded239f1bb9e9ad99e6,extra_variant_or_near_duplicate_for_train_component
b7abb6f22dead06c,small-62-_jpg,test,train,small-62-_jpg.rf.4370821b1dbd06b8aba1bb23b1521c43.jpg,dfb5b3ae3f612130e5f7b6efce35b1e0a7cb2ad92c7a601b064e429b5cdf8eb9,exact_duplicate_same_label
b7dfb2df2a06684e,a00127-0_jpg,train,train,a00127-0_jpg.rf.fdb88bd651df00a4659549812e26f276.jpg,c79c6b99fcc5d5aba7a9e32e571226d565ea3da5187ca705c41cd78513a98f68,exact_duplicate_same_label
b7dfb2df2a06684e,a00127-0_jpg,valid,train,a00127-0_jpg.rf.d11cba4c001931fc12e0c962b1affcba.jpg,8e14de063f429b1b437da764f0531e621eba5c36e053caa344dda7960db3efbf,extra_variant_or_near_duplicate_for_train_component
b7dfb2df2a06684e,a00127-0_jpg,valid,train,a00127-0_jpg.rf.fee278b8f44a569b80df9c419c3afaa2.jpg,8b1839ef1a0b426eacce0c60b1e6534db98e2524864adb1862943690bc10ad97,extra_variant_or_near_duplicate_for_train_component
b8090374482060fa,WIN_20220507_20_59_10_Pro_jpg,train,train,WIN_20220507_20_59_10_Pro_jpg.rf.c501fd7c4bd27963ebaaad32c4737483.jpg,d0fbfcf5d3170df12e87a7087bc538cefbc9df54bc7c6d38dc91da5bc9184abb,extra_variant_or_near_duplicate_for_train_component
b8090374482060fa,WIN_20220507_20_59_10_Pro_jpg,valid,train,WIN_20220507_20_59_10_Pro_jpg.rf.13f2ee32168664cba57b23896c323797.jpg,334dbe8eb516303b2ad68ac2053dc46b37744caa010b32c376ad7247c67b4f0b,extra_variant_or_near_duplicate_for_train_component
b82847805661b8b2,1697100022686_JPEG_jpg,train,train,1697100022686_JPEG_jpg.rf.45c240d50bbdf5bd6a2155f52b1f6a47.jpg,115a586d2f062d4db0638d6d63b5bf2cafd22d2f45dce0cc6bd3655166f302d1,extra_variant_or_near_duplicate_for_train_component
b82847805661b8b2,1697100022686_JPEG_jpg,train,train,1697100022686_JPEG_jpg.rf.4c77c2afa7d8dd243adfcb4f5b4ce43c.jpg,ef3b7838cf6647760dc158ac9a11128cbbed3b524b4e692db5d5121c46f85183,extra_variant_or_near_duplicate_for_train_component
b82847805661b8b2,1697100022686_JPEG_jpg,train,train,1697100022686_JPEG_jpg.rf.54f968ee338c913b8cd8a94097df08ee.jpg,d67ed5ba85778d4fc166eb331a7b36a5d213361a9e8aae75abe58e678e97cab6,extra_variant_or_near_duplicate_for_train_component
b82847805661b8b2,1697100022686_JPEG_jpg,train,train,1697100022686_JPEG_jpg.rf.a0f11c03ff9eb5dfc02111b3aaa7c845.jpg,e03b5535b9721c356bbee0b084085119f82080e246c417bd30d152b9b1dfe7e3,extra_variant_or_near_duplicate_for_train_component
b82847805661b8b2,1697100022686_JPEG_jpg,train,train,1697100022686_JPEG_jpg.rf.a697e803b3c8dc61a6f736be734b3102.jpg,9f5ed100fa08f1585b972fb3f2619a941cb72bfdfa476d21b44befe8e80d54b6,extra_variant_or_near_duplicate_for_train_component
b82847805661b8b2,1697100022686_JPEG_jpg,train,train,1697100022686_JPEG_jpg.rf.c5993df029975124cc79779ff8fdc3a3.jpg,806ffb8e441b6b5ba9c57fd250756d78b699f3ff1e66dc106e86113fe2893478,extra_variant_or_near_duplicate_for_train_component
b82847805661b8b2,1697100022686_JPEG_jpg,train,train,1697100022686_JPEG_jpg.rf.cc763e2a22848b14335ed0227b48f951.jpg,429f03c16884bddfe942f9c26774d0522fb521642b9ea33559ad817f7920cd27,extra_variant_or_near_duplicate_for_train_component
b82847805661b8b2,1697100022686_JPEG_jpg,valid,train,1697100022686_JPEG_jpg.rf.9265fa77581604b87ba27956a8f3b0eb.jpg,40cb33fe50aab2af23645ef157e0a29e07e6e0814c5b5f16846b9ae808a2ebf4,extra_variant_or_near_duplicate_for_train_component
b897f8bd6f1ae401,a0009-0-0_jpg,train,train,a0009-0-0_jpg.rf.d52562bb9e3d130be7562de5130de8ad.jpg,d4725223d7ad84f75c464087fa2ce6e3f4cd10286c1e1f7dbcda192f09669b4f,exact_duplicate_same_label
b897f8bd6f1ae401,a0009-0-0_jpg,train,train,a0009-0-0_jpg.rf.ded6f0e29541f50c3c17043784d47eac.jpg,f1c1d0d36e5b98db7027b1a6911504dbbd02e374d0c400435e96f89f939a43bd,exact_duplicate_same_label
b897f8bd6f1ae401,a0009-0-0_jpg,train,train,a0009-0-0_jpg.rf.eb5f8f71606f04e025576d3ccc79a8df.jpg,f1c1d0d36e5b98db7027b1a6911504dbbd02e374d0c400435e96f89f939a43bd,exact_duplicate_same_label
b897f8bd6f1ae401,a0009-0-0_jpg,test,train,a0009-0-0_jpg.rf.c2562be7e6eb3562b1fe2cfac3b4114a.jpg,1ebfcb96db6a9ddbb700d22aacfc025eb56fe30d04babfc32e44f165f0f0fb0f,extra_variant_or_near_duplicate_for_train_component
b9cb37998cf066f4,1697100070975_JPEG_jpg,train,train,1697100070975_JPEG_jpg.rf.33e6afbbbb9662b00963f22848baa7c9.jpg,55fc81b8b7dcce634363ce86268327524b5c9963efe1512844ab040701826d3f,extra_variant_or_near_duplicate_for_train_component
b9cb37998cf066f4,1697100070975_JPEG_jpg,train,train,1697100070975_JPEG_jpg.rf.355a77f9de1d8e39d03d2915746e9e6e.jpg,35d7e4921ba078bb86aec6c5e8c0bdba474732c3bf51a2b363320914623ccd5f,extra_variant_or_near_duplicate_for_train_component
b9cb37998cf066f4,1697100070975_JPEG_jpg,train,train,1697100070975_JPEG_jpg.rf.377ab600be932b0a8013bd4ac17a154a.jpg,b6b486093e245dcdd59618f42f840652b1dc7f4ec36b3dbfb921edb836005458,extra_variant_or_near_duplicate_for_train_component
b9cb37998cf066f4,1697100070975_JPEG_jpg,train,train,1697100070975_JPEG_jpg.rf.5afa51f4a67854fb2b64971e09a3b271.jpg,0cc4b28293e2c296bcabace989408eadf17ae911e0330b8d6f4a94b0042ebff7,extra_variant_or_near_duplicate_for_train_component
b9cb37998cf066f4,1697100070975_JPEG_jpg,train,train,1697100070975_JPEG_jpg.rf.c925dcbd8f7540b3fc4685425f32fad3.jpg,6cb1698885ee6fa8c6974585e2d8713481676a7908ca7f7be3cbb12ce5a7c721,extra_variant_or_near_duplicate_for_train_component
b9cb37998cf066f4,1697100070975_JPEG_jpg,train,train,1697100070975_JPEG_jpg.rf.fe0075c3fcac44329fe6053400d23ff0.jpg,4d7cf3eeea5a5ce5b07cb407d5c96224b9363c0e466421ed61f7e1f26e691919,extra_variant_or_near_duplicate_for_train_component
b9cb37998cf066f4,1697100070975_JPEG_jpg,valid,train,1697100070975_JPEG_jpg.rf.31357594b620e3172154f31b36beef50.jpg,675fe8f6aca68db772a4f00269994fa60f9ea7af87ce6ba80ba909510c69f765,extra_variant_or_near_duplicate_for_train_component
b9cb37998cf066f4,1697100070975_JPEG_jpg,valid,train,1697100070975_JPEG_jpg.rf.b83a43224715b95a10791449500a8f70.jpg,1e4d73dd55a83e1198206ebebb9ddce7f1c4d0974fe997cf1472658f01dba824,extra_variant_or_near_duplicate_for_train_component
ba01438f85ceda51,c00043_jpg,train,train,c00043_jpg.rf.3451a1160da76b621b1804a1660e302c.jpg,1cc63a5402d018096d4478cde895f5c200d620cccf24365166952804f5a501b8,exact_duplicate_same_label
ba01438f85ceda51,c00043_jpg,train,train,c00043_jpg.rf.50f88222258d649576902f5c23131053.jpg,9224a19931fcdeaad1b18dd6ee6a6be7ba1cc561522973ff578e50d70eb3d171,exact_duplicate_same_label
ba01438f85ceda51,c00043_jpg,train,train,c00043_jpg.rf.5a9f19ad38b69f311b7466b619d04e5e.jpg,9224a19931fcdeaad1b18dd6ee6a6be7ba1cc561522973ff578e50d70eb3d171,exact_duplicate_same_label
ba01438f85ceda51,c00043_jpg,valid,train,c00043_jpg.rf.689c7479ccb09a661cdc59ad7103e57c.jpg,54ed3dcf74b7d96a9d639c740828587b1fb4a79336b41782cbf8274b72fe68b5,extra_variant_or_near_duplicate_for_train_component
ba01438f85ceda51,c00043_jpg,valid,train,c00043_jpg.rf.77a780ae9e89ae309e6027ebacef25f9.jpg,83d8984b8db7887e284846a6ef5f489c9c6b6899870f1439107a44ff662c962e,extra_variant_or_near_duplicate_for_train_component
ba01438f85ceda51,c00043_jpg,valid,train,c00043_jpg.rf.7e75cad563db052ed7ccc8b0dd2b2e41.jpg,204740d2a65a681f79e448080f74254eb5d68c48a0fcef3a08369a6d82f81d1f,extra_variant_or_near_duplicate_for_train_component
ba01438f85ceda51,c00043_jpg,valid,train,c00043_jpg.rf.ea8626030cfb0e5d86459ce5d2b37d3f.jpg,8e7f3e681ad131da49eeac70e3f64739c4a446b282af59c07b4e508c9e085781,extra_variant_or_near_duplicate_for_train_component
ba4a607a1f0ede7e,IMG_4450_jpg,train,train,IMG_4450_jpg.rf.0e096cf6aed403def63530d83325c0a9.jpg,590c0990746d4215cf18fea97e340a92757bc8c34db1df750cee4657b1fc7c9c,extra_variant_or_near_duplicate_for_train_component
ba4a607a1f0ede7e,IMG_4450_jpg,train,train,IMG_4450_jpg.rf.aa9b6e51e1f2080e3c11ee514930764e.jpg,89b290f25e90eb16921c1e57350eac7d3fdbd4e288fc468f5d10c02af0db758f,extra_variant_or_near_duplicate_for_train_component
badcc0f927fbde67,WIN_20220507_21_28_40_Pro_jpg,valid,train,WIN_20220507_21_28_40_Pro_jpg.rf.7dd5afe9a1f50a3f28fe94f7473e634c.jpg,a46791630bf87a2df283ef7f142cb35b9625948c1d893958086113ee75505b9a,extra_variant_or_near_duplicate_for_train_component
badcc0f927fbde67,WIN_20220507_21_28_40_Pro_jpg,valid,train,WIN_20220507_21_28_40_Pro_jpg.rf.ef08a3de529bd939d03684dbedc47652.jpg,094c0c8bd2134e404a8893e2c3795cc8c6188a4d75a3251cea0e1df190cd364f,extra_variant_or_near_duplicate_for_train_component
bb1aef7c790f6aa1,images-60-_jpg,train,test,images-60-_jpg.rf.7cbfcdae877a4f409b722eadb88166bb.jpg,183b54d08650bed2083d0d5245e2c5b138af83f0c9f7c6d6f999a0134e22b779,extra_variant_or_near_duplicate_for_test_component
bb1aef7c790f6aa1,images-60-_jpg,train,test,images-60-_jpg.rf.e96a39c6f91313ccc2a8f628f2282c81.jpg,8edf647178bca8ad04470be91e72d2c2ac94ebe1b74c74601104e7cc33e1ec16,extra_variant_or_near_duplicate_for_test_component
bb71f8f2c1daff0e,gg0126_jpeg_jpg,test,test,gg0126_jpeg_jpg.rf.f1ddc1fec3e9a8228dfcfccde14d2929.jpg,4ba6fc52135347446d376ab2621c404497aa0429ca5855d7a3f5f42f46f6a2aa,extra_variant_or_near_duplicate_for_test_component
bb71f8f2c1daff0e,gg0126_jpeg_jpg,train,test,gg0126_jpeg_jpg.rf.bff322577579541ef4819ad082cf336b.jpg,95638960d00115ed9f0db33facd2eadf9295214a8bacd21014b2b955db058600,exact_duplicate_same_label
bb71f8f2c1daff0e,gg0126_jpeg_jpg,train,test,gg0126_jpeg_jpg.rf.f5307f2efb9ecb0207f6d1207e52a655.jpg,95638960d00115ed9f0db33facd2eadf9295214a8bacd21014b2b955db058600,exact_duplicate_same_label
bc136145eea95938,gg0031_jpg,train,train,gg0031_jpg.rf.111e75cbc246bc620c218617860cdc9f.jpg,1a464d4987ce2418795745dd1c1408f0fa4de5f5ab3362ae7a62b130599d89e4,exact_duplicate_same_label
bc136145eea95938,gg0031_jpg,train,train,gg0031_jpg.rf.31f52a1af91b76fec8e3da3dd879680f.jpg,6d8999a4973ab33617c2bb9563406a9e05d54f49916f8ef95b06b58a8ec7f5d7,exact_duplicate_same_label
bc136145eea95938,gg0031_jpg,train,train,gg0031_jpg.rf.80297c3fbd16534bfd5531fdb1464988.jpg,6d8999a4973ab33617c2bb9563406a9e05d54f49916f8ef95b06b58a8ec7f5d7,exact_duplicate_same_label
bc136145eea95938,gg0031_jpg,train,train,gg0031_jpg.rf.87279eb2a076359a2133fc3b1e2096b0.jpg,ae7dafb824c572d370da6c4439b0a502de96f1641e36d1be2760da001c21e177,exact_duplicate_same_label
bc136145eea95938,gg0031_jpg,train,train,gg0031_jpg.rf.b815d482497db65c1b43ac0909341996.jpg,1a464d4987ce2418795745dd1c1408f0fa4de5f5ab3362ae7a62b130599d89e4,exact_duplicate_same_label
bc3e2d70c08a37e6,bb0568_jpg,train,train,bb0568_jpg.rf.5b40d2e1ec7533025b3e9afba28f712d.jpg,62ef2a72696717d141509b5416b92618f82027b78fb55a7048149e6b29c62377,exact_duplicate_same_label
bc3e2d70c08a37e6,bb0568_jpg,train,train,bb0568_jpg.rf.988bdb78dea2c75a56eef5caa29ef59d.jpg,62ef2a72696717d141509b5416b92618f82027b78fb55a7048149e6b29c62377,exact_duplicate_same_label
bc3e2d70c08a37e6,bb0568_jpg,train,train,bb0568_jpg.rf.c2c52d473f34a17942e6109f453cab74.jpg,6384c9c340292d661198abc7c96a138284574210119264571d4d24a522528c3b,exact_duplicate_same_label
bc3e2d70c08a37e6,bb0568_jpg,test,train,bb0568_jpg.rf.5d61d605a3da38bb6a65be2347550a68.jpg,929f3280adeb286ad12e96fc9f1501771382ffe5092cfa3dcd88956ad2968691,extra_variant_or_near_duplicate_for_train_component
bcd3e77477196270,IMG_4525_jpg,train,train,IMG_4525_jpg.rf.be0f853ef3fa2e7f06364134a67ced96.jpg,5c4df9f6d4fe6c064779b60d6a9d9da4e6f2571b7b634ec54442aa195ed9828b,extra_variant_or_near_duplicate_for_train_component
bcd3e77477196270,IMG_4525_jpg,train,train,IMG_4525_jpg.rf.fbc57160d1462b3c2c62b1da923c15db.jpg,0e20d631217b0f4fae0f2fafc06060dd8b3e698a4fe672506f79e5e7d1918437,extra_variant_or_near_duplicate_for_train_component
bcd3e77477196270,IMG_4523_jpg,train,train,IMG_4523_jpg.rf.877343968cc345c517d5ed8504032e07.jpg,22d91e7915ea16b492616d2d2671fe50e920d1164b65b01089037377b6d42921,extra_variant_or_near_duplicate_for_train_component
bcd3e77477196270,IMG_4523_jpg,train,train,IMG_4523_jpg.rf.96a1447719b3c7bb18050f4087711ac3.jpg,eac33af3e61ad810378a2055e7676f4d3bafef2850694f64f2bf40c6d87a4820,extra_variant_or_near_duplicate_for_train_component
bcd3e77477196270,IMG_4523_jpg,train,train,IMG_4523_jpg.rf.d9c71f1cc05ebbf20a1587e54427f1c5.jpg,92fc645b5b74f9cacdb2eef179215b1df52c497771448721fd04037c9dfddc9a,extra_variant_or_near_duplicate_for_train_component
bcd3e77477196270,IMG_4524_jpg,train,train,IMG_4524_jpg.rf.15ee3197b22910721ee002a9f8ff61f7.jpg,718efe370628d2a07c3a0044afefc723bb1a000c076718a5ae60dcca80c16e37,extra_variant_or_near_duplicate_for_train_component
bcd3e77477196270,IMG_4524_jpg,train,train,IMG_4524_jpg.rf.6e1311ad3de2aae36a09402310fd22d8.jpg,0fd69c3517c784b4c24798b14ef0c979cb6388b061d8321941a9f5ba8a7a3e00,extra_variant_or_near_duplicate_for_train_component
bcd3e77477196270,IMG_4524_jpg,train,train,IMG_4524_jpg.rf.828a5df56cf850fb20bb202a70ff4408.jpg,63e30d68e0176a26aa77997016e08845c647813ebeb81add8585d14d13a9d19b,extra_variant_or_near_duplicate_for_train_component
bdb03f0f739c3676,ggg108_jpg,valid,valid,ggg108_jpg.rf.a668796dec710777c203e678db85dab3.jpg,50a277db55e658813b0953b44d28bb0963858cc757f5b936bfb65d33ab31ce72,extra_variant_or_near_duplicate_for_valid_component
be04a39cbbf55a31,c00209_jpg,train,train,c00209_jpg.rf.11b45f61e4d40ee11dbb91ff460bee7d.jpg,e3aa33539cf8e21d7f89d9774b09a289689355c2034cfc6f17ec960c845c0e94,exact_duplicate_same_label
be04a39cbbf55a31,c00209_jpg,train,train,c00209_jpg.rf.6d41db2a74cb3ad72dc770202b5313ef.jpg,e3aa33539cf8e21d7f89d9774b09a289689355c2034cfc6f17ec960c845c0e94,exact_duplicate_same_label
be04a39cbbf55a31,c00209_jpg,train,train,c00209_jpg.rf.ded4f3bd10f58c6600e3c1ee02c87ae6.jpg,58947d5189ed3da170b7225658978d3b16ad105980329451d2b2038f72ac1f34,exact_duplicate_same_label
be04a39cbbf55a31,c00209_jpg,valid,train,c00209_jpg.rf.49abd7f39bb9168e5947605fff12db3e.jpg,481777e2cb56966f41846ee7b47d1e3be0f6a0ba92f0c5ead01dc480bce25b9e,extra_variant_or_near_duplicate_for_train_component
be04a39cbbf55a31,c00209_jpg,test,train,c00209_jpg.rf.7fa7caf9b0a94872627c7a317038ea47.jpg,b4635e943fb90c96c65d763558744d831377519359a0c6d5c9dc73da4341e5e6,extra_variant_or_near_duplicate_for_train_component
be732b071aa936b7,small-123-_jpg,valid,train,small-123-_jpg.rf.67899574afa94fc62d12ba68615af842.jpg,feb14ea3333c27e8e0b5c3b305d03060f7ea5bdd9d9e281cd61f4deb45b0d9cc,extra_variant_or_near_duplicate_for_train_component
be732b071aa936b7,small-123-_jpg,valid,train,small-123-_jpg.rf.c6b5ca0b7f9d1007d9021d474de5eed6.jpg,e5fe9df530ea84804de16ef0eb121a8b5eebdfa2654f2ce565f99484401f9a12,extra_variant_or_near_duplicate_for_train_component
be732b071aa936b7,small-123-_jpg,test,train,small-123-_jpg.rf.be2b532efacfcba57063e9142abd4fd7.jpg,a4f430cadbe54426d3212c973dd618be31c924e1b93da883447cf7c36d30ae87,exact_duplicate_same_label
becdb0042f2b9d18,lighter-1812864__340_jpg,train,train,lighter-1812864__340_jpg.rf.4708c0db7b07eb958a391095f1550f80.jpg,ac4d2081841cdd9c076cddb451267b0e6929dcccf166e1c1f685217d952167aa,extra_variant_or_near_duplicate_for_train_component
becdb83b4ffd3ee6,inddir_jpg,valid,train,inddir_jpg.rf.150f676dca247cdf24115a3bbf72ea91.jpg,4d597dc10a14d755f75c27ee3c5364b991246be77ecdf3fae2abb6583d3c77a6,extra_variant_or_near_duplicate_for_train_component
becdb83b4ffd3ee6,inddir_jpg,valid,train,inddir_jpg.rf.4d66ad456807beb070347b47a81d221c.jpg,c78567be10a79b9b06c33c9f064714382c71a38995e9b2133e2aac6c9427de4c,extra_variant_or_near_duplicate_for_train_component
becdb83b4ffd3ee6,inddir_jpg,test,train,inddir_jpg.rf.7940f204bc7a6a09121d5549b726dd1c.jpg,62f558c9aafd1c06c2b80fe0e137653aeba0135d7d415cc23aa3d0d2b7832e28,exact_duplicate_same_label
beda1ef68581c89b,images-82-_jpg,train,train,images-82-_jpg.rf.2d7beb24b9ea347d520100694895e752.jpg,250d86301f860889e2dacfb4eabf73f3a995197a70a80294b966ea9bf37d9bf2,extra_variant_or_near_duplicate_for_train_component
beda1ef68581c89b,images-82-_jpg,train,train,images-82-_jpg.rf.caffdf60ec6ff8d538374bc0e017c272.jpg,4eb1a5df9b2ec121facb51970c98453f0d7d42a0b2253d29c41f51c0088fc652,extra_variant_or_near_duplicate_for_train_component
bedb7ecb2db171a1,IMG_5096,valid,train,IMG_5096.JPG,587338fcab8136bec49ed4ea44e6360fd7a24c9d0ef235624a9822b6c7c4e5ce,extra_variant_or_near_duplicate_for_train_component
bedb7ecb2db171a1,IMG_5098,valid,train,IMG_5098.JPG,fe14b191567c2b2ce04b8ea3c44ef4d3cea0f38d4aa151c147e943671768a977,extra_variant_or_near_duplicate_for_train_component
c00979e5ae52d4e1,bb0665_jpg,train,test,bb0665_jpg.rf.2d426dd3fa05791ebc44277eacc39fb2.jpg,0fa39e907e1c82256f4d833830b89e0319859852a8cd4d0c57c431a0dbb6fae7,exact_duplicate_label_conflict
c00979e5ae52d4e1,bb0665_jpg,train,test,bb0665_jpg.rf.87dfb1d35bdc02a488da575eefb35ae2.jpg,ea65ec9beec049133278a6d0a53491a7588249dd980b8bcccdc7c76bd0efafca,exact_duplicate_same_label
c00979e5ae52d4e1,bb0665_jpg,train,test,bb0665_jpg.rf.ab24892f506ceddabe2ab75eeb283690.jpg,ea65ec9beec049133278a6d0a53491a7588249dd980b8bcccdc7c76bd0efafca,exact_duplicate_same_label
c00979e5ae52d4e1,bb0665_jpg,train,test,bb0665_jpg.rf.fcb11cf87f2e9694c07153e87af0dc48.jpg,0fa39e907e1c82256f4d833830b89e0319859852a8cd4d0c57c431a0dbb6fae7,exact_duplicate_label_conflict
c0a5582c1b159146,WIN_20220329_21_28_44_Pro_jpg,train,train,WIN_20220329_21_28_44_Pro_jpg.rf.c419afcb5d8a03c03954d3af793a63d0.jpg,f4a0b5317d8a2d362f82919782ded67fa94ec60950ec9c5d34c6a12691b48d20,extra_variant_or_near_duplicate_for_train_component
c0a5582c1b159146,WIN_20220329_21_28_44_Pro_jpg,valid,train,WIN_20220329_21_28_44_Pro_jpg.rf.13cf2d71c4742affc57d694efb4d31e4.jpg,2176ff768e4212016aa25975951c23d5ba8ed2d0f275ac5195f19cd9aabe7026,extra_variant_or_near_duplicate_for_train_component
c0b50ff2e017a846,000496_jpg,train,train,000496_jpg.rf.684c68aca01f345b11979556f610294a.jpg,f2c219d2326021f2bc60aadb7b075c4302b754f4a241e57472e7e42422893cbd,exact_duplicate_label_conflict
c0b50ff2e017a846,000496_jpg,train,train,000496_jpg.rf.dad33e7b67264b0a40c1372737632041.jpg,b71776d75c7b927fc79144d3ae2cca3e9efd1c9cf67baea9ebc9ba9ccc54b342,exact_duplicate_same_label
c0b50ff2e017a846,000496_jpg,train,train,000496_jpg.rf.e5f20527aa474ce2022953684c261916.jpg,f2c219d2326021f2bc60aadb7b075c4302b754f4a241e57472e7e42422893cbd,exact_duplicate_label_conflict
c0b50ff2e017a846,000496_jpg,valid,train,000496_jpg.rf.b7dbde0dd77ea3899710d41761318a15.jpg,7a7dbae551fe5f719efb3e114353fa4b1aac7be6d836503a383435f120e16c6d,extra_variant_or_near_duplicate_for_train_component
c14adea63d403f85,IMG_4562_jpg,train,train,IMG_4562_jpg.rf.1606fa021b67386870cb5a87676a8ef4.jpg,252fabc832bddbe80c84926a644a7ce20639d3597f7e9213741a0248ac33d59b,extra_variant_or_near_duplicate_for_train_component
c14adea63d403f85,IMG_4562_jpg,train,train,IMG_4562_jpg.rf.a05f61f3c6ec440dfae657c3f900d9b5.jpg,eef9aa15642d9a52df6db8bf438e8214de63e37513f32363d19bf0e0a0ebcd84,extra_variant_or_near_duplicate_for_train_component
c1954bb7bf654ee6,bb0686_jpg,train,train,bb0686_jpg.rf.239a1c684e89be7a34f4fb34374bb69c.jpg,9b69af9d8680cb287df3006ee8a8b7d534d563d300173cbeade178740d1f6bd6,exact_duplicate_same_label
c1954bb7bf654ee6,bb0686_jpg,train,train,bb0686_jpg.rf.72a15b8b945331cdd6c0d3eeccd561d0.jpg,9b69af9d8680cb287df3006ee8a8b7d534d563d300173cbeade178740d1f6bd6,exact_duplicate_same_label
c1954bb7bf654ee6,bb0686_jpg,train,train,bb0686_jpg.rf.789f83242feda51bb0de620dc911eb29.jpg,608e946ba335f7b7d0d064f61517832fa01a9ca46b40a5a0565b559d8419396a,exact_duplicate_same_label
c1954bb7bf654ee6,bb0686_jpg,train,train,bb0686_jpg.rf.9657241f168fdd21d767a03617ff51ac.jpg,d993e7dfa093a4a6f73105ecd4825868a533ce33c8b6bf79990cd195ab6dd59e,exact_duplicate_same_label
c1954bb7bf654ee6,bb0686_jpg,train,train,bb0686_jpg.rf.e9a6f467983655312c8bd672140bded7.jpg,608e946ba335f7b7d0d064f61517832fa01a9ca46b40a5a0565b559d8419396a,exact_duplicate_same_label
c1a9d42c9989c121,indir-15-_jpg,train,train,indir-15-_jpg.rf.ee019d5a3850905ffc1c9e3d3bb8275a.jpg,0cfdc3d9d32e666a9bd788bce4ece5c0ee1f6d2c56c372b3c34bb7828c4efab6,exact_duplicate_same_label
c1a9d42c9989c121,indir-15-_jpg,valid,train,indir-15-_jpg.rf.1e1d0e615d09a7ecb256c6590b4bb8de.jpg,b820aac631362af37c955a9fb13ae484e7710b08ab76c14a8028ef73e85d2fa1,extra_variant_or_near_duplicate_for_train_component
c1a9d42c9989c121,indir-15-_jpg,test,train,indir-15-_jpg.rf.ee019d5a3850905ffc1c9e3d3bb8275a.jpg,0cfdc3d9d32e666a9bd788bce4ece5c0ee1f6d2c56c372b3c34bb7828c4efab6,exact_duplicate_same_label
c2120e75766e4701,small-125-_jpg,train,train,small-125-_jpg.rf.b12aaedf9eb29c42f1343f6a76334e64.jpg,dea742dff0e9574ff23f8e201ec588c01c480320a63f22fb3fc6bd5be2492fe5,extra_variant_or_near_duplicate_for_train_component
c2120e75766e4701,small-125-_jpg,train,train,small-125-_jpg.rf.bf41d0b04e55da5e8e5378d7e279f1bc.jpg,286a6bfe40bcea2e6374e9a7c05b14696c4061150efea17ffc043ce7cb552531,extra_variant_or_near_duplicate_for_train_component
c236532e5ae44e69,images-100-_jpg,train,train,images-100-_jpg.rf.eaa1ca0b031103b10c92283d6123711f.jpg,4d6c9e469890231c29d8fcd3286d02b8ec19940e552361bd6025f1fb3dfe69b9,extra_variant_or_near_duplicate_for_train_component
c236532e5ae44e69,images-100-_jpg,valid,train,images-100-_jpg.rf.82b2ca63456082b6e78e5ace82b9c4b7.jpg,02fe283d0edaae0a472bae95c81c8ed33a01be8d5d358a7aaa7930dc5c6df99d,extra_variant_or_near_duplicate_for_train_component
c243aac86d09e199,IMG_4448_jpg,train,train,IMG_4448_jpg.rf.957dbf975ef5c4b4e362d14d4bbe0a29.jpg,48729fdbf1434ebdf12622da8af36b6b71f55cb43478b81befb235e5ccda7212,extra_variant_or_near_duplicate_for_train_component
c243aac86d09e199,IMG_4448_jpg,train,train,IMG_4448_jpg.rf.a0e2a51627f8a5efda348fd9b637432c.jpg,b0a3189ccce2b4854f61868ebcd66d9ded6d675f404a564bd625d2abbcc82968,extra_variant_or_near_duplicate_for_train_component
c2c974d4a0336f5b,IMG_4546_jpg,train,train,IMG_4546_jpg.rf.4ad32ff19b67c599b13eee3cd39909e9.jpg,47e98b5cc1e2d3efe1d1d93e57084189665a9f13e2aae7d7d99f9f1a9b113b5f,extra_variant_or_near_duplicate_for_train_component
c2c974d4a0336f5b,IMG_4546_jpg,train,train,IMG_4546_jpg.rf.b0b3785f142ca29e93c01fdc0a590605.jpg,bc6bd24d7af48d49d0b226074beab900b58f42eaf2009b4b613248f7ca810954,extra_variant_or_near_duplicate_for_train_component
c3347716b7bed6b6,WIN_20220507_21_29_23_Pro_jpg,test,train,WIN_20220507_21_29_23_Pro_jpg.rf.e13c363fe8c7168c968f06a3887fc9af.jpg,9f598d887345842bbddbfc35b5926946d60d61fb747ff1718cc4a39c117f5876,exact_duplicate_same_label
c354b526e1dec025,000780_jpg,train,valid,000780_jpg.rf.267ec27a3fe8c61f2eb8b6ff1bdf05b8.jpg,2fdca0d1daca635d812a94c4a710342281e1527807a790a729d59acd7ed3b319,exact_duplicate_same_label
c354b526e1dec025,000780_jpg,train,valid,000780_jpg.rf.32bf9977ca71ecdfbdda0c6910fb1211.jpg,97ee54b794d989d10d256d9d9c05d60cab146f815886e66641b47efe84a6856d,exact_duplicate_same_label
c354b526e1dec025,000780_jpg,train,valid,000780_jpg.rf.4e04e5aa9e280db2057d8d8d875177d2.jpg,97ee54b794d989d10d256d9d9c05d60cab146f815886e66641b47efe84a6856d,exact_duplicate_same_label
c354b526e1dec025,000780_jpg,train,valid,000780_jpg.rf.ae6801030d20a95264d058269d428be6.jpg,2fdca0d1daca635d812a94c4a710342281e1527807a790a729d59acd7ed3b319,exact_duplicate_same_label
c402415e0f49254b,WIN_20220507_21_27_55_Pro_jpg,valid,train,WIN_20220507_21_27_55_Pro_jpg.rf.3e74526ff15dd439a13ad935fd0961e7.jpg,c42af9bdbac60d5374816f49f77ae8aa137167c8c5beb6aa60a94c7927fd4933,extra_variant_or_near_duplicate_for_train_component
c402415e0f49254b,WIN_20220507_21_27_55_Pro_jpg,valid,train,WIN_20220507_21_27_55_Pro_jpg.rf.e44c7151d1dc3cde546396edd6de4a6c.jpg,a43ac36f951d96c015d8a58c8028fe8ed20e200aba440158eb54a86cfc634807,extra_variant_or_near_duplicate_for_train_component
c48bcecc1af07a21,c00127_jpg,train,train,c00127_jpg.rf.18ce2bfef6d0b448535ee9e73ce9434d.jpg,fa3fdcb471eb138b0b2f32d5432d20371f65d4f9911c73895703aac33be6b57b,exact_duplicate_same_label
c48bcecc1af07a21,c00127_jpg,train,train,c00127_jpg.rf.1c9312775a495cafb53d633c93564a8e.jpg,5881e39fda819a6ed95fcd8d20ebb22a8d08095557b4f0523b3b6304a09aa44e,exact_duplicate_same_label
c48bcecc1af07a21,c00127_jpg,train,train,c00127_jpg.rf.316e5b5c60c043f7a1a067436fd18f16.jpg,f2bc8217d97344eb93051fc585e6ce0859047cd554a5215a0d3e7915ae393e90,exact_duplicate_same_label
c48bcecc1af07a21,c00127_jpg,train,train,c00127_jpg.rf.367210800b517f27d2e00f72c1843a4c.jpg,5881e39fda819a6ed95fcd8d20ebb22a8d08095557b4f0523b3b6304a09aa44e,exact_duplicate_same_label
c48bcecc1af07a21,c00127_jpg,train,train,c00127_jpg.rf.52c3c8898d56ec9777fce52931336432.jpg,2b3f94bf5e30d423344d2ecef7c57e213cde1b0b09392f4fd56ce8bf00141f82,exact_duplicate_same_label
c48bcecc1af07a21,c00127_jpg,train,train,c00127_jpg.rf.6375d67545300d010f6eb096070c55dd.jpg,00c125286e81f7b3a4b4abb8934de1dee327a030115d09b09e53a27d6b39fb3d,exact_duplicate_same_label
c48bcecc1af07a21,c00127_jpg,train,train,c00127_jpg.rf.6cd24b64c8396e468d57e94f17e4e3e8.jpg,00c125286e81f7b3a4b4abb8934de1dee327a030115d09b09e53a27d6b39fb3d,exact_duplicate_same_label
c48bcecc1af07a21,c00127_jpg,train,train,c00127_jpg.rf.746b6b935f7860a2d2cf391aaa69ad49.jpg,313a258b5b59f3516c6a12a76539054738ae33e13287e55d2639952e04d119df,exact_duplicate_same_label
c48bcecc1af07a21,c00127_jpg,train,train,c00127_jpg.rf.aebb8ebdf4158558439c0caf9dac0c7f.jpg,2b3f94bf5e30d423344d2ecef7c57e213cde1b0b09392f4fd56ce8bf00141f82,exact_duplicate_same_label
c48bcecc1af07a21,c00127_jpg,train,train,c00127_jpg.rf.bd58456f005037b0255fb3feff4c2a3d.jpg,313a258b5b59f3516c6a12a76539054738ae33e13287e55d2639952e04d119df,exact_duplicate_same_label
c48bcecc1af07a21,c00127_jpg,train,train,c00127_jpg.rf.f1f79dd610bcae62362992629d0c9e2c.jpg,f2bc8217d97344eb93051fc585e6ce0859047cd554a5215a0d3e7915ae393e90,exact_duplicate_same_label
c54f18b2b468c81c,13_jpg,train,train,13_jpg.rf.b76ee91a995ea1fe52bd20be5f114f17.jpg,65234e0f0eebc01ed8747f6b027c27942d91242fe877e230d7880cf0f5f8db26,extra_variant_or_near_duplicate_for_train_component
c54f18b2b468c81c,13_jpg,valid,train,13_jpg.rf.0470a68eaeb340f9c8edb6f0bded8ec7.jpg,6daa39c2df93902c9324308680f70eb5bdd268d0c8a5cc8a5be365b140382eff,extra_variant_or_near_duplicate_for_train_component
c54f18b2b468c81c,13_jpg,test,train,13_jpg.rf.306518dec7013cd465a677415eca7a7e.jpg,9cabfe7984ba91ab59c806a0939b688e3701eab49b410e776790716386c5a4f5,exact_duplicate_same_label
c60478202ffee17f,c00047_jpg,train,train,c00047_jpg.rf.9c207d3835a7b63f108d26147418d59e.jpg,700aeaedf7b1f52a1dd72f1a4db2e78b24d98953110a741e1aa02d60cd1c0ec1,exact_duplicate_same_label
c60478202ffee17f,c00047_jpg,train,train,c00047_jpg.rf.b5c87f31d82aeae79758763c1a6abde0.jpg,e00a1665c39e33148ac7d8698e3b2910f8105011dac9e34ea32065cd82e17f7a,exact_duplicate_same_label
c60478202ffee17f,c00047_jpg,train,train,c00047_jpg.rf.eecad027a9226d11382a2a7758e19a06.jpg,700aeaedf7b1f52a1dd72f1a4db2e78b24d98953110a741e1aa02d60cd1c0ec1,exact_duplicate_same_label
c60478202ffee17f,c00047_jpg,test,train,c00047_jpg.rf.26ae8f53b41fc5d6209331c8e28c0744.jpg,c9eee0aa59d29d2049ca855b44671e762951fac9402f537539ee21caa54f8dfc,extra_variant_or_near_duplicate_for_train_component
c60478202ffee17f,c00047_jpg,train,train,c00047_jpg.rf.5278dc7856b1cf39399fd904d05471f5.jpg,00eedfcf9c4ed619b4d88117379d32521331c1ff98e653a650e18bd80e043e50,exact_duplicate_same_label
c60478202ffee17f,c00047_jpg,train,train,c00047_jpg.rf.7b7d1a7aea7a2fcb5267198a7666d0a2.jpg,00eedfcf9c4ed619b4d88117379d32521331c1ff98e653a650e18bd80e043e50,exact_duplicate_same_label
c60478202ffee17f,c00047_jpg,valid,train,c00047_jpg.rf.a8df02475f2f7a42f2dff2c665a9364d.jpg,86e033fad37d9c2b1095d1bfb05dad2fa6cc4ca2c1972b69790377cf6591d3d3,extra_variant_or_near_duplicate_for_train_component
c60478202ffee17f,c00047_jpg,valid,train,c00047_jpg.rf.d0a078de2b05cdc7cb7ed0594c809279.jpg,a446fd43c9a73b8972bd4f49253c59fe56ea08d39884a4c447df1527274db2fa,extra_variant_or_near_duplicate_for_train_component
c61e23feb7a7ff3d,WIN_20220507_23_10_45_Pro-2-_jpg,train,train,WIN_20220507_23_10_45_Pro-2-_jpg.rf.4cec1500342918b6a562a8faba8ad0e7.jpg,d50e2ad974949e599c846fcc5c97652861b025b4ac02e32d506e9248f1ea9df0,extra_variant_or_near_duplicate_for_train_component
c61e23feb7a7ff3d,WIN_20220507_23_10_45_Pro-2-_jpg,train,train,WIN_20220507_23_10_45_Pro-2-_jpg.rf.e57d366ab3b18a5015464b7b91214c24.jpg,8e783b8febf42b509ee43bb5c15177fa06a9788c09629177fd3440c04c455526,extra_variant_or_near_duplicate_for_train_component
c61e23feb7a7ff3d,WIN_20220507_23_10_45_Pro-2-_jpg,test,train,WIN_20220507_23_10_45_Pro-2-_jpg.rf.29b6beca8877b6cede7fa79c0cd8184b.jpg,686529cea080ddff2d0057738707bc7cb467bc9990b5430f6697f1767a3a673e,exact_duplicate_same_label
c6bfc09336198aeb,WIN_20220507_23_10_50_Pro_jpg,train,train,WIN_20220507_23_10_50_Pro_jpg.rf.45d25e221ed37131a9c82e43c7d6e44f.jpg,4f80bb048c8d07438d292572c08c6e87c85efbb6b3418be9c94704075c7f3f44,exact_duplicate_same_label
c6bfc09336198aeb,WIN_20220507_23_10_50_Pro_jpg,train,train,WIN_20220507_23_10_50_Pro_jpg.rf.cde7802a8e29948282d76e232a5cde25.jpg,d3815ded39e5d2b36a259803a54a6701979c8263795944ca2a3f67e5a76b6aa8,extra_variant_or_near_duplicate_for_train_component
c6bfc09336198aeb,WIN_20220507_23_10_50_Pro_jpg,test,train,WIN_20220507_23_10_50_Pro_jpg.rf.45d25e221ed37131a9c82e43c7d6e44f.jpg,4f80bb048c8d07438d292572c08c6e87c85efbb6b3418be9c94704075c7f3f44,exact_duplicate_same_label
c74a6ced33683357,bb0562_jpg,test,train,bb0562_jpg.rf.c3f8721f4deb564af44a8a780c53a56b.jpg,2e0b7a9927344ff0f5e60ff28c728c5fef926cccafac7cfc237f0ef8e33e9bdc,extra_variant_or_near_duplicate_for_train_component
c74a6ced33683357,bb0562_jpg,test,train,bb0562_jpg.rf.c7bbf249bac5e4122ec1155a4a6169b9.jpg,c8e511c460f3513089191ba7a0079037548c1ea46588966c7573f3e73cefb6c6,extra_variant_or_near_duplicate_for_train_component
c81e75b82465e5fd,000301_jpg,train,train,000301_jpg.rf.4a982e64e0f4ddd4a7cfb76ff8635bcf.jpg,8e9870a37692c2a9b565cbddee81e96017d1eafccd931ba6e383ff32ec296344,exact_duplicate_same_label
c81e75b82465e5fd,000301_jpg,train,train,000301_jpg.rf.737b60b127b2b6a4059c8e48170df043.jpg,dc4e8a3511519564646538f5d4d7f1614dd1dc886a45ead7a4fa2610c9bbbab8,exact_duplicate_same_label
c81e75b82465e5fd,000301_jpg,train,train,000301_jpg.rf.f56e030ae87214e561a1395342a4afdc.jpg,8e9870a37692c2a9b565cbddee81e96017d1eafccd931ba6e383ff32ec296344,exact_duplicate_same_label
c81e75b82465e5fd,000301_jpg,test,train,000301_jpg.rf.2e35ebbe5d885c9924bbc2b061b99634.jpg,cbd3d75c5cdd974bad670a38334cc91dd2fb97e825bc4ec0b38369f5143fcc3e,extra_variant_or_near_duplicate_for_train_component
c8bc4ae850f3493f,images-44-_jpg,train,train,images-44-_jpg.rf.29548c3855ade5f14c94503e53d502d4.jpg,28489a78b7da6754c5bae2dec525773f10f1ed7add37681f759c082102daeb1f,extra_variant_or_near_duplicate_for_train_component
c8bc4ae850f3493f,images-44-_jpg,train,train,images-44-_jpg.rf.3a9428bdad2c8a62c487d25c7b640733.jpg,48b09cbaaf6cc76860e106ee8dacdedbae0e0b1fe61becc116c11f8d61646176,exact_duplicate_same_label
c8bc4ae850f3493f,images-44-_jpg,test,train,images-44-_jpg.rf.3a9428bdad2c8a62c487d25c7b640733.jpg,48b09cbaaf6cc76860e106ee8dacdedbae0e0b1fe61becc116c11f8d61646176,exact_duplicate_same_label
c8c0b929fb49b313,1697095267826_JPEG_jpg,train,train,1697095267826_JPEG_jpg.rf.06701a16d8ebffe6cee1d1e842c55d07.jpg,f7af2883eab30fa4e05908415749c04b40a8c34ee22b834af90e13bb73ad0f32,extra_variant_or_near_duplicate_for_train_component
c8c0b929fb49b313,1697095267826_JPEG_jpg,train,train,1697095267826_JPEG_jpg.rf.318773bee87d961751a9f3ee942dd215.jpg,c572b4fa5817a03bd0a46846e41d6fd7db967b14d82e686ee87559fd9e07f2b7,extra_variant_or_near_duplicate_for_train_component
c8c0b929fb49b313,1697095267826_JPEG_jpg,train,train,1697095267826_JPEG_jpg.rf.34317915d61860ab56f4af366690bb37.jpg,41c85c1776b6ebbc09861dcb06ef2507c26e9a47f4a49c7d53db3942d2bd00e4,extra_variant_or_near_duplicate_for_train_component
c8c0b929fb49b313,1697095267826_JPEG_jpg,train,train,1697095267826_JPEG_jpg.rf.7204579ece552ea488926cfe8f286251.jpg,f57d5b00ada0a6dbbc53652ce71d4c51f4ae19ed0308df521b98dcc4cdf8e80a,extra_variant_or_near_duplicate_for_train_component
c8c0b929fb49b313,1697095267826_JPEG_jpg,train,train,1697095267826_JPEG_jpg.rf.880f452ed4230aeedaf883ebd0bbb719.jpg,6f516be8aeba594d841c01db4695d21a90635ad32449be7988a92dee3c43f390,extra_variant_or_near_duplicate_for_train_component
c8c0b929fb49b313,1697095267826_JPEG_jpg,train,train,1697095267826_JPEG_jpg.rf.a771cd7095f1fcc6677e3bb02b972d5e.jpg,707b2064f98806cc4801834c890cfef761abea48d8128a785ca7c476490210a6,extra_variant_or_near_duplicate_for_train_component
c8c0b929fb49b313,1697095267826_JPEG_jpg,train,train,1697095267826_JPEG_jpg.rf.e60f6f9cc9aeb537976d7ed2d4eec3e3.jpg,8b4cc5a6c56a2b33947f410cb82acd90475217c20f555cb499a463a6e03830d1,extra_variant_or_near_duplicate_for_train_component
c8c0b929fb49b313,1697095267826_JPEG_jpg,valid,train,1697095267826_JPEG_jpg.rf.dc3d42252f025ffbe3eaf2ea021184f3.jpg,4eefbd9cf45dee216256836c96fd5b54461d5e63561a6d881f494695ee5fce79,extra_variant_or_near_duplicate_for_train_component
c9a994636b5913b1,WIN_20220329_21_29_00_Pro_jpg,train,train,WIN_20220329_21_29_00_Pro_jpg.rf.73e650f48cdebcf12df82c97ac516888.jpg,32120b15b11e46d8940e3c075725ffced387347dfd85634443be02f569d7348c,extra_variant_or_near_duplicate_for_train_component
c9a994636b5913b1,WIN_20220329_21_29_00_Pro_jpg,valid,train,WIN_20220329_21_29_00_Pro_jpg.rf.e8bff8c1bf8133287723d7a56ee970df.jpg,838b164dd4e9d882c78dd18e1b90736dcbbbb8817d6feb4eea8c499af8c770a8,extra_variant_or_near_duplicate_for_train_component
ca4bb76668312fc1,ggg059_jpg,test,train,ggg059_jpg.rf.4a6a9550626d5918dc37cec5a120e7ef.jpg,1daebf4dc358d7d1886cccf9a36207fb1f118f247d1c9d97cd7c93aabc5579e1,extra_variant_or_near_duplicate_for_train_component
cb8b74d3b516a83c,000190_jpg,train,train,000190_jpg.rf.d37f33a43ddcb1cc40037905ac046ff3.jpg,2f854d294f80016946950fb5d7837b9578bd0fa276216db8e23a7b9a1cec2bea,exact_duplicate_same_label
cb8b74d3b516a83c,000190_jpg,train,train,000190_jpg.rf.da106758c2c51635aa50e88459f268bf.jpg,48ae82bffa4108951de47f5471eeb6ae57477e6a5b2f6f510d9575207b70d4fe,exact_duplicate_same_label
cb8b74d3b516a83c,000190_jpg,train,train,000190_jpg.rf.e4a6aeece47219e415f403b900bf432e.jpg,2f854d294f80016946950fb5d7837b9578bd0fa276216db8e23a7b9a1cec2bea,exact_duplicate_same_label
cb8b74d3b516a83c,000190_jpg,valid,train,000190_jpg.rf.24c806ad1f846f0bfa6f757badbe26e0.jpg,51ee48ee3f0df63f0e652a8b3e3f221fe33d6a1b782c5efde3685161a8f76d56,extra_variant_or_near_duplicate_for_train_component
cbe2f3c4a38eac53,IMG_4330_jpg,train,train,IMG_4330_jpg.rf.7cea8afaeafab424a9d59177f8dac5db.jpg,b0f9690ad537675aef1662a5c9dba829942077e84aaba661b88ef4f2b1e2a369,extra_variant_or_near_duplicate_for_train_component
cbe2f3c4a38eac53,IMG_4330_jpg,train,train,IMG_4330_jpg.rf.96df8e934e1d2a253c7c0c68311e9a14.jpg,0bd75edb8bec4179da1edc26c3c6b2d3fff336060aaf0644acaf61bd8c2abd7a,extra_variant_or_near_duplicate_for_train_component
cbe3a61074be8110,1697099948749_JPEG_jpg,valid,valid,1697099948749_JPEG_jpg.rf.eaf78ce46ab7ff6f2d27fc4c6a9ae4ab.jpg,a1b80c9795876a6a4ee16239bee42f0572a525001134004437c959bf8681a001,extra_variant_or_near_duplicate_for_valid_component
cbe3a61074be8110,1697099948749_JPEG_jpg,train,valid,1697099948749_JPEG_jpg.rf.169b0f82c615f352e6e4d95160a1518e.jpg,27cf35955bcaba1d0346bdafd0ff9debfe5822c05a50bfbb43bb2bdff62c2eb0,extra_variant_or_near_duplicate_for_valid_component
cbe3a61074be8110,1697099948749_JPEG_jpg,train,valid,1697099948749_JPEG_jpg.rf.70ba38d235900c4e4192ee3b9db955cf.jpg,dfb335d321461025a4b7c057249a28eca79fd4ca7f716574f6a7a80296fdc5e7,extra_variant_or_near_duplicate_for_valid_component
cbe3a61074be8110,1697099948749_JPEG_jpg,train,valid,1697099948749_JPEG_jpg.rf.7bb12fcea565bec303d1cc0dcc70a708.jpg,9252d404b2bdf7121924177265f3cdf448497c7333cee32366776838b077b574,extra_variant_or_near_duplicate_for_valid_component
cbe3a61074be8110,1697099948749_JPEG_jpg,train,valid,1697099948749_JPEG_jpg.rf.aef9fd60da6c682c5f4b8ce78fe196d6.jpg,58a727b28d847a72a38d3c88528d4a13bed5200afe27c42d91cecfeaa9acc02a,extra_variant_or_near_duplicate_for_valid_component
cbe3a61074be8110,1697099948749_JPEG_jpg,train,valid,1697099948749_JPEG_jpg.rf.b12ed5342285cbabb7b5e3ff811e3c11.jpg,e56ddea4982e61ec36a4b419ccd05fa899be794ca3114a8e4892049e46580564,extra_variant_or_near_duplicate_for_valid_component
cbe3a61074be8110,1697099948749_JPEG_jpg,train,valid,1697099948749_JPEG_jpg.rf.cefdc50e7ae6fef929914cd7ce02c39f.jpg,96fccaaa61a0f402e069cac9c752381d39784684f96473cbcbf5e4d6c4513fd8,extra_variant_or_near_duplicate_for_valid_component
cbe3a61074be8110,1697099948749_JPEG_jpg,train,valid,1697099948749_JPEG_jpg.rf.ee5316cab197502379d12a6355c57edd.jpg,39c60e1c0f7c9aa4b6832a6bd3c2125c217d2a78e66af9feba8e36306c8e349d,extra_variant_or_near_duplicate_for_valid_component
ccecd98b9fd03767,bb0628_jpg,train,train,bb0628_jpg.rf.33a927d5a91de148627ae8486849074f.jpg,f81d2de31ec7545ad38a2ff474f9d78ff72d63d68e8fe24ae2fa43ea98f44b73,exact_duplicate_same_label
ccecd98b9fd03767,bb0628_jpg,train,train,bb0628_jpg.rf.ae1549b7c60041e1c3715bc66a6b2a26.jpg,1d610be81d3e79db882a23888f3d0ef0cbc371235f926eca116670e7eb1946df,exact_duplicate_same_label
ccecd98b9fd03767,bb0628_jpg,train,train,bb0628_jpg.rf.f5b6e2878445029875737cc26c396d96.jpg,f81d2de31ec7545ad38a2ff474f9d78ff72d63d68e8fe24ae2fa43ea98f44b73,exact_duplicate_same_label
ccecd98b9fd03767,bb0628_jpg,valid,train,bb0628_jpg.rf.3a690a35ae0e5556a125e946444e2dda.jpg,f4cdb76b236a6ba417365a62ae33b652f85d644d5f487525fa8a00b0bcbccf00,extra_variant_or_near_duplicate_for_train_component
cd3b9161f5e42c01,IMG_4459_jpg,train,train,IMG_4459_jpg.rf.615d2102ba3632666338f85ac2002c0b.jpg,6847c58ddd3b535d3944045127f1c1d22cd18180a8f285955f22b21a20b62653,extra_variant_or_near_duplicate_for_train_component
cd3b9161f5e42c01,IMG_4459_jpg,train,train,IMG_4459_jpg.rf.bfcb05e0208f5bd5e4d3811388dcfe51.jpg,bd18ab947e00f9dd7835d451ff5d8d03a70c266dedc18bac2e29fa4fa20b2d61,extra_variant_or_near_duplicate_for_train_component
cd97fa49ebc0ddc0,000251_jpeg_jpg,valid,test,000251_jpeg_jpg.rf.c940917af657ef43b0a61358a21d4961.jpg,2fd7844d57a94efd93cd1be166543b5f424280fecea109d1776c5a421877be73,extra_variant_or_near_duplicate_for_test_component
cd97fa49ebc0ddc0,000251_jpeg_jpg,train,test,000251_jpeg_jpg.rf.6bfbfb26d437601348da1ffe28b40b01.jpg,425e1c794db1514522b133a965a7b9671df3501972391a8ed79ab3ffe77578ff,exact_duplicate_same_label
cd97fa49ebc0ddc0,000251_jpeg_jpg,train,test,000251_jpeg_jpg.rf.d7cd1e55cfa52662375cd078961cb9b3.jpg,425e1c794db1514522b133a965a7b9671df3501972391a8ed79ab3ffe77578ff,exact_duplicate_same_label
cdc887d037d61cee,1697100045444_JPEG_jpg,valid,valid,1697100045444_JPEG_jpg.rf.4b37c5bbbfec4aee022789c4a1af6444.jpg,077e539625c43f474895d8d1bacec1cf661f24413e019313a9fd1df0d9c0bf49,extra_variant_or_near_duplicate_for_valid_component
cdc887d037d61cee,1697100045444_JPEG_jpg,train,valid,1697100045444_JPEG_jpg.rf.59cdba46daaac69d56241593e2aa3056.jpg,2c48923bfe00febfc3393ed53eb6e308bcfbb2495da2973e003fe77ad6da949e,extra_variant_or_near_duplicate_for_valid_component
cdc887d037d61cee,1697100045444_JPEG_jpg,train,valid,1697100045444_JPEG_jpg.rf.90f0832f30be47b828ee492ee3595035.jpg,3696977e9f318ec9eb298f9dfc8fd9fa71ece1ebcbb4d636a5deefa38c61cee1,extra_variant_or_near_duplicate_for_valid_component
cdc887d037d61cee,1697100045444_JPEG_jpg,train,valid,1697100045444_JPEG_jpg.rf.9947a7b686d9ed317797b95850e419cf.jpg,d066dc3d77894a97250fdce8f4a27a428d7e34769484e095c64f57ebe92b94d9,extra_variant_or_near_duplicate_for_valid_component
cdc887d037d61cee,1697100045444_JPEG_jpg,train,valid,1697100045444_JPEG_jpg.rf.a5cec2b328ff0a179e93c949b84319f0.jpg,9c8379f059df1903c38e77da472cb6994fc370ebaaa315aedf564aed037bd012,extra_variant_or_near_duplicate_for_valid_component
cdc887d037d61cee,1697100045444_JPEG_jpg,train,valid,1697100045444_JPEG_jpg.rf.d2d3d9114357d63a8f557adfe3bbb04d.jpg,43c49d57985848d3ca2af9c79f80c1ec3b4311ac72a4da101e03edcf670ba031,extra_variant_or_near_duplicate_for_valid_component
cdc887d037d61cee,1697100045444_JPEG_jpg,train,valid,1697100045444_JPEG_jpg.rf.ea9222c7c8048bed77d43fbfda06f0a3.jpg,e76c281de2553ff04727865c1f5bcc327d69cf2bc0cbb428028b323dc627d394,extra_variant_or_near_duplicate_for_valid_component
cdc887d037d61cee,1697100045444_JPEG_jpg,train,valid,1697100045444_JPEG_jpg.rf.f5c990157b765dbc3ad6c4c2fa7a6b9f.jpg,e29db10496ec9b06492da382822c59b1fa1aa1a3a8a23377418a272cc0f67b4a,extra_variant_or_near_duplicate_for_valid_component
ce24a457586dd7c5,gg0005_jpg,train,train,gg0005_jpg.rf.5dd3ad7df8b55ced565e00629be90b00.jpg,68a395f98e6ba3a3cffa03fb01a727433c110a9179108c5fbbf8f825b20a02e7,exact_duplicate_same_label
ce24a457586dd7c5,gg0005_jpg,train,train,gg0005_jpg.rf.9c0a75187b983818bfc396d0d27bb9a3.jpg,f3801ecf020f27d85beb555c22760cc6ba7694df725156a8762b1ccfd48ffc5a,exact_duplicate_same_label
ce24a457586dd7c5,gg0005_jpg,train,train,gg0005_jpg.rf.a78f500c857b0f990393f534dfeea486.jpg,f3801ecf020f27d85beb555c22760cc6ba7694df725156a8762b1ccfd48ffc5a,exact_duplicate_same_label
ce24a457586dd7c5,gg0005_jpg,train,train,gg0005_jpg.rf.cb97589a8f46e4cb8eef10b90a3e300a.jpg,6efe58f238c272eae80134f8cdf57b987258724f7dc781e15c484d6b0fbda5da,exact_duplicate_same_label
ce24a457586dd7c5,gg0005_jpg,train,train,gg0005_jpg.rf.d26c8a2e9559bf54680a926535d2e4df.jpg,68a395f98e6ba3a3cffa03fb01a727433c110a9179108c5fbbf8f825b20a02e7,exact_duplicate_same_label
ce24a457586dd7c5,gg0005_jpg,valid,train,gg0005_jpg.rf.03e04eb56e60ff580297314e81557b56.jpg,f778beee2c412a50101544fb8fe47a96fb6431b82df563dd1b4bfd1aec386587,extra_variant_or_near_duplicate_for_train_component
ce24a457586dd7c5,gg0005_jpg,valid,train,gg0005_jpg.rf.e8eb58b60ecfa6cd30b2d412f74da140.jpg,f72a3c38c9b12958e4f2716242fea021163d62851a37b920e976f4f904f2fb19,extra_variant_or_near_duplicate_for_train_component
ce24a457586dd7c5,gg0005_jpg,test,train,gg0005_jpg.rf.09ebc6f37cf2d3c9789f5ee3f392f007.jpg,1f48321d9dbaf6c1fa8f84b2f0f7cdac8295344cfaaeb8aa5f1ab7258bf1a60e,extra_variant_or_near_duplicate_for_train_component
ce5abe4f18fb0757,1697099948768_JPEG_jpg,train,train,1697099948768_JPEG_jpg.rf.31ab977c89326a725e6e9119ceca04b3.jpg,878dc0ea983c0b231bd57d45354b57c3dd59f6d500bc61465d623ea4f1f233de,extra_variant_or_near_duplicate_for_train_component
ce5abe4f18fb0757,1697099948768_JPEG_jpg,train,train,1697099948768_JPEG_jpg.rf.444e0e2eaa49c8f5b600918caace1e5c.jpg,1a69572bc4debb4ecf91c28c081219302d8813ab3cd8f33f29aaace4750e0299,extra_variant_or_near_duplicate_for_train_component
ce5abe4f18fb0757,1697099948768_JPEG_jpg,train,train,1697099948768_JPEG_jpg.rf.5070e023e67cc7885dc3b15a0cd2a785.jpg,f45f14fb6b4a9e47dfb05b2a99fed4b61b08429fc9eb4a91d96d9d4c3104dbef,extra_variant_or_near_duplicate_for_train_component
ce5abe4f18fb0757,1697099948768_JPEG_jpg,train,train,1697099948768_JPEG_jpg.rf.baabb4801a0d89a7080bae8955e76a09.jpg,c1edd286c93009c747ecfef5c2f84ff470317061fbaddb3ffbbe14bbb90b4c04,extra_variant_or_near_duplicate_for_train_component
ce5abe4f18fb0757,1697099948768_JPEG_jpg,train,train,1697099948768_JPEG_jpg.rf.bd3581bdbfe6c40ab62ed9aec00f858d.jpg,ccd58bc600ee5baa4ea1160f1736cc22d4e6038c2d36aba73441f4fa3e3984fa,extra_variant_or_near_duplicate_for_train_component
ce5abe4f18fb0757,1697099948768_JPEG_jpg,train,train,1697099948768_JPEG_jpg.rf.c254bf78646c6bf18aed525b595b7e05.jpg,fbbe17c2b09cb579147167cca4acc14d2d65bbf61102054bd37df762424477f6,extra_variant_or_near_duplicate_for_train_component
ce5abe4f18fb0757,1697099948768_JPEG_jpg,train,train,1697099948768_JPEG_jpg.rf.ceaa16db5eaf4785a12ce2cb53bc9ff7.jpg,3559fefa1e0ec97e5993b1d53a559d534d2b1e09343673fc7ee0ede719730fb4,extra_variant_or_near_duplicate_for_train_component
ce5abe4f18fb0757,1697099948768_JPEG_jpg,train,train,1697099948768_JPEG_jpg.rf.dcf3b54fe2c9c73dcf881d8c41c9f91e.jpg,f1d055ef77b35285e6e83366ab4fe755a151cb28009931adf200a59c14ea9845,extra_variant_or_near_duplicate_for_train_component
ce7c4ee0572c3ba0,63a267f99b93593646485fce711fe459_jpg,train,train,63a267f99b93593646485fce711fe459_jpg.rf.65717554d91ca80700a553afffbf29e6.jpg,a6d7ca5bf12291084565c158920ed3b1a751e4d0790cd0b226f53cdc3b2d31f9,extra_variant_or_near_duplicate_for_train_component
ce7c4ee0572c3ba0,63a267f99b93593646485fce711fe459_jpg,train,train,63a267f99b93593646485fce711fe459_jpg.rf.e0bcc000a814d75bc6c05c69a583e0e6.jpg,9cbfb581b8715222bdf2771e689b72c9b4fa8ca94fd928f48b7080d41b5aaa58,extra_variant_or_near_duplicate_for_train_component
ce8bc4b761dd217f,000070_jpg,train,train,000070_jpg.rf.7f488552322237dcb3e9f5b6b04c6a5a.jpg,dc41f6792bdc0ebb321b138d8f357f13c4d4f9d90aa01c392ade5c0d3914bb2c,exact_duplicate_same_label
ce8bc4b761dd217f,000070_jpg,train,train,000070_jpg.rf.7f7d07149f7d60dc92db4e1cebe6a4ae.jpg,dc41f6792bdc0ebb321b138d8f357f13c4d4f9d90aa01c392ade5c0d3914bb2c,exact_duplicate_same_label
ce8bc4b761dd217f,000070_jpg,train,train,000070_jpg.rf.ad3e1855d8afa303a60ba82057f618e0.jpg,a71d56cf9c7d8ef2b42a95acba3dc8c82970eae2a130723cfd88d2ccbef046a8,exact_duplicate_same_label
ce8bc4b761dd217f,000070_jpg,test,train,000070_jpg.rf.72e99b0ba8750c11d84bf559e2142fdf.jpg,6b9bfed95368b265dcc96fc91863abbb148504895019621023fc0b571ba51c6e,extra_variant_or_near_duplicate_for_train_component
cec7311a0242f25b,ggg078_jpg,valid,valid,ggg078_jpg.rf.53ed3c5c6d9fe72a5b743c0e74261d61.jpg,7bc2a821005f1203a4bca14fa0c774537e9b09b49ddaca007950643994ccaf83,extra_variant_or_near_duplicate_for_valid_component
cec7311a0242f25b,ggg078_jpg,valid,valid,ggg078_jpg.rf.5ea71e741d4275507531b831f2f5c662.jpg,c62d2f693a7c83595513953363db35a2574f7340d6f8089d62454f1b0a9f5874,extra_variant_or_near_duplicate_for_valid_component
cf22909ac908caed,WIN_20220507_21_29_03_Pro-2-_jpg,train,train,WIN_20220507_21_29_03_Pro-2-_jpg.rf.aed98480161f20e344ae97f4fec7f9f9.jpg,0200ad271bcb37bc7047af2f7189fa522efb07460d37ff4b9ab372f652c5e1b4,extra_variant_or_near_duplicate_for_train_component
cf22909ac908caed,WIN_20220507_21_29_03_Pro-2-_jpg,valid,train,WIN_20220507_21_29_03_Pro-2-_jpg.rf.d19e4b73d421dff92225d4b911a8a75b.jpg,a76af1304e9a8d713eaed9bfc351ee6d6818a07b24bc6c1cc044f66dc29020f5,extra_variant_or_near_duplicate_for_train_component
cf22909ac908caed,WIN_20220507_21_29_03_Pro-2-_jpg,test,train,WIN_20220507_21_29_03_Pro-2-_jpg.rf.2e0b61c4e736bff3fc18450d6bd04955.jpg,86aea2bd5321eb1362a1ec48866c8ee9dc09c2e1e6bc78296fe14b5634fc33f8,exact_duplicate_same_label
cf3874652fcd2736,WIN_20220329_21_28_54_Pro_jpg,train,train,WIN_20220329_21_28_54_Pro_jpg.rf.9952fce8e4ccd9b4f393db59899d391d.jpg,f0875aa3993e528d84e67f46c1a4f594b25e8e3a9198b0b8f9843b95120bfd5d,extra_variant_or_near_duplicate_for_train_component
cf3874652fcd2736,WIN_20220329_21_28_54_Pro_jpg,valid,train,WIN_20220329_21_28_54_Pro_jpg.rf.46faaa72ee0e3d6d8d09df16786919c4.jpg,0286354df4e2ecf7c6277e597e24df87acaa73eeda5173800c0b7b79b8fb3b87,extra_variant_or_near_duplicate_for_train_component
cfdd4370b1dd3261,gg0219_jpeg_jpg,train,valid,gg0219_jpeg_jpg.rf.19f217cd01f230d591599cdfa2ff9ff1.jpg,b34765330fa1989d4533d9aa912872ca05635bc5481914de5e10c2904ad0e39c,exact_duplicate_same_label
cfdd4370b1dd3261,gg0219_jpeg_jpg,train,valid,gg0219_jpeg_jpg.rf.74407140c6c778cc4c5c7a79be7ab0d8.jpg,16b3a19591642b166abab53c07cfcca9473b6fb2f3e029dadeb0ce3064027e15,exact_duplicate_same_label
cfdd4370b1dd3261,gg0219_jpeg_jpg,train,valid,gg0219_jpeg_jpg.rf.8fe303681beb0ca0c191ce8c301e49da.jpg,efede419351205792ab3189e682ea92f98af712957745b0fc4cfe4c291f10cd7,exact_duplicate_same_label
cfdd4370b1dd3261,gg0219_jpeg_jpg,train,valid,gg0219_jpeg_jpg.rf.a413c728cdbd9d989ec92b562a78f4db.jpg,cc1ac2c655015fa5ac8d1784d9f6a5901e58c46c9072b9ee09dc285d041d3fd0,exact_duplicate_same_label
cfdd4370b1dd3261,gg0219_jpeg_jpg,train,valid,gg0219_jpeg_jpg.rf.a95085d025f7a8f85b10b2f14f7cbcae.jpg,cc1ac2c655015fa5ac8d1784d9f6a5901e58c46c9072b9ee09dc285d041d3fd0,exact_duplicate_same_label
cfdd4370b1dd3261,gg0219_jpeg_jpg,train,valid,gg0219_jpeg_jpg.rf.bcbe22cc69e9d596d445e4ac0349b6be.jpg,b34765330fa1989d4533d9aa912872ca05635bc5481914de5e10c2904ad0e39c,exact_duplicate_same_label
cfdd4370b1dd3261,gg0219_jpeg_jpg,train,valid,gg0219_jpeg_jpg.rf.d55559217efdf48c574182450cc0dcd9.jpg,efede419351205792ab3189e682ea92f98af712957745b0fc4cfe4c291f10cd7,exact_duplicate_same_label
cfdd4370b1dd3261,gg0219_jpeg_jpg,train,valid,gg0219_jpeg_jpg.rf.d82dd94ea2ff3e64397d0ab6b2ba9f61.jpg,50e15b1394983399056081d0c79db1d1433fea30f29828bd971a7b57bb3e23a5,exact_duplicate_same_label
cfdd4370b1dd3261,gg0219_jpeg_jpg,train,valid,gg0219_jpeg_jpg.rf.e9dfc642258782b592f8431b79b35728.jpg,50e15b1394983399056081d0c79db1d1433fea30f29828bd971a7b57bb3e23a5,exact_duplicate_same_label
cfdd4370b1dd3261,gg0219_jpeg_jpg,train,valid,gg0219_jpeg_jpg.rf.f58da60200f04bccf54a392efc866d9b.jpg,16b3a19591642b166abab53c07cfcca9473b6fb2f3e029dadeb0ce3064027e15,exact_duplicate_same_label
cfe97eefe7817bc3,ggg004_jpg,train,valid,ggg004_jpg.rf.62b654493cd0f081e96cecb74997aba3.jpg,742add4666801a09f90605f61bbe7032f0e7e14e233608dd7d6d42ce2d1fe0f7,exact_duplicate_same_label
cfe97eefe7817bc3,ggg004_jpg,train,valid,ggg004_jpg.rf.82af5a1ef2d9078c2e976e321f22be14.jpg,b5c2dbd72a74849b20b62fa284cde06b07622cfc07561a7ec79566207524c3f6,exact_duplicate_same_label
cfe97eefe7817bc3,ggg004_jpg,train,valid,ggg004_jpg.rf.aaceadcadd6fafa61e3dd45bb73e1d2c.jpg,742add4666801a09f90605f61bbe7032f0e7e14e233608dd7d6d42ce2d1fe0f7,exact_duplicate_same_label
cfe97eefe7817bc3,ggg004_jpg,train,valid,ggg004_jpg.rf.ec1615d5c341e83a61f1be0c31618bba.jpg,b5c2dbd72a74849b20b62fa284cde06b07622cfc07561a7ec79566207524c3f6,exact_duplicate_same_label
d0425f82ea36af8c,c00273_jpg,train,train,c00273_jpg.rf.121715b2ae07c6b619163d08381bb963.jpg,3a0d944abdf0ce70d049256bddca5aa7f873b674ff4c56ec865f162e2d454c1a,exact_duplicate_same_label
d0425f82ea36af8c,c00273_jpg,train,train,c00273_jpg.rf.131ad4fc08c87de1bba2aaa5197b12c5.jpg,49a58f0bb068a3829bcdc54a3ba3f9330f0bcc5b0f981d63bb66b00fae664c98,exact_duplicate_same_label
d0425f82ea36af8c,c00273_jpg,train,train,c00273_jpg.rf.13c264ea0cc547dbdca9d591d9f32d84.jpg,49a58f0bb068a3829bcdc54a3ba3f9330f0bcc5b0f981d63bb66b00fae664c98,exact_duplicate_same_label
d0425f82ea36af8c,c00273_jpg,train,train,c00273_jpg.rf.21ac36e755e5e104bf4895eea6048d74.jpg,a5ea85b5c7eed645aafd200ac73264697c40c6f280a90e908e6ecee8fd320ad9,exact_duplicate_same_label
d0425f82ea36af8c,c00273_jpg,train,train,c00273_jpg.rf.3c24aa45e9b8094ff7b0066e990e7932.jpg,a5ea85b5c7eed645aafd200ac73264697c40c6f280a90e908e6ecee8fd320ad9,exact_duplicate_same_label
d0425f82ea36af8c,c00273_jpg,train,train,c00273_jpg.rf.5b1157dd9d04d79b86d6662b69f7a3f8.jpg,62c6100706dae2d36ab2cc0cc34e482ccb206f24058e9944fc4726da4ddb7916,exact_duplicate_same_label
d0425f82ea36af8c,c00273_jpg,train,train,c00273_jpg.rf.72c97577720c02fed4a5cca41622fdd0.jpg,49b0c90e98108dcbd07bc0683dcacff2534f6cfeab4174a1e5d9f56bcad36384,exact_duplicate_same_label
d0425f82ea36af8c,c00273_jpg,train,train,c00273_jpg.rf.8de6fc0389995e4b465a38e73fd50329.jpg,62c6100706dae2d36ab2cc0cc34e482ccb206f24058e9944fc4726da4ddb7916,exact_duplicate_same_label
d0425f82ea36af8c,c00273_jpg,train,train,c00273_jpg.rf.d432cb10a02d55bd4d4e574f8f123795.jpg,3a0d944abdf0ce70d049256bddca5aa7f873b674ff4c56ec865f162e2d454c1a,exact_duplicate_same_label
d0425f82ea36af8c,c00273_jpg,train,train,c00273_jpg.rf.d50377a53d564a1a5ddf8b80d27974d9.jpg,49b0c90e98108dcbd07bc0683dcacff2534f6cfeab4174a1e5d9f56bcad36384,exact_duplicate_same_label
d0425f82ea36af8c,c00273_jpg,train,train,c00273_jpg.rf.ebdbc380c265b1018ea9315910a78910.jpg,d5bdf24e0a4ce327f5dcb04c96341ef9ada35d01de255c09bb1075dfb416ee86,exact_duplicate_same_label
d07b0cf609a9279d,000160_jpg,train,train,000160_jpg.rf.785df5f2f666e12e6ebdf513ac02a596.jpg,8388ac48c63bfa5e54cc59afdc9c288e5354e235ade01c77d42692e98b0bee5f,exact_duplicate_label_conflict
d07b0cf609a9279d,000160_jpg,train,train,000160_jpg.rf.79813e57ce2de507a7b9e52e7de3354a.jpg,7c2c8022495e9ab3ffa188b50e40ce7fd6840a0c52f32c8615bcc7b29e44724b,exact_duplicate_same_label
d07b0cf609a9279d,000160_jpg,train,train,000160_jpg.rf.ad124a8d10a53d555ad0e5e9b6f2591a.jpg,7c2c8022495e9ab3ffa188b50e40ce7fd6840a0c52f32c8615bcc7b29e44724b,exact_duplicate_same_label
d07b0cf609a9279d,000160_jpg,valid,train,000160_jpg.rf.30e40a70be3b9010786925b6f4989896.jpg,033414b270007e2b55214ac8b4a0f6c716dc1bae2219323c0de456b3f30faab2,extra_variant_or_near_duplicate_for_train_component
d0b95a027ef738fe,1697099983327_JPEG_jpg,train,train,1697099983327_JPEG_jpg.rf.ab61b20092c563cfe160bf6f21b20d75.jpg,55ebcbbffcb80fb6f5433905b1c9a2b449ff2cb3a0f6bc81196f556fcd8c029f,extra_variant_or_near_duplicate_for_train_component
d0b95a027ef738fe,1697099983327_JPEG_jpg,train,train,1697099983327_JPEG_jpg.rf.acb69041978869ea5cc52e1114106846.jpg,5cba3ff043d5144e4f4cfdd0a971954b9e26a5be9208f70168e8b529b3200082,extra_variant_or_near_duplicate_for_train_component
d0b95a027ef738fe,1697099983327_JPEG_jpg,train,train,1697099983327_JPEG_jpg.rf.ea8edc49d815e38c5d58d8f3f275d1a4.jpg,99661de749e6f87079240f7e1539a11fa508632622de501d91ca4dcdcc9ae37e,extra_variant_or_near_duplicate_for_train_component
d0b95a027ef738fe,1697099983327_JPEG_jpg,train,train,1697099983327_JPEG_jpg.rf.f7509329115b2de890f3b06f0883e2d6.jpg,7eb8f00004c2632003afb01ca20577b1b762b9534d022df786ff32c327928c8a,extra_variant_or_near_duplicate_for_train_component
d0b95a027ef738fe,1697099983327_JPEG_jpg,valid,train,1697099983327_JPEG_jpg.rf.1844020c0d8a8cd682a57c5458a512ac.jpg,57fa3596dd93d92b7de2934f3c49950d8809e86cb79aeed9e3abea567fc5744b,extra_variant_or_near_duplicate_for_train_component
d0b95a027ef738fe,1697099983327_JPEG_jpg,valid,train,1697099983327_JPEG_jpg.rf.3bcfd27f905b05dcd60c0c8a0dd1c4c3.jpg,ddf78028de5ec83770570da1eeb854a5931914446238ec4303dbd7155584df93,extra_variant_or_near_duplicate_for_train_component
d0b95a027ef738fe,1697099983327_JPEG_jpg,valid,train,1697099983327_JPEG_jpg.rf.87a41e41eb79d07853446181b1d86083.jpg,02c27f7763c27b435a0fa936422ccc09423b0b40af0c61f04767e2c0168748ce,extra_variant_or_near_duplicate_for_train_component
d0b95a027ef738fe,1697099983327_JPEG_jpg,valid,train,1697099983327_JPEG_jpg.rf.90a640c6720bb91d037e93169c010c03.jpg,cbfaaff30ac66eb5f7613b33b5df43fd3a5f5c16ee413dc356d5ba4a5266318b,extra_variant_or_near_duplicate_for_train_component
d0c25ce81c0cd64b,000535_jpg,train,train,000535_jpg.rf.9bd34c5ceeef85f4748b5eca008af2e1.jpg,eec201071589442fbeda921d82c06be84f19ef33845a4091ff9abbbdcb67e4d7,exact_duplicate_same_label
d0c25ce81c0cd64b,000535_jpg,train,train,000535_jpg.rf.b697e4b6d4e6b3382b38c17060fe4b3f.jpg,d44eaa54b8ddca11782d76db8cd587fff79bfc66755666e88bc32e045006c9c5,exact_duplicate_label_conflict
d0c25ce81c0cd64b,000535_jpg,train,train,000535_jpg.rf.c26348ec4f8925f2893d79558fd94b0b.jpg,447d937ee7aa9ac6361537e362317e703b78edd8b2d7945787edc337f9dbd55c,exact_duplicate_same_label
d0c25ce81c0cd64b,000535_jpg,train,train,000535_jpg.rf.e837c1b79438d0f673fd2c98b4971718.jpg,d44eaa54b8ddca11782d76db8cd587fff79bfc66755666e88bc32e045006c9c5,exact_duplicate_label_conflict
d0c25ce81c0cd64b,000535_jpg,train,train,000535_jpg.rf.fdbd7b3f73963e12d8a5d9305594156f.jpg,447d937ee7aa9ac6361537e362317e703b78edd8b2d7945787edc337f9dbd55c,exact_duplicate_same_label
d0d6b2c7c618543e,1697099879130_JPEG_jpg,train,train,1697099879130_JPEG_jpg.rf.31235ef4614d0114480c5f13f89b9c10.jpg,8cae629783f4ab9c29ef70e19481d421723c63c119ef47ebbb5a6cafe285b4a7,extra_variant_or_near_duplicate_for_train_component
d0d6b2c7c618543e,1697099879130_JPEG_jpg,train,train,1697099879130_JPEG_jpg.rf.387e3a1e365ffc8286181d35e8dbbb9f.jpg,0ea8bb32b8d2e719eb86a99f6b363d2c17d0ba5bac5e59fecd405544c14a8cc8,extra_variant_or_near_duplicate_for_train_component
d0d6b2c7c618543e,1697099879130_JPEG_jpg,train,train,1697099879130_JPEG_jpg.rf.84a8fc27444b3f8689ac4782130dc7aa.jpg,ab7e348dc575bbdc92ab800524a7d19d010ae687a10f880ca56e46271e9aa368,extra_variant_or_near_duplicate_for_train_component
d0d6b2c7c618543e,1697099879130_JPEG_jpg,train,train,1697099879130_JPEG_jpg.rf.bbf3f480a8dfe8654459e4c4aca1300b.jpg,d6fde653f3e0b72553764d36c503c0025e4841f36059ef1e9992ac2191fff0ee,extra_variant_or_near_duplicate_for_train_component
d0d6b2c7c618543e,1697099879130_JPEG_jpg,train,train,1697099879130_JPEG_jpg.rf.d2cc05809ca7ce2a8ee3137e7f4b18f0.jpg,af61d64d1e4e42d72153c7ab62d2304258134505d3f3b888c2ecde1ddeb5729e,extra_variant_or_near_duplicate_for_train_component
d0d6b2c7c618543e,1697099879130_JPEG_jpg,train,train,1697099879130_JPEG_jpg.rf.df95efaf14f4ca111aaf326aafadc614.jpg,9b08f8acc47874cf7acff3d3f6bd194e92b39a22bb0c8c2b8f65009617f10720,extra_variant_or_near_duplicate_for_train_component
d0d6b2c7c618543e,1697099879130_JPEG_jpg,valid,train,1697099879130_JPEG_jpg.rf.eeac0c9590d6640b8a542caa327e6a51.jpg,ed068be42782b9cd84b0cef6e3294f28281000a14dab626de8c13195c0fe9739,extra_variant_or_near_duplicate_for_train_component
d19b473797fe5203,WIN_20220507_21_28_45_Pro_jpg,train,train,WIN_20220507_21_28_45_Pro_jpg.rf.f2fcefadda7583aab8aa7d615346c9c5.jpg,abab9466e970380917dd47c38f549c71c22d8cccbc56f94cd571a5a28ebc8f25,extra_variant_or_near_duplicate_for_train_component
d19b473797fe5203,WIN_20220507_21_28_45_Pro_jpg,valid,train,WIN_20220507_21_28_45_Pro_jpg.rf.4e48df48c780259bf1c5d1573933d18e.jpg,c792e909ce62e9a3657b08e0c0e0d51be08cc2034dde786f12c96fc7cfad787e,extra_variant_or_near_duplicate_for_train_component
d1a38b8be0f9ad1b,bb0448_jpg,train,test,bb0448_jpg.rf.539620be5e08270b045531f1dbdec138.jpg,5947c97cc3eba4b4d5f014de856e16a07abc4013846cbea6a3fc464f59b80e6b,exact_duplicate_same_label
d1a38b8be0f9ad1b,bb0448_jpg,train,test,bb0448_jpg.rf.9aa3fe950f0f5032bdd75e0f917d7dcd.jpg,6ba646fdd5026b9a9764986bbba79d954fe611c10573c7ad26b03ccb74b49243,exact_duplicate_same_label
d1a38b8be0f9ad1b,bb0448_jpg,train,test,bb0448_jpg.rf.a62d43d88c9d749fbec92831f29f9b07.jpg,5947c97cc3eba4b4d5f014de856e16a07abc4013846cbea6a3fc464f59b80e6b,exact_duplicate_same_label
d1a38b8be0f9ad1b,bb0448_jpg,train,test,bb0448_jpg.rf.b9ab13eec665a3309b185f2fd0ac741d.jpg,6ba646fdd5026b9a9764986bbba79d954fe611c10573c7ad26b03ccb74b49243,exact_duplicate_same_label
d22f18942ce91ad9,000032_jpg,train,train,000032_jpg.rf.3c22de46988e2d20f1d7ce374daa4ad4.jpg,892e6a15c5612e17d74d8a3a60382f323751523a99bbf98b51231d69fbe00ad0,exact_duplicate_same_label
d22f18942ce91ad9,000032_jpg,train,train,000032_jpg.rf.680318d3456d29739dc8b3acc682c516.jpg,0a59b796d0de77f0bbb8f54deeeb8f7abe90fd3a014c8953f0cf694e5a2242ff,exact_duplicate_same_label
d22f18942ce91ad9,000032_jpg,train,train,000032_jpg.rf.821775db8afaa6454494170a9b0581ae.jpg,c5ec3f0dd9ad3b2af02b3104cb859c92621e7397f9d95659f4d317775204240f,exact_duplicate_same_label
d22f18942ce91ad9,000032_jpg,train,train,000032_jpg.rf.c2de9fbea763023cbbafc017b20ce302.jpg,892e6a15c5612e17d74d8a3a60382f323751523a99bbf98b51231d69fbe00ad0,exact_duplicate_same_label
d22f18942ce91ad9,000032_jpg,train,train,000032_jpg.rf.eb18980e83bd13313ea55bbee0f81d60.jpg,0a59b796d0de77f0bbb8f54deeeb8f7abe90fd3a014c8953f0cf694e5a2242ff,exact_duplicate_same_label
d349bae40d14a702,images-98-_jpg,train,train,images-98-_jpg.rf.58465b30113552100d1f9e82fa942bd9.jpg,7af63ab9666cbf8f185d61b846172bdc1294b53f7e97b8f1f6f501e4fddcf9c8,extra_variant_or_near_duplicate_for_train_component
d349bae40d14a702,images-98-_jpg,valid,train,images-98-_jpg.rf.2168d9a9fcad994d49a4b0602da82609.jpg,bcb95dd4292ab2c18c8b4aa1f865901e99711af79a110071b87b1d1826ff8fd7,extra_variant_or_near_duplicate_for_train_component
d354b3aae1016b9e,c00305_jpeg_jpg,train,train,c00305_jpeg_jpg.rf.b3ada8cff6085207e96bf1c5758860ec.jpg,20b6da629d105b5987493dcd77c0e1c3d1cc48faddba4c7e1213877992e47b4e,exact_duplicate_same_label
d354b3aae1016b9e,c00305_jpeg_jpg,train,train,c00305_jpeg_jpg.rf.2e2f819ec03884b29b84e38454807a5b.jpg,531865e6376197d727ec916ffe6f4eb1cd9e07dd1b91c01eee51ecab435dd59d,exact_duplicate_same_label
d354b3aae1016b9e,c00305_jpeg_jpg,train,train,c00305_jpeg_jpg.rf.73fa899b4ec612ce968fd73d69f29344.jpg,95bc9b35a695b01ce24878e0e390643989b8e37ee4df342f9f717d81397f7b54,exact_duplicate_same_label
d354b3aae1016b9e,c00305_jpeg_jpg,train,train,c00305_jpeg_jpg.rf.9e5087ed2ec906873d3c5fd6db3ede7a.jpg,95bc9b35a695b01ce24878e0e390643989b8e37ee4df342f9f717d81397f7b54,exact_duplicate_same_label
d354b3aae1016b9e,c00305_jpeg_jpg,train,train,c00305_jpeg_jpg.rf.e92b8f219d01e811498871d4843a55f5.jpg,531865e6376197d727ec916ffe6f4eb1cd9e07dd1b91c01eee51ecab435dd59d,exact_duplicate_same_label
d354b3aae1016b9e,c00305_jpeg_jpg,test,train,c00305_jpeg_jpg.rf.47d01f52ebb957e2b0054e194a691553.jpg,74fefe6101ede855608762c9409425b84cd551b501a89afe6aef13b8376ec59a,extra_variant_or_near_duplicate_for_train_component
d383edad69466611,000176_jpg,train,train,000176_jpg.rf.edcd0546eaa571d69dfbc33559eba8fe.jpg,b07e5e67d2b8f178c66e22d2d852e083261c90d1d2114da6b5f525fd3afb66e4,exact_duplicate_same_label
d383edad69466611,000176_jpg,test,train,000176_jpg.rf.69b31d0c54700549f6b94061e4c61126.jpg,759c94ce178559044aea9a39ba62d92cd3a753650345b55434ba17669e94d493,extra_variant_or_near_duplicate_for_train_component
d383edad69466611,000176_jpg,test,train,000176_jpg.rf.70f1242b3445c9c8f9202594199ee7b3.jpg,034df462fa922b4d05969f6de842061d71da7be9d870fdd9b216303339d053c8,extra_variant_or_near_duplicate_for_train_component
d408313a717f2e5b,1697099948795_JPEG_jpg,train,train,1697099948795_JPEG_jpg.rf.0c5ae02c61377e014fa6ee78a440f765.jpg,cdadbcdca479de9af45aa88bdd7fbfc561c1a9c96fb8c9090bc304b6bc4029f0,extra_variant_or_near_duplicate_for_train_component
d408313a717f2e5b,1697099948795_JPEG_jpg,train,train,1697099948795_JPEG_jpg.rf.559b7663ed4a44cd9be1a50083b7d474.jpg,a2b1ea18a799b3b15d7bafd595b706dc2c781c1b7c430c39de4f679f20283586,extra_variant_or_near_duplicate_for_train_component
d408313a717f2e5b,1697099948795_JPEG_jpg,train,train,1697099948795_JPEG_jpg.rf.6bfb31c7833114a3f45bd1998968d692.jpg,40dfbb9d2469f4741dd7813ed69873b408b6a956010b65c9500c06b66039a30d,extra_variant_or_near_duplicate_for_train_component
d408313a717f2e5b,1697099948795_JPEG_jpg,train,train,1697099948795_JPEG_jpg.rf.a3979e509a1ca87b72b1b660988361a1.jpg,6f2390cd0f33e887635c2c7390adb69316d4bdd4b6c51ae6975ec6fb77a50a42,extra_variant_or_near_duplicate_for_train_component
d408313a717f2e5b,1697099948795_JPEG_jpg,train,train,1697099948795_JPEG_jpg.rf.a3b4352eb570d299fe9e3a4787a5a34a.jpg,c188517fe00f1e1ea67a575608662b7bfd2a347300d08fa859b040669d3ca089,extra_variant_or_near_duplicate_for_train_component
d408313a717f2e5b,1697099948795_JPEG_jpg,train,train,1697099948795_JPEG_jpg.rf.ad45eb441fbb7652a89bfe975e66b007.jpg,d62da5b6e238f6cca4c4a76d4854dd9354b7cf981d521564d32294762e9bb667,extra_variant_or_near_duplicate_for_train_component
d408313a717f2e5b,1697099948795_JPEG_jpg,train,train,1697099948795_JPEG_jpg.rf.d1c620330d39b73123f2d0148afd8b11.jpg,b44c6003c834f5b33496f17df8f33fb992d19476169db11a31a34ad946909e5c,extra_variant_or_near_duplicate_for_train_component
d408313a717f2e5b,1697099948795_JPEG_jpg,valid,train,1697099948795_JPEG_jpg.rf.1b59d7d95c8764126d5944c6f6f470dc.jpg,647931ef8b35141a4c6c87ea3d7233b244553eb7a8efc84f88f30e0d1a4b23b9,extra_variant_or_near_duplicate_for_train_component
d41b9b2fc898c6b6,bb0280_jpg,train,train,bb0280_jpg.rf.ab792e1837222ddcf1585733ae2a9e5f.jpg,3fba13bc7217469f1691ff54d82527b0f8d763f51763230e5e46235fe98e4004,exact_duplicate_same_label
d41b9b2fc898c6b6,bb0280_jpg,train,train,bb0280_jpg.rf.b4438d7bd39afa34144e686e55eaf75d.jpg,7e47d472f0532bd54a47e03e8a8960225e8fc979333b1ad34e6a64fe9d183f51,exact_duplicate_same_label
d41b9b2fc898c6b6,bb0280_jpg,train,train,bb0280_jpg.rf.facce0711095d2a313cefc8a2f87453c.jpg,3fba13bc7217469f1691ff54d82527b0f8d763f51763230e5e46235fe98e4004,exact_duplicate_same_label
d41b9b2fc898c6b6,bb0280_jpg,valid,train,bb0280_jpg.rf.971cf6c39cb9863daee686d8ba1a67f4.jpg,b0c80d3ea17c8d6fa1f50f6cd13a1beb1c6b0cb8a6021f9ae503e45335f6f237,extra_variant_or_near_duplicate_for_train_component
d4f99bd4436860f6,images-19-_jpg,test,train,images-19-_jpg.rf.bb68f36850dfbb520e5a643ab30e1596.jpg,776ea7c0d952b3de9a9b613a4922ce0eabb01892b4b7655b02f11ed1b7dfa94c,exact_duplicate_same_label
d530f679793e6b6b,b00188_jpg,train,train,b00188_jpg.rf.f8d38b216b35959f7c1151f237553869.jpg,4c90b359e14970504ebdff7813a0c0459186eda110a89e15c263a519f8b74d3e,exact_duplicate_same_label
d530f679793e6b6b,b00188_jpg,valid,train,b00188_jpg.rf.35849149a099d8bf9e79aee85647955f.jpg,f35995a1d7187ca76346c963ba685f29caf644d4dfcc0e537248bdf298344acf,extra_variant_or_near_duplicate_for_train_component
d530f679793e6b6b,b00188_jpg,test,train,b00188_jpg.rf.b17eeb58cadc85697d96919812d38ed2.jpg,06f2b3daf8967ec0273726b78faf908b6bd090ee7db634f9558f482982e029fa,extra_variant_or_near_duplicate_for_train_component
d561ba3efd5315b1,images-21-_jpg,train,train,images-21-_jpg.rf.c5f4299decf3cbdc5a5140afbed7a867.jpg,b55260f5fa21157f28bb1610a3e3506f0417f0702e486c6e4844ba074db9f80f,extra_variant_or_near_duplicate_for_train_component
d561ba3efd5315b1,images-21-_jpg,valid,train,images-21-_jpg.rf.f186802a2004976cb83823eac5c2e5ec.jpg,6823695acd76d0ce298cab9577b1f81b21deac5ddc6a3603860bc142926764d8,extra_variant_or_near_duplicate_for_train_component
d561ba3efd5315b1,images-21-_jpg,test,train,images-21-_jpg.rf.25aaeb8f4036a404939d4ad27a9218a9.jpg,5336aae8b90152086bfa149ad988693922cadd8bc2a6cc4c0f2531b87614418f,exact_duplicate_same_label
d5678a7bd79085a7,c00529_jpg,test,test,c00529_jpg.rf.f479e1b3f4fbdaa0c9325dc9276035fb.jpg,1956dc0eef91d0cf860263c0963aa6dd39239df70a535327dc1b34f452726203,extra_variant_or_near_duplicate_for_test_component
d5678a7bd79085a7,c00529_jpg,valid,test,c00529_jpg.rf.920daf8e265bdba545f7f1051e268ad6.jpg,4b56522fb113de3f2953905a190f8a626e58bc27f593aed8bc305b657ebf92ef,extra_variant_or_near_duplicate_for_test_component
d5678a7bd79085a7,c00529_jpg,train,test,c00529_jpg.rf.8fe5259f3f8218e415d0fa2fd391267a.jpg,de8d55c2f72f5dd2eb773ca870d898af9eac1aeb5fc653085c22d9bba327bb06,exact_duplicate_same_label
d5678a7bd79085a7,c00529_jpg,train,test,c00529_jpg.rf.e5c79a0c820a64b6617003519629b34f.jpg,de8d55c2f72f5dd2eb773ca870d898af9eac1aeb5fc653085c22d9bba327bb06,exact_duplicate_same_label
d5aa696e9e417288,WIN_20220507_23_10_45_Pro_jpg,train,train,WIN_20220507_23_10_45_Pro_jpg.rf.8ac0b0dd0fc546ff8d52710036e4cdd5.jpg,aa8e9af66a5f4d324f4dd8c91ca946cd1c49f808435c665979c4bf2a3dcbe11d,extra_variant_or_near_duplicate_for_train_component
d5aa696e9e417288,WIN_20220507_23_10_45_Pro_jpg,train,train,WIN_20220507_23_10_45_Pro_jpg.rf.afae5ff764c14e731b9f2572cd66dfeb.jpg,e35a43a2f5abb4febcb7bf35f233568862dec4933194e4d2bf812a8adc9aeddf,extra_variant_or_near_duplicate_for_train_component
d5acb1b4a620d547,IMG_4423_jpg,valid,train,IMG_4423_jpg.rf.e8aa5d53a391067209d2252e425585a0.jpg,ad1dc34a7cc03ad09d1c51f453b32b2bbdb98f3ed68f49f091f7fbefcd5fed01,extra_variant_or_near_duplicate_for_train_component
d5c5edeb19a50a61,000069_jpeg_jpg,train,train,000069_jpeg_jpg.rf.0ba6e2e32a3662acd916b39064aa9c2f.jpg,2a81d7120aba70db238c551b957501b30d9cc996c1da975c07409ab279143c8b,extra_variant_or_near_duplicate_for_train_component
d5c5edeb19a50a61,000069_jpeg_jpg,train,train,000069_jpeg_jpg.rf.0d1acaa10a65e439ef90a265e9a72fcb.jpg,3282331ab35532eae42d1fa13ed8d20f78346cc6dc9b82090839f9dd6f7215eb,exact_duplicate_same_label
d5c5edeb19a50a61,000069_jpeg_jpg,train,train,000069_jpeg_jpg.rf.401fe9e15517595744fd92fbe18212ed.jpg,f10e6682ff934e374a0974d3057ac8ec3039804d8aaf1e0a473761d08ebc855f,extra_variant_or_near_duplicate_for_train_component
d5c5edeb19a50a61,000069_jpeg_jpg,train,train,000069_jpeg_jpg.rf.4725d352d60ada030f21008d8283829c.jpg,6b626e56dcd51e2d3e20cabc37c3e79d33de06be9bc44e1a3d791adcb7d2f1a1,extra_variant_or_near_duplicate_for_train_component
d5c5edeb19a50a61,000069_jpeg_jpg,train,train,000069_jpeg_jpg.rf.4b93711e5f139459fc191dc04ef239bf.jpg,0807858e30bdd6a765d9886bba74d92bc34011fdb66b816f1f5703e3b57f7c9e,extra_variant_or_near_duplicate_for_train_component
d5c5edeb19a50a61,000069_jpeg_jpg,train,train,000069_jpeg_jpg.rf.66867c262a2d6f1b4e657e10fdf153a5.jpg,3282331ab35532eae42d1fa13ed8d20f78346cc6dc9b82090839f9dd6f7215eb,exact_duplicate_same_label
d5c5edeb19a50a61,000069_jpeg_jpg,train,train,000069_jpeg_jpg.rf.7e77609e6b362278559bfd434c3377e1.jpg,63dc39cf53dedd864c5302880bc046915768311c921b643eaa55c1d4612bbdfd,exact_duplicate_same_label
d5c5edeb19a50a61,000069_jpeg_jpg,train,train,000069_jpeg_jpg.rf.9d6f921f70381aad7b737b23d13d38e3.jpg,6c4bdd6754d38643a2f8d630f022f2ecd51de080dd3d19eff459f06f3ec9f146,exact_duplicate_same_label
d5c5edeb19a50a61,000069_jpeg_jpg,train,train,000069_jpeg_jpg.rf.aeebb79032e5fcf78a05d6b88541367d.jpg,63dc39cf53dedd864c5302880bc046915768311c921b643eaa55c1d4612bbdfd,exact_duplicate_same_label
d5c5edeb19a50a61,000069_jpeg_jpg,train,train,000069_jpeg_jpg.rf.c09852e00dfe36fcc4c8c38b345f7351.jpg,ece12f41574d892d3c5a6d42bc92a6db30a104ea9eb26f6c814b1e760587a748,extra_variant_or_near_duplicate_for_train_component
d5c5edeb19a50a61,000069_jpeg_jpg,train,train,000069_jpeg_jpg.rf.c430bffd74432575b8c0c1894419f144.jpg,4462aa877c9a256c508d34a87a6b09d4bdd8f8ac2a9120669df49b45ae13f071,extra_variant_or_near_duplicate_for_train_component
d62d53fba2615fe1,IMG_4389_jpg,train,train,IMG_4389_jpg.rf.ae831f10a992b85202e1fc7afae6d55b.jpg,55778d7b903750b9c58a8a3a06eb0d0a40bebcec59bc0a15840fa75be6fa3366,extra_variant_or_near_duplicate_for_train_component
d62d53fba2615fe1,IMG_4389_jpg,train,train,IMG_4389_jpg.rf.e03937f018eec7a7e818cdec3b088fc0.jpg,b8f0d714c02b25bc008cc41cb12318984b030175d001699a11fe034417df3f40,extra_variant_or_near_duplicate_for_train_component
d62d53fba2615fe1,IMG_4390_jpg,train,train,IMG_4390_jpg.rf.206e034fdec3f66d779b256a36f5c768.jpg,a5478ffcb1d19eaae3d2c980c2fad380e5bdbb633265debc54518c7a3f46a0d3,extra_variant_or_near_duplicate_for_train_component
d62d53fba2615fe1,IMG_4390_jpg,train,train,IMG_4390_jpg.rf.3793c2a12a60f48e682aa31937b5af0a.jpg,36a68cafbb11f9be8afa3dd57ab6c7d67af19ecb98d68592b4d78e2bd96a3b82,extra_variant_or_near_duplicate_for_train_component
d62d53fba2615fe1,IMG_4390_jpg,train,train,IMG_4390_jpg.rf.e2363d625cfcd95741aac04db6c8814d.jpg,f9544a268389789e52d70e98b80cea364f8a392a3f56bf65af3673c2637f9448,extra_variant_or_near_duplicate_for_train_component
d62d53fba2615fe1,IMG_4391_jpg,train,train,IMG_4391_jpg.rf.1c7f1060bccc5ac4fc45e2a99d57333c.jpg,968e69818300670d6ba36736c4815ac86a9de8f109bd6cbd8b1a3c5c5194a0a6,extra_variant_or_near_duplicate_for_train_component
d62d53fba2615fe1,IMG_4391_jpg,train,train,IMG_4391_jpg.rf.600833788284f8a0516473a9ec8474b0.jpg,bcf7bcad494e59528ef7910e567e910ea9f6735d9418629a9dafa38356e753b0,extra_variant_or_near_duplicate_for_train_component
d62d53fba2615fe1,IMG_4391_jpg,train,train,IMG_4391_jpg.rf.78eb6fc73dcce99756ae510f5e71a23f.jpg,ded208ce04a39b5947df37ef8796b5fc2e8b37d5aec1b621ab8c4abe12f92659,extra_variant_or_near_duplicate_for_train_component
d62d53fba2615fe1,IMG_4392_jpg,train,train,IMG_4392_jpg.rf.5cc5885ce282756481bee93a164add2f.jpg,df9ee0daf25d84f4c8294b6789d194bdfabf5a586865678b128e778f5226fb60,extra_variant_or_near_duplicate_for_train_component
d62d53fba2615fe1,IMG_4392_jpg,train,train,IMG_4392_jpg.rf.a94b4f8ebd0825b86ad663377a10e208.jpg,70fee4b90f51834e8d0a58eb18d8c0093135c2417c05cbabf1adfb3bb110d97a,extra_variant_or_near_duplicate_for_train_component
d62d53fba2615fe1,IMG_4392_jpg,train,train,IMG_4392_jpg.rf.fa917f0ebabee268f937c31f581f2de3.jpg,3cf2ec4830e5f46da89dce7e0effc73e745c25952c917e385766602b115ec3d2,extra_variant_or_near_duplicate_for_train_component
d637708ba22c3d7a,c00061_jpg,train,train,c00061_jpg.rf.8db170c5e078ec86496f9105f06bf03a.jpg,42685490897b0a5339b870e884aa8ed425b5f25e11545d47be7c6ed5c95cbe2e,exact_duplicate_same_label
d637708ba22c3d7a,c00061_jpg,train,train,c00061_jpg.rf.8f2da1806573212bbe891437a2c6e6a0.jpg,be4157a8223e8e19aca1e30c71b8c2ba5953894a591a52371ea9ddb315fd3d95,exact_duplicate_same_label
d637708ba22c3d7a,c00061_jpg,train,train,c00061_jpg.rf.bdfd74d4b0abf2de5f61fee7246269a7.jpg,be4157a8223e8e19aca1e30c71b8c2ba5953894a591a52371ea9ddb315fd3d95,exact_duplicate_same_label
d637708ba22c3d7a,c00061_jpg,train,train,c00061_jpg.rf.c166b059fb8fcc4b7855f60d561b30f6.jpg,caa41c86d63cb0df377795be397510a4c2d5f0859ba4f65a7ae0b5387e2312af,exact_duplicate_same_label
d637708ba22c3d7a,c00061_jpg,train,train,c00061_jpg.rf.e0dc1c7a30127eff1d8ab5eb01fe6e6f.jpg,caa41c86d63cb0df377795be397510a4c2d5f0859ba4f65a7ae0b5387e2312af,exact_duplicate_same_label
d649a578a9ea02b4,IMG_4366_jpg,train,train,IMG_4366_jpg.rf.c0fb7c67ccb4d7c35dfb59fcb11c8384.jpg,fd1f7cd96c05670641a93dd7fb99efb3ada90a116b1de6acf9a445fd3809251f,extra_variant_or_near_duplicate_for_train_component
d649a578a9ea02b4,IMG_4366_jpg,train,train,IMG_4366_jpg.rf.f72aa293efba65d374c1fed03aea777c.jpg,d1cde64ab4fcc0db060a6bb4f5da0149798211b73614ca675b8e106a383d1c63,extra_variant_or_near_duplicate_for_train_component
d649a578a9ea02b4,IMG_4367_jpg,train,train,IMG_4367_jpg.rf.275e631f21b38157dcd39b9e8accc018.jpg,2bab31018b5c7f76aeb2711467c4e7c3d37cfbc7fcecebfd1c36d71e8531bd33,extra_variant_or_near_duplicate_for_train_component
d649a578a9ea02b4,IMG_4367_jpg,train,train,IMG_4367_jpg.rf.d1846a2a3a0dd6c53e2cf943cc26315c.jpg,43a5d55496318951839d05b0dd1d1fc65825f7b4f2bc44c16837c4944e9bc813,extra_variant_or_near_duplicate_for_train_component
d649a578a9ea02b4,IMG_4367_jpg,train,train,IMG_4367_jpg.rf.df8688086203ccb5908eacdaad355b81.jpg,6ebafce8273429904ed9fb4ddaeab206a161bc8099cfc00f20e70a0c8375760e,extra_variant_or_near_duplicate_for_train_component
d649a578a9ea02b4,IMG_4368_jpg,valid,train,IMG_4368_jpg.rf.69720dcbb6aa3172090713e807779c53.jpg,f77c1b1f9b8cf4982354d02f1355ca605ab93ea1a94b60c1628b11da8d414d72,extra_variant_or_near_duplicate_for_train_component
d649a578a9ea02b4,IMG_4365_jpg,train,train,IMG_4365_jpg.rf.aaafb0045a09351229dfff8115b40678.jpg,dae83a6cc1625b51c3ba3e9e291621c61423fb90fa5ee057b4d802af97c52adf,extra_variant_or_near_duplicate_for_train_component
d649a578a9ea02b4,IMG_4365_jpg,train,train,IMG_4365_jpg.rf.f27cfc3039f835c524f9e7b22c40f055.jpg,9be6fb5e95a7342b1303fd9a8a04ef6468725d8ecc4716f721f5f21393eaeb57,extra_variant_or_near_duplicate_for_train_component
d649a578a9ea02b4,IMG_4365_jpg,train,train,IMG_4365_jpg.rf.ff7388443a76f40763e1dae28a673540.jpg,3190033284d90ea34f5ff23fb1483dacfd7c3fc030792340df8b7a0b2f018c66,extra_variant_or_near_duplicate_for_train_component
d7266331da68cc02,IMG_4460_jpg,train,train,IMG_4460_jpg.rf.996e1f5e0fc4a11bae6515402d771d92.jpg,f0edfe7d57103b9dd2dbf0d934ae02fca227cb458a201e10e5717c5fba0e1143,extra_variant_or_near_duplicate_for_train_component
d7266331da68cc02,IMG_4460_jpg,train,train,IMG_4460_jpg.rf.e76fc7a802213c5bfa25610e4f2e189d.jpg,3673a9df0e8b33673af22760784c91541bbaa7f2b001d3dd86bce47bf0aa1c43,extra_variant_or_near_duplicate_for_train_component
d7accf6dfb4fe32c,c00228_jpg,train,train,c00228_jpg.rf.5c67b61703f5838a3aa613af114c52b2.jpg,898d0fffee5870d6f304c8ff3c4cdcae19030204762758aae320f6b26bd8167d,exact_duplicate_same_label
d7accf6dfb4fe32c,c00228_jpg,train,train,c00228_jpg.rf.a23778a1edd2df82ba834641201e2d5a.jpg,954e9f092eb6dcf24ac9d26ae9868c6b0bb76faf3e4e8435d980cd014f89b5ba,exact_duplicate_same_label
d7accf6dfb4fe32c,c00228_jpg,train,train,c00228_jpg.rf.a7886089ca3e1160e4338d6fc7a655f6.jpg,954e9f092eb6dcf24ac9d26ae9868c6b0bb76faf3e4e8435d980cd014f89b5ba,exact_duplicate_same_label
d7accf6dfb4fe32c,c00228_jpg,test,train,c00228_jpg.rf.15afe33a4a36e57bf3814cbacedc32d0.jpg,bc82af7d0e2d8dcd68f1ffab763e225178b5f0af7ce5b134ef708f5fc6f3da85,extra_variant_or_near_duplicate_for_train_component
d7accf6dfb4fe32c,c00228_jpg,train,train,c00228_jpg.rf.0dd8afb1715c04fc3ae249d47fc158da.jpg,3d640b79f215db48db5cf0a90f463c699920d85cc14b9b16114b001e75ebcd49,exact_duplicate_same_label
d7accf6dfb4fe32c,c00228_jpg,train,train,c00228_jpg.rf.4249ce86484f2da2ed4a6eff0203b585.jpg,3df027ef311bced05f519de96f7f44c7d361828aaf84d9af4e7b0f84ed23ec55,exact_duplicate_same_label
d7accf6dfb4fe32c,c00228_jpg,train,train,c00228_jpg.rf.9709721294051a096308a11322c9c4b6.jpg,9a3cf74e238fc1a000f6d4ec8de4ebe45732005fe9786d41aa71aa87c96c393a,exact_duplicate_same_label
d7accf6dfb4fe32c,c00228_jpg,train,train,c00228_jpg.rf.cbefba8594ab08ba556f9c7301fa6a9b.jpg,9a3cf74e238fc1a000f6d4ec8de4ebe45732005fe9786d41aa71aa87c96c393a,exact_duplicate_same_label
d7accf6dfb4fe32c,c00228_jpg,train,train,c00228_jpg.rf.ec93adc0c4e173fcc500e245997fab78.jpg,3df027ef311bced05f519de96f7f44c7d361828aaf84d9af4e7b0f84ed23ec55,exact_duplicate_same_label
d7accf6dfb4fe32c,c00228_jpg,train,train,c00228_jpg.rf.f5fe96577691a146cb56327963013965.jpg,3d640b79f215db48db5cf0a90f463c699920d85cc14b9b16114b001e75ebcd49,exact_duplicate_same_label
d7e1f98923692cd0,1697099984284_JPEG_jpg,train,train,1697099984284_JPEG_jpg.rf.34fbc2afbf155ecbacf9f5527af732d5.jpg,42b1125be6c37061770ffc776eb510a29219e1e5e5b7bca439aa5dd2ef400bd0,extra_variant_or_near_duplicate_for_train_component
d7e1f98923692cd0,1697099984284_JPEG_jpg,train,train,1697099984284_JPEG_jpg.rf.4ccccf02bb2b47d487135c9351f0d4ef.jpg,3e6a7a92562a4716c9120bfc74dd30cc675f3fd5dab8e1e84c4c9d400ca8ad55,extra_variant_or_near_duplicate_for_train_component
d7e1f98923692cd0,1697099984284_JPEG_jpg,train,train,1697099984284_JPEG_jpg.rf.5a0b95608cd3b988a5e5eb2d8aa4ad29.jpg,156155a6fa407a45b71b94e0e585905da18c7139b45dbce91b7957e383ae27aa,extra_variant_or_near_duplicate_for_train_component
d7e1f98923692cd0,1697099984284_JPEG_jpg,train,train,1697099984284_JPEG_jpg.rf.713b1727849140bf648067355ee1da4a.jpg,6cd318bc577660bde18cd0ca39567d5718ab3e0c26794908123340b1ab417e03,extra_variant_or_near_duplicate_for_train_component
d7e1f98923692cd0,1697099984284_JPEG_jpg,train,train,1697099984284_JPEG_jpg.rf.77c572a35accef5cc5c74741b0b2754b.jpg,8ac00ed7a026b7054b7a7afb6037cee6a398c11de220d02a2baa509e56e165ef,extra_variant_or_near_duplicate_for_train_component
d7e1f98923692cd0,1697099984284_JPEG_jpg,train,train,1697099984284_JPEG_jpg.rf.7e1465d3ddeb48be9b3e3c536532ee3e.jpg,9c1dab5994c41dd1e905515d005eeecf0dc04e7aaa0c3c8959cd0bca94b3950a,extra_variant_or_near_duplicate_for_train_component
d7e1f98923692cd0,1697099984284_JPEG_jpg,train,train,1697099984284_JPEG_jpg.rf.bacb11994b3dc96571733cca92d97acb.jpg,59bd863e02f1c4dfaba9659d09017e5223f8eb5af2b050fc6f1f443537b18e10,extra_variant_or_near_duplicate_for_train_component
d7e1f98923692cd0,1697099984284_JPEG_jpg,valid,train,1697099984284_JPEG_jpg.rf.e2b9bfb800f22de2223c456be4576734.jpg,f9e9e0b79155606412710625130b4d23111338ac6ce31dabc4131396d6d93d13,extra_variant_or_near_duplicate_for_train_component
d8900d1fe540ed9a,images-41-_jpg,valid,train,images-41-_jpg.rf.0fc0c44e5a46d950c7739754caa2048e.jpg,1b794675cccdfcd2a325cae9b0f782187b977a313c707cc3afe8640fa3f5a9ea,extra_variant_or_near_duplicate_for_train_component
d8900d1fe540ed9a,images-41-_jpg,valid,train,images-41-_jpg.rf.a6249040bff9510138a5a6be5be0235c.jpg,e666e68f664f81d5245484b658aba9c66d90ced8a1864ed8a6a6f029c385f44b,extra_variant_or_near_duplicate_for_train_component
d8d4dc58142eb7a6,1697099948629_JPEG_jpg,train,train,1697099948629_JPEG_jpg.rf.748e4a54d1d64590fd9ec9915664b6ee.jpg,0ab1941cde03751a36dc79a494159a85dd181a3791c1ddcf898894a8bf134cb6,extra_variant_or_near_duplicate_for_train_component
d8d4dc58142eb7a6,1697099948629_JPEG_jpg,train,train,1697099948629_JPEG_jpg.rf.7826d2dfe0ac18ac3ea58fb8075d9cf7.jpg,798a3e1a5075781cf803309094e4fc2f581594b907abf4cf56fee3e696471e4a,extra_variant_or_near_duplicate_for_train_component
d8d4dc58142eb7a6,1697099948629_JPEG_jpg,train,train,1697099948629_JPEG_jpg.rf.98b33d8eae7a3e6a1f42862325bccf6e.jpg,79fe8ef8f7d5daa2c646b20ee573888422dae979f5c2f624df29245a1a638c39,extra_variant_or_near_duplicate_for_train_component
d8d4dc58142eb7a6,1697099948629_JPEG_jpg,train,train,1697099948629_JPEG_jpg.rf.e1abb596a22a3ac6aae838ea47560882.jpg,9514191b0ae8c66c4333406d0bd1d0c68385745771311ecc1076c096f2944f7f,extra_variant_or_near_duplicate_for_train_component
d8d4dc58142eb7a6,1697099948629_JPEG_jpg,train,train,1697099948629_JPEG_jpg.rf.f0b5cb8b64bc06e5806ad71d955db318.jpg,83ac689e560cb95a61412ffe2eb1b9811b6f9a5652cae37449f32668e9614e33,extra_variant_or_near_duplicate_for_train_component
d8d4dc58142eb7a6,1697099948629_JPEG_jpg,valid,train,1697099948629_JPEG_jpg.rf.4efdc7281fb239943dbd23c9740bc1b4.jpg,e31f850c43f093ae5d5f847f26357a22b7636c5c0acdd83b45d29a1017e7137f,extra_variant_or_near_duplicate_for_train_component
d8d4dc58142eb7a6,1697099948629_JPEG_jpg,valid,train,1697099948629_JPEG_jpg.rf.d079e7ca8220d5a36549c4e19082924a.jpg,a84fe9d2003bcd54e3d7551fa6bec528a9a513e3fa7dff021bb907cac02ab02b,extra_variant_or_near_duplicate_for_train_component
d8d4dc58142eb7a6,1697099948629_JPEG_jpg,valid,train,1697099948629_JPEG_jpg.rf.d4ef56e23ec2912844fbf454f376bd92.jpg,cd84a413dd8f863ebfb6ebe674e1f8313ee8ca562920b268ca7738e8f4e4efc1,extra_variant_or_near_duplicate_for_train_component
d96583c7e7d04497,images-55-_jpg,train,train,images-55-_jpg.rf.aa21a3d6747b38cfffce44ea305089d3.jpg,b1bcf7a1a4cf21780f0e21aa4c71e6046bec743048817cd5b9c5125c15175dde,extra_variant_or_near_duplicate_for_train_component
d96583c7e7d04497,images-55-_jpg,valid,train,images-55-_jpg.rf.92f8a64d951e045894039fab4aa6c36b.jpg,7265a9b9a33fafcbd8874406640c97272f5d6c4b1e5a6c5a7071349934ffa0fd,extra_variant_or_near_duplicate_for_train_component
d97ad5f5667935cb,images-2022-05-07T213602-380_jpg,train,valid,images-2022-05-07T213602-380_jpg.rf.18455575f6f5e13e89a71ab53dd39dde.jpg,03161137eb542df8fcfe3e9973962adee0edf287264ffdab5fcbbaa8aa719e6d,extra_variant_or_near_duplicate_for_valid_component
d97ad5f5667935cb,images-2022-05-07T213602-380_jpg,train,valid,images-2022-05-07T213602-380_jpg.rf.9b1b411fffca4ede0d12dd93133e8a25.jpg,2b8789549dfddb1ea66e0e2f3870fc3977660ba588fcd023a3a67d8e6230b16f,extra_variant_or_near_duplicate_for_valid_component
d97ad5f5667935cb,images-2022-05-07T213602-380_jpg,train,valid,images-2022-05-07T213602-380_jpg.rf.a36daec25edf3a1d4a0f99131a6c045b.jpg,154b90eba1ab517f7c72fca896ebf8059ae6a3a2c64e23a77ab92d72e1b45b35,exact_duplicate_same_label
d9a0135aa3a276dc,IMG_4337_jpg,train,train,IMG_4337_jpg.rf.715aed944f2dafab781177b3040c95e1.jpg,523c2bce088229d01bf4bc8a93ecddc55404bab816cc21f192c72f8da2089371,extra_variant_or_near_duplicate_for_train_component
d9a0135aa3a276dc,IMG_4337_jpg,train,train,IMG_4337_jpg.rf.a8f67ca861b476eb4a95c92b4e151085.jpg,b1826a1ee0e3186cf9bb8cd91710fb53af3727bfd1160523438372b967cb0681,extra_variant_or_near_duplicate_for_train_component
d9a0135aa3a276dc,IMG_4338_jpg,valid,train,IMG_4338_jpg.rf.1eaaeb64050c673dc9f6c2ef8175c68e.jpg,a7ccf7b2233049fdb69efbdd74e05bb1287cfcf72f7afb990ef52dcfe2e0586a,extra_variant_or_near_duplicate_for_train_component
d9dbeb05c558c867,bb0143_jpg,train,valid,bb0143_jpg.rf.02a32b4b9d21ddc543682e385aa3603c.jpg,ac200700e73693f630eaf2c96c9ff2cb0b0fbfa1a0dfbac8b10d6f3c21d6d41b,exact_duplicate_same_label
d9dbeb05c558c867,bb0143_jpg,train,valid,bb0143_jpg.rf.515aef7f973bdb047a6f5d3f48435402.jpg,21a9c0e045f8854cba88f138c3c84e2a3769ea1f389078caf8687e4e6d430261,exact_duplicate_same_label
d9dbeb05c558c867,bb0143_jpg,train,valid,bb0143_jpg.rf.75c86d835c1d5b0d379f15e1c36f322d.jpg,ac200700e73693f630eaf2c96c9ff2cb0b0fbfa1a0dfbac8b10d6f3c21d6d41b,exact_duplicate_same_label
d9dbeb05c558c867,bb0143_jpg,train,valid,bb0143_jpg.rf.f3ed949b74e171352ab99900cc89b07c.jpg,21a9c0e045f8854cba88f138c3c84e2a3769ea1f389078caf8687e4e6d430261,exact_duplicate_same_label
da22362013991e9e,WIN_20220507_21_28_29_Pro_jpg,train,train,WIN_20220507_21_28_29_Pro_jpg.rf.8824b15308d1bdf981cd3776f3842852.jpg,63e8699b4758f4bd1027ce386f73273a3a4b97168a65dc56202813733ea4150e,extra_variant_or_near_duplicate_for_train_component
da22362013991e9e,WIN_20220507_21_28_29_Pro_jpg,train,train,WIN_20220507_21_28_29_Pro_jpg.rf.d09ca78b7e64e3eea8c96a6424709678.jpg,02d772750f96280b34f9e9e9e87857c7b876e2aeb658d2c721021515a1b49eda,extra_variant_or_near_duplicate_for_train_component
da37be182788edbc,IMG_4447_jpg,train,train,IMG_4447_jpg.rf.69d024f07b1b956ba62b20489eb62578.jpg,6f0eac3d7ee5c61f0d63a337d174c6ca6ef2a118bd988af1a6f5269c73050bcd,extra_variant_or_near_duplicate_for_train_component
da37be182788edbc,IMG_4447_jpg,train,train,IMG_4447_jpg.rf.91c20cea2b8a12317ef7af74fc6a6d66.jpg,e18ed064d570b7bbb251dfd1cbbf4cf0d00150eb623e877039e350a80faff899,extra_variant_or_near_duplicate_for_train_component
da3a41dd8353b78f,WIN_20220329_21_30_56_Pro_jpg,train,train,WIN_20220329_21_30_56_Pro_jpg.rf.e25085f75f69cb63ef2bf1d650959159.jpg,fc90624cfd651a038fae2015df861ae670ee6ec565f4b5ae51ed0148b193027b,extra_variant_or_near_duplicate_for_train_component
da3a41dd8353b78f,WIN_20220329_21_30_56_Pro_jpg,valid,train,WIN_20220329_21_30_56_Pro_jpg.rf.5ae41e456af47681fc0c174cffa62bae.jpg,081c9677c92257fbad83e72bb7823117f8372ad2f38bc796fe8ebd59720b1d66,extra_variant_or_near_duplicate_for_train_component
da786afb252e9a36,IMG_4388_jpg,train,valid,IMG_4388_jpg.rf.546ba7af93f7e5caf6729ea235a02dae.jpg,27fa68d7d6967d01421e18e34757673f14d21b2da2fc20383fb01cbb29a957ab,extra_variant_or_near_duplicate_for_valid_component
da786afb252e9a36,IMG_4388_jpg,train,valid,IMG_4388_jpg.rf.686ad0b5ba8398b7ec2b5586bacb479e.jpg,ca98ec3fba57b0fd9398536262b25a86cf2be89b7a1408935527a7ac4ee6815d,extra_variant_or_near_duplicate_for_valid_component
daa36dd5ddf0c608,images-3-_jpg,test,train,images-3-_jpg.rf.77355c753c98a9d9741715b8f16671b3.jpg,17f33d66cdd0d393b125944974b064852d92a7d0e902f12931e7c93047e1bb62,exact_duplicate_same_label
db2a98c23ca29e55,000126_jpg,train,train,000126_jpg.rf.39c69845d3a758ea898241fa2db07fe3.jpg,53d951390809ec17ebc67341a2aabe0512c9a9c4a1baeabd2c0a7cb2dc8cefe8,exact_duplicate_same_label
db2a98c23ca29e55,000126_jpg,train,train,000126_jpg.rf.99ec10bd3473c6c22a6785f90526ee37.jpg,d3b0d002cf27496b05b5d51884186f336582571d2388b1783d7ca3fb2754d02e,exact_duplicate_same_label
db2a98c23ca29e55,000126_jpg,train,train,000126_jpg.rf.f66bedbbe8a6f767bb90ede7f37748c7.jpg,d3b0d002cf27496b05b5d51884186f336582571d2388b1783d7ca3fb2754d02e,exact_duplicate_same_label
db2a98c23ca29e55,000126_jpg,valid,train,000126_jpg.rf.f8290f4d08c277b893853aa0f57e26a2.jpg,17666447442b6a06f95e4b4208e3e4259e247fd565a25ba2ee434a17ca5433d7,extra_variant_or_near_duplicate_for_train_component
db9e6edaa3648678,IMG_4544_jpg,train,train,IMG_4544_jpg.rf.b067365a566a3fcbb55dd4c61e1313dc.jpg,c9c210582f039fc34e4967907f37c8b4c3de5e0567313a6cadcdc940ac051781,extra_variant_or_near_duplicate_for_train_component
db9e6edaa3648678,IMG_4544_jpg,train,train,IMG_4544_jpg.rf.c370396b4ce4c3b0c50b79b2e5e2674e.jpg,5ab67a7b8df6896ba2641ee198245d85a3826d6f1e6320c4a541fdf7ccece54e,extra_variant_or_near_duplicate_for_train_component
dba9adc84067ac48,c00257_jpg,train,train,c00257_jpg.rf.9a29f1e5120247ff06f8ebd4732e4ef4.jpg,4a29a23586859bc62e92f589f8d226bba90d70317d42cedde906b104a6cd9e9c,exact_duplicate_same_label
dba9adc84067ac48,c00257_jpg,train,train,c00257_jpg.rf.cdc1bd9ec9f2d57bf09ca7fdc15e60f9.jpg,f60e529f5f5076a0897e83041252b45763d5aa63a1d36cd7a8ef6bb58ddee593,exact_duplicate_same_label
dba9adc84067ac48,c00257_jpg,train,train,c00257_jpg.rf.d34701389812bf1e71695643588985dc.jpg,f60e529f5f5076a0897e83041252b45763d5aa63a1d36cd7a8ef6bb58ddee593,exact_duplicate_same_label
dba9adc84067ac48,c00257_jpg,test,train,c00257_jpg.rf.c50adbe3d987243660186f9049d51a24.jpg,9f81805d60ff6d0cae2ebfbdb56f1658b8a4913de028f651dc34ab02d095e14f,extra_variant_or_near_duplicate_for_train_component
dba9adc84067ac48,c00257_jpg,train,train,c00257_jpg.rf.166bd84f0bb65f691a2a0486829dfe45.jpg,8254499db35f8cfb462b701ee4d7e15a03c4cac36680eab91de5d8ac754dbf64,exact_duplicate_same_label
dba9adc84067ac48,c00257_jpg,train,train,c00257_jpg.rf.180ef49a54f5ffa5f969636d8cb5bf1b.jpg,8254499db35f8cfb462b701ee4d7e15a03c4cac36680eab91de5d8ac754dbf64,exact_duplicate_same_label
dba9adc84067ac48,c00257_jpg,train,train,c00257_jpg.rf.53f71be34f192effb98e7ce8a34dd252.jpg,2db0a0902e10f9ae9f906ba938a4bbb99e8064fa8d1d8e8d0f3dd0b1b1c769a5,exact_duplicate_same_label
dba9adc84067ac48,c00257_jpg,train,train,c00257_jpg.rf.7f37e4a816a3921b1990e1d4707c6faf.jpg,8d69ecb8bd0232728d6e1b27533bf512308ffc2805cc7069a08bbdc71eba9f0e,exact_duplicate_same_label
dba9adc84067ac48,c00257_jpg,train,train,c00257_jpg.rf.8c797d72349fe15bbe777f6336fc3db0.jpg,2db0a0902e10f9ae9f906ba938a4bbb99e8064fa8d1d8e8d0f3dd0b1b1c769a5,exact_duplicate_same_label
dba9adc84067ac48,c00257_jpg,train,train,c00257_jpg.rf.b9e7e55da584371f934e86895b79b75a.jpg,8d69ecb8bd0232728d6e1b27533bf512308ffc2805cc7069a08bbdc71eba9f0e,exact_duplicate_same_label
dbb6e9c1ab294b2b,IMG_4522_jpg,train,train,IMG_4522_jpg.rf.61fa7e2d97a88f54f832d01669fb91b0.jpg,5d808c7653a9fb7633393c774df5525dfeab5a2615ee23644c12c59159def602,extra_variant_or_near_duplicate_for_train_component
dbb6e9c1ab294b2b,IMG_4522_jpg,train,train,IMG_4522_jpg.rf.b7b864b12aa81bf1f78fa0dc4a4f0f18.jpg,303128641f18b3b1dbc4e2bc6f9caa3f33bcfc9a125b2363b3f7cc5dea755361,extra_variant_or_near_duplicate_for_train_component
dbd725aae069c8cd,M_00955_png_jpg,train,train,M_00955_png_jpg.rf.8917f6619933490e24b540178d281687.jpg,2890fce8e61d4459aeafe5709695b731b399cb9f265c4b534c5f44964f43d16d,extra_variant_or_near_duplicate_for_train_component
dbd725aae069c8cd,M_00955_png_jpg,train,train,M_00955_png_jpg.rf.e6fd2ce66fee56d2c2992c515a25d30f.jpg,f24728c87daaa855cc831928c04da3654012150e09bee2d2910bc33e88a7147e,extra_variant_or_near_duplicate_for_train_component
dbf455fec5ac8d6c,pexels-photo-1461811_jpeg_jpg,train,valid,pexels-photo-1461811_jpeg_jpg.rf.b28def8664c72105c1cf97a7bed2d9c9.jpg,28fe6b39659bba1ea7d94000d0b23cfcde0cd027ae65546079df2d59497e8c60,extra_variant_or_near_duplicate_for_valid_component
dbf455fec5ac8d6c,pexels-photo-1461811_jpeg_jpg,train,valid,pexels-photo-1461811_jpeg_jpg.rf.bf536027237117ebf4d751f107f66eda.jpg,4f32a8cf7bf8f6e4acda234997b4a5333c9eb181fa6570a65f72d56625358a02,extra_variant_or_near_duplicate_for_valid_component
dc7e6081f51a8a39,indir-11-_jpg,train,train,indir-11-_jpg.rf.fc9284ff928fbaceb21f6dd9d26e8d5e.jpg,681461d441fbe31ec2230b0c3b23517908ae5f1d9ccefa97d20a721a3ceceece,exact_duplicate_same_label
dc7e6081f51a8a39,indir-11-_jpg,test,train,indir-11-_jpg.rf.fc9284ff928fbaceb21f6dd9d26e8d5e.jpg,681461d441fbe31ec2230b0c3b23517908ae5f1d9ccefa97d20a721a3ceceece,exact_duplicate_same_label
dcb934cf9ca65591,bb0200_jpg,valid,train,bb0200_jpg.rf.c9db3deeed728d7a9ef954fc489b0bf5.jpg,848ad5ea117a4c80b52610db1ce2dbe425f6041cbe578494a94e900a1b2fc2d0,extra_variant_or_near_duplicate_for_train_component
dcb934cf9ca65591,bb0200_jpg,test,train,bb0200_jpg.rf.4816e7c63c3f533f83821b0defa90616.jpg,a8f4ff972e070573ef226559f6c420667a07acb1f07d065e189399442644d032,extra_variant_or_near_duplicate_for_train_component
dcbd14a8a75ba384,WIN_20220507_21_28_00_Pro_jpg,valid,train,WIN_20220507_21_28_00_Pro_jpg.rf.f905548228d645b0730039c9c7c541a1.jpg,692bc828eab804b37606bc71d5a6cf183ef5d931579018fa8c2f52d085fcfaf8,extra_variant_or_near_duplicate_for_train_component
dcf5736ac767dd93,bb0382_jpg,valid,test,bb0382_jpg.rf.bb7aa44661e67507cec296dfc2fea923.jpg,e34625b705010b272cbabe7ca96e24e3747b63a00208af0b02191352e6d0d16c,extra_variant_or_near_duplicate_for_test_component
dcf5736ac767dd93,bb0382_jpg,train,test,bb0382_jpg.rf.6cb56acc5c4068d3a197ea71810a25b0.jpg,3454196cd804f34bf7dfa21823c240189eb5e877ed46718b86bc8e80b6fa5a49,extra_variant_or_near_duplicate_for_test_component
dcf5736ac767dd93,bb0382_jpg,train,test,bb0382_jpg.rf.8d12cc208f2fedfd3a14957ca439a208.jpg,48d9f8749e54c0f1a39e6f93aaa8397f71d2306164faf1c762b1e1215d93fb83,exact_duplicate_same_label
dcf5736ac767dd93,bb0382_jpg,train,test,bb0382_jpg.rf.9691dd89d9964e6dbb985bb63372585a.jpg,48d9f8749e54c0f1a39e6f93aaa8397f71d2306164faf1c762b1e1215d93fb83,exact_duplicate_same_label
dcf5736ac767dd93,bb0382_jpg,train,test,bb0382_jpg.rf.9c62da17c384bdd621f37c94dc1b27bf.jpg,fe2f749f77bd0301b0fff3d6187ed9de181eac5278da72c6d927864964791733,exact_duplicate_same_label
dcf5736ac767dd93,bb0382_jpg,train,test,bb0382_jpg.rf.c765590a005647e9ce7cd99cbd96843b.jpg,fe2f749f77bd0301b0fff3d6187ed9de181eac5278da72c6d927864964791733,exact_duplicate_same_label
dcf5736ac767dd93,bb0382_jpg,train,test,bb0382_jpg.rf.ce27f9ef80ec80780b2a0e2c5b7349ce.jpg,419344c64e6f46adeea6560422da5133d51f6302be659d6a43bcf824cab88160,extra_variant_or_near_duplicate_for_test_component
dcf5736ac767dd93,bb0382_jpg,train,test,bb0382_jpg.rf.d021e9c400b0a9e43f1b88aae9ab7baf.jpg,02b16526321427176c94b7627aea460b93214d75ca8e386ac1c31847d692c92e,extra_variant_or_near_duplicate_for_test_component
dcf5736ac767dd93,bb0382_jpg,train,test,bb0382_jpg.rf.e6feb4720d9a4e01f1e1dabb71bf5287.jpg,85154fa61410ef3676468be3000999bef3bdeef953dd5257be92be71576d82fd,exact_duplicate_same_label
dcf5736ac767dd93,bb0382_jpg,train,test,bb0382_jpg.rf.ef7ce071821af05bdf49940623b18b10.jpg,85154fa61410ef3676468be3000999bef3bdeef953dd5257be92be71576d82fd,exact_duplicate_same_label
dd3951c0e22f5011,IMG_5121,train,train,IMG_5121.JPG,8e7bfa6a300066af85919dd0cc9c8797dab11d30eea922234b655818cf20e8ac,extra_variant_or_near_duplicate_for_train_component
dd4c7597916592d7,M_00943_png_jpg,train,valid,M_00943_png_jpg.rf.2224c9ba822ad2afcaeed8950fc3a8c0.jpg,70d07c3fb8be813a0c5c2a42a31461a6359adaa63b977138d935ea9880f0c2c3,extra_variant_or_near_duplicate_for_valid_component
dd4c7597916592d7,M_00943_png_jpg,train,valid,M_00943_png_jpg.rf.2350976396194909b767d27dff4aff67.jpg,604ce7156d15b212ded150c74ac5732c41ac34c32938edd9faa4a1581e853613,extra_variant_or_near_duplicate_for_valid_component
dd4c7597916592d7,M_00943_png_jpg,train,valid,M_00943_png_jpg.rf.857388dd131e5c89829066d8befd8825.jpg,4c1f08514dd240d915a3a34888c5c22ed218ae9adb11c8e55abdfffae73a9916,extra_variant_or_near_duplicate_for_valid_component
dde6e03faeb2e477,bb0404_jpg,train,train,bb0404_jpg.rf.18ddfcf2dc944097ab14ec16ca2211f1.jpg,cc3c950f32bedd501109942ec87b2fde1f5fb1111cf7b3f01bf4b0eadcbefe92,exact_duplicate_same_label
dde6e03faeb2e477,bb0404_jpg,train,train,bb0404_jpg.rf.236e02a208bf24df9d647d8e81ee339c.jpg,80ac1026ced28ed782c905a5c8348e9bb13975d942c1e7f7cd7fbe9f48b8b197,exact_duplicate_same_label
dde6e03faeb2e477,bb0404_jpg,train,train,bb0404_jpg.rf.5c476216712dfd5f486baf572d1a47bc.jpg,80ac1026ced28ed782c905a5c8348e9bb13975d942c1e7f7cd7fbe9f48b8b197,exact_duplicate_same_label
dde6e03faeb2e477,bb0404_jpg,test,train,bb0404_jpg.rf.d15f1b5246ad49a21ed7d7991f07e097.jpg,b4825361ce4ca0dc54d2cee8512146b305423a096dcf4b1b8bda88a1116230ba,extra_variant_or_near_duplicate_for_train_component
de4e4ddcc993005c,ggg041_jpg,valid,train,ggg041_jpg.rf.f409a392cce5ca1487be287bfcd9f177.jpg,d7d54b7eaa2da87835c48356d0ef38f8ec49e20d313a1dfd9d538f606a2ea9aa,extra_variant_or_near_duplicate_for_train_component
de4e4ddcc993005c,ggg041_jpg,test,train,ggg041_jpg.rf.0da3d9d1f0946f356f8dc1522c2350ab.jpg,1001fa54ab2cb5dba6609aa341a09ba43ffa73b6ddfff48bc6435181f60ca17b,extra_variant_or_near_duplicate_for_train_component
de4e4ddcc993005c,ggg041_jpg,test,train,ggg041_jpg.rf.448f0cc272c74104ae6cfb229174f315.jpg,4ec786e2a53739869003dc113d826e66e883203ded8e99a97523e3f29633da70,extra_variant_or_near_duplicate_for_train_component
de5ead70488efc9a,images-91-_jpg,test,train,images-91-_jpg.rf.e5aca9a7141d78dde1d0149a34776168.jpg,97d96bd0eca7d8cbada6a125e28d86817bf2c4851f38aacd8babd0f6ca3a530d,exact_duplicate_same_label
de74f3752178d97b,WIN_20220507_21_27_17_Pro_jpg,train,train,WIN_20220507_21_27_17_Pro_jpg.rf.f33db428408603ec8897d266d80a5a76.jpg,f8c23befd8ffeb6819b31121ca5a1f4bb55a101a4f7bc8b697142092caafd5fb,extra_variant_or_near_duplicate_for_train_component
de74f3752178d97b,WIN_20220507_21_27_17_Pro_jpg,valid,train,WIN_20220507_21_27_17_Pro_jpg.rf.3523591cc7f42bccd5d596e4a38fc2d5.jpg,15ec9a09750ea519b9a2b77fda6c0770053f14a8107c151dc4cf4cb04195c8ab,extra_variant_or_near_duplicate_for_train_component
def800435a3d52ab,1697100070899_JPEG_jpg,train,train,1697100070899_JPEG_jpg.rf.3128baa43ae606dd27168a08879e0dba.jpg,e9b3dbb1708417ad1b17cf1c9a780d70f464fe55d72894b7a4c814df291e9af5,extra_variant_or_near_duplicate_for_train_component
def800435a3d52ab,1697100070899_JPEG_jpg,train,train,1697100070899_JPEG_jpg.rf.745655b7a22a4f31e320d278ffe2862a.jpg,60261ddb7b83eb6a898163a102ed60ab3dfde09c2c153451e471c7f441ef2061,extra_variant_or_near_duplicate_for_train_component
def800435a3d52ab,1697100070899_JPEG_jpg,train,train,1697100070899_JPEG_jpg.rf.9dc95447c4ea1b9d595d09a366246e5d.jpg,983761e333b8e02e05955eb93df52b9b17069313bd578eee571ceca521ac60db,extra_variant_or_near_duplicate_for_train_component
def800435a3d52ab,1697100070899_JPEG_jpg,train,train,1697100070899_JPEG_jpg.rf.dd8fbd9ee4452c15099a8a82b77feaa5.jpg,9514ff3a26d03a555fe8cb6992ae63fe00a20244fef802e0fe5bbc2491cc45b7,extra_variant_or_near_duplicate_for_train_component
def800435a3d52ab,1697100070899_JPEG_jpg,train,train,1697100070899_JPEG_jpg.rf.e81b26918920283e1517a2451843f019.jpg,0881ec488f818d90ddcae4167c59c315d813ff2c615ae8519cd870299f3d4cbc,extra_variant_or_near_duplicate_for_train_component
def800435a3d52ab,1697100070899_JPEG_jpg,valid,train,1697100070899_JPEG_jpg.rf.1d239748b25a77b235a835efdb500c59.jpg,eeb0e34d1f9b80dc7e6d1ebbb5c15969ccfd143f755a96212d70d3b4e630e5a0,extra_variant_or_near_duplicate_for_train_component
def800435a3d52ab,1697100070899_JPEG_jpg,valid,train,1697100070899_JPEG_jpg.rf.500c1daf32298782bec902b8041f40af.jpg,38d574602ed90f1654d4f121edae553987fd3244348f19463e5f479eee779e43,extra_variant_or_near_duplicate_for_train_component
def800435a3d52ab,1697100070899_JPEG_jpg,valid,train,1697100070899_JPEG_jpg.rf.a03592d363c5ebe9f680eeb816d71edb.jpg,eed679208d44fa4d3730e0788a6e61dab697b4115b06309a219595ee74106c79,extra_variant_or_near_duplicate_for_train_component
e0dd9707dfcca900,bb0170_jpg,train,train,bb0170_jpg.rf.6273f072fd2f27504e362d6c9ad43b25.jpg,143baa3f15d3302c19bebdb95beb7415f2217db26a3ee1299aa9dcb975aeac64,exact_duplicate_same_label
e0dd9707dfcca900,bb0170_jpg,train,train,bb0170_jpg.rf.8744c339052099ac469b171c20dd1503.jpg,005b8f64afd802e99846b2940c08f79a3c9589b208fd7baa0a3a826238909071,exact_duplicate_same_label
e0dd9707dfcca900,bb0170_jpg,train,train,bb0170_jpg.rf.8e99ff6368aa19af9b93b7b2e2eeddf3.jpg,143baa3f15d3302c19bebdb95beb7415f2217db26a3ee1299aa9dcb975aeac64,exact_duplicate_same_label
e0dd9707dfcca900,bb0170_jpg,valid,train,bb0170_jpg.rf.90a8226dd1db5e5d15d843c198846b05.jpg,2d18796fd6e60f4d7115cc9236c459a90f7c27b806dbf7165862112a47c558de,extra_variant_or_near_duplicate_for_train_component
e12b6e172e7947d3,IMG_5102,valid,train,IMG_5102.JPG,89676b90696b8c0d9e2bb11737ef41efbcb3f53631589000c10d65133d3db643,extra_variant_or_near_duplicate_for_train_component
e14c3a2e2af630e3,gg0077_jpg,train,train,gg0077_jpg.rf.304d66faa44ef07c18a32337a7fb2239.jpg,56e6dbb3307078d991232baa9355f4eb741a63b38ef7919acc1b01e8d0ed72ab,exact_duplicate_same_label
e14c3a2e2af630e3,gg0077_jpg,train,train,gg0077_jpg.rf.a6aca79a595e52b9d8e0d35517129a8c.jpg,1262809a18addbeac6d29bf23216f00d1920288155c92c69b32345d825f745ae,exact_duplicate_same_label
e14c3a2e2af630e3,gg0077_jpg,train,train,gg0077_jpg.rf.dec1e391b6b5fee3338a7b40787060de.jpg,1262809a18addbeac6d29bf23216f00d1920288155c92c69b32345d825f745ae,exact_duplicate_same_label
e14c3a2e2af630e3,gg0077_jpg,valid,train,gg0077_jpg.rf.335a1cbe4de310d5c8fcdd935339fe86.jpg,47bc8f0c4e1f1de49bb21029518cdd331b5bb88840eda1bab38634df6fbf35ac,extra_variant_or_near_duplicate_for_train_component
e1910058e33b30ab,images-23-_jpg,train,train,images-23-_jpg.rf.6a9d662f2884928c8972da85c31a8321.jpg,1eb5d647f3b57bde892aa7bc9e761f81802b4b853aad39e80432377d18be5ea4,extra_variant_or_near_duplicate_for_train_component
e1910058e33b30ab,images-23-_jpg,valid,train,images-23-_jpg.rf.cc6a5c99d2bf67edf9a8e6b2bf80fc7c.jpg,e700ae8a4e6ad868d96812426238135d0c7cd78b0a94c0e76314f3ac896bd6e1,extra_variant_or_near_duplicate_for_train_component
e1b6b98383068c7f,WIN_20220329_21_29_42_Pro_jpg,train,train,WIN_20220329_21_29_42_Pro_jpg.rf.c9001686f3adc5a278a361b2d86acfe8.jpg,4d8083dc45cb8e5df0d8446d80ba0791474f093c7acdb24c7feca35860057476,extra_variant_or_near_duplicate_for_train_component
e1b6b98383068c7f,WIN_20220329_21_29_42_Pro_jpg,valid,train,WIN_20220329_21_29_42_Pro_jpg.rf.7c67facb95bc3275be4f5ac5708f8fee.jpg,935574d58c16f6ca149fc64a14d9f1af6b5dc4d83a41e256c2be37b115f3e615,extra_variant_or_near_duplicate_for_train_component
e1cb4115b5ef2fa6,WIN_20220507_20_59_13_Pro_jpg,valid,valid,WIN_20220507_20_59_13_Pro_jpg.rf.db658a7eed70b0570be63e1b80feaa99.jpg,f648b4252f978578f1c7c37a215864508af4fb213b584d3ea6623f234bffbd27,extra_variant_or_near_duplicate_for_valid_component
e1cb4115b5ef2fa6,WIN_20220507_20_59_13_Pro_jpg,train,valid,WIN_20220507_20_59_13_Pro_jpg.rf.53d02c92b6567875c6261b0379355fd6.jpg,e479fd87aab88f0da9f8f015a064cb3969d13fc9fcbec95e098e4fa1f5b17f4a,extra_variant_or_near_duplicate_for_valid_component
e3160798b347cd9c,images-2022-05-07T213519-098-9-_jpg,train,train,images-2022-05-07T213519-098-9-_jpg.rf.7310a4c5a528b7bacfe2f8848a6500c8.jpg,2fa1934712f92b4bf81362f9b4cb15c50f81ba194903c986178d6165f1c5d783,extra_variant_or_near_duplicate_for_train_component
e3160798b347cd9c,images-2022-05-07T213519-098-9-_jpg,train,train,images-2022-05-07T213519-098-9-_jpg.rf.cece526514fceba368696d1481da6ba2.jpg,e2ba028dde5baf61476ac30d1cee3fae761c95944bf82e72fc0d19f1ffd97875,exact_duplicate_same_label
e3160798b347cd9c,images-2022-05-07T213519-098-9-_jpg,test,train,images-2022-05-07T213519-098-9-_jpg.rf.cece526514fceba368696d1481da6ba2.jpg,e2ba028dde5baf61476ac30d1cee3fae761c95944bf82e72fc0d19f1ffd97875,exact_duplicate_same_label
e36f141f4e168d84,IMG_4354_jpg,train,train,IMG_4354_jpg.rf.97352a71508088e2858c16badc2b5721.jpg,6411ff9aaec57b9a3f49630ae63e823d12b5ed32502df7292a950a33b82466a8,extra_variant_or_near_duplicate_for_train_component
e36f141f4e168d84,IMG_4354_jpg,train,train,IMG_4354_jpg.rf.e6e6144d1b6bdeba86a92000188048a1.jpg,e67b7e8e1994156c5ef39ecc504d9f7caacfdf9fe7353d739f6d4fe68ce7ca20,extra_variant_or_near_duplicate_for_train_component
e36f141f4e168d84,IMG_4355_jpg,train,train,IMG_4355_jpg.rf.2cf5cff6b4a39acce53c53fc7556f939.jpg,0ce5b95c371c54c8e8a89044c51ba98ecab6c45b37b5abf2ca0768331b1bbe3a,extra_variant_or_near_duplicate_for_train_component
e36f141f4e168d84,IMG_4355_jpg,train,train,IMG_4355_jpg.rf.c8a1d836342fa8f46f432df6833abc1f.jpg,ec26b2428ee6bf37f540acd6d3bfea90eff4ce653dad2551e98460c8125b41c6,extra_variant_or_near_duplicate_for_train_component
e36f141f4e168d84,IMG_4355_jpg,train,train,IMG_4355_jpg.rf.cbdbb862ae6e44e57dd093dadbeeff12.jpg,801acfc070443845c4881507708777fa78e937bb8ac0d0abf8d75529429cf95c,extra_variant_or_near_duplicate_for_train_component
e36f141f4e168d84,IMG_4356_jpg,train,train,IMG_4356_jpg.rf.00d9089600b04697ca331774ac7730ee.jpg,caf6e3db69971b8a2c2eae38672029b72724b69944b2ce29c16c56f64c7100a4,extra_variant_or_near_duplicate_for_train_component
e36f141f4e168d84,IMG_4356_jpg,train,train,IMG_4356_jpg.rf.1ba75bf1d402d34bf3cbd90e63d89f43.jpg,9ae1c1f4679a2874764164066454c32baf6e9d0ee4dc89818a3ccb1e59864902,extra_variant_or_near_duplicate_for_train_component
e36f141f4e168d84,IMG_4356_jpg,train,train,IMG_4356_jpg.rf.e256d822be6539ab8aee2b38e6e8dca7.jpg,dc91ed9d14bb230ef4cfd2e8e4ee32098d439c99c26946a153fda14ab959a935,extra_variant_or_near_duplicate_for_train_component
e36f141f4e168d84,IMG_4358_jpg,train,train,IMG_4358_jpg.rf.6aa76ff5ca3dcc70da2935302527307b.jpg,95541d41b6f225ef5b089aa8b553dad2966e5dec87d6ca143bd23aeee6bee132,extra_variant_or_near_duplicate_for_train_component
e36f141f4e168d84,IMG_4358_jpg,train,train,IMG_4358_jpg.rf.cd1674df80186de19bd4ce984fa9f41c.jpg,f3e1022d05515e2fa899b919c13df48f94a2b42ee4296e46e2c5be2309489227,extra_variant_or_near_duplicate_for_train_component
e36f141f4e168d84,IMG_4358_jpg,train,train,IMG_4358_jpg.rf.d5e442627526e1b6cdb61e8e95bd7edc.jpg,95922398b4bc052213029b88f3a9b4ccfbbf60fb16034ba329311da8b0b3a3b0,extra_variant_or_near_duplicate_for_train_component
e36f141f4e168d84,IMG_4352_jpg,valid,train,IMG_4352_jpg.rf.60c9a0fcd0cc16a7eedc4633d37ab6dc.jpg,7ff46a971e1dd3066100579a66631ac37d6da67fbc1089a7311728f9aaafcccf,extra_variant_or_near_duplicate_for_train_component
e36f141f4e168d84,IMG_4353_jpg,valid,train,IMG_4353_jpg.rf.f25dd00943f5737a6bd8a87e85f2b0d0.jpg,97114ed6d40125e89e51737deda62afddd9c6753cbe7cee33adede29abeb2db0,extra_variant_or_near_duplicate_for_train_component
e36f141f4e168d84,IMG_4357_jpg,valid,train,IMG_4357_jpg.rf.e9f63730f5e7dad09abc31b453ef41ab.jpg,ce8b70e0198f04f9a1e12f8b97a9663b85d7b0d8ceb47f61a1ce0250f8ebdb9e,extra_variant_or_near_duplicate_for_train_component
e47e67cc99824258,smoking_0844_jpg,train,train,smoking_0844_jpg.rf.8582e8a91ad1bb1c091f21915116d3a8.jpg,8c87646afb8f3d1c9c2f70e9379a5bf81f0b852c12ca4370473ecb5890672c52,extra_variant_or_near_duplicate_for_train_component
e4d6509cead789f9,images-14-_jpg,train,test,images-14-_jpg.rf.1929778287b73662d5d60bd3f9388875.jpg,e457eec646041cf8c6d2dad3c1c966a2f3d4bfdb1d8c401abc725d9cc8b3c473,extra_variant_or_near_duplicate_for_test_component
e4d6509cead789f9,images-14-_jpg,train,test,images-14-_jpg.rf.ca0a6ab6f080216d2718cf30f3e1b5e1.jpg,f816c61352d34f3ee6df390402f705355d82e325f8b37e80967212383f167268,extra_variant_or_near_duplicate_for_test_component
e535c7a2d028be6a,bb0612_jpg,train,valid,bb0612_jpg.rf.9cb2071f446a8bf83ab66fba6204d716.jpg,5898a75eaf0fef5218529308f8eeb22b81af6249632673d1726ce95debeb608c,exact_duplicate_same_label
e5f984502dc428b4,000629_jpg,train,train,000629_jpg.rf.f1c65e19d0d18ae5970f33d824b8e42a.jpg,033ef7891a5edc9899aa813534d031ede3d4d73bbd0b122116eb621da1d7220b,exact_duplicate_same_label
e5f984502dc428b4,000629_jpg,valid,train,000629_jpg.rf.28cf5746b6ac80111e0c25088ef57267.jpg,a1107a33cabfc7d89b186795b74343dc07b02bca1baa1b475b8cbf10f0b02bb1,extra_variant_or_near_duplicate_for_train_component
e5f984502dc428b4,000629_jpg,valid,train,000629_jpg.rf.e62b6abe2537ea314e7398ba2112997a.jpg,b3e038e9952c61b2872f646d1802532cbf915d68f483a5e6610017ff94aca672,extra_variant_or_near_duplicate_for_train_component
e6b1d1a5f6cd0c4e,000180_jpg,train,train,000180_jpg.rf.902dc53afcb6a8f93ff610c7f5f05b3a.jpg,d4ebba2fe2f01704c680f55e799b9b598fba9327cea0b0b23dee90d74b753965,exact_duplicate_same_label
e6b1d1a5f6cd0c4e,000180_jpg,train,train,000180_jpg.rf.ae37ea8860d94be5b00e0a75b0a14ad4.jpg,e7a440ed5ad348c9c36d1a8ba86a5ef7a1bccf4a503ecdfa86da3b625aa4ffec,exact_duplicate_same_label
e6b1d1a5f6cd0c4e,000180_jpg,train,train,000180_jpg.rf.ed7e7bbac724445cbd6343d7c2eee971.jpg,e7a440ed5ad348c9c36d1a8ba86a5ef7a1bccf4a503ecdfa86da3b625aa4ffec,exact_duplicate_same_label
e6b1d1a5f6cd0c4e,000180_jpg,valid,train,000180_jpg.rf.61912e45823afd42bbb8663bca6bceb4.jpg,3e7d71f59eb6e2a7f63330dc64b7f7ede4011b40fc3a056a379164e2a3976414,extra_variant_or_near_duplicate_for_train_component
e6e76926bcfd7bce,smoking_1100_jpg,valid,train,smoking_1100_jpg.rf.fb280ca0b994ec779bb5867b992030ab.jpg,8a83bd3fc6aa2e3181cecb6d6e615629ee28baae9bce2af295cd05d377a29d57,extra_variant_or_near_duplicate_for_train_component
e6e8390a38bd6ef2,IMG_4542_jpg,train,train,IMG_4542_jpg.rf.e6b855e9c21b6ba57250f1c4264bb808.jpg,94c119b0131c52dbc8da3bffeecbceb6517d9e15218c836269286d18fbb96a34,extra_variant_or_near_duplicate_for_train_component
e6e8390a38bd6ef2,IMG_4542_jpg,train,train,IMG_4542_jpg.rf.f4bb7f7523d75bf1bb36e405659bff11.jpg,a4adfae5a8e3cd063546f9c7382598517670ecefec8ce4d76fc735c758014abf,extra_variant_or_near_duplicate_for_train_component
e6f2f68273f968aa,000291_jpg,train,train,000291_jpg.rf.e1db52c6cf3c931a319e9450f5ed828e.jpg,8410f153573f690aeb0d783e21ac945cad9499623b1be263ac0f2d972701ecf3,exact_duplicate_same_label
e6f2f68273f968aa,000291_jpg,valid,train,000291_jpg.rf.12b8f14d94bcb946b29a0d4b2e68d20d.jpg,2b2a3f17d5bc047e1b21b2535a3c13e72acf4dbda8d2e4e85daace6209fae8ae,extra_variant_or_near_duplicate_for_train_component
e6f2f68273f968aa,000291_jpg,valid,train,000291_jpg.rf.29252c45c10a6cf91d4cc73331bb38bb.jpg,90a8056d8150dc87732c6a8a4d150a33e17b01d9cac2a59175efb9e8c1b5a65b,extra_variant_or_near_duplicate_for_train_component
e6fc4ec6b8294857,bb0146_jpg,train,train,bb0146_jpg.rf.eb2d7f3217c4e1335436894f881e6c05.jpg,b46cd69f3b16b88a11d1197a0d3aff264aa9924b94c99a4e99628e4684d0a499,exact_duplicate_same_label
e6fc4ec6b8294857,bb0146_jpg,test,train,bb0146_jpg.rf.949fa3a1a8c788c94f9ca83f68db4b2a.jpg,9287779e56a33c4ce65cb1e556623fc4418c84859b4c096ad3e6cf1dc8fa8223,extra_variant_or_near_duplicate_for_train_component
e6fc4ec6b8294857,bb0146_jpg,test,train,bb0146_jpg.rf.a37ffdb94effe901da872cb3a69a65dd.jpg,c26a61f96797d1ad2c407e2ea3e2b6b38480e9e376e524433a4e3e1d9797971e,extra_variant_or_near_duplicate_for_train_component
e74c130b00fa45ef,smoking_0848_jpg,test,train,smoking_0848_jpg.rf.928954aaae5141ddf2dda77d5c471bd8.jpg,e9f71ab7174ee4d10a574d366c3ea7d03f84bc3f992f69335fef88e178778909,extra_variant_or_near_duplicate_for_train_component
e7a84db52a48e46b,imagddaes_jpg,train,train,imagddaes_jpg.rf.bc63d5bbc4ab8957f60d49dcc4e4a104.jpg,9c788e0f6f853432d33d9579a83b09dc8024ee2943c104701b949ad82a663a3a,exact_duplicate_same_label
e7a84db52a48e46b,imagddaes_jpg,valid,train,imagddaes_jpg.rf.6b8d649b94626555ef35e3a07efeab42.jpg,5011e8578a3484abbf01f997bc875efb4150b11866b078923f96f27cf7fb5b1c,extra_variant_or_near_duplicate_for_train_component
e7a84db52a48e46b,imagddaes_jpg,test,train,imagddaes_jpg.rf.bc63d5bbc4ab8957f60d49dcc4e4a104.jpg,9c788e0f6f853432d33d9579a83b09dc8024ee2943c104701b949ad82a663a3a,exact_duplicate_same_label
e7b04bb34e223e59,WIN_20220329_21_29_59_Pro_jpg,train,train,WIN_20220329_21_29_59_Pro_jpg.rf.575e5cbd4701be7358abae10c165ade5.jpg,1f8c7b3ef5c72d35a3987033b2edc1ecf68a3b29ebadbd5a6b9f3ea779956929,extra_variant_or_near_duplicate_for_train_component
e7b04bb34e223e59,WIN_20220329_21_29_59_Pro_jpg,valid,train,WIN_20220329_21_29_59_Pro_jpg.rf.9cfcba4cd5aac6dfb1c74ec25e8e82d7.jpg,f8c1fdfc4770278f52263fa321179abe27058542bc624b4e122728126e805783,extra_variant_or_near_duplicate_for_train_component
e7fe66ba983ec52e,b00231_jpg,train,valid,b00231_jpg.rf.30fcc759352189ec8aa18caafe95a5f2.jpg,e5978ec56d75f8fcec5e0cc385d3e862e10100a72be0c3c4926318b41ee05c4f,exact_duplicate_same_label
e81a930dc1b4c8fa,WIN_20220507_21_27_14_Pro_jpg,valid,train,WIN_20220507_21_27_14_Pro_jpg.rf.49592b195e78b4f585e1b06172903c99.jpg,21f74828c673e4bf53f869dea94c477b0da74ad729e9ee0e92abec0c39009afe,extra_variant_or_near_duplicate_for_train_component
e81a930dc1b4c8fa,WIN_20220507_21_27_14_Pro_jpg,valid,train,WIN_20220507_21_27_14_Pro_jpg.rf.dd9b119f78376d7476662f7427ed0247.jpg,288183bfd2d8ff24956ba3f6fda955a625091c963741d6e73f3eedad6c4458fc,extra_variant_or_near_duplicate_for_train_component
e8d9833cefaeb158,images-58-_jpg,train,train,images-58-_jpg.rf.be3ba5f425d6ac9054cd121fc0bb1983.jpg,d49aef1b01a43e0a0abc7ef53db6d7b030ca579cdbc48b712320a7298ab1a26a,extra_variant_or_near_duplicate_for_train_component
e8d9833cefaeb158,images-58-_jpg,valid,train,images-58-_jpg.rf.904d1bb64e9a8a979a64402fc305f036.jpg,a210e2c3ce6ef02a67cb75d0e9c09eddc2bf30af75cef5e86356cd5247a10e9d,extra_variant_or_near_duplicate_for_train_component
e979ec6342383f4f,images-16-_jpg,train,train,images-16-_jpg.rf.a5e398d6c2ff44f5aebf6b44fb9fb475.jpg,4bbee95418db7c089970295ee670e2569a6a4ca34df521a4a10e3f2b5b398b5e,extra_variant_or_near_duplicate_for_train_component
e979ec6342383f4f,images-16-_jpg,valid,train,images-16-_jpg.rf.ea0d99d710314d4086f21b810a8f3c3b.jpg,d3295bd6bb6b1067b469a8d622b747f21e3b2c8fa815de9757c08e03b98654c6,extra_variant_or_near_duplicate_for_train_component
e9aa2d54eda1f8ce,images-10-_jpg,train,train,images-10-_jpg.rf.a1385fe6910c94db7aa3951f2a867896.jpg,cfb1f4a89a3a80f9ae470c09c9c6511672f5d9e8ae4f5bcddcdaf4f5a1546be8,exact_duplicate_same_label
e9aa2d54eda1f8ce,images-10-_jpg,train,train,images-10-_jpg.rf.f5b2b4b30038f3e95b845a163bfa2d81.jpg,1f0f3830ae1bde595c25b8057008840c1eee4bb63ccf4b6307a82eaae7042884,extra_variant_or_near_duplicate_for_train_component
e9aa2d54eda1f8ce,images-10-_jpg,test,train,images-10-_jpg.rf.6bec5f0f83dfa8470dab5c7d5c8cbace.jpg,1a468a8f6b38183ad1eb0f0d3e706598ecf8ae5c2e40b646694147684ba382aa,exact_duplicate_same_label
e9aa2d54eda1f8ce,images-10-_jpg,test,train,images-10-_jpg.rf.a1385fe6910c94db7aa3951f2a867896.jpg,cfb1f4a89a3a80f9ae470c09c9c6511672f5d9e8ae4f5bcddcdaf4f5a1546be8,exact_duplicate_same_label
e9ccb4da8b2d3845,IMG_4444_jpg,train,train,IMG_4444_jpg.rf.db95320325f899a9457ea290e70da623.jpg,e1c64d1983331f68f74c992cf8cd3060cd7d59cdc5926eaeef74e8c8eea68c64,extra_variant_or_near_duplicate_for_train_component
e9ccb4da8b2d3845,IMG_4444_jpg,train,train,IMG_4444_jpg.rf.e54c35f4d89f666f62eab6f6a2ea9f6d.jpg,6fbc06bc1da07a11c9aa05838c24dfdbd1b982126e10bdb5f7dcc598508b6b0b,extra_variant_or_near_duplicate_for_train_component
e9db08abce8fcdb9,bb0564_jpg,train,train,bb0564_jpg.rf.44946ef123454f91d69bfc0ed849d6f7.jpg,4c1957252ba2aa24647a1bffa114813c0975590cd1bfb0a43c2dec2433cb7bf6,exact_duplicate_same_label
e9db08abce8fcdb9,bb0564_jpg,train,train,bb0564_jpg.rf.ee3694452b36c2ea98dc64383d0da82e.jpg,87773ebf461a703e97ddc968c0324c79730fc0a9f84377b06d788ce4ff4548de,exact_duplicate_same_label
e9db08abce8fcdb9,bb0564_jpg,train,train,bb0564_jpg.rf.f469046a62ed92d805433ae0dd9a3400.jpg,4c1957252ba2aa24647a1bffa114813c0975590cd1bfb0a43c2dec2433cb7bf6,exact_duplicate_same_label
e9db08abce8fcdb9,bb0564_jpg,valid,train,bb0564_jpg.rf.aaf665164466c7c7b611e1a9de25c57b.jpg,ac5492c5aa73d1249092588d32c81168a09c5bd8bf8f98b3557b93c6cc030252,extra_variant_or_near_duplicate_for_train_component
ea1393774bb8db8b,bb0355_jpg,train,train,bb0355_jpg.rf.c5facf5d6be0a99c2c47caa71a19dacb.jpg,225b6593e876e310af987277dd2ec08f722feb8913b1043f994bf203a9dd2a5d,exact_duplicate_same_label
ea1393774bb8db8b,bb0355_jpg,valid,train,bb0355_jpg.rf.0e63ab3a5c404630621eaa790cfb2f4c.jpg,9605cbfd9c6811b980bd20d23660954afb20d6cda774ee7381c42f9d22d51b0c,extra_variant_or_near_duplicate_for_train_component
ea1393774bb8db8b,bb0355_jpg,valid,train,bb0355_jpg.rf.519c2fdc0528e315ee3d40ed138028ae.jpg,db91a2036512a6ff4a3d9d936cb035f7510d8e5a13db741cf3bd59011ab42a9c,extra_variant_or_near_duplicate_for_train_component
ea260bdb85ec9de2,IMG_4344_jpg,train,train,IMG_4344_jpg.rf.119737975bf462bb43e25c9c0559b54b.jpg,6bc7c2cf50ab356c73f4c3a7520394ba747c7149cb2116fd8af40809d19540b2,extra_variant_or_near_duplicate_for_train_component
ea260bdb85ec9de2,IMG_4344_jpg,train,train,IMG_4344_jpg.rf.cf556881014fb4169fe32e703690ad77.jpg,4538ad7771a9942d48eefb43ff2384e832fc26489955ee75521a8caa53375dc3,extra_variant_or_near_duplicate_for_train_component
ea3db75e96f44b70,images-110-_jpg,test,test,images-110-_jpg.rf.2759f0e173a554e08892423ad203476a.jpg,190860e859baf736bda9928cc6bffcaf3e965402ba0a0fbb73dec117cf87cbf5,exact_duplicate_same_label
ea3db75e96f44b70,images-110-_jpg,train,test,images-110-_jpg.rf.1f23af24a7653f90590defffd1219b7d.jpg,82e1607d894b171df980b2166ad435c18b5ae337f76a27cbed18963159c219ad,exact_duplicate_same_label
ea3db75e96f44b70,images-110-_jpg,train,test,images-110-_jpg.rf.2759f0e173a554e08892423ad203476a.jpg,190860e859baf736bda9928cc6bffcaf3e965402ba0a0fbb73dec117cf87cbf5,exact_duplicate_same_label
ea3db75e96f44b70,images-110-_jpg,train,test,images-110-_jpg.rf.e17749d996f1b2b7bbdea0fd64737e0c.jpg,fe567ebdea226415d0890ce5d1be5beb19ade8fb99ab88e0861d180632375714,extra_variant_or_near_duplicate_for_test_component
eab01c8fc6d96ef9,WIN_20220507_21_28_38_Pro_jpg,valid,train,WIN_20220507_21_28_38_Pro_jpg.rf.2ba09d63565d9a98a5b99ec12a746b90.jpg,3386607822160d26b0960f2c2329581d85f0727202706a625d95b4fac986455b,extra_variant_or_near_duplicate_for_train_component
eab01c8fc6d96ef9,WIN_20220507_21_28_38_Pro_jpg,valid,train,WIN_20220507_21_28_38_Pro_jpg.rf.5786276e1d1d889056a3ac5958257972.jpg,aac0b2fd017745ebdbd57ad31ece1846223735b9ba0d4efb87f5f11682656739,extra_variant_or_near_duplicate_for_train_component
ebbb7704e7a2e70e,smoking_0785_jpg,valid,train,smoking_0785_jpg.rf.c6b1084105b5471e44f294719bd49c88.jpg,9e32ee1f2a32ecded723fa8e5bc1cf948c08233327726d2782fa08be395b4466,extra_variant_or_near_duplicate_for_train_component
ed136786896f7de3,images-90-_jpg,train,train,images-90-_jpg.rf.9cf9e0075be020d1bbcb9283c5917660.jpg,683798f169a147fa8b11cfc8f592aaca8ac8ceafe57b3fe4c3e75c5b16d9b7b0,extra_variant_or_near_duplicate_for_train_component
ed136786896f7de3,images-90-_jpg,valid,train,images-90-_jpg.rf.9fbd46220891ed726ca9a2878b4694a8.jpg,2f73c0b7118814a6551e018d7a713dad7ab9e20dacb9406950ca7e57c59ae542,extra_variant_or_near_duplicate_for_train_component
ed3c858f1107bec6,IMG_4375_jpg,train,train,IMG_4375_jpg.rf.c50e73d860097de83ac2e14c1f7f616f.jpg,6a4661005357f8744692804ebc3bd38c9cb46327c189e71232fbaca2ff1ea6a5,extra_variant_or_near_duplicate_for_train_component
ed3c858f1107bec6,IMG_4375_jpg,train,train,IMG_4375_jpg.rf.d0f6869e95befa1bbc9af33623e02ce2.jpg,10d7ecdf2846cd3aa5e8cc3995d3a232f1c58438ebe60bc9ab1027734f4270ff,extra_variant_or_near_duplicate_for_train_component
ee52fae1a3eee197,7_jpg,train,train,7_jpg.rf.297c8c1fbceb8813a78b026a4d8c2c2c.jpg,e208b52fe82d3d338a0204d3a7185f00ce3ba8e4e0eb28e28cb565259cabfa2b,extra_variant_or_near_duplicate_for_train_component
ee52fae1a3eee197,7_jpg,train,train,7_jpg.rf.9319ae20f4bebb471f43f5460e511263.jpg,10bbaf6fab4257bc98782eb4e89bd61fde5376379febd93c1eff3f5efcc35af0,extra_variant_or_near_duplicate_for_train_component
ee9af3b8848ba739,1697099983234_JPEG_jpg,train,train,1697099983234_JPEG_jpg.rf.4c897c6d50bdcbd5414e49d928072dbc.jpg,0ae765b1af1957ad7d6f230283fe7ddc971b2138114da92612abf45ac0119f37,extra_variant_or_near_duplicate_for_train_component
ee9af3b8848ba739,1697099983234_JPEG_jpg,train,train,1697099983234_JPEG_jpg.rf.4dc4ea5f4b89a2ea290df178baedd5f7.jpg,47f743efc81d954302bbf93de1ce03aa2b893046acef51e1bdaf800898175137,extra_variant_or_near_duplicate_for_train_component
ee9af3b8848ba739,1697099983234_JPEG_jpg,train,train,1697099983234_JPEG_jpg.rf.4e067b905e2ae26013d3bd897a81da00.jpg,246182f57a107e74d842c15d88ed2e66d934a09e908c2b64709274a900a99988,extra_variant_or_near_duplicate_for_train_component
ee9af3b8848ba739,1697099983234_JPEG_jpg,train,train,1697099983234_JPEG_jpg.rf.61b6e5abff490eba4dd35ef0f5ba5b4d.jpg,a0365529ea219941ecfe8ffbc2372a67542dba9e4c187dcd729be281d3dddcc0,extra_variant_or_near_duplicate_for_train_component
ee9af3b8848ba739,1697099983234_JPEG_jpg,train,train,1697099983234_JPEG_jpg.rf.65ea2dcfd94fa276f8e2f14e9cd3c17b.jpg,ec9b740351d82088b97799621ba6a0c765ca83073f348b2369e792cdf78aa984,extra_variant_or_near_duplicate_for_train_component
ee9af3b8848ba739,1697099983234_JPEG_jpg,train,train,1697099983234_JPEG_jpg.rf.ce107450ae6212c11b6675b1eb3bba41.jpg,1d32674c2e9e1a9d036cb2de2495280955f271a68a2c3c0d9e3e6ce3a78ab671,extra_variant_or_near_duplicate_for_train_component
ee9af3b8848ba739,1697099983234_JPEG_jpg,valid,train,1697099983234_JPEG_jpg.rf.552f4497f2a550aa596649dca895ff18.jpg,ebc93447794dabceddce2d2861f99b5fc76101497875fe7a439afdd46570d6de,extra_variant_or_near_duplicate_for_train_component
ee9af3b8848ba739,1697099983234_JPEG_jpg,valid,train,1697099983234_JPEG_jpg.rf.b4bbc4f775d762c85f89a1bd6fcf49cc.jpg,fd84e29434f72635d0b0272db23e7c66e2586fc6019f9bbb4cb82703bfede133,extra_variant_or_near_duplicate_for_train_component
efbf77967439cdba,bb0225_jpg,train,train,bb0225_jpg.rf.3ec2bbc42565b45b046c81a543491416.jpg,a19c80aeb9b1c7407ab47ff69ff16097002c8d2dae870681164201bd47030e0a,exact_duplicate_same_label
efbf77967439cdba,bb0225_jpg,train,train,bb0225_jpg.rf.6459701a6b0685bd892c27b3c176473f.jpg,c98d0f7a49d5199f208093c8d038ce2cd362ba5343afb7d5a40008d868e7598e,exact_duplicate_same_label
efbf77967439cdba,bb0225_jpg,train,train,bb0225_jpg.rf.900b0af4237de5de186fe45b727ae2a1.jpg,a19c80aeb9b1c7407ab47ff69ff16097002c8d2dae870681164201bd47030e0a,exact_duplicate_same_label
efbf77967439cdba,bb0225_jpg,train,train,bb0225_jpg.rf.cf550f7de60478a2a806cc4063b892ed.jpg,c98d0f7a49d5199f208093c8d038ce2cd362ba5343afb7d5a40008d868e7598e,exact_duplicate_same_label
efbf77967439cdba,bb0225_jpg,train,train,bb0225_jpg.rf.d0195ddeed9a0ee5854474954c1c2b14.jpg,3ab0bac3bd0c600f245373ebf39c2cafa348e38e2aa7220ae8db8690209668c2,exact_duplicate_same_label
efeb52511e3f34b3,pexels-photo-6204756_jpeg_jpg,train,train,pexels-photo-6204756_jpeg_jpg.rf.dccd507f3a77b4bd50ece42e727c32cc.jpg,eee3eac4b253d1a235a182275d7055a0449bba70037d1fbae6374b0d5542f739,exact_duplicate_same_label
efeb52511e3f34b3,pexels-photo-6204756_jpeg_jpg,train,train,pexels-photo-6204756_jpeg_jpg.rf.dd68ebd82a337c0820b17ce35e2079d8.jpg,8c415609cc73c40293525fcd247b8af485e0f7f77bd55c0b4e4b5fb43d7abb61,extra_variant_or_near_duplicate_for_train_component
efeb52511e3f34b3,pexels-photo-6204756_jpeg_jpg,test,train,pexels-photo-6204756_jpeg_jpg.rf.dccd507f3a77b4bd50ece42e727c32cc.jpg,eee3eac4b253d1a235a182275d7055a0449bba70037d1fbae6374b0d5542f739,exact_duplicate_same_label
f03104c78ec5a2b2,WIN_20220329_21_29_45_Pro_jpg,train,test,WIN_20220329_21_29_45_Pro_jpg.rf.69d04ad29e458b4aed34abea5bc516f3.jpg,5bbc4c5d5a5221283979cdf33e842a71aa24f8016e11644819855eb756355f66,extra_variant_or_near_duplicate_for_test_component
f03104c78ec5a2b2,WIN_20220329_21_29_45_Pro_jpg,train,test,WIN_20220329_21_29_45_Pro_jpg.rf.ce40fb16f316ec1f64344322bdec4131.jpg,7f42e089fa766035354a926e267ab5e39c2da5e7fd77fa9666a49482bd9d18a8,extra_variant_or_near_duplicate_for_test_component
f04219a964b4e9d4,1697100022593_JPEG_jpg,train,train,1697100022593_JPEG_jpg.rf.14460f16988460306a076284eaf1f6f6.jpg,26a895a23c566f67d0ad71cb712d090ebff699af635cc2270bc9b68766312a5a,extra_variant_or_near_duplicate_for_train_component
f04219a964b4e9d4,1697100022593_JPEG_jpg,train,train,1697100022593_JPEG_jpg.rf.2e0dfc151e7b54768826d8eff9754cdc.jpg,94d1fef648074964920241df30ee7a5e361b80c6aab11bc525fd94da29fdc583,extra_variant_or_near_duplicate_for_train_component
f04219a964b4e9d4,1697100022593_JPEG_jpg,train,train,1697100022593_JPEG_jpg.rf.5378c51f5079f99a8788338387377e7e.jpg,799b416ba88dec7b029dd049c74a1561d974a7eba0f64280ae561beb21b46778,extra_variant_or_near_duplicate_for_train_component
f04219a964b4e9d4,1697100022593_JPEG_jpg,train,train,1697100022593_JPEG_jpg.rf.57fc427392a0aa5e19be5bc8b07cbdeb.jpg,3912e6cdcfb76e1b3023ea8d835e89973ec0852df479210cc44cecbf18256e8e,extra_variant_or_near_duplicate_for_train_component
f04219a964b4e9d4,1697100022593_JPEG_jpg,train,train,1697100022593_JPEG_jpg.rf.72995b427e24a3c5714f1e138d939196.jpg,f4198f9ec1ea9fd87c7de5e18509f81cedd094a0bda93fefb0ee7a3e116cb820,extra_variant_or_near_duplicate_for_train_component
f04219a964b4e9d4,1697100022593_JPEG_jpg,train,train,1697100022593_JPEG_jpg.rf.9bf62777f2f74926cfa121ce816f0cad.jpg,08349dc2119cd19548d3eec4e4128703c9cf0342b7d9b268bebf20cb97f9575a,extra_variant_or_near_duplicate_for_train_component
f04219a964b4e9d4,1697100022593_JPEG_jpg,train,train,1697100022593_JPEG_jpg.rf.c6ef83bd1838ed3581df1c3dd6d49c3c.jpg,ddf2909827cb161a9f1471a7e34235fe393b12139768821074420ecf04405592,extra_variant_or_near_duplicate_for_train_component
f04219a964b4e9d4,1697100022593_JPEG_jpg,valid,train,1697100022593_JPEG_jpg.rf.e81f1532562c8bc111a2446916f0c41d.jpg,fd7b4365d0ca28cd7d7d8cb6d191d5de7823e5532a5e5593181edc76b3c67bef,extra_variant_or_near_duplicate_for_train_component
f067a6315e6ecd39,images-66-_jpg,train,valid,images-66-_jpg.rf.e0e0f419ca2ad4d137a25c16d3b06a7b.jpg,f3a694b30d9e65f0e894d4d194bebcd8e729c4705a88178ae79f1fac34a985c9,extra_variant_or_near_duplicate_for_valid_component
f067a6315e6ecd39,images-66-_jpg,train,valid,images-66-_jpg.rf.f95075732fcb3b6838cf6cca0331499e.jpg,67b634102f1bf8315b427e4872c3b546a912831547bb64a1b2c6269519cc156f,extra_variant_or_near_duplicate_for_valid_component
f083afd8d9461076,WIN_20220507_23_10_20_Pro_jpg,valid,train,WIN_20220507_23_10_20_Pro_jpg.rf.771922e451e8be84e0a446a93ecc8c52.jpg,5c35959a9723dbd352892d581aa0f0b5e07deb8b3e15f25a8129a7d5e61f39e4,extra_variant_or_near_duplicate_for_train_component
f083afd8d9461076,WIN_20220507_23_10_20_Pro_jpg,valid,train,WIN_20220507_23_10_20_Pro_jpg.rf.d7b1fc292fa547ed6a2d39587080faad.jpg,8297b4bb675d5bf4c6c363bc49de0c95650d568ed293558432c9c53b5d5ad24d,extra_variant_or_near_duplicate_for_train_component
f095a39ed7693b8f,images-40-_jpg,train,train,images-40-_jpg.rf.7b07a8677764f4f48e00118fe9e49f8a.jpg,15cba45823c5b6e0977a808fa9ed7b750c2fd31e84a442d4661a06e580efd3f9,exact_duplicate_same_label
f095a39ed7693b8f,images-40-_jpg,train,train,images-40-_jpg.rf.9ac726cf8372fe63a89fec2268a1614e.jpg,fafd2413d669c85f08805bdc35e5e9e824fdf0eff05169a9e135fbaf6cf72681,exact_duplicate_same_label
f095a39ed7693b8f,images-40-_jpg,test,train,images-40-_jpg.rf.230312f36559ec4df867fdd2ccafad74.jpg,a265ac9131671af23fb6e435eea55cf652ad057459d0192aabaedb002e9aaccb,exact_duplicate_same_label
f095a39ed7693b8f,images-40-_jpg,test,train,images-40-_jpg.rf.7b07a8677764f4f48e00118fe9e49f8a.jpg,15cba45823c5b6e0977a808fa9ed7b750c2fd31e84a442d4661a06e580efd3f9,exact_duplicate_same_label
f095a39ed7693b8f,images-40-_jpg,test,train,images-40-_jpg.rf.9ac726cf8372fe63a89fec2268a1614e.jpg,fafd2413d669c85f08805bdc35e5e9e824fdf0eff05169a9e135fbaf6cf72681,exact_duplicate_same_label
f0dd986b2586bcc5,images-54-_jpg,train,train,images-54-_jpg.rf.8a6ffd1610832d99e187c06ca3bbfa06.jpg,cdebe42a491182ef0938471d90822796379d06802c272e8cbe04dd42b89b3ca6,extra_variant_or_near_duplicate_for_train_component
f0dd986b2586bcc5,images-54-_jpg,train,train,images-54-_jpg.rf.9bea5de75ee75ee58ab0183b72e44a2a.jpg,f105bacdb0c2b37893938203c3572df885c433082cff06114504b0077e64affa,extra_variant_or_near_duplicate_for_train_component
f1e96b8d5a9379d9,4_jpg,train,valid,4_jpg.rf.aaea30da7875d12dca73700849587f6f.jpg,c9f268f5d0aa06ee6eab8947098fa05b734be72369fc98c860e741c763c01b23,exact_duplicate_same_label
f208d06ca46ef0a3,small-124-_jpg,train,train,small-124-_jpg.rf.0cf658e47606f9b2e1b3f70ccca4ed12.jpg,36b0d834df2266c30fbe95b0447c29aa5712f22975af4dea60bda7deab3e6894,extra_variant_or_near_duplicate_for_train_component
f208d06ca46ef0a3,small-124-_jpg,train,train,small-124-_jpg.rf.3b42c84c7fd6171ac9b4fc67471e1ade.jpg,80add2b5030fd73336324d356582a21daba4358778f24e76c00b3cdc37b52dc9,extra_variant_or_near_duplicate_for_train_component
f21a0dfe228dea3e,IMG_4384_jpg,train,test,IMG_4384_jpg.rf.508dc3513e08ca103ffd50104d3be66c.jpg,21cab73e223f791eb9a392f456e3f037aade76c6e61d3eb37fd9dfeed17aa6f1,extra_variant_or_near_duplicate_for_test_component
f21a0dfe228dea3e,IMG_4384_jpg,train,test,IMG_4384_jpg.rf.6b95c0ed0a9fc75dc8c2781956f0f292.jpg,69c263a7e9d3761e4bf520145528757e5f42542aee261486f96b41f0d8eff082,extra_variant_or_near_duplicate_for_test_component
f25c7de7816edc70,ggg029_jpg,train,train,ggg029_jpg.rf.4fb7adf9c49e930c7f119c6a5f208513.jpg,fc28407e03f147c5ffa8e6fc29c152d7b04256c08fe9c7751e99662ce260ce32,exact_duplicate_same_label
f25c7de7816edc70,ggg029_jpg,train,train,ggg029_jpg.rf.77968e1d86020793230b5f5a7653925b.jpg,5317310e400841c8b283a032571943afe2db79d668b61a999c48291bbc7903e6,exact_duplicate_same_label
f25c7de7816edc70,ggg029_jpg,train,train,ggg029_jpg.rf.8258fc6aa56c584e25b25b2e64108596.jpg,fc28407e03f147c5ffa8e6fc29c152d7b04256c08fe9c7751e99662ce260ce32,exact_duplicate_same_label
f25c7de7816edc70,ggg029_jpg,train,train,ggg029_jpg.rf.8370ea8b53bcfef746887035f18fc96e.jpg,81ca2bc1a0b1f2ae5cde2a9cde6bf4080c281909430ac128578343c03fb5a5c5,exact_duplicate_same_label
f25c7de7816edc70,ggg029_jpg,train,train,ggg029_jpg.rf.86e4775068c89e9f869e0215c0cc8c2a.jpg,5317310e400841c8b283a032571943afe2db79d668b61a999c48291bbc7903e6,exact_duplicate_same_label
f25c7de7816edc70,ggg029_jpg,train,train,ggg029_jpg.rf.910c2d2b03bd0d3f6afdc475935d9c3b.jpg,81ca2bc1a0b1f2ae5cde2a9cde6bf4080c281909430ac128578343c03fb5a5c5,exact_duplicate_same_label
f25c7de7816edc70,ggg029_jpg,train,train,ggg029_jpg.rf.bc5d8b272ae1764d780cec9584c47fef.jpg,19a04a4bcc3135b47151a09fca262108c0977c15aabaf5c91a9668b87ccf1238,exact_duplicate_same_label
f25c7de7816edc70,ggg029_jpg,train,train,ggg029_jpg.rf.c2ea96638e41add1a210a22ccb6216ca.jpg,bbbe0482d713837fdbcc1473a3e57d8a12032dddbb86ed1e020c0ad95f9f8278,exact_duplicate_same_label
f25c7de7816edc70,ggg029_jpg,train,train,ggg029_jpg.rf.e590e0b2621146c27d325f691f41192d.jpg,19a04a4bcc3135b47151a09fca262108c0977c15aabaf5c91a9668b87ccf1238,exact_duplicate_same_label
f25c7de7816edc70,ggg029_jpg,valid,train,ggg029_jpg.rf.296c5f9f41873beabecfca302b3a6c08.jpg,c8b5d919f73dd8655167c7a75bd7e932cf9df17bf513884ce76edef392f1fe9a,extra_variant_or_near_duplicate_for_train_component
f25c7de7816edc70,ggg029_jpg,valid,train,ggg029_jpg.rf.6f76acac3d0573fff069cc3160451eec.jpg,65fac13cb77b10081bfbd3d1bcf5d076e27ff1a68f82a593cd87f04af4d6a1e9,extra_variant_or_near_duplicate_for_train_component
f25c7de7816edc70,ggg029_jpg,valid,train,ggg029_jpg.rf.8e00e894c984493886b48fbab64f38c2.jpg,8a110e778d65865ec9f5b33e8ccf9dce565616b41cf66414cf45cef121185cfb,extra_variant_or_near_duplicate_for_train_component
f25c7de7816edc70,ggg029_jpg,test,train,ggg029_jpg.rf.05a8841aeb793c85e4496ed86eda1614.jpg,0a7d34a60107470a126b0ed4a703e4509872f9e51f07d641d4e1850a5cb985e9,extra_variant_or_near_duplicate_for_train_component
f2667323dbf15062,images-27-_jpg,train,train,images-27-_jpg.rf.db2618a702579dbf08cb90468c930b92.jpg,c90f517e3328bd824882c97df2d5f30a680f75253b66b83a992925c58fd8e3a9,extra_variant_or_near_duplicate_for_train_component
f2667323dbf15062,images-27-_jpg,valid,train,images-27-_jpg.rf.a1ab633b84e8851c195d4441c5db9459.jpg,936a8ca856fec6021e18c0543c7e7ea8da58d6473e5ca39ee7ce5e8f58f02072,extra_variant_or_near_duplicate_for_train_component
f2667323dbf15062,images-27-_jpg,test,train,images-27-_jpg.rf.3b3006c9f9809d2757fcd925f4b44227.jpg,67bb654d6998cb8fc45afea47c331f1f3dbe1e133f8251dd782e2adbdeb1d182,exact_duplicate_same_label
f27ae554464493ba,1697095266653_JPEG_jpg,train,train,1697095266653_JPEG_jpg.rf.46f453e25b5958b880760d83c83bfae4.jpg,861a8d72d52405476adfc50ab3c6ec3c70d804bf4c01afb1455b53c0646f818d,extra_variant_or_near_duplicate_for_train_component
f27ae554464493ba,1697095266653_JPEG_jpg,train,train,1697095266653_JPEG_jpg.rf.4b473daead55d491b29d95e663d90412.jpg,9143ebef01919bce0bcd66eac6c08af48c295e6870fc1b2df3ad963b5ae50a8c,extra_variant_or_near_duplicate_for_train_component
f27ae554464493ba,1697095266653_JPEG_jpg,train,train,1697095266653_JPEG_jpg.rf.a1d6b9175eeb1d9bf2e8dbfc2e06bb50.jpg,59a3da51b4fadc614177bc8c5703144fee0c00fa26a8a724054757adb75c9dae,extra_variant_or_near_duplicate_for_train_component
f27ae554464493ba,1697095266653_JPEG_jpg,train,train,1697095266653_JPEG_jpg.rf.ad549bdccb63c0db7ba12c011e633cba.jpg,748d4d534070afe899af322a0723b372fecbc73bb8d0a9abbe2385a5c79c5a3b,extra_variant_or_near_duplicate_for_train_component
f27ae554464493ba,1697095266653_JPEG_jpg,train,train,1697095266653_JPEG_jpg.rf.cf398e7af6c80984bc7a73d6c96d3591.jpg,518b41ef938c598ce548fb3ffd77c5ee9352f0543532740a6086771b637f6282,extra_variant_or_near_duplicate_for_train_component
f27ae554464493ba,1697095266653_JPEG_jpg,valid,train,1697095266653_JPEG_jpg.rf.d551a2e523bf85619f40a09b21e17f56.jpg,899056fbfefc0d3710262333dbba1d57d953ec0d38ce48599083c92b1f73f812,extra_variant_or_near_duplicate_for_train_component
f27ae554464493ba,1697095266653_JPEG_jpg,valid,train,1697095266653_JPEG_jpg.rf.f00c6729c72f95b2908b9e55d7ef5c69.jpg,17f4d8d711ea7ae2cd45e123a8c5bddaabd5c50fcc4d912c0cbb64b5ad77897e,extra_variant_or_near_duplicate_for_train_component
f27ae554464493ba,1697095266653_JPEG_jpg,valid,train,1697095266653_JPEG_jpg.rf.f56ffffc8d060b7883fe175331ff1434.jpg,066fa7a221eb8c14464e2af997fd0c81ae21ce5d9fa92f5697d568a94500feae,extra_variant_or_near_duplicate_for_train_component
f27ca515b22ee80f,a00024-0_jpg,train,train,a00024-0_jpg.rf.b2a692b9273b37307c2b62952aa39f05.jpg,4b4f2fc9fb91e8764ff8053c61069ad0fd0eb474ed5544e680087d480d45d655,exact_duplicate_same_label
f27ca515b22ee80f,a00024-0_jpg,train,train,a00024-0_jpg.rf.b73965d29a78c5350030cb0effecb746.jpg,7dd54c9a0fc7d2fb77cfbb9bbb85a8ede2c7fdfd87b68b56a6640aac8e8c40fb,exact_duplicate_same_label
f27ca515b22ee80f,a00024-0_jpg,train,train,a00024-0_jpg.rf.b81ca06f592cca4450d7df106e94f0f7.jpg,7dd54c9a0fc7d2fb77cfbb9bbb85a8ede2c7fdfd87b68b56a6640aac8e8c40fb,exact_duplicate_same_label
f27ca515b22ee80f,a00024-0_jpg,test,train,a00024-0_jpg.rf.0c2c5ca5c425e0e7b916f42f957bbcd5.jpg,aae939a57a5d642bc627460d523d76f0cf89b27b668bdf07b802d1c9cbf8c8f3,extra_variant_or_near_duplicate_for_train_component
f2b6f45378c8f2cf,c00025_jpg,train,train,c00025_jpg.rf.1c6d3a7f8ca998ae92a8ebbf104cf081.jpg,8317662407ce1392b93bea250fce9cb7353d666afcfddf1c1d6288ed42391bb2,exact_duplicate_same_label
f2b6f45378c8f2cf,c00025_jpg,train,train,c00025_jpg.rf.23bf7f354d452e529aefaf9df04171c8.jpg,287f1e031f01965ccf818ef6e3965bbf5a8e9d91fdafa58ae38aee6368e14842,exact_duplicate_same_label
f2b6f45378c8f2cf,c00025_jpg,train,train,c00025_jpg.rf.29e8dab5ad288ccac3acf61c27ac43db.jpg,8317662407ce1392b93bea250fce9cb7353d666afcfddf1c1d6288ed42391bb2,exact_duplicate_same_label
f2b6f45378c8f2cf,c00025_jpg,train,train,c00025_jpg.rf.5cc2d502177fec40c97cf6f9f7752d17.jpg,5014fc44a79b6b5de69bb4b841afeacca9a9605928d7f1d337460146387919c0,exact_duplicate_same_label
f2b6f45378c8f2cf,c00025_jpg,train,train,c00025_jpg.rf.7c7811ec3f225bc8559ed305e8412a5d.jpg,b99fd358ac2fc64e7b5ccafec17d3083c5ee7e25cb8dce3bceb37f2b36ebbc90,exact_duplicate_same_label
f2b6f45378c8f2cf,c00025_jpg,train,train,c00025_jpg.rf.9cab66dc2b4742d36a42b60102bb2afd.jpg,5014fc44a79b6b5de69bb4b841afeacca9a9605928d7f1d337460146387919c0,exact_duplicate_same_label
f2b6f45378c8f2cf,c00025_jpg,train,train,c00025_jpg.rf.c0536394c581711efa79825f6facac20.jpg,287f1e031f01965ccf818ef6e3965bbf5a8e9d91fdafa58ae38aee6368e14842,exact_duplicate_same_label
f2b6f45378c8f2cf,c00025_jpg,valid,train,c00025_jpg.rf.aed5ae52f441a6754d6e2497fc1a6cc3.jpg,28f847fae93ee5c10046396760f43d5daea2afda6012aebef58d64459054dbb4,extra_variant_or_near_duplicate_for_train_component
f2b6f45378c8f2cf,c00025_jpg,valid,train,c00025_jpg.rf.df0473edb531318e62def534afc5b03e.jpg,72fe706be517eb5cf6932ae4e38fc692082ae9a4368345ca8480570a6765396d,extra_variant_or_near_duplicate_for_train_component
f3bdef783cb4b888,bb0573_jpg,train,test,bb0573_jpg.rf.67e844f18af30fe6f304974f5b6761d0.jpg,6fa910513c4dff2ed7f83a8b08be13618d586ebc15d66e0688a655e26e8ee9b6,exact_duplicate_same_label
f3bdef783cb4b888,bb0573_jpg,train,test,bb0573_jpg.rf.86853b60199fa84559bf7aff0218d26c.jpg,6fa910513c4dff2ed7f83a8b08be13618d586ebc15d66e0688a655e26e8ee9b6,exact_duplicate_same_label
f3bdef783cb4b888,bb0573_jpg,train,test,bb0573_jpg.rf.bffccb5ca9605d63eb7a42f5c14038c5.jpg,c882c45b237682e72a87593e04350f571f5382a8b0674badff5d53a09b64a55d,exact_duplicate_same_label
f3bdef783cb4b888,bb0573_jpg,train,test,bb0573_jpg.rf.e2d1203910b5df56a72ae353aaf8bd7e.jpg,fbf698edfce339b47f4bc988b781fb3c1fdde257211c41f606ee4c4def0e76d7,exact_duplicate_same_label
f3bdef783cb4b888,bb0573_jpg,train,test,bb0573_jpg.rf.ec49509715edfd0055401f0d45921cb7.jpg,fbf698edfce339b47f4bc988b781fb3c1fdde257211c41f606ee4c4def0e76d7,exact_duplicate_same_label
f3c7b5be75874141,WIN_20220507_20_59_18_Pro_jpg,train,train,WIN_20220507_20_59_18_Pro_jpg.rf.a08fd8f68406854d5fdef25ffe40625a.jpg,843eec1560dad7c9b421bccdb95cf8ffdd418772767b721d52e7162bc5ca7d21,extra_variant_or_near_duplicate_for_train_component
f3c7b5be75874141,WIN_20220507_20_59_18_Pro_jpg,train,train,WIN_20220507_20_59_18_Pro_jpg.rf.b0c7fc8b06ee998e26d16bd56e4df6bb.jpg,92a60ad90a835fcd16150970fe3b44eff01086af4604173ec3b21fd97b9ad9f0,extra_variant_or_near_duplicate_for_train_component
f42aec4e0b3c2645,1697095309941_JPEG_jpg,train,test,1697095309941_JPEG_jpg.rf.4960005bf1451a89959702586d93a6b9.jpg,8bb23e5359535291847211bb5ac726022f6206109547f03c26fce27ea011439f,extra_variant_or_near_duplicate_for_test_component
f42aec4e0b3c2645,1697095309941_JPEG_jpg,train,test,1697095309941_JPEG_jpg.rf.584ed3e7359095a4457654d5d422cecc.jpg,a2187d68bbd231e6d357bd08d39510770a6446ecdebb3d46412b6ef064b769df,extra_variant_or_near_duplicate_for_test_component
f42aec4e0b3c2645,1697095309941_JPEG_jpg,train,test,1697095309941_JPEG_jpg.rf.a7a7c1cb76e020bfe06a122fce19569d.jpg,771c14dea5968b53be6137c7f9e3810137be06c2b3d9aa0c1c5332fd22e839fd,extra_variant_or_near_duplicate_for_test_component
f42aec4e0b3c2645,1697095309941_JPEG_jpg,train,test,1697095309941_JPEG_jpg.rf.b6fd3e7f4ff8a32b072396d39c9ac405.jpg,1c4dff95b5e8553fb8a6a406eeb3f02ae254be2968408ae5dc256cf58a536165,extra_variant_or_near_duplicate_for_test_component
f42aec4e0b3c2645,1697095309941_JPEG_jpg,train,test,1697095309941_JPEG_jpg.rf.beeab3c35c31f9b9e363a253cf2c1db0.jpg,fd9f75476742854b3b317a4deb64a43a6b8eb41984538a7860ae44a55a0c0fc9,extra_variant_or_near_duplicate_for_test_component
f42aec4e0b3c2645,1697095309941_JPEG_jpg,train,test,1697095309941_JPEG_jpg.rf.cf2f6f456d31c9a61044b2fa6b05cb3d.jpg,5775d053816165899819c9d8c37cae7c6c14bbf9e2715c64afcd5e22033ee86c,extra_variant_or_near_duplicate_for_test_component
f42aec4e0b3c2645,1697095309941_JPEG_jpg,train,test,1697095309941_JPEG_jpg.rf.eb7cf8619b8788a31f5262b21c611084.jpg,429d37e46a6b1a24da30c0800a8a5f7b21457f64b6e64b969acc6fb06c7c6c9c,extra_variant_or_near_duplicate_for_test_component
f42aec4e0b3c2645,1697095309941_JPEG_jpg,train,test,1697095309941_JPEG_jpg.rf.ee6fc6e64b6d18bfe1d2baded95509a1.jpg,7441e0e03b3baec924ef07d20a5dfa4b19dc9f6516f704785b2a8bb4492fbe24,extra_variant_or_near_duplicate_for_test_component
f474692d3099a8ac,bb0439_jpg,train,train,bb0439_jpg.rf.4995a0f8187f4ae9a1fda99883abecf7.jpg,3e81d871ded83098af4d21fc9c63ee9a53ac8541aef21e50e43f9724c397f7c6,exact_duplicate_same_label
f474692d3099a8ac,bb0439_jpg,train,train,bb0439_jpg.rf.4e4fca1b2115087b46b722610e1a9c99.jpg,3e81d871ded83098af4d21fc9c63ee9a53ac8541aef21e50e43f9724c397f7c6,exact_duplicate_same_label
f474692d3099a8ac,bb0439_jpg,train,train,bb0439_jpg.rf.fe833b47a9d1b6bdbc89268bf25169a2.jpg,4f39a8b54e4c11036b3712900088f0c508412c0687aae4451b6a5d9d6b28865e,exact_duplicate_same_label
f474692d3099a8ac,bb0439_jpg,valid,train,bb0439_jpg.rf.df1eec1d579e92bcf8c50a6250e67344.jpg,de82c3345ba0e7a3f2a13da38ec104336fdd436047d1adac68fbd345277e2bb5,extra_variant_or_near_duplicate_for_train_component
f4c2df89d8c607b3,WIN_20220507_23_10_51_Pro_jpg,train,train,WIN_20220507_23_10_51_Pro_jpg.rf.bcb4d76167d91e8d7a8a0731169df2c2.jpg,691b9c4aacc47d30a5de631aa39b585464fc17e60563e10d77d5c472412da6c7,extra_variant_or_near_duplicate_for_train_component
f4c2df89d8c607b3,WIN_20220507_23_10_51_Pro_jpg,train,train,WIN_20220507_23_10_51_Pro_jpg.rf.c421cb8a7b3af2c482d11a2b2e7cbadf.jpg,aa580b02aa5953d22ef5d35fc3e949f0bbcf63f73f1097c7ff68b795db1c38e7,extra_variant_or_near_duplicate_for_train_component
f4c2df89d8c607b3,WIN_20220507_23_10_51_Pro_jpg,test,train,WIN_20220507_23_10_51_Pro_jpg.rf.b8f1251e8bf2529d9cfe7db3de09335b.jpg,307fe4d3c24a1a01f64e82203eed5aa5e2adaaadebf242e745d9221cd5b5df1d,exact_duplicate_same_label
f4d6bd9240081fe6,WIN_20220507_21_27_22_Pro_jpg,train,valid,WIN_20220507_21_27_22_Pro_jpg.rf.158a138ace9d6311241b5108d1ea6b08.jpg,5cc08da269548b234c220dd3bc9be620d195693bc442504c1db56e7fe7d271e1,extra_variant_or_near_duplicate_for_valid_component
f4d6bd9240081fe6,WIN_20220507_21_27_22_Pro_jpg,train,valid,WIN_20220507_21_27_22_Pro_jpg.rf.c27ce84b79cd5cdd28174d6b1fc4f693.jpg,a608f6c4c92220182f245bbfcb46719770e8ac5a4c5a13987e30caef73374b63,extra_variant_or_near_duplicate_for_valid_component
f53a425b07e27ec0,gg0067_png_jpg,train,train,gg0067_png_jpg.rf.27ac6be561a163e1f4b8ef5c67ea782d.jpg,65fdcc56c22072564156e74744ee81bcb6f71bc3e5307c7c954f9cc2bd004eaf,exact_duplicate_same_label
f53a425b07e27ec0,gg0067_png_jpg,train,train,gg0067_png_jpg.rf.aced2d103492d9804151e04f26c39a8b.jpg,daa2f0625ed5bbb3b1579489bff527ca798e206f90a194b813bc5c19d3d18343,exact_duplicate_same_label
f53a425b07e27ec0,gg0067_png_jpg,train,train,gg0067_png_jpg.rf.b619dd8b855ad32049fa9b7a50879c57.jpg,8c5bc43f566571cef39b6cc2dd8ccf6438d6d137c8dd904744c8f6e16d75d40b,exact_duplicate_same_label
f53a425b07e27ec0,gg0067_png_jpg,train,train,gg0067_png_jpg.rf.cf8300ade731500309a512ec647e5558.jpg,8c5bc43f566571cef39b6cc2dd8ccf6438d6d137c8dd904744c8f6e16d75d40b,exact_duplicate_same_label
f53a425b07e27ec0,gg0067_png_jpg,train,train,gg0067_png_jpg.rf.daf3651b072d156ab1657e061e05d2db.jpg,40688a87ee9db4540f6c869822df487bd68bac6e3fafba599e4ac1d53d94a078,exact_duplicate_same_label
f53a425b07e27ec0,gg0067_png_jpg,train,train,gg0067_png_jpg.rf.e2a4a5c89f1c7f99bbac9358aaa034f9.jpg,65fdcc56c22072564156e74744ee81bcb6f71bc3e5307c7c954f9cc2bd004eaf,exact_duplicate_same_label
f53a425b07e27ec0,gg0067_png_jpg,train,train,gg0067_png_jpg.rf.fdc938982922948894efff96c65bc776.jpg,daa2f0625ed5bbb3b1579489bff527ca798e206f90a194b813bc5c19d3d18343,exact_duplicate_same_label
f53a425b07e27ec0,gg0067_png_jpg,valid,train,gg0067_png_jpg.rf.06fd01244da8c309ff0781aef7702da0.jpg,66c2f9a32cb788f1464f6422fd670f79e7c665dc46df69a6bfc8c751bf2c0814,extra_variant_or_near_duplicate_for_train_component
f53a425b07e27ec0,gg0067_png_jpg,test,train,gg0067_png_jpg.rf.b201b5b86d6f72038cd1af85d5c2fef7.jpg,5aa2086a89273eb3ed0373f8f06b0d735710ce32d38588afa1034664d55f5e35,extra_variant_or_near_duplicate_for_train_component
f555f8b7fee3b938,1697100023734_JPEG_jpg,train,train,1697100023734_JPEG_jpg.rf.1f7c1276aad3a428765588477f1f2cef.jpg,9eb4560bcd225fb439b5ea7ec0eb50d76d9e47900bfa1320e000ebecd62f790d,extra_variant_or_near_duplicate_for_train_component
f555f8b7fee3b938,1697100023734_JPEG_jpg,train,train,1697100023734_JPEG_jpg.rf.9b07d8c8c7d4230f799b7f4b00d9e18c.jpg,28f539c8e8121c13abec188e989a6ef4e627cc3b18781b2377d55c25970084d8,extra_variant_or_near_duplicate_for_train_component
f555f8b7fee3b938,1697100023734_JPEG_jpg,train,train,1697100023734_JPEG_jpg.rf.9e2886591b64b1dbac59d6fdf74f8904.jpg,32397b2438bf1fc021d5271305c36f8958d8c74bdb0bd3c5ea79bb3e81636257,extra_variant_or_near_duplicate_for_train_component
f555f8b7fee3b938,1697100023734_JPEG_jpg,train,train,1697100023734_JPEG_jpg.rf.ce41cd20f17237d13d4f669bcfe6ecb8.jpg,73f05ef20503842fdf00a05dfecb5caaf585ddc67ea8867e320b26b8cf5455d4,extra_variant_or_near_duplicate_for_train_component
f555f8b7fee3b938,1697100023734_JPEG_jpg,train,train,1697100023734_JPEG_jpg.rf.e41cbc4bc83172bd9ed992ab18fe2335.jpg,772262591512166575793996bebd1bc656e4373b959ed3ab6c73108024edbd40,extra_variant_or_near_duplicate_for_train_component
f555f8b7fee3b938,1697100023734_JPEG_jpg,valid,train,1697100023734_JPEG_jpg.rf.07eacc7a43567edc35c9726987ecda67.jpg,9a9838520936fd4bf4b0aab304305c32c7d3835d0fc27562d244e86698a307df,extra_variant_or_near_duplicate_for_train_component
f555f8b7fee3b938,1697100023734_JPEG_jpg,valid,train,1697100023734_JPEG_jpg.rf.2d1ca6c6cf17b9168e0ff5220198d055.jpg,633a8b0d3d05fd4db31e61d9e78dab9230366300aa23cea92321db18a32e515e,extra_variant_or_near_duplicate_for_train_component
f555f8b7fee3b938,1697100023734_JPEG_jpg,valid,train,1697100023734_JPEG_jpg.rf.6c432d93dc0b65642bded9ea05296a07.jpg,b277613ef6121cc08faea7e7935165a773f054f272ea741b78ce619547ba43d5,extra_variant_or_near_duplicate_for_train_component
f6007ab2d8fbb76f,WIN_20220507_20_59_02_Pro_jpg,train,test,WIN_20220507_20_59_02_Pro_jpg.rf.89334ac4818dec45bba8cde506673058.jpg,c487275b5ebbadae39a548ed5605ed5f016285c949fb5deca8007930a33b3c14,extra_variant_or_near_duplicate_for_test_component
f6007ab2d8fbb76f,WIN_20220507_20_59_02_Pro_jpg,train,test,WIN_20220507_20_59_02_Pro_jpg.rf.edd73d84e97697be30572bd9c78107f1.jpg,d37aa509beba72bfb917ac1f8b670fbb34f922b8ddca778c5275700a5d4a4e48,extra_variant_or_near_duplicate_for_test_component
f6ac5562f8612d79,c00477_jpg,train,test,c00477_jpg.rf.582a17537106376e6e7a2ed106a0808e.jpg,ec1f4712b65e2482d2ba5ef95ae9ecab43d532b948f9b64108a596e93a9a1a3e,exact_duplicate_same_label
f6ac5562f8612d79,c00477_jpg,train,test,c00477_jpg.rf.72ed856a74f356ccfcd5042ad85de5b9.jpg,fc4768b787316c6616fc3bad9ac55100344d27ca55aaad14571f7a5a372b9f91,exact_duplicate_same_label
f6ac5562f8612d79,c00477_jpg,train,test,c00477_jpg.rf.a8f9a9192c13b60742583f44b979bd49.jpg,fc4768b787316c6616fc3bad9ac55100344d27ca55aaad14571f7a5a372b9f91,exact_duplicate_same_label
f6ac5562f8612d79,c00477_jpg,train,test,c00477_jpg.rf.e3f31c8e64e91b7736b8c553a20552e6.jpg,ec1f4712b65e2482d2ba5ef95ae9ecab43d532b948f9b64108a596e93a9a1a3e,exact_duplicate_same_label
f6ac5562f8612d79,smoking_0958_jpg,train,test,smoking_0958_jpg.rf.61430c745002e4cdda43e7e89895e330.jpg,ee42222a9a53f570b63c534363533d4a8f618d2b5146686206f5f069b37abc90,extra_variant_or_near_duplicate_for_test_component
f7366b333463d8ca,gg0071_jpg,train,train,gg0071_jpg.rf.3ccef552627c6331ca7e761bce4ac976.jpg,e4e58268df4e17fe36a7ffc5751ff9898f8a0faf38e175a3c39d6f5d4653f023,exact_duplicate_same_label
f7366b333463d8ca,gg0071_jpg,train,train,gg0071_jpg.rf.a7cf56123dc125e3c6ded69291045870.jpg,2f832b6d95065734c5c253dc0ac1d2ff97c2c4be34210fab2550be77cb1e24c5,exact_duplicate_same_label
f7366b333463d8ca,gg0071_jpg,train,train,gg0071_jpg.rf.c42e93a3bb13d54bf8ba190dbbabc5c9.jpg,e4e58268df4e17fe36a7ffc5751ff9898f8a0faf38e175a3c39d6f5d4653f023,exact_duplicate_same_label
f7366b333463d8ca,gg0071_jpg,test,train,gg0071_jpg.rf.798c50ee2776610d6be73246863e78e2.jpg,42a006aed4a95cbfe935f1aeca327f9cb2243d1bd505c627c90efcd85fce48e4,extra_variant_or_near_duplicate_for_train_component
f73a38f296cd3fe1,bb0112_jpg,valid,valid,bb0112_jpg.rf.1ed9eac95f66274582e6822ebaed9fb0.jpg,85ce33b9e4284bc38288ab6aea7a39d29e5cc910abd087ee757842a497c5177e,extra_variant_or_near_duplicate_for_valid_component
f73a38f296cd3fe1,bb0112_jpg,train,valid,bb0112_jpg.rf.1a025afd94806ce2840db67c9acc518d.jpg,31d51c2d6f8a0d3be60fc9de61f61cab4d3ea7e27292653ba186b38760987008,exact_duplicate_same_label
f73a38f296cd3fe1,bb0112_jpg,train,valid,bb0112_jpg.rf.4c437c361d31a24c0001c5e83e9a764f.jpg,31d51c2d6f8a0d3be60fc9de61f61cab4d3ea7e27292653ba186b38760987008,exact_duplicate_same_label
f7788edc40b1a0aa,gg0091_jpg,train,train,gg0091_jpg.rf.269d4855957a7fb533822e2d9dcd7ad5.jpg,5a29a9360cd7bdcd42a87651345dbd8262c44547ca77c2c59ff92818560ef8b3,exact_duplicate_same_label
f7788edc40b1a0aa,gg0091_jpg,train,train,gg0091_jpg.rf.38e786b447a0e13ea051e0be22c324b8.jpg,e1e4dcc13fd6f1c51310618b98f9a84152c612780f90b0d8736111fdb3853447,exact_duplicate_same_label
f7788edc40b1a0aa,gg0091_jpg,train,train,gg0091_jpg.rf.59d8c47ccbc42b300e9229309ad907f7.jpg,7718ec745e10df10989deb2d4339557264c1bf1b9b6fdb8928653e36dfa1388b,exact_duplicate_same_label
f7788edc40b1a0aa,gg0091_jpg,train,train,gg0091_jpg.rf.6968563ba28d4273598ecf1254553dcd.jpg,7718ec745e10df10989deb2d4339557264c1bf1b9b6fdb8928653e36dfa1388b,exact_duplicate_same_label
f7788edc40b1a0aa,gg0091_jpg,train,train,gg0091_jpg.rf.6bfc5f8b0140b2aa5e9277cd7b32c0d8.jpg,5a29a9360cd7bdcd42a87651345dbd8262c44547ca77c2c59ff92818560ef8b3,exact_duplicate_same_label
f7788edc40b1a0aa,gg0091_jpg,train,train,gg0091_jpg.rf.cf26edea49f47931899b155cf3f3ceef.jpg,928553302d5d2ff175cefbab9da7cf40e79de6195d764a1fb6143d08240f5a1b,exact_duplicate_same_label
f7788edc40b1a0aa,gg0091_jpg,train,train,gg0091_jpg.rf.dd3646da1b7fd5b27d70dd10e073d503.jpg,928553302d5d2ff175cefbab9da7cf40e79de6195d764a1fb6143d08240f5a1b,exact_duplicate_same_label
f7788edc40b1a0aa,gg0091_jpg,valid,train,gg0091_jpg.rf.9271219c8364f5143aa2c1ad054427d0.jpg,a7926ed02926e28be582051fa12616717095eee5ca5650bfc88aa4a39646d86f,extra_variant_or_near_duplicate_for_train_component
f7788edc40b1a0aa,gg0091_jpg,valid,train,gg0091_jpg.rf.b6e87f4b6459ea1e530ff7af2df8226a.jpg,f31e4f6fa1dc87d5fba74f301c84ef2634c7e60bc8e2f5b962ef1891f2f3dbaf,extra_variant_or_near_duplicate_for_train_component
f77c976c29696a7e,small-87-_jpg,train,train,small-87-_jpg.rf.7c8a0df23e69c43c6da378cb9a81f886.jpg,5c5716f0d59b4adddc460adba1e4c18d5108f275c8af537b387799d11da18b9e,extra_variant_or_near_duplicate_for_train_component
f77c976c29696a7e,small-87-_jpg,valid,train,small-87-_jpg.rf.79101e8d12a43f4e419729882a09e9fb.jpg,ffe51e4fa32d4161228d4641cef417be5630738f550ae4e0e04bfc9efc594150,extra_variant_or_near_duplicate_for_train_component
f7b96ab81101e11a,ggg389_jpg,test,train,ggg389_jpg.rf.46e143f1d2771ab908d56be0255a63a4.jpg,fe9164a1bd6fc5f4fdfd3c67cc2db459762abb544436ba47dcad4d9a248676e1,extra_variant_or_near_duplicate_for_train_component
f7b96ab81101e11a,ggg389_jpg,valid,train,ggg389_jpg.rf.d51fd8ff4cb1d51de088a50b8cec07a8.jpg,d740d1a3882ef52de6e3fcf1583a5db6ab80e2d75247c2d59ec1cfdba8888c33,extra_variant_or_near_duplicate_for_train_component
f7b96ab81101e11a,ggg389_jpg,test,train,ggg389_jpg.rf.47393ba37418b61615f7c96c922fcae4.jpg,8c1caf5b8a97a86c5468a528a86fd270da7612b108bb85e9074275dc60dbe472,extra_variant_or_near_duplicate_for_train_component
f7ce7767c8be71fe,1697099949131_JPEG_jpg,train,train,1697099949131_JPEG_jpg.rf.2a592949da6b3dd95f8af1fa701041c1.jpg,8c8303ecfc6931c99ecf90e59ba9d375a772654c13e9ac0ec4f7482b4e16fa3c,extra_variant_or_near_duplicate_for_train_component
f7ce7767c8be71fe,1697099949131_JPEG_jpg,train,train,1697099949131_JPEG_jpg.rf.2efd0489f744388c3aa48c6bc6738eb6.jpg,adbd3e94f8cb0a9912a777db08d2bd1ec2563252dcffb1813cfcb2d8e32fb4b5,extra_variant_or_near_duplicate_for_train_component
f7ce7767c8be71fe,1697099949131_JPEG_jpg,train,train,1697099949131_JPEG_jpg.rf.8dcda67d5fc1b0cc591ef188cf96c2a6.jpg,2f57596c54cf9f34530ee7a8c3b4d274de9edd49e6df1c46e40a9c949fd4649c,extra_variant_or_near_duplicate_for_train_component
f7ce7767c8be71fe,1697099949131_JPEG_jpg,train,train,1697099949131_JPEG_jpg.rf.965e40de5241e1e0926ee36a9a1647c7.jpg,fcd7fdad828716165ff7520057140b34bafbaaafd0a5f931cc5a83837eb37779,extra_variant_or_near_duplicate_for_train_component
f7ce7767c8be71fe,1697099949131_JPEG_jpg,train,train,1697099949131_JPEG_jpg.rf.d4d61474858e9ebb7f4c971030b3be38.jpg,411fadc2f0d510b4c7115082ee5415ee939ed77979e45395e41a3d3573f74639,extra_variant_or_near_duplicate_for_train_component
f7ce7767c8be71fe,1697099949131_JPEG_jpg,train,train,1697099949131_JPEG_jpg.rf.ff787f6084f7f23cbf92f633586b3767.jpg,7c60cc5f15ca81904ecca016246b114ece07acc710acbfa2ed68e91321d87fc5,extra_variant_or_near_duplicate_for_train_component
f7ce7767c8be71fe,1697099949131_JPEG_jpg,valid,train,1697099949131_JPEG_jpg.rf.6f8c975f5598f59f4d93ff95c46b0903.jpg,5d5043c775179e629dc5f5d681ebfa177799778595d26e4df6d9160ea535ae92,extra_variant_or_near_duplicate_for_train_component
f7ce7767c8be71fe,1697099949131_JPEG_jpg,valid,train,1697099949131_JPEG_jpg.rf.e0bc8beb2f093b4c5c6b92498b33de83.jpg,eeafdd118adcf5a33acc136a4c00c6d4228be67f0cce1b2579b0987d055f9b0f,extra_variant_or_near_duplicate_for_train_component
f8726651af96e326,WIN_20220507_21_28_56_Pro_jpg,train,valid,WIN_20220507_21_28_56_Pro_jpg.rf.d9f5204ab203218efa522c7bf0cfde79.jpg,cdd7f38a87095da30534b075cd39558f0c31a09406a49a4554de58f470b96ba6,extra_variant_or_near_duplicate_for_valid_component
f8726651af96e326,WIN_20220507_21_28_56_Pro_jpg,train,valid,WIN_20220507_21_28_56_Pro_jpg.rf.f26b3006716d2770a6c0c20b892cfe5a.jpg,0e488f75534045c188753fe54b0c44075108beffcb2e3678b2fb539af5048a0c,extra_variant_or_near_duplicate_for_valid_component
f88196ee45b559d1,000040_jpg,train,train,000040_jpg.rf.7cf4fdbebd275202ac7ac56b9f558ff2.jpg,74761e11e2d1ea4e5ef0635fd53df9a71a00558440854056ab220d0abd3142ce,exact_duplicate_same_label
f88196ee45b559d1,000040_jpg,valid,train,000040_jpg.rf.28d5710493e258eb2c91ca1853a382a2.jpg,d9b1abfd1990f370cd8af987851e9f3822f0a5f9dfd032ef3133d754a8597dad,extra_variant_or_near_duplicate_for_train_component
f88196ee45b559d1,000040_jpg,test,train,000040_jpg.rf.96dee3a0edcb6bfc53104449c55c67a5.jpg,1b27b7d7c40156729dc6c6e339de4ea8052a6bb2b13b1201713ef60cb1eea4ef,extra_variant_or_near_duplicate_for_train_component
f89f7f3690868581,000031_jpg,train,test,000031_jpg.rf.0a64d93f3c06bf5daf3e3b012e3c3590.jpg,d61d46bd0b16285f3a9665964cf6737a110fb05e9d8b6ff63d8b7aa21fc1ba91,exact_duplicate_same_label
f89f7f3690868581,000031_jpg,train,test,000031_jpg.rf.2952a795a8b7c667571b1c44ed46fac5.jpg,97073a9dbf202085028ffaff32020eacdb590806a1fdb33a20e50b08f768a06e,exact_duplicate_same_label
f89f7f3690868581,000031_jpg,train,test,000031_jpg.rf.b461625b15acbf85b9b0f6d655970e7d.jpg,97073a9dbf202085028ffaff32020eacdb590806a1fdb33a20e50b08f768a06e,exact_duplicate_same_label
f89f7f3690868581,000031_jpg,train,test,000031_jpg.rf.d610440bba3c20b88a83e5d39200b7fa.jpg,d61d46bd0b16285f3a9665964cf6737a110fb05e9d8b6ff63d8b7aa21fc1ba91,exact_duplicate_same_label
f8dcbd1218970a7d,000092_jpg,train,train,000092_jpg.rf.3a906582d7b13a958041d5b316e4ef54.jpg,38d7498404128452eb05731138d6737e19e9c297ecd0e1f9d1fde52b10e57e69,exact_duplicate_same_label
f8dcbd1218970a7d,000092_jpg,train,train,000092_jpg.rf.a78ff239474b0abf277774aa8ca0f518.jpg,eca08e72ef84227a9f1da5d8b90f961c70d3928b54daf3bb6509baac269964d7,exact_duplicate_same_label
f8dcbd1218970a7d,000092_jpg,train,train,000092_jpg.rf.b28b76f52ad5cba9dd4286d07876021d.jpg,38d7498404128452eb05731138d6737e19e9c297ecd0e1f9d1fde52b10e57e69,exact_duplicate_same_label
f8dcbd1218970a7d,000092_jpg,valid,train,000092_jpg.rf.2b11efef5324b6f258e3156a1cd5c4a8.jpg,08a2197a072fd0ffcb1c5aca8403b2a633d3996a6ea1313acd650d1dd07e9b83,extra_variant_or_near_duplicate_for_train_component
f94a8618b02dc61d,000036_jpg,train,train,000036_jpg.rf.77466ac3c98cd2be374e5c469e344600.jpg,db16c85610ce0253034fd02ffaa923fa87ddd8ce4029fd6d3283301264823237,exact_duplicate_same_label
f94a8618b02dc61d,000036_jpg,train,train,000036_jpg.rf.8992f161ebc912eb18a274748e3a8e8f.jpg,db16c85610ce0253034fd02ffaa923fa87ddd8ce4029fd6d3283301264823237,exact_duplicate_same_label
f94a8618b02dc61d,000036_jpg,train,train,000036_jpg.rf.bb7c14afc344a4b8476b58674fe223d0.jpg,3169d785ae7ac1605c42f0dc9b7550a51e27126765a8d8bcfd0a1a168b5b1170,exact_duplicate_same_label
f94a8618b02dc61d,000036_jpg,valid,train,000036_jpg.rf.ffcb0b0bcbe2b8c5dd34ce09607f59b6.jpg,0df34d4371e09745aa14f27fb1495801539df9a6a4de10bfed3cb3f0815b71dc,extra_variant_or_near_duplicate_for_train_component
f97881575d1b5db7,bb0644_jpg,train,valid,bb0644_jpg.rf.3135eedc96d29645dbf9c5c9fd253af6.jpg,b12f0472cea8e4ede5e9eaadf4e4295a06f9131c6f291ce9965a709a18a505f9,exact_duplicate_same_label
f97881575d1b5db7,bb0644_jpg,train,valid,bb0644_jpg.rf.598479028dc15ac7be3cf927bf5afc40.jpg,21d525283b581f24862a027667f907f10a02076a439df6dff9a8dbf3614735b9,exact_duplicate_same_label
f97881575d1b5db7,bb0644_jpg,train,valid,bb0644_jpg.rf.733ff3bc92b3070e2bd49eef616c467f.jpg,b12f0472cea8e4ede5e9eaadf4e4295a06f9131c6f291ce9965a709a18a505f9,exact_duplicate_same_label
f97881575d1b5db7,bb0644_jpg,train,valid,bb0644_jpg.rf.d5dfeed19c1cad2d8cad7f953e0b6ec8.jpg,21d525283b581f24862a027667f907f10a02076a439df6dff9a8dbf3614735b9,exact_duplicate_same_label
f9c5b23d78fb85cd,000503_jpg,train,train,000503_jpg.rf.bf93932e185f6feb0e0ec7ce45bb5202.jpg,9683b1e8e76de0c796cf41455d175824c186501d41afb1383430188585449c83,exact_duplicate_same_label
f9c5b23d78fb85cd,000503_jpg,valid,train,000503_jpg.rf.1fa0202e5cd29e789aad7b7412662585.jpg,b2917265768d24edde6b1ce04b171cd9b20f2082f4bad5174b7beb81056d84e3,extra_variant_or_near_duplicate_for_train_component
f9c5b23d78fb85cd,000503_jpg,valid,train,000503_jpg.rf.2916335c47cbeb90cbf23cdcd9a50172.jpg,ed9faa6a3e105ba42dcb1fe58c6d4feb53f2975d287098ec40940bc8d3a60db8,extra_variant_or_near_duplicate_for_train_component
f9ecd492bbede3d5,gg0423_jpg,valid,test,gg0423_jpg.rf.dee3ac679d12e00f897d3d981e6c3f3f.jpg,a89518351bfaf29831d86a22c66685cb332c6c431d4436c6d95c4e654ec055cc,extra_variant_or_near_duplicate_for_test_component
f9ecd492bbede3d5,gg0423_jpg,train,test,gg0423_jpg.rf.54327a3f4d999ec83f7e9232dfc213e7.jpg,e831c8c3b6bdc68f752bbde974ea57aec81f9c9a204fe6f1edb4d8ec6c6fbf85,exact_duplicate_same_label
f9ecd492bbede3d5,gg0423_jpg,train,test,gg0423_jpg.rf.5ed6b9023a0fc7c66af9378a48ce9ed5.jpg,9d68496e9451efa44444452ec987568146490e38395e08e7a84507e25c6ef086,exact_duplicate_same_label
f9ecd492bbede3d5,gg0423_jpg,train,test,gg0423_jpg.rf.7e00e08d25affe9b158572e483695c60.jpg,d32adaab57aa603850b90d8079ad5f2b771b0ed49b80f0ec50b570f009b04a04,exact_duplicate_same_label
f9ecd492bbede3d5,gg0423_jpg,train,test,gg0423_jpg.rf.880af93500b497d2fef18425e4569acb.jpg,9d68496e9451efa44444452ec987568146490e38395e08e7a84507e25c6ef086,exact_duplicate_same_label
f9ecd492bbede3d5,gg0423_jpg,train,test,gg0423_jpg.rf.8d1f8c5e826f63e2ccbdcc22a7f2eac2.jpg,7a546f8b33579f204c2ab9ba0dc05961746c64158dd2e76f70dc945804f263e4,exact_duplicate_same_label
f9ecd492bbede3d5,gg0423_jpg,train,test,gg0423_jpg.rf.8f2da6d5e439fd1a19195a1f32195b42.jpg,ac40c0d309cf344610da26590f63649a739c0876c465dd019f48498ad2b62ca8,exact_duplicate_same_label
f9ecd492bbede3d5,gg0423_jpg,train,test,gg0423_jpg.rf.a761b21c38a697798f6c23e7f7340f50.jpg,ac40c0d309cf344610da26590f63649a739c0876c465dd019f48498ad2b62ca8,exact_duplicate_same_label
f9ecd492bbede3d5,gg0423_jpg,train,test,gg0423_jpg.rf.b28994df9c9e600f4cd990f23923a053.jpg,e831c8c3b6bdc68f752bbde974ea57aec81f9c9a204fe6f1edb4d8ec6c6fbf85,exact_duplicate_same_label
f9ecd492bbede3d5,gg0423_jpg,train,test,gg0423_jpg.rf.b2ae1be4651d80358b27ae4cb2173c11.jpg,7a546f8b33579f204c2ab9ba0dc05961746c64158dd2e76f70dc945804f263e4,exact_duplicate_same_label
f9ecd492bbede3d5,gg0423_jpg,train,test,gg0423_jpg.rf.c3c8f9d78d342b2a0f1a3192ef03d574.jpg,d32adaab57aa603850b90d8079ad5f2b771b0ed49b80f0ec50b570f009b04a04,exact_duplicate_same_label
fa1ff3c823659b29,c00201_jpg,train,train,c00201_jpg.rf.25c52d0162d8c3efa98f98dfb4936224.jpg,860c1383f93844030dae5b60063972f2cd2e44b7b77d5310435153717d014fd8,exact_duplicate_same_label
fa1ff3c823659b29,c00201_jpg,train,train,c00201_jpg.rf.2ae2c08ddbdb475921df851709fa375a.jpg,c929b9b9c9e92748896dc57d6fbdbff02dd077d926e47a0178f67dcfe0a4c3be,exact_duplicate_same_label
fa1ff3c823659b29,c00201_jpg,train,train,c00201_jpg.rf.57c0479b08fe38a25255bf5133f6ec0f.jpg,43e2726a79a4f76c835705f1bc46c40a3fbbfa8e68f9d05f29cc2191a5f0777a,exact_duplicate_same_label
fa1ff3c823659b29,c00201_jpg,train,train,c00201_jpg.rf.66e799bedaed77012523da89193d1749.jpg,43e2726a79a4f76c835705f1bc46c40a3fbbfa8e68f9d05f29cc2191a5f0777a,exact_duplicate_same_label
fa1ff3c823659b29,c00201_jpg,train,train,c00201_jpg.rf.7cfc7118fe44b201a26b3965519be8c1.jpg,1bd568d18fe5541fc9138b7ab50da0228518f03bde221adb75374d8615be4cf9,exact_duplicate_same_label
fa1ff3c823659b29,c00201_jpg,train,train,c00201_jpg.rf.7d673052997b43a598d6dda833bb85a1.jpg,1bd568d18fe5541fc9138b7ab50da0228518f03bde221adb75374d8615be4cf9,exact_duplicate_same_label
fa1ff3c823659b29,c00201_jpg,train,train,c00201_jpg.rf.b389e12e5fdc9a6085ab95ba10246815.jpg,c929b9b9c9e92748896dc57d6fbdbff02dd077d926e47a0178f67dcfe0a4c3be,exact_duplicate_same_label
fa1ff3c823659b29,c00201_jpg,train,train,c00201_jpg.rf.bb61d0472368d9ed342f521fe21211eb.jpg,5db1ae9ff740c4deace89e825c29d12d2808cadd584222913508d86d91c87e94,exact_duplicate_same_label
fa1ff3c823659b29,c00201_jpg,train,train,c00201_jpg.rf.d38d8cf6aef1f8e14acacbf9be877333.jpg,860c1383f93844030dae5b60063972f2cd2e44b7b77d5310435153717d014fd8,exact_duplicate_same_label
fa1ff3c823659b29,c00201_jpg,valid,train,c00201_jpg.rf.f0957996fccbaca00cec6a2a64b6853a.jpg,2dd324cbb236f01c2bacfe2d92a31d511e66621088ff7b31dc31a0651e1c91a5,extra_variant_or_near_duplicate_for_train_component
fa27392554a7bfa5,gg0014_jpg,train,train,gg0014_jpg.rf.237e02ab677a7844db68525086f88203.jpg,ae40b447da097b54227d1d84774819006ffcff0b781df66b23009f089f7d9a0d,exact_duplicate_same_label
fa27392554a7bfa5,gg0014_jpg,train,train,gg0014_jpg.rf.35f7e52a7af9a577853ee35a6e0af042.jpg,6db095ae3235e561450b9fafb35e0fc1c0f5ba5cc02aecc004e5b07929142125,exact_duplicate_same_label
fa27392554a7bfa5,gg0014_jpg,train,train,gg0014_jpg.rf.42b98b520b62016747c203a7055a0710.jpg,ae40b447da097b54227d1d84774819006ffcff0b781df66b23009f089f7d9a0d,exact_duplicate_same_label
fa27392554a7bfa5,gg0014_jpg,train,train,gg0014_jpg.rf.b0ae60d3ee4b9425b9b9f3e6a12e87c4.jpg,6db095ae3235e561450b9fafb35e0fc1c0f5ba5cc02aecc004e5b07929142125,exact_duplicate_same_label
fa27392554a7bfa5,gg0014_jpg,train,train,gg0014_jpg.rf.eda7502ff57d221a198d06199c7d3c8a.jpg,3a5f5f6e63133d908a48ff17a51f9c6fd03d6a6f30f6170eb14d612a976410ae,exact_duplicate_same_label
fa27392554a7bfa5,smoking_1013_jpg,train,train,smoking_1013_jpg.rf.9dddf5a3eeb945e5c6b808faf0e8d936.jpg,59eb645bb65e0b08b1a46520061fb41bca2873c47e35b9112ffcc3aca1ea7649,extra_variant_or_near_duplicate_for_train_component
fa27392554a7bfa5,gg0014_jpg,valid,train,gg0014_jpg.rf.796b11642596a024b6b655742715b34c.jpg,dd7028a00649b975abf9e7f66e983fae58deef3b58b0fa01f1f4f6c36b199a35,extra_variant_or_near_duplicate_for_train_component
fa30f5f9b7ad84da,c00004_jpg,train,train,c00004_jpg.rf.6ee03175372700f0cf18cce41588e51f.jpg,d249ab5e270c87747e14c8e548797dc1631d4d3e6cd89541c55e8700064c0aa5,exact_duplicate_same_label
fa30f5f9b7ad84da,c00004_jpg,train,train,c00004_jpg.rf.794d91fae66ffb4f486cb1b25257c45e.jpg,d249ab5e270c87747e14c8e548797dc1631d4d3e6cd89541c55e8700064c0aa5,exact_duplicate_same_label
fa30f5f9b7ad84da,c00004_jpg,train,train,c00004_jpg.rf.c452552b7e34416f4abcbe4f7d4324ab.jpg,0bce76ec89adc711bc9594a645931a612b74397131d36a8b513d12e41dc510f1,exact_duplicate_same_label
fa30f5f9b7ad84da,c00004_jpg,train,train,c00004_jpg.rf.cf6f576c5667e04c9b356ecd0fc0779e.jpg,bc3bee8bfb70388c5a016fad914cd719fe259139eaee879bc7877ffe2bffc0fb,exact_duplicate_same_label
fa30f5f9b7ad84da,c00004_jpg,train,train,c00004_jpg.rf.f8e3052f06d15a8db832d571df9a0910.jpg,0bce76ec89adc711bc9594a645931a612b74397131d36a8b513d12e41dc510f1,exact_duplicate_same_label
fa43efe225211b71,c00056_jpg,train,test,c00056_jpg.rf.34ac988c9ab5f4ec697b7f9eb1209bfc.jpg,749128b9014be583121872b39a53a6d5d3d5eaaccc94844bfe9137bc02e5b68b,exact_duplicate_same_label
fa43efe225211b71,c00056_jpg,train,test,c00056_jpg.rf.40c48d925623b1f157a77b6f53b315ce.jpg,749128b9014be583121872b39a53a6d5d3d5eaaccc94844bfe9137bc02e5b68b,exact_duplicate_same_label
fa43efe225211b71,c00056_jpg,train,test,c00056_jpg.rf.9127e736e3f5e01bdee530e7307a744f.jpg,2e32d0f3abc308d530ef46b211722eee3a2c83da344b89d73917ada276d9487e,exact_duplicate_same_label
fa43efe225211b71,c00056_jpg,train,test,c00056_jpg.rf.a4d87ee530b8a4b16adb253be10ba6d1.jpg,2e32d0f3abc308d530ef46b211722eee3a2c83da344b89d73917ada276d9487e,exact_duplicate_same_label
fa7834862002d718,1697100043755_JPEG_jpg,train,train,1697100043755_JPEG_jpg.rf.3643da6a053f2dafc5180053c90e73bd.jpg,56525605b6ec24e4b35f79f66624ee43f1345b09a6e86400e7191afe6fe6acc3,extra_variant_or_near_duplicate_for_train_component
fa7834862002d718,1697100043755_JPEG_jpg,train,train,1697100043755_JPEG_jpg.rf.3d69cd4ebf9625886267c2dc56996f0c.jpg,6f4186dc60872483a153b96148fc95f2ea1f70a54af73b536af77f74c2876c7b,extra_variant_or_near_duplicate_for_train_component
fa7834862002d718,1697100043755_JPEG_jpg,train,train,1697100043755_JPEG_jpg.rf.9b8bfa5b778fe8df43fcd5c80c702b92.jpg,69cb1e5e419360b66bb4b25e7261710c35a204b45f678b7f6e07f5d802da3744,extra_variant_or_near_duplicate_for_train_component
fa7834862002d718,1697100043755_JPEG_jpg,train,train,1697100043755_JPEG_jpg.rf.acb78152bce97f8e9c331c5febac3056.jpg,c1e49123455965d9df33110eeb9c39c7271cfe823630413e181db2f0ad2eb8e1,extra_variant_or_near_duplicate_for_train_component
fa7834862002d718,1697100043755_JPEG_jpg,train,train,1697100043755_JPEG_jpg.rf.ce38adb163bd2c55548561847a3c08f0.jpg,b0ccf850a857691dcf812aaabc4ad9cc5e532f58c9bc2e0e76b140e00d48c3a1,extra_variant_or_near_duplicate_for_train_component
fa7834862002d718,1697100043755_JPEG_jpg,valid,train,1697100043755_JPEG_jpg.rf.3be3804ad49df0453af44298a3aae114.jpg,c882bb7269cfdaf8ea5db0219b70bb36946596aa90839910cba25fbe38a9bc09,extra_variant_or_near_duplicate_for_train_component
fa7834862002d718,1697100043755_JPEG_jpg,valid,train,1697100043755_JPEG_jpg.rf.4e87e4677b1650ba2a4576895f9fe309.jpg,c4bcfc5cb01a238fbca45d27997f867be18b99fe8263f8d8878eca71e2c09f3c,extra_variant_or_near_duplicate_for_train_component
fa7834862002d718,1697100043755_JPEG_jpg,valid,train,1697100043755_JPEG_jpg.rf.a7134d44d6811da05eb39464e25146a2.jpg,35b3571bca4d87371f702866e6a53f848f054b83d4b53b0ae9be3f308a6c9e8f,extra_variant_or_near_duplicate_for_train_component
fa8e1b99c235ca51,IMG_4464_jpg,train,train,IMG_4464_jpg.rf.25f7eca91b52ee9e05b62f833c90aa9a.jpg,60df8fd5ad08c24718d1fc9116fe0510fc1dfeba886918addcdf615a6baae790,extra_variant_or_near_duplicate_for_train_component
fa8e1b99c235ca51,IMG_4464_jpg,train,train,IMG_4464_jpg.rf.2f2492ed65ebfe6e73f5966983f41222.jpg,480b3c595b0c014832eb2656ef0e81ad643a93e6f09907ad54108e4cee6a5d77,extra_variant_or_near_duplicate_for_train_component
fa952b6965b02f77,WIN_20220329_21_28_37_Pro_jpg,train,train,WIN_20220329_21_28_37_Pro_jpg.rf.23b46cb016abeca340329eb4f1c8a412.jpg,121d5399a9a3faa33338e42826e1442d4904b71e60f82c2bdcafcd5b649f8e67,extra_variant_or_near_duplicate_for_train_component
fa952b6965b02f77,WIN_20220329_21_28_37_Pro_jpg,train,train,WIN_20220329_21_28_37_Pro_jpg.rf.d7d22ab9fc6585619645bf34f4a00fb9.jpg,6161448edf1f0ed61ad7aeaeb769951f81e046c6a4e8e8bf980c0d7c67ed5455,exact_duplicate_same_label
fa952b6965b02f77,WIN_20220329_21_28_39_Pro_jpg,train,train,WIN_20220329_21_28_39_Pro_jpg.rf.0bceb3c96f1b65c318faa93bd4554515.jpg,9beb5fbedb8f284afb4ffd79b2f3d48a0186e428fab415d2e06e67f4fa7a51ab,extra_variant_or_near_duplicate_for_train_component
fa952b6965b02f77,WIN_20220329_21_28_39_Pro_jpg,train,train,WIN_20220329_21_28_39_Pro_jpg.rf.c3bfacc1bb356945e5572e763874fbba.jpg,5d092ad1d04479bf88ba031813916dd9012049d88d44473fd7ee9e197943884b,exact_duplicate_same_label
fa952b6965b02f77,WIN_20220329_21_28_39_Pro_jpg,valid,train,WIN_20220329_21_28_39_Pro_jpg.rf.5c5fb72ced9aa931a3ff9d2cc2d60355.jpg,313d6c5872a6cc41a173b1a7e7678e576d2ced857176bd4a9fd4c16cc5794167,extra_variant_or_near_duplicate_for_train_component
fa952b6965b02f77,WIN_20220329_21_28_37_Pro_jpg,test,train,WIN_20220329_21_28_37_Pro_jpg.rf.d7d22ab9fc6585619645bf34f4a00fb9.jpg,6161448edf1f0ed61ad7aeaeb769951f81e046c6a4e8e8bf980c0d7c67ed5455,exact_duplicate_same_label
fa952b6965b02f77,WIN_20220329_21_28_39_Pro_jpg,test,train,WIN_20220329_21_28_39_Pro_jpg.rf.c3bfacc1bb356945e5572e763874fbba.jpg,5d092ad1d04479bf88ba031813916dd9012049d88d44473fd7ee9e197943884b,exact_duplicate_same_label
faf62af4aa25f803,IMG_4451_jpg,train,train,IMG_4451_jpg.rf.c01d13eeb92bc0f363e5877c571eab8f.jpg,b8b252fbdcc6567c0dc09f2dca1f09372b05395aab3ac51cd2d163eee37fa029,extra_variant_or_near_duplicate_for_train_component
faf62af4aa25f803,IMG_4451_jpg,train,train,IMG_4451_jpg.rf.f641cea0fc2ada88812f4b662ebf7f50.jpg,7bdecb3f88777d35f2a73a7bbc1995d57595e01647d6f7e33847894c3f3763e2,extra_variant_or_near_duplicate_for_train_component
faf62af4aa25f803,IMG_4452_jpg,train,train,IMG_4452_jpg.rf.3c62dc171326ab00d0307467f272adb5.jpg,c7ba70424c35fb06bf55ef1d6e8f6d87969bf34684f734ec302dc6b3147bea86,extra_variant_or_near_duplicate_for_train_component
faf62af4aa25f803,IMG_4452_jpg,train,train,IMG_4452_jpg.rf.420e8dc77c7314d4efb0205ed02a00fe.jpg,03ef81c91b35cb70ee5e88e4581e6ca586e4cd9fcd4f945d30b54a30602707e9,extra_variant_or_near_duplicate_for_train_component
faf62af4aa25f803,IMG_4452_jpg,train,train,IMG_4452_jpg.rf.f1bb6ada39e7cd846a645230547ce6bd.jpg,fea44cd2fd431dbfb870d770b610995f703aee1d682ec9e91bcfd2bcb9ae6d03,extra_variant_or_near_duplicate_for_train_component
fb9026922671d157,lighter-6526078__340_jpg,train,train,lighter-6526078__340_jpg.rf.9c0fb4a0f767d482494b9381e8da19d9.jpg,ee02bedf2b9f29c6d19090ed72750f1ad3b5fdad058eb1ce6ad9f6c0d4eb20eb,extra_variant_or_near_duplicate_for_train_component
fb9026922671d157,lighter-6526078__340_jpg,train,train,lighter-6526078__340_jpg.rf.9e6e65ef16f267e0c4d15de1b47ed54e.jpg,08197e1a3b68eb45a0b9b449fb47a8459c8fd35e995a29bf3ce2e3613c9f06b0,extra_variant_or_near_duplicate_for_train_component
fd59777b598e9d02,000382_jpg,train,valid,000382_jpg.rf.330bdb67e7a3790c9c9f055d51f87118.jpg,cf3c095fcbf062af3a71fe31d94527595b1e22340f706318619a425ce62ba869,exact_duplicate_same_label
fd59777b598e9d02,000382_jpg,train,valid,000382_jpg.rf.3e411580e976392289ce64cce4da6f59.jpg,6ceb1045861dbaa0e17b0262f85c3e87f4d7a877452adf4b5c7be38c6224ce29,exact_duplicate_same_label
fd59777b598e9d02,000382_jpg,train,valid,000382_jpg.rf.49703ac388eba6cc7a8f4920e9d71b73.jpg,0a93c206fe5d356efa2c347bf64441e2a1fd4b1bbeb3437627a7f0c612f409c8,exact_duplicate_same_label
fd59777b598e9d02,000382_jpg,train,valid,000382_jpg.rf.7307b11166a718bab7ccfd79f628b461.jpg,0a93c206fe5d356efa2c347bf64441e2a1fd4b1bbeb3437627a7f0c612f409c8,exact_duplicate_same_label
fd59777b598e9d02,000382_jpg,train,valid,000382_jpg.rf.a862407849505b51512fbbddbca642ab.jpg,cf3c095fcbf062af3a71fe31d94527595b1e22340f706318619a425ce62ba869,exact_duplicate_same_label
fd6b2035b9443367,c00003_jpg,train,train,c00003_jpg.rf.d23009341684d4a77b7a10d8bdd4bebf.jpg,c9e18541a4f5c2305b204a5b371d1a9e15abf51059a4b2bd135431bd331ff6e5,exact_duplicate_same_label
fd6b2035b9443367,c00003_jpg,valid,train,c00003_jpg.rf.9e1dda45feb50f508f4193e8e321da16.jpg,de76c6cb51cab33d7c6a584452f320e48765649c33bf8019a8da9343af1fb06a,extra_variant_or_near_duplicate_for_train_component
fd6b2035b9443367,c00003_jpg,test,train,c00003_jpg.rf.1429723fb6be6262d2d36d8f48673d68.jpg,7cddc260c858679deabfc808071c5603420838c19cf5a1fa66c41b267acf8f98,extra_variant_or_near_duplicate_for_train_component
fe1f2c92b2b37b59,c00421_jpg,train,test,c00421_jpg.rf.4a6a7bc2898f573eb540f3b16f999c53.jpg,08212f4faf883ced49b98ff3a876eb49c810c0ad17cf8dbbb57bd4b3f9e0eded,exact_duplicate_same_label
fe1f2c92b2b37b59,c00421_jpg,train,test,c00421_jpg.rf.8221126353da002e6869a94c8a3727a6.jpg,08212f4faf883ced49b98ff3a876eb49c810c0ad17cf8dbbb57bd4b3f9e0eded,exact_duplicate_same_label
fe1f2c92b2b37b59,c00421_jpg,train,test,c00421_jpg.rf.d8ffc852cdd98c581c77332ce579f61d.jpg,55ddeaaa0998b73000339731be2dfc9c42782fb8460075b196d5dd057df1df22,exact_duplicate_same_label
fe1f2c92b2b37b59,c00421_jpg,train,test,c00421_jpg.rf.eb21c857562d63c3fc2d7648bce89a1a.jpg,55ddeaaa0998b73000339731be2dfc9c42782fb8460075b196d5dd057df1df22,exact_duplicate_same_label
fe594b39a4d5b9f0,1697095267555_JPEG_jpg,valid,valid,1697095267555_JPEG_jpg.rf.86ac19c84a2e29bef2b1ec18db1cda56.jpg,34393d01cd4c9ca0ed63327eb587e7448e3a3c41111770aef4615ae84427ff57,extra_variant_or_near_duplicate_for_valid_component
fe594b39a4d5b9f0,1697095267555_JPEG_jpg,train,valid,1697095267555_JPEG_jpg.rf.0e63903e412beeb0e08117de8572ce13.jpg,f524383f40bfc447377b9de393a34648898aa2c0738d88a97f6146adfeb1e950,extra_variant_or_near_duplicate_for_valid_component
fe594b39a4d5b9f0,1697095267555_JPEG_jpg,train,valid,1697095267555_JPEG_jpg.rf.20ff4b18b0af8f6f740033850bd28a07.jpg,d0ceed754899f421ec7e32e94a7230c88af02cbb1e34262c5d8442652bbf9691,extra_variant_or_near_duplicate_for_valid_component
fe594b39a4d5b9f0,1697095267555_JPEG_jpg,train,valid,1697095267555_JPEG_jpg.rf.310690b90a8034609b0cd7d5138df1ba.jpg,43a95fcc1b0096a4c9721773176aa5d1ea41b2f0f1983b6c87edb1d5da3fe04b,extra_variant_or_near_duplicate_for_valid_component
fe594b39a4d5b9f0,1697095267555_JPEG_jpg,train,valid,1697095267555_JPEG_jpg.rf.320691a5205cde23edf4a3cb5090d301.jpg,9ba463bf4c379d2eb704ad30dce2fea6e54bb35c5b36bcb8fb6ed7084edad4b5,extra_variant_or_near_duplicate_for_valid_component
fe594b39a4d5b9f0,1697095267555_JPEG_jpg,train,valid,1697095267555_JPEG_jpg.rf.51e44efd24cee17f6cdbe7222ff2b3c4.jpg,267feee94e0b93beed210b9e81c8937512feb81390836f93abe3f14a75d5fffc,extra_variant_or_near_duplicate_for_valid_component
fe594b39a4d5b9f0,1697095267555_JPEG_jpg,train,valid,1697095267555_JPEG_jpg.rf.a5c457641f1e89c6ee25f6fe6ade33af.jpg,14a9e6b0dfc2adef54d352a3f200545742bc3b7c58a90e57d864dad3abd6508d,extra_variant_or_near_duplicate_for_valid_component
fe594b39a4d5b9f0,1697095267555_JPEG_jpg,train,valid,1697095267555_JPEG_jpg.rf.eb2aa8e9ea9d449c0985feff181c2bfa.jpg,032707ca02fcbc39d0f9e4c660b315f133d537ebf774b8291b0cec6a1c7f43b8,extra_variant_or_near_duplicate_for_valid_component
fe86742859458b58,IMG_4333_jpg,train,train,IMG_4333_jpg.rf.35c1280e4bfa8444b3860b01a2447abd.jpg,1ee9800601d3aeb2bf6be7cc20a996c1190d0574f5822f4a30e3406a84ab9808,extra_variant_or_near_duplicate_for_train_component
fe86742859458b58,IMG_4333_jpg,train,train,IMG_4333_jpg.rf.ebdc960a890b260403ff51be2d416e76.jpg,67429da9293a3b4dd6b96c7bc518ea2edf1b211ee4f463cb9a553c6dc1436945,extra_variant_or_near_duplicate_for_train_component
fe86742859458b58,IMG_4332_jpg,valid,train,IMG_4332_jpg.rf.4b5097ab9054138643cbe507fab638db.jpg,069c13b58e432e5f6b47d809163d842274eebdd64fd7721950cd5a01582ee437,extra_variant_or_near_duplicate_for_train_component
fef876f9d5f65011,bb0291_jpg,train,train,bb0291_jpg.rf.3a37c566e8cb4dec346fedaa5f9a46fb.jpg,68c62303ae80839f0c5ef41f16ba5acc3f21f1552f0cbb5d076de90f9d65ec5d,exact_duplicate_label_conflict
fef876f9d5f65011,bb0291_jpg,train,train,bb0291_jpg.rf.780a678340c33101ff73d63d9562196a.jpg,d4f2bddfd0b58d9b57831fdb30ee86d1404e52b2bfe28fea24d3e6904228333b,exact_duplicate_label_conflict
fef876f9d5f65011,bb0291_jpg,train,train,bb0291_jpg.rf.fbb21939497dfea187ba5326539f76c9.jpg,68c62303ae80839f0c5ef41f16ba5acc3f21f1552f0cbb5d076de90f9d65ec5d,exact_duplicate_label_conflict
fef876f9d5f65011,bb0291_jpg,test,train,bb0291_jpg.rf.a85d53b2d0440f052b21bf3b88c434df.jpg,2f9c70b3267da8dc442bb752af627fe609805d139d4a2cab717c868b80b8f7c4,extra_variant_or_near_duplicate_for_train_component
ff02f6b0b02517d6,IMG_4511_jpg,train,train,IMG_4511_jpg.rf.375d6c4cd748fb83e7361b3cd259b7da.jpg,a616b791682c829e336820a68fd6eeebac4d929f78c5c8850b2994ec02812056,extra_variant_or_near_duplicate_for_train_component
ff02f6b0b02517d6,IMG_4511_jpg,train,train,IMG_4511_jpg.rf.89263b1564588f63072ea15fe0166575.jpg,c9bbb7a0e0ee3b135f22f961664492c648c0e5dfa3f73da56c36b4e581bf5711,extra_variant_or_near_duplicate_for_train_component
ff02f6b0b02517d6,IMG_4514_jpg,train,train,IMG_4514_jpg.rf.59792f893fb6f7bddec3f3be72c9a020.jpg,be436af3bce2006e176fb137727da6b5cb370ab56ad1745daa85e20fd0f62bb3,extra_variant_or_near_duplicate_for_train_component
ff02f6b0b02517d6,IMG_4514_jpg,train,train,IMG_4514_jpg.rf.e5237ebf616f12144344d3ba7be64354.jpg,fe961a06beeb1c81e218c4f68a719aff8d32e5a90dd3d190aba75056ea4f741c,extra_variant_or_near_duplicate_for_train_component
ff02f6b0b02517d6,IMG_4514_jpg,train,train,IMG_4514_jpg.rf.fd4cf741aba14b443110e509dca940c5.jpg,49a95ad9d486dda03e8e85892be4764f92fe7d287a446b413b9cbac80a7811b9,extra_variant_or_near_duplicate_for_train_component
ff02f6b0b02517d6,IMG_4512_jpg,valid,train,IMG_4512_jpg.rf.03b5aaf3763fd70df8ed2ce663265ee1.jpg,c059ef8e40981462d3ae89c9a965176c5a6573931f7c4dd84ee7dcdb781eebbc,extra_variant_or_near_duplicate_for_train_component
ff02f6b0b02517d6,IMG_4513_jpg,valid,train,IMG_4513_jpg.rf.94dd8794d3976e89bedcdb0044148a87.jpg,0212549d22095890ec7b256c8cc5c3175b4382bae47919b7736b284a41a34460,extra_variant_or_near_duplicate_for_train_component
ff02f6b0b02517d6,IMG_4515_jpg,valid,train,IMG_4515_jpg.rf.44bfb6980d08892735ddaf2476240ac0.jpg,7de8a1bc8aa9ef6b6cf970b5d3d1997575a5a9e1776d901cdc785ab1c439f8c2,extra_variant_or_near_duplicate_for_train_component
ff30a1dc80f27d58,images-2022-05-07T213519-098-1-_jpeg_jpg,train,train,images-2022-05-07T213519-098-1-_jpeg_jpg.rf.d3f0027f22f47310aaa34e94d4cab366.jpg,ecdeeda0bd3d1c44af6344fff1406c0115e51cd9d18ac5bbfa0eb362a2e2cb63,exact_duplicate_same_label
ff30a1dc80f27d58,images-2022-05-07T213519-098-1-_jpeg_jpg,valid,train,images-2022-05-07T213519-098-1-_jpeg_jpg.rf.1c292cd797607a724f42c1a9ba1bac58.jpg,e1bf604d9475c8625d0ee4d15ecd28dfffe531b2e76cff466139baca8d2f3cfe,extra_variant_or_near_duplicate_for_train_component
ff30a1dc80f27d58,images-2022-05-07T213519-098-1-_jpeg_jpg,test,train,images-2022-05-07T213519-098-1-_jpeg_jpg.rf.d3f0027f22f47310aaa34e94d4cab366.jpg,ecdeeda0bd3d1c44af6344fff1406c0115e51cd9d18ac5bbfa0eb362a2e2cb63,exact_duplicate_same_label
