source_key,original_source_key,original_split,assigned_split,original_image,output_image,input_sha256,output_sha256,action,empty_label,label_signature
0003188840ad3a94,smoking_0806_jpg,train,train,smoking_0806_jpg.rf.baec117480f577d64aaf1217c894e7ad.jpg,smoking_0806_jpg.rf.baec117480f577d64aaf1217c894e7ad.jpg,76439e9c3a8fd63e03f78f7eb1c73e4edcea510ddaa7b9040541d78c46d5e00b,76439e9c3a8fd63e03f78f7eb1c73e4edcea510ddaa7b9040541d78c46d5e00b,copied,0,0
00349034119b3a7d,smoking_0277_jpg,train,test,smoking_0277_jpg.rf.b08e15af30cef1380a957427ba37f1ae.jpg,smoking_0277_jpg.rf.b08e15af30cef1380a957427ba37f1ae.jpg,6cd9e4bfcdc64704e283ffa6ed0cf98e4d36409d9e988ccd6573a158adb39373,6cd9e4bfcdc64704e283ffa6ed0cf98e4d36409d9e988ccd6573a158adb39373,copied,0,0
005ae7635c68abda,0537a1a43574d960_jpg,train,train,0537a1a43574d960_jpg.rf.974973e3151ecd1be7fd2a1325ab6106.jpg,0537a1a43574d960_jpg.rf.974973e3151ecd1be7fd2a1325ab6106.jpg,f6a36199765cc9cbd999b0a5efcc691b4693c729790a6e434231374a0eae90c9,f6a36199765cc9cbd999b0a5efcc691b4693c729790a6e434231374a0eae90c9,copied,1,
008970fccfcdecbc,IMG_4500_jpg,train,valid,IMG_4500_jpg.rf.03d77b42434a49d7bd49dfff811b64a7.jpg,IMG_4500_jpg.rf.03d77b42434a49d7bd49dfff811b64a7.jpg,71fb1d81f71dc9191e66b680f84f7aa9ed3e615676afae5ebd35e12649010ee3,71fb1d81f71dc9191e66b680f84f7aa9ed3e615676afae5ebd35e12649010ee3,copied,0,0|1
0099fd07849e506f,smoking_0790_jpg,valid,test,smoking_0790_jpg.rf.4f414b6ba8cf0897cef4a04e36ecc79d.jpg,smoking_0790_jpg.rf.4f414b6ba8cf0897cef4a04e36ecc79d.jpg,1bb57992d5d9e5fe6bae2a4f48ba3df6d8e62043e6ce5261b0ace9275b783444,1bb57992d5d9e5fe6bae2a4f48ba3df6d8e62043e6ce5261b0ace9275b783444,copied,0,0
009af2b789901c38,2ee54a85ada635e0_jpg,train,train,2ee54a85ada635e0_jpg.rf.1b39f1e452b96ed8d93ee0ace9d330fb.jpg,2ee54a85ada635e0_jpg.rf.1b39f1e452b96ed8d93ee0ace9d330fb.jpg,0ef15cea6cbabb733f89c77b66ca5df34d960152084b94eb2cc3d1761702d31b,0ef15cea6cbabb733f89c77b66ca5df34d960152084b94eb2cc3d1761702d31b,copied,1,
00a0ec6442d59a3c,0e2c837ca7c5c9ea_jpg,train,train,0e2c837ca7c5c9ea_jpg.rf.3d813fd63d647b5a7d2da13439e80041.jpg,0e2c837ca7c5c9ea_jpg.rf.3d813fd63d647b5a7d2da13439e80041.jpg,06d480c65988161b46f5a87de7df2f182d5ac88810072be3819a79595091a661,06d480c65988161b46f5a87de7df2f182d5ac88810072be3819a79595091a661,copied,1,
00a80a84ad2c348e,1697095266517_JPEG_jpg,train,train,1697095266517_JPEG_jpg.rf.46a7bfa7efebf63c0507f5c9b595ac7c.jpg,1697095266517_JPEG_jpg.rf.46a7bfa7efebf63c0507f5c9b595ac7c.jpg,ae4c36b6a6b716dfe12aee8a1436c92c78c6953f443dd3f6fbaf4d0a0f1862d6,ae4c36b6a6b716dfe12aee8a1436c92c78c6953f443dd3f6fbaf4d0a0f1862d6,copied,0,0
00cf5f7217e443ad,36872cfc125e7fd5_jpg,train,train,36872cfc125e7fd5_jpg.rf.a9310edeac81f3090b12f0f0b588096d.jpg,36872cfc125e7fd5_jpg.rf.a9310edeac81f3090b12f0f0b588096d.jpg,35a914535cfbf6165b218f54a160f8a0e0400a210222df041bdeff2e0172e7f4,35a914535cfbf6165b218f54a160f8a0e0400a210222df041bdeff2e0172e7f4,copied,1,
00dee01f50730b63,smoking_0136_jpg,test,train,smoking_0136_jpg.rf.a164b0c9dda908203507b0afa296ec18.jpg,smoking_0136_jpg.rf.a164b0c9dda908203507b0afa296ec18.jpg,7426345ce40bef28dc5119a5d70f70984ed9efea7e8553540ada36cc452d0876,7426345ce40bef28dc5119a5d70f70984ed9efea7e8553540ada36cc452d0876,copied,0,0
012a584d0b558062,smoking_0808_jpg,test,train,smoking_0808_jpg.rf.a2f74ebd7fd1f981601eba4ceefd3891.jpg,smoking_0808_jpg.rf.a2f74ebd7fd1f981601eba4ceefd3891.jpg,2a4eb4ded36e6d8c450998fe8001dd9d79ee58ef82da7acd989afaf555699ee9,2a4eb4ded36e6d8c450998fe8001dd9d79ee58ef82da7acd989afaf555699ee9,copied,0,0
01dead9d914c62e0,WIN_20220507_20_59_04_Pro_jpg,valid,train,WIN_20220507_20_59_04_Pro_jpg.rf.62823f80287c603e3ff2ceca533616a7.jpg,WIN_20220507_20_59_04_Pro_jpg.rf.62823f80287c603e3ff2ceca533616a7.jpg,357a01042c54d202d25019876c6280d64f4318f5c290a701c53255804e0b61c4,357a01042c54d202d25019876c6280d64f4318f5c290a701c53255804e0b61c4,copied,0,1
022b7d7eccb0153c,038c5016adf204f1_jpg,valid,train,038c5016adf204f1_jpg.rf.076e0eba89d39311e65ddbb278a3ea07.jpg,038c5016adf204f1_jpg.rf.076e0eba89d39311e65ddbb278a3ea07.jpg,8cc149700fb6fb99b8db4dc440eea068cb395b0c7a765073df81c755dc19aa3c,8cc149700fb6fb99b8db4dc440eea068cb395b0c7a765073df81c755dc19aa3c,copied,1,
0264adf4def6fa56,15100a234d7ff8d3_jpg,valid,train,15100a234d7ff8d3_jpg.rf.a4955d8326729d8b9b6f713549f44c69.jpg,15100a234d7ff8d3_jpg.rf.a4955d8326729d8b9b6f713549f44c69.jpg,ae78b06960196c5f44ae4dc90f5da99d49b56d2399301d9397332cbc5c74cf7b,ae78b06960196c5f44ae4dc90f5da99d49b56d2399301d9397332cbc5c74cf7b,copied,1,
026f2a21b8446af3,WIN_20220329_21_28_42_Pro_jpg,valid,train,WIN_20220329_21_28_42_Pro_jpg.rf.9d0b707fe78ab12a5dd9ccd9408df8fe.jpg,WIN_20220329_21_28_42_Pro_jpg.rf.9d0b707fe78ab12a5dd9ccd9408df8fe.jpg,0875946e66d92847dabca5186f5e824c73a6d192103415bc8b40d5ca23bb28cf,0875946e66d92847dabca5186f5e824c73a6d192103415bc8b40d5ca23bb28cf,copied,0,1
02a35389dc0c322d,1697099897398_JPEG_jpg,train,train,1697099897398_JPEG_jpg.rf.0142cb32ad5b800464971b0fe62c3602.jpg,1697099897398_JPEG_jpg.rf.0142cb32ad5b800464971b0fe62c3602.jpg,62bf2a5f921c54b835b649f72b70a54ccdb76ceb4645381df6fc2694f29ae74f,62bf2a5f921c54b835b649f72b70a54ccdb76ceb4645381df6fc2694f29ae74f,copied,0,0
02a803483365d5e6,346a20c084b1ff0f_jpg,train,train,346a20c084b1ff0f_jpg.rf.fcbd602f6f6ae68bc6960ecf64360476.jpg,346a20c084b1ff0f_jpg.rf.fcbd602f6f6ae68bc6960ecf64360476.jpg,ce5a494ff5c3074a0f7405fd6752a2021e063184a3e8675564d3a8ccd07513ab,ce5a494ff5c3074a0f7405fd6752a2021e063184a3e8675564d3a8ccd07513ab,copied,1,
0320b1eca2551a0f,c00254_jpg,valid,test,c00254_jpg.rf.fee25b1bb73bd092fcacc51c3e025c96.jpg,c00254_jpg.rf.fee25b1bb73bd092fcacc51c3e025c96.jpg,e3d1f3b4a42a35f1d5bfdc3208fe48c47e89a6e1b2bd98c851ca3f9461a03212,e3d1f3b4a42a35f1d5bfdc3208fe48c47e89a6e1b2bd98c851ca3f9461a03212,copied,0,2
032e2ba02fdb1720,smoking_0649_jpg,train,train,smoking_0649_jpg.rf.15bb0184b955beb407f08d638d5384ca.jpg,smoking_0649_jpg.rf.15bb0184b955beb407f08d638d5384ca.jpg,1fb42191a9510cdca851409a354682bdf8d24d06f0030ce4e90f8eb0222dd34d,1fb42191a9510cdca851409a354682bdf8d24d06f0030ce4e90f8eb0222dd34d,copied,0,0
034a72aff8c306cc,38d2ed250521f658_jpg,train,train,38d2ed250521f658_jpg.rf.0147eb3e8b65e045e8f87de254c702d8.jpg,38d2ed250521f658_jpg.rf.0147eb3e8b65e045e8f87de254c702d8.jpg,95cb6f0d9efaa39fbfd75d079960b56bb25f0fb593cc44bb38eb102020c8ee87,95cb6f0d9efaa39fbfd75d079960b56bb25f0fb593cc44bb38eb102020c8ee87,copied,1,
035e979a7ea29f11,smoking_0087_jpg,valid,train,smoking_0087_jpg.rf.e9461638a3f0683377c00a8480a2a275.jpg,smoking_0087_jpg.rf.e9461638a3f0683377c00a8480a2a275.jpg,19a00d572f2f701f9a6180403ecf6666c6d6938f4a881af7981bebea73a62c6d,19a00d572f2f701f9a6180403ecf6666c6d6938f4a881af7981bebea73a62c6d,copied,0,0
03790c7791275896,smoking_0392_jpg,train,train,smoking_0392_jpg.rf.282dd31604861cfb509507c040ce8630.jpg,smoking_0392_jpg.rf.282dd31604861cfb509507c040ce8630.jpg,c6266ff4d09cda58eb3a7d541b7524d6f516bc512bbe63c0ba6680101659201f,c6266ff4d09cda58eb3a7d541b7524d6f516bc512bbe63c0ba6680101659201f,copied,0,0
037f2f738b5a6ed0,c00118_jpg,train,train,c00118_jpg.rf.c87434284498cff6140bd6b0701198c6.jpg,c00118_jpg.rf.c87434284498cff6140bd6b0701198c6.jpg,bbb9cd1b08effdd14733403f3ba7d08f802da8bc195c09d4d07aa9f4c1684de0,bbb9cd1b08effdd14733403f3ba7d08f802da8bc195c09d4d07aa9f4c1684de0,copied,0,2
03925148924952a1,smoking_0697_jpg,train,train,smoking_0697_jpg.rf.5e2ae982235009c2f8579ec478ec19a0.jpg,smoking_0697_jpg.rf.5e2ae982235009c2f8579ec478ec19a0.jpg,6022c860bd4ef62fbecd33d052e10727bc62e75d2ff5bcda91caf97daa84143e,6022c860bd4ef62fbecd33d052e10727bc62e75d2ff5bcda91caf97daa84143e,copied,0,0
03a7909ffbc09c58,41976cd4d62bb04e_jpg,train,train,41976cd4d62bb04e_jpg.rf.7a916dd09a4f6c1db1b62d93cc67ef11.jpg,41976cd4d62bb04e_jpg.rf.7a916dd09a4f6c1db1b62d93cc67ef11.jpg,6b0cb042fbebccd9d3456282223d04c51f2282e2c5ebddbfc2d4b12a9c602f06,6b0cb042fbebccd9d3456282223d04c51f2282e2c5ebddbfc2d4b12a9c602f06,copied,1,
03c9826067c66e3e,0a9b7cebed38e2c7_jpg,train,train,0a9b7cebed38e2c7_jpg.rf.8fe730e9b7ad953ded980331e9ec7b22.jpg,0a9b7cebed38e2c7_jpg.rf.8fe730e9b7ad953ded980331e9ec7b22.jpg,0526470459b02fbeb590d5c4be3350449697e7fc5fedfa7f59a03776a33aa81f,0526470459b02fbeb590d5c4be3350449697e7fc5fedfa7f59a03776a33aa81f,copied,1,
03d3f0305bd41d11,smoking_0427_jpg,valid,train,smoking_0427_jpg.rf.98aca31b9d63954bffca01491a4bf88c.jpg,smoking_0427_jpg.rf.98aca31b9d63954bffca01491a4bf88c.jpg,43466df56b61cb1dda98d46b6e0ce8718f061279681f23a5be34ef891f8d90bf,43466df56b61cb1dda98d46b6e0ce8718f061279681f23a5be34ef891f8d90bf,copied,0,0
040bfcdfc91d5aeb,smoking_0318_jpg,train,train,smoking_0318_jpg.rf.e7cfbfa67eeb6670e28420919d755088.jpg,smoking_0318_jpg.rf.e7cfbfa67eeb6670e28420919d755088.jpg,7df8a197b9114f741cabce9c794c26766d146035037ae088c63b32f5d1093cd8,7df8a197b9114f741cabce9c794c26766d146035037ae088c63b32f5d1093cd8,copied,0,1
04442776bf27f3b0,smoking_0668_jpg,train,train,smoking_0668_jpg.rf.c43ee6c35db6f2d7ebc82a9bd7c652ff.jpg,smoking_0668_jpg.rf.c43ee6c35db6f2d7ebc82a9bd7c652ff.jpg,b68b75d67ec7bee4360e83001656f61cc93712b71f669f370c3ac867f8b56420,b68b75d67ec7bee4360e83001656f61cc93712b71f669f370c3ac867f8b56420,copied,0,0
04719bdd216b7aaf,ggg020_jpeg_jpg,valid,train,ggg020_jpeg_jpg.rf.b279f7f89da2f3a2ceb0071accd85355.jpg,ggg020_jpeg_jpg.rf.b279f7f89da2f3a2ceb0071accd85355.jpg,718b788b6cc28655a02016f119cadfca48743d1511522899c15a7671825d73cd,718b788b6cc28655a02016f119cadfca48743d1511522899c15a7671825d73cd,copied,0,2
04930140bc19225d,smoking_0449_jpg,train,train,smoking_0449_jpg.rf.204f33d0fc839798892b5b039237335e.jpg,smoking_0449_jpg.rf.204f33d0fc839798892b5b039237335e.jpg,370066d8468fff0b5391b4533029e6a45d1c8ee5ec41bb3ca5fab68c32321cbd,370066d8468fff0b5391b4533029e6a45d1c8ee5ec41bb3ca5fab68c32321cbd,copied,0,0
04cd0917d09c1432,IMG_4421_jpg,train,train,IMG_4421_jpg.rf.79876fb2d00a5624f55e85c5dfbf1998.jpg,IMG_4421_jpg.rf.79876fb2d00a5624f55e85c5dfbf1998.jpg,e51975da4214ab943d470ff04765d909ad13eae91e73189de4f69572556f29dd,e51975da4214ab943d470ff04765d909ad13eae91e73189de4f69572556f29dd,copied,0,0
04d695f965d957fa,a0015-0-0_jpg,train,train,a0015-0-0_jpg.rf.727624351c25f389929224c1c1cfc0a5.jpg,a0015-0-0_jpg.rf.727624351c25f389929224c1c1cfc0a5.jpg,05a7bc916f1a0193d3aebd2bfe94636c6e2c80b3974ab04c1ca3b0eff4eddb95,05a7bc916f1a0193d3aebd2bfe94636c6e2c80b3974ab04c1ca3b0eff4eddb95,copied,0,2
051a5a5a5a18c35e,gg0045_jpg,train,train,gg0045_jpg.rf.0b25420d343c71485626d7cc817c90d7.jpg,gg0045_jpg.rf.0b25420d343c71485626d7cc817c90d7.jpg,cd3fc848a9feb81cb9e0dbcdfd4200429b99059e2f70f7b3997333adca88100c,cd3fc848a9feb81cb9e0dbcdfd4200429b99059e2f70f7b3997333adca88100c,copied,0,2
0555655835049bc1,1697100043919_JPEG_jpg,train,train,1697100043919_JPEG_jpg.rf.006d8eb894294fa7c410e62082682bd1.jpg,1697100043919_JPEG_jpg.rf.006d8eb894294fa7c410e62082682bd1.jpg,91fa0b9e79d497f6989e6f8522f9f2852e08da495239cd7b9ba80d16f728b653,91fa0b9e79d497f6989e6f8522f9f2852e08da495239cd7b9ba80d16f728b653,copied,0,0
0560023b04ce63da,WIN_20220507_21_29_20_Pro_jpg,train,train,WIN_20220507_21_29_20_Pro_jpg.rf.2d655bb9617b0de116ea36f80f11e2b5.jpg,WIN_20220507_21_29_20_Pro_jpg.rf.2d655bb9617b0de116ea36f80f11e2b5.jpg,d3646676598d4af32e2f75b6f04a1c685e85a71b1e7ac282faea559acdfef88d,d3646676598d4af32e2f75b6f04a1c685e85a71b1e7ac282faea559acdfef88d,copied,0,1
056263d2bb1f750f,smoking_1069_jpg,test,train,smoking_1069_jpg.rf.d0bcbc28992bb0ae31831af548d3f230.jpg,smoking_1069_jpg.rf.d0bcbc28992bb0ae31831af548d3f230.jpg,637b96ebdb7b91b919140444b2e9d05c4a75aba908473d88c2a2e9c8be83d689,637b96ebdb7b91b919140444b2e9d05c4a75aba908473d88c2a2e9c8be83d689,copied,0,0
0591acb90822f5b3,1697100045287_JPEG_jpg,valid,valid,1697100045287_JPEG_jpg.rf.bd16e27e4007136597620d5f8b98b2af.jpg,1697100045287_JPEG_jpg.rf.bd16e27e4007136597620d5f8b98b2af.jpg,cbec8156da735c2b5e3024b22999c43310752d60340e7c9418cfb4e61d9a9183,cbec8156da735c2b5e3024b22999c43310752d60340e7c9418cfb4e61d9a9183,copied,0,0
05f304ef364c8fd1,smoking_0869_jpg,train,train,smoking_0869_jpg.rf.157fbb430793e253589877772d08c039.jpg,smoking_0869_jpg.rf.157fbb430793e253589877772d08c039.jpg,0808cefaaa479463868289f0bf458669fda00327ff3314ed914ecb18dd1972e7,0808cefaaa479463868289f0bf458669fda00327ff3314ed914ecb18dd1972e7,copied,0,0
05f334b184e9c850,c00488_jpg,train,train,c00488_jpg.rf.63904d910971c5e6e82cbe5e0db430ff.jpg,c00488_jpg.rf.63904d910971c5e6e82cbe5e0db430ff.jpg,08a0736e4c657d3d4ea671ae4e55330da588dfbaea50a84c33a44f31e281a476,08a0736e4c657d3d4ea671ae4e55330da588dfbaea50a84c33a44f31e281a476,copied,0,2
063b3d2113335578,smoking_0329_jpg,train,test,smoking_0329_jpg.rf.012a7a8dc2f9a13cbf375d3348385253.jpg,smoking_0329_jpg.rf.012a7a8dc2f9a13cbf375d3348385253.jpg,1a58e8d2b06a868b879f269d37653f6d5134b27d61fbb724feda6a73ec115065,1a58e8d2b06a868b879f269d37653f6d5134b27d61fbb724feda6a73ec115065,copied,0,1
0687d961ee80f9cf,smoking_1091_jpg,valid,train,smoking_1091_jpg.rf.e8ba24fe3f8746c18f2f0c3534991b77.jpg,smoking_1091_jpg.rf.e8ba24fe3f8746c18f2f0c3534991b77.jpg,1b2945939b3ef28c39c338c97976b8580cf1d47e1a98419336afd4657eec5361,1b2945939b3ef28c39c338c97976b8580cf1d47e1a98419336afd4657eec5361,copied,0,0
06960c95a2c87642,smoking_0435_jpg,valid,train,smoking_0435_jpg.rf.b4d05897c6f48ec2044ccbb1fa7f7c86.jpg,smoking_0435_jpg.rf.b4d05897c6f48ec2044ccbb1fa7f7c86.jpg,4b8abd1e6ab0d3fec79d885d10ebb59d628268263d45879349953f9e2964b891,4b8abd1e6ab0d3fec79d885d10ebb59d628268263d45879349953f9e2964b891,copied,0,0
069a8ac485af34be,smoking_0882_jpg,valid,train,smoking_0882_jpg.rf.cd5125b3d3c09f13feef9658f7ec4de6.jpg,smoking_0882_jpg.rf.cd5125b3d3c09f13feef9658f7ec4de6.jpg,1d371a7b471e8a2ad63ff4d64159ae63b4e308e829cc539e9f62a9923cc11cf8,1d371a7b471e8a2ad63ff4d64159ae63b4e308e829cc539e9f62a9923cc11cf8,copied,0,0
06ad5077816ddd72,smoking_0590_jpg,train,train,smoking_0590_jpg.rf.6a38b5eab3ab2e3a006a11d0c5dc95f9.jpg,smoking_0590_jpg.rf.6a38b5eab3ab2e3a006a11d0c5dc95f9.jpg,603a57c7c48bb713db18ab163ecd07ee0e870e3233ba3f9decea1550269b07b0,603a57c7c48bb713db18ab163ecd07ee0e870e3233ba3f9decea1550269b07b0,copied,0,1
06b97c4922602100,c00007_jpg,train,train,c00007_jpg.rf.325cfdde5863a23c1b18d2cc1accd52e.jpg,c00007_jpg.rf.325cfdde5863a23c1b18d2cc1accd52e.jpg,7d39103375c94fad3b999d8aa27cdb4a799acda10008259e5ae708a49764beae,7d39103375c94fad3b999d8aa27cdb4a799acda10008259e5ae708a49764beae,copied,0,2
06dd1f700b6216c2,smoking_0701_jpg,train,train,smoking_0701_jpg.rf.2546376e1aaadab45f0656c8f4014984.jpg,smoking_0701_jpg.rf.2546376e1aaadab45f0656c8f4014984.jpg,19d7715e9dfe22e5f809b13ce4a29e0395406ce65657698513a9de1fddb8b316,19d7715e9dfe22e5f809b13ce4a29e0395406ce65657698513a9de1fddb8b316,copied,0,0
06f81003b34a3e23,smoking_0507_jpg,valid,test,smoking_0507_jpg.rf.d0c65013052bb11dbbd69b816709be42.jpg,smoking_0507_jpg.rf.d0c65013052bb11dbbd69b816709be42.jpg,59311323653ce5b52fdf42975b100712ae917ffe0f424d42223cc3def20b94d6,59311323653ce5b52fdf42975b100712ae917ffe0f424d42223cc3def20b94d6,copied,0,0
072a03aaa28ac5b2,smoking_0721_jpg,train,train,smoking_0721_jpg.rf.14c13be8ac1e9f1223b3a9bd1f66f835.jpg,smoking_0721_jpg.rf.14c13be8ac1e9f1223b3a9bd1f66f835.jpg,c31ed0649e31e8c53749dd091d35fce4f9da45ac539d98e11cf25d5c6bdb5a2a,c31ed0649e31e8c53749dd091d35fce4f9da45ac539d98e11cf25d5c6bdb5a2a,copied,0,0
072bec592a1f34b4,smoking_0837_jpg,test,train,smoking_0837_jpg.rf.32c69b5c1f8c5de18e98a5ef91f86356.jpg,smoking_0837_jpg.rf.32c69b5c1f8c5de18e98a5ef91f86356.jpg,ded1019b652cd88780e9cb2ace749403a969a75dc7a4acdf41ed063b05870721,ded1019b652cd88780e9cb2ace749403a969a75dc7a4acdf41ed063b05870721,copied,0,0
0735a7451749e55a,WIN_20220329_21_29_35_Pro_jpg,test,valid,WIN_20220329_21_29_35_Pro_jpg.rf.6056d0cf1e76815303a2cccacc5784ee.jpg,WIN_20220329_21_29_35_Pro_jpg.rf.6056d0cf1e76815303a2cccacc5784ee.jpg,b196687384624bfae841085f7e5a3f3c27d62f27f780fb52912b211579790fb6,b196687384624bfae841085f7e5a3f3c27d62f27f780fb52912b211579790fb6,copied,0,1
0738638839004ea5,1697100022622_JPEG_jpg,train,train,1697100022622_JPEG_jpg.rf.228193476870a1352e5899f148d397fe.jpg,1697100022622_JPEG_jpg.rf.228193476870a1352e5899f148d397fe.jpg,c95a9348b5067b1c743b6be58e527c8b2f4725c82fb923a535fcf149a6872eea,c95a9348b5067b1c743b6be58e527c8b2f4725c82fb923a535fcf149a6872eea,copied,0,0
075fa4eb898e9fa0,365a58d40a49b72f_jpg,train,train,365a58d40a49b72f_jpg.rf.c392117c735b2bd2bedd73bd235a6c43.jpg,365a58d40a49b72f_jpg.rf.c392117c735b2bd2bedd73bd235a6c43.jpg,5846bd6fbe3a428f5e4b14ca7227acba724df27a85c84cb097f5e847db89cfcb,5846bd6fbe3a428f5e4b14ca7227acba724df27a85c84cb097f5e847db89cfcb,copied,1,
0767096e92f36155,4aa99c4330beca8f_jpg,train,train,4aa99c4330beca8f_jpg.rf.246a5782dc0feeade80281842664e696.jpg,4aa99c4330beca8f_jpg.rf.246a5782dc0feeade80281842664e696.jpg,4770e5b48c0424ca46b9bd9c8c1aa9c2881290de2da992037c2a370a30f5f131,4770e5b48c0424ca46b9bd9c8c1aa9c2881290de2da992037c2a370a30f5f131,copied,1,
076ced5e03a1ccac,bb0185_jpg,train,train,bb0185_jpg.rf.d350c4fae52ccb9505e32764ed2c04a3.jpg,bb0185_jpg.rf.d350c4fae52ccb9505e32764ed2c04a3.jpg,6bd5e0f5746aa88bca465ed6213c59e45ea3d19c818734a5ecbe3ea4a44bca9b,6bd5e0f5746aa88bca465ed6213c59e45ea3d19c818734a5ecbe3ea4a44bca9b,copied,0,2
077f619423881342,1697099984403_JPEG_jpg,train,train,1697099984403_JPEG_jpg.rf.29e3604eaebffc23756a97075083c7a3.jpg,1697099984403_JPEG_jpg.rf.29e3604eaebffc23756a97075083c7a3.jpg,8fb1b53a5a0669a083285b2466bea9663b9d771223a2c41f04bc453cc691fc6b,8fb1b53a5a0669a083285b2466bea9663b9d771223a2c41f04bc453cc691fc6b,copied,0,0
079aafd5936269cc,IMG_4372_jpg,train,train,IMG_4372_jpg.rf.7a12bf881f2478eecdf37cd4016565e0.jpg,IMG_4372_jpg.rf.7a12bf881f2478eecdf37cd4016565e0.jpg,d94c937e9dd7a2bc0222250f7fa9758534e264ee2cb481134c33b82c9fd08af8,d94c937e9dd7a2bc0222250f7fa9758534e264ee2cb481134c33b82c9fd08af8,copied,0,0
07a9e8c27820b9b7,120e8d493a4e876e_jpg,train,train,120e8d493a4e876e_jpg.rf.e9316043f9b09aeac89d785cf5ff338e.jpg,120e8d493a4e876e_jpg.rf.e9316043f9b09aeac89d785cf5ff338e.jpg,ce03c9dc1ba66f3346130c57764959e6a94bd5ce593ac0146500c0793a513ce3,ce03c9dc1ba66f3346130c57764959e6a94bd5ce593ac0146500c0793a513ce3,copied,1,
07bc2e1eeb885de6,2302bc77c44aacea_jpg,train,train,2302bc77c44aacea_jpg.rf.af9e4327237aa951c618e7de78fd9e0e.jpg,2302bc77c44aacea_jpg.rf.af9e4327237aa951c618e7de78fd9e0e.jpg,1d94233b0abf7f564b03ee92ee04a0f9f638febb62133f3e97d06e5a06ed8d1d,1d94233b0abf7f564b03ee92ee04a0f9f638febb62133f3e97d06e5a06ed8d1d,copied,1,
07d6ee414f06301c,smoking_0468_jpg,train,train,smoking_0468_jpg.rf.f632d0536c1b6bf02fba534fda186015.jpg,smoking_0468_jpg.rf.f632d0536c1b6bf02fba534fda186015.jpg,4b213062dc5c4b0aafca908868320b8eebfd940425191957ed60613328ee7310,4b213062dc5c4b0aafca908868320b8eebfd940425191957ed60613328ee7310,copied,0,0
0817847b8ca930cb,gg0070_jpg,train,train,gg0070_jpg.rf.04fffc0e9587211ce72e7835fe76de00.jpg,gg0070_jpg.rf.04fffc0e9587211ce72e7835fe76de00.jpg,b4300d313ab1ae7cc177458820d31a4f42e206fc93543d8a5dacbb32b2964cd0,b4300d313ab1ae7cc177458820d31a4f42e206fc93543d8a5dacbb32b2964cd0,copied,0,2
0866dfe15299b880,images-62-_jpg,train,train,images-62-_jpg.rf.b53253656bfde1ba827e3444f947da55.jpg,images-62-_jpg.rf.b53253656bfde1ba827e3444f947da55.jpg,2112383c9c460f4e63f861e3ccd0de294203b6e782408fb216a03df404f2795b,2112383c9c460f4e63f861e3ccd0de294203b6e782408fb216a03df404f2795b,copied,0,1
086737b48c18d3b7,000184_jpg,train,train,000184_jpg.rf.11a31f11997bc804d0d97e0ba18cd21f.jpg,000184_jpg.rf.11a31f11997bc804d0d97e0ba18cd21f.jpg,e37db08672ad1f1051c8763e91825c96a73eb72627fc72e1c5020689338f8366,e37db08672ad1f1051c8763e91825c96a73eb72627fc72e1c5020689338f8366,copied,0,2
0868e3b6eddb6828,bb0482_jpg,train,valid,bb0482_jpg.rf.21822a12f51f6b20e09951d83f145ee1.jpg,bb0482_jpg.rf.21822a12f51f6b20e09951d83f145ee1.jpg,4c243feb42e80d58ccfd0e7818ea4685999b03a04e0cef11a44e210fbf16b866,4c243feb42e80d58ccfd0e7818ea4685999b03a04e0cef11a44e210fbf16b866,copied,0,2
087960b3c304186d,IMG_4364_jpg,valid,train,IMG_4364_jpg.rf.1ef41ef15f79d1a92aa9365465dab1b3.jpg,IMG_4364_jpg.rf.1ef41ef15f79d1a92aa9365465dab1b3.jpg,1e48defc1f46a2293b96a1024009e279743e60acd9fc42ec3424b75223b3008c,1e48defc1f46a2293b96a1024009e279743e60acd9fc42ec3424b75223b3008c,copied,1,
08994236c2d613d4,ggg105_jpg,valid,train,ggg105_jpg.rf.dc2c1978b7fc9ffb95744928b95a1fb6.jpg,ggg105_jpg.rf.dc2c1978b7fc9ffb95744928b95a1fb6.jpg,f96d8c263f7f462914320594b990c46dcd10e197eafbe4e7b1e999c98878d619,f96d8c263f7f462914320594b990c46dcd10e197eafbe4e7b1e999c98878d619,copied,0,2
089cc1612b5fcbe6,smoking_1107_jpg,train,train,smoking_1107_jpg.rf.d81dca3500430bc649fd0fa45547451a.jpg,smoking_1107_jpg.rf.d81dca3500430bc649fd0fa45547451a.jpg,41c01b372133d5495be49f7ea4c6f68f8d33e5e3fe027a3461992c8db5375ca0,41c01b372133d5495be49f7ea4c6f68f8d33e5e3fe027a3461992c8db5375ca0,copied,0,0
08b061cdf719116a,bb0058_jpg,train,train,bb0058_jpg.rf.358f8200d58671772edd51dea17675fb.jpg,bb0058_jpg.rf.358f8200d58671772edd51dea17675fb.jpg,09dea88794d3f9bb1f33fea710e7311dfb09edd1dd1a7be93d5e202d28bf683f,09dea88794d3f9bb1f33fea710e7311dfb09edd1dd1a7be93d5e202d28bf683f,copied,0,2
08ca11313c286d87,c00012_jpg,train,train,c00012_jpg.rf.0b8ed5600ba28b1d172af10fe75b4b1c.jpg,c00012_jpg.rf.0b8ed5600ba28b1d172af10fe75b4b1c.jpg,a97ea374494252b7c3967302cc3df854cf2b7a5545b0e9b80fb0a1264a04c89b,a97ea374494252b7c3967302cc3df854cf2b7a5545b0e9b80fb0a1264a04c89b,copied,0,2
08fb729006f163f5,smoking_0283_jpg,valid,train,smoking_0283_jpg.rf.1a305d1da9e868c4271e767300076058.jpg,smoking_0283_jpg.rf.1a305d1da9e868c4271e767300076058.jpg,c94bc0bbb5928fd2b7a1eb3fe1e28e37a906733bfa9ffb4871d5c3bb2f8c269d,c94bc0bbb5928fd2b7a1eb3fe1e28e37a906733bfa9ffb4871d5c3bb2f8c269d,copied,0,0
08fcdab977cd15c8,bb0004_jpg,train,train,bb0004_jpg.rf.05eb67da241e1616905d84f43ca31c31.jpg,bb0004_jpg.rf.05eb67da241e1616905d84f43ca31c31.jpg,76b0611c0249047e1a7ac4647991a5fb9f18c7b80a8a2cb1424e7190bf74ecf8,76b0611c0249047e1a7ac4647991a5fb9f18c7b80a8a2cb1424e7190bf74ecf8,copied,0,2
092bb44d3a1890f8,bb0374_jpg,train,train,bb0374_jpg.rf.12505c8b60366f8bec54e761ef17e36e.jpg,bb0374_jpg.rf.12505c8b60366f8bec54e761ef17e36e.jpg,81811a6a362f0ac2bc384ce5032ea1112b26b558deadd57a7640737b22703806,81811a6a362f0ac2bc384ce5032ea1112b26b558deadd57a7640737b22703806,copied,0,2
094c848163bb780e,smoking_0340_jpg,train,train,smoking_0340_jpg.rf.1c463309718fc4dc68b2c222d05ec554.jpg,smoking_0340_jpg.rf.1c463309718fc4dc68b2c222d05ec554.jpg,d31fe92b2306fdbd35c67d059281c100e06360b8676e2cbba44c691579c30c37,d31fe92b2306fdbd35c67d059281c100e06360b8676e2cbba44c691579c30c37,copied,0,0
098825f93c80f1f9,smoking_0693_jpg,test,train,smoking_0693_jpg.rf.84525d094b4f530ab0e8a5333a2be7d0.jpg,smoking_0693_jpg.rf.84525d094b4f530ab0e8a5333a2be7d0.jpg,8962681719be200294038d653fb80dfcf29ee5871a21eb0e27257faeca20d1c4,8962681719be200294038d653fb80dfcf29ee5871a21eb0e27257faeca20d1c4,copied,0,0
09a33879dbf8a157,000250_jpg,train,train,000250_jpg.rf.1f231a6e7035e00f466e1407ed6fdbfa.jpg,000250_jpg.rf.1f231a6e7035e00f466e1407ed6fdbfa.jpg,d3d9c12110afd486ca6effbf7f541d5e717969f32dc45f77e65715aeecc40cb2,d3d9c12110afd486ca6effbf7f541d5e717969f32dc45f77e65715aeecc40cb2,copied,0,2
09a54b3ae8603368,images-64-_jpg,train,train,images-64-_jpg.rf.4ae6667d1c942e7e620d10838c2080d4.jpg,images-64-_jpg.rf.4ae6667d1c942e7e620d10838c2080d4.jpg,1eb538be323d20ff3b0d2aa716573a847b069ca5679c75ceb7d96f21c9aef4a2,1eb538be323d20ff3b0d2aa716573a847b069ca5679c75ceb7d96f21c9aef4a2,copied,0,1
09fb5f3f4fff6d6f,7f04385235b23b7afa37c9c68f109bb3_jpg,train,train,7f04385235b23b7afa37c9c68f109bb3_jpg.rf.58cbd76ab49ef89e957d3a01a10c1961.jpg,7f04385235b23b7afa37c9c68f109bb3_jpg.rf.58cbd76ab49ef89e957d3a01a10c1961.jpg,e79220a122fb655595c432ed8e22dcaf6d5fd4e95be6787c5c8998ef431bf0c7,e79220a122fb655595c432ed8e22dcaf6d5fd4e95be6787c5c8998ef431bf0c7,copied,0,0
0a086357521d30ce,bb0015_jpg,valid,valid,bb0015_jpg.rf.bb0b18eadcf71bc6a12ec8723affe2e1.jpg,bb0015_jpg.rf.bb0b18eadcf71bc6a12ec8723affe2e1.jpg,92538d68130dcb61adfeb35605f7bbbcaf4d3583c3d5375098478f47d2b7bd25,92538d68130dcb61adfeb35605f7bbbcaf4d3583c3d5375098478f47d2b7bd25,copied,0,2
0a40e69b62abe50d,000763_jpg,train,train,000763_jpg.rf.2d64112e0ab528ba50ce76781abdf096.jpg,000763_jpg.rf.2d64112e0ab528ba50ce76781abdf096.jpg,2d4bb271a53d525cf73f52cf2127f3922128fd09c9b0c77a536f7fd4fc7a0485,2d4bb271a53d525cf73f52cf2127f3922128fd09c9b0c77a536f7fd4fc7a0485,copied,0,2
0a414e3da6768b2a,smoking_0550_jpg,train,train,smoking_0550_jpg.rf.5d658edaf493c6a2102eb8b87bab0607.jpg,smoking_0550_jpg.rf.5d658edaf493c6a2102eb8b87bab0607.jpg,604c8d1cd1540d6952624273534429f45ddaa786a782adbbd0517218470e40d7,604c8d1cd1540d6952624273534429f45ddaa786a782adbbd0517218470e40d7,copied,0,0
0a7ec5c80c631072,IMG_4469_jpg,train,train,IMG_4469_jpg.rf.599f28dd1c219edc2e81364ba800cb52.jpg,IMG_4469_jpg.rf.599f28dd1c219edc2e81364ba800cb52.jpg,a694d8db8253a9fcfa59bfae5800391d36b45c8129a7833e8056c257a9e602dd,a694d8db8253a9fcfa59bfae5800391d36b45c8129a7833e8056c257a9e602dd,copied,0,0|1
0a9932ad4633ef3c,000687_png_jpg,train,train,000687_png_jpg.rf.0b99655ecf3deb2ccdde4257c15a8428.jpg,000687_png_jpg.rf.0b99655ecf3deb2ccdde4257c15a8428.jpg,6bd516eb468ba32329d68c47f490cca28e34edbd5e3f025807edc21f90b4ddfb,6bd516eb468ba32329d68c47f490cca28e34edbd5e3f025807edc21f90b4ddfb,copied,0,2
0aa9452d269888eb,04874e5a4bcbb15d_jpg,train,test,04874e5a4bcbb15d_jpg.rf.4872da2422505c45904bc604cdb89e76.jpg,04874e5a4bcbb15d_jpg.rf.4872da2422505c45904bc604cdb89e76.jpg,b137a8b199c7df0879a85a85d9061b882c648b367a2e4c4501a671e81f6d0cbc,b137a8b199c7df0879a85a85d9061b882c648b367a2e4c4501a671e81f6d0cbc,copied,1,
0ab50db671a3d722,4515a643022f792c_jpg,train,train,4515a643022f792c_jpg.rf.7efe38e8bf65a990b525b598c84ba385.jpg,4515a643022f792c_jpg.rf.7efe38e8bf65a990b525b598c84ba385.jpg,9b44c131a46394d835ab0746cc0c8aede2090aa549ccfe830ad0518effa405f2,9b44c131a46394d835ab0746cc0c8aede2090aa549ccfe830ad0518effa405f2,copied,1,
0ad523fc281323dc,smoking_0113_jpg,valid,train,smoking_0113_jpg.rf.6b8ae4d50e00e88d8f5c3fb1190daabb.jpg,smoking_0113_jpg.rf.6b8ae4d50e00e88d8f5c3fb1190daabb.jpg,54d88668e64d98f8a85a4b8f156ead44dfc64ef0b7588867cee7157c25301267,54d88668e64d98f8a85a4b8f156ead44dfc64ef0b7588867cee7157c25301267,copied,0,0
0adee4e7e0da37f2,smoking_0391_jpg,train,train,smoking_0391_jpg.rf.bc1301fe8af2eb533c5daaec16d57dbf.jpg,smoking_0391_jpg.rf.bc1301fe8af2eb533c5daaec16d57dbf.jpg,bd54f633fe09748678c2e32bf27005e51075ac1124955290726ce01330753753,bd54f633fe09748678c2e32bf27005e51075ac1124955290726ce01330753753,copied,0,0
0b08c1eefe9db274,smoking_0132_jpg,train,train,smoking_0132_jpg.rf.cc47ed9f580314b8f19fcdc53f91cab6.jpg,smoking_0132_jpg.rf.cc47ed9f580314b8f19fcdc53f91cab6.jpg,f0a25b234df713dfdda901353a860d6e1abe9a3d4f2eaef917720e0ef4e44815,f0a25b234df713dfdda901353a860d6e1abe9a3d4f2eaef917720e0ef4e44815,copied,0,0
0b30f8f2b6b19d42,000173_jpg,train,train,000173_jpg.rf.5f4f7962caf76955460ecedfd59da215.jpg,000173_jpg.rf.5f4f7962caf76955460ecedfd59da215.jpg,6e3f65cc5b9c5127949cb551f1c22deb841543a2f9eaededc7cffaee3102d630,6e3f65cc5b9c5127949cb551f1c22deb841543a2f9eaededc7cffaee3102d630,copied,0,2
0b61198e360aaf17,IMG_4502_jpg,train,test,IMG_4502_jpg.rf.7ec1dd6417c2e207e8bcfb8c005efc72.jpg,IMG_4502_jpg.rf.7ec1dd6417c2e207e8bcfb8c005efc72.jpg,9f267585a42caa3b42c003823d838e143d8475bd507aa9c388c3a795b3a79ecf,9f267585a42caa3b42c003823d838e143d8475bd507aa9c388c3a795b3a79ecf,copied,1,
0b62254a85191ad6,smoking_0946_jpg,train,train,smoking_0946_jpg.rf.f02a6b79eb3921e9e867b84f29625f28.jpg,smoking_0946_jpg.rf.f02a6b79eb3921e9e867b84f29625f28.jpg,db18f7196d0333522d9640df10a9c6b2a065095c450132b9aef106b8180b0f45,db18f7196d0333522d9640df10a9c6b2a065095c450132b9aef106b8180b0f45,copied,0,1
0b7e919abe488e7f,IMG_4499_jpg,valid,train,IMG_4499_jpg.rf.c5e9dcd2a87087574ac122ba1b9358bd.jpg,IMG_4499_jpg.rf.c5e9dcd2a87087574ac122ba1b9358bd.jpg,cf3e1de790bd2067dce5e3c61ccbebcdd0f62b8093928aee56d7e70c1c78964b,cf3e1de790bd2067dce5e3c61ccbebcdd0f62b8093928aee56d7e70c1c78964b,copied,0,0|1
0b7f0249942f68d7,WIN_20220507_21_29_19_Pro_jpg,valid,train,WIN_20220507_21_29_19_Pro_jpg.rf.b9e50b06fb8bb5a6a6d70c3b5bc382dd.jpg,WIN_20220507_21_29_19_Pro_jpg.rf.b9e50b06fb8bb5a6a6d70c3b5bc382dd.jpg,76a3367f26f8da5568d051c2b328e120913e40babf3d5bbb5be9200d80d81169,76a3367f26f8da5568d051c2b328e120913e40babf3d5bbb5be9200d80d81169,copied,0,1
0bbaeceb3ad83f4f,c00383_jpg,train,train,c00383_jpg.rf.04b3efb3cdf9868524e8e405d8d00d51.jpg,c00383_jpg.rf.04b3efb3cdf9868524e8e405d8d00d51.jpg,3a1baa2f52fa4560309dc7a64f575bc3156ee9dff7025bed8b6d4055b1aafba6,3a1baa2f52fa4560309dc7a64f575bc3156ee9dff7025bed8b6d4055b1aafba6,copied,0,2
0bcde31cc502674c,smoking_0960_jpg,train,train,smoking_0960_jpg.rf.0d3884dc09079e8b8d167dbd4effe36a.jpg,smoking_0960_jpg.rf.0d3884dc09079e8b8d167dbd4effe36a.jpg,866208b19aab09bba7521a7cdbbc0cc502547efe8e302ea0f6e23e45a4ae5ca3,866208b19aab09bba7521a7cdbbc0cc502547efe8e302ea0f6e23e45a4ae5ca3,copied,0,0
0c909645246dbbeb,smoking_0251_jpg,train,valid,smoking_0251_jpg.rf.987d84a3a11720c8d1f047105a853705.jpg,smoking_0251_jpg.rf.987d84a3a11720c8d1f047105a853705.jpg,976e2528e7ff6a34bf05d7d4d88d1984a511ba9dc82dce7b60fb07cd1d3d15e0,976e2528e7ff6a34bf05d7d4d88d1984a511ba9dc82dce7b60fb07cd1d3d15e0,copied,0,0
0cf37f7a7d5206eb,51834b945d2d5946_jpg,train,train,51834b945d2d5946_jpg.rf.9ad00c6b4341e478c686ce6588ee541c.jpg,51834b945d2d5946_jpg.rf.9ad00c6b4341e478c686ce6588ee541c.jpg,212b3337fb047aeb449294c25a72988b8cc762275f46bf773860b3f9a06f7b92,212b3337fb047aeb449294c25a72988b8cc762275f46bf773860b3f9a06f7b92,copied,1,
0d20af96f4c0a3d6,0491eaba4cf4a9ea_jpg,valid,train,0491eaba4cf4a9ea_jpg.rf.62bc8894676b680c6a804ae1678b4a9b.jpg,0491eaba4cf4a9ea_jpg.rf.62bc8894676b680c6a804ae1678b4a9b.jpg,94c78d55319275ba9f59befd3b9a1537cf708f78cebcdec1018592c55293d4bf,94c78d55319275ba9f59befd3b9a1537cf708f78cebcdec1018592c55293d4bf,copied,1,
0d3f53647d37958e,smoking_0410_jpg,train,train,smoking_0410_jpg.rf.4d74adc80ab1050e5c51d41618970665.jpg,smoking_0410_jpg.rf.4d74adc80ab1050e5c51d41618970665.jpg,e64974c9c873857ae89c2cb4dfcce0aa32197cc592d36c56f83bdc3bcef49de3,e64974c9c873857ae89c2cb4dfcce0aa32197cc592d36c56f83bdc3bcef49de3,copied,0,0
0d6ba0dda36af25e,smoking_0267_jpg,train,train,smoking_0267_jpg.rf.629614862da040b663e6ce7b091744a1.jpg,smoking_0267_jpg.rf.629614862da040b663e6ce7b091744a1.jpg,eada89e68eb2c4c47916b7457b703011a45197270efc3e8f697437455e700708,eada89e68eb2c4c47916b7457b703011a45197270efc3e8f697437455e700708,copied,0,0
0dc2cb949bc7ab1b,IMG_4376_jpg,train,train,IMG_4376_jpg.rf.8664a2b066f8565eaa4924bd441e6a11.jpg,IMG_4376_jpg.rf.8664a2b066f8565eaa4924bd441e6a11.jpg,d80f051ed4b7b5a5275fc8ec3d6ce7444538c2130cea6d2d48b9a29ce28e857d,d80f051ed4b7b5a5275fc8ec3d6ce7444538c2130cea6d2d48b9a29ce28e857d,copied,0,0
0e185772491667b7,smoking_1095_jpg,train,train,smoking_1095_jpg.rf.1748c6586f91f5d30e6f2934805c049a.jpg,smoking_1095_jpg.rf.1748c6586f91f5d30e6f2934805c049a.jpg,68203912808db640d9dd936c3c9c3de5e28bc00d3ef0bfca7ed6c9f8f46fbb42,68203912808db640d9dd936c3c9c3de5e28bc00d3ef0bfca7ed6c9f8f46fbb42,copied,0,0
0e239d909507cb87,a0003-0-0_jpg,valid,valid,a0003-0-0_jpg.rf.e321ab3671f3576079a75af3e84dc837.jpg,a0003-0-0_jpg.rf.e321ab3671f3576079a75af3e84dc837.jpg,ba2e5bfdf718d6618da847f0081325e774b69518923ab750bbf3d698f0ab4392,ba2e5bfdf718d6618da847f0081325e774b69518923ab750bbf3d698f0ab4392,copied,0,2
0e42b4c78b84c855,48f4fd3b990359b8_jpg,train,train,48f4fd3b990359b8_jpg.rf.23ad792a2052b468947f9b70fb60039a.jpg,48f4fd3b990359b8_jpg.rf.23ad792a2052b468947f9b70fb60039a.jpg,2bf83dbccbb0344e82d0e1adc8f3c8dd6c7ecd3d57cde5fc103c3afe5271ab2d,2bf83dbccbb0344e82d0e1adc8f3c8dd6c7ecd3d57cde5fc103c3afe5271ab2d,copied,1,
0e4907bdf13362ab,000016_jpg,train,train,000016_jpg.rf.07c1762969c1f2b3fedd8d98f612dc02.jpg,000016_jpg.rf.07c1762969c1f2b3fedd8d98f612dc02.jpg,a0ef819e1bf9a99aee2309b2b85d50bd4b5672d7287348b59940b508cbf27b18,a0ef819e1bf9a99aee2309b2b85d50bd4b5672d7287348b59940b508cbf27b18,copied,0,2
0e67e5fc2e86bad1,smoking_0264_jpg,train,train,smoking_0264_jpg.rf.03954f2483869dd0bd78d871cdb4a23f.jpg,smoking_0264_jpg.rf.03954f2483869dd0bd78d871cdb4a23f.jpg,2c2f3414fb3d69d5772ed93a5effeba55cc30c2ba524b410d62d5e4b90b5754a,2c2f3414fb3d69d5772ed93a5effeba55cc30c2ba524b410d62d5e4b90b5754a,copied,0,0
0eb1060e60e08d5e,smoking_0290_jpg,valid,train,smoking_0290_jpg.rf.abb963d7aa5ef3739fc0f1d1ce2e0e10.jpg,smoking_0290_jpg.rf.abb963d7aa5ef3739fc0f1d1ce2e0e10.jpg,ab14c25a78cce966705cf2185327bc5e369f8c80e77920386fca81eb6f0dcefe,ab14c25a78cce966705cf2185327bc5e369f8c80e77920386fca81eb6f0dcefe,copied,0,0
0eccc0a329f26888,smoking_0051_jpg,train,train,smoking_0051_jpg.rf.757aba3f8edcf9dfd3a1281d6c412656.jpg,smoking_0051_jpg.rf.757aba3f8edcf9dfd3a1281d6c412656.jpg,49fe206597cb81f4a14467420c68447dbb2f2c9d81e79578c80dc53d5cf82143,49fe206597cb81f4a14467420c68447dbb2f2c9d81e79578c80dc53d5cf82143,copied,0,0
0f0cbdc9d2e29604,smoking_0896_jpg,train,test,smoking_0896_jpg.rf.14c174a253974523b2d4e8fe8691d4ac.jpg,smoking_0896_jpg.rf.14c174a253974523b2d4e8fe8691d4ac.jpg,1f5fd70494146d85d7865c2bd01a01eb3796ca5b023d90e03375d4ba454c0df5,1f5fd70494146d85d7865c2bd01a01eb3796ca5b023d90e03375d4ba454c0df5,copied,0,0
0f51f23777b09171,1765c8ac89a8d07a_jpg,train,valid,1765c8ac89a8d07a_jpg.rf.38a88d2b9e2cc7b26966d1d6bc70dda8.jpg,1765c8ac89a8d07a_jpg.rf.38a88d2b9e2cc7b26966d1d6bc70dda8.jpg,cb7922989f8837f631193dd34177b2064a5aa43c0ddfec1ea642fe903b92a32b,cb7922989f8837f631193dd34177b2064a5aa43c0ddfec1ea642fe903b92a32b,copied,1,
0f7531de3c13e90d,smoking_0350_jpg,train,train,smoking_0350_jpg.rf.9c07549e39056339eb774abdf7b08406.jpg,smoking_0350_jpg.rf.9c07549e39056339eb774abdf7b08406.jpg,2c62d456dae7cbeba98e6284d2be1c9e7a412bf68200ab240615d97206c56ae2,2c62d456dae7cbeba98e6284d2be1c9e7a412bf68200ab240615d97206c56ae2,copied,0,1
0f8982cc6a8bc402,smoking_0925_jpg,train,train,smoking_0925_jpg.rf.39a37ba0043cbee3ff62d605865873ba.jpg,smoking_0925_jpg.rf.39a37ba0043cbee3ff62d605865873ba.jpg,ff9e79180e0dc012efd94fe3df0468d98be833d2469ae7e1ef1c0b85fe2c9719,ff9e79180e0dc012efd94fe3df0468d98be833d2469ae7e1ef1c0b85fe2c9719,copied,0,0
0f962ed56b588dc6,1697099879069_JPEG_jpg,train,train,1697099879069_JPEG_jpg.rf.45e80f2d8e5c2cf370a5ca9dc6dc3033.jpg,1697099879069_JPEG_jpg.rf.45e80f2d8e5c2cf370a5ca9dc6dc3033.jpg,308df6a110559375daa9b8be3faceecde3b60880d329b379ab9e27f790c7cc75,308df6a110559375daa9b8be3faceecde3b60880d329b379ab9e27f790c7cc75,copied,0,0
0f9cb2c7b166880e,c00158_jpeg_jpg,train,train,c00158_jpeg_jpg.rf.038a4e09a4d0f5c056b694a06e3cdd6b.jpg,c00158_jpeg_jpg.rf.038a4e09a4d0f5c056b694a06e3cdd6b.jpg,5b9e6b54b67c5664a96ed7d7df87769d9027cceb130fb999f0a24295759cf648,5b9e6b54b67c5664a96ed7d7df87769d9027cceb130fb999f0a24295759cf648,copied,0,2
0fa2c37ab1015563,ggg082_jpg,valid,train,ggg082_jpg.rf.fc0d05a6b6e2e04278de630882b0c71a.jpg,ggg082_jpg.rf.fc0d05a6b6e2e04278de630882b0c71a.jpg,60ae622bc585789fedb708cb5931282245b219fe9486f3cbc2128eaf02fdc014,60ae622bc585789fedb708cb5931282245b219fe9486f3cbc2128eaf02fdc014,copied,0,2
0fd827381b04af1b,smoking_1020_jpg,train,valid,smoking_1020_jpg.rf.db66546dc685bc636b062dde21865b5b.jpg,smoking_1020_jpg.rf.db66546dc685bc636b062dde21865b5b.jpg,f22486cae16d9420ea34fcf653879da9b8089130a4308ade3eddef3f356e4db5,f22486cae16d9420ea34fcf653879da9b8089130a4308ade3eddef3f356e4db5,copied,0,0
0fdd1108c9087537,smoking_0462_jpg,valid,train,smoking_0462_jpg.rf.1f0c2b40e9b8d1e4c368edc2cde2e37a.jpg,smoking_0462_jpg.rf.1f0c2b40e9b8d1e4c368edc2cde2e37a.jpg,594034dc936b0325877f53dbfcc4b8540aab79afff9ba3d390e6253710cc9335,594034dc936b0325877f53dbfcc4b8540aab79afff9ba3d390e6253710cc9335,copied,0,0
0feceaeb45de74f6,smoking_1064_jpg,train,train,smoking_1064_jpg.rf.cc191b8390a16fe4ef62c1810ce264c1.jpg,smoking_1064_jpg.rf.cc191b8390a16fe4ef62c1810ce264c1.jpg,f2445fcd069fd1b857b59e9c39bd6f60e59a50b51d821e7b199405cbea77c088,f2445fcd069fd1b857b59e9c39bd6f60e59a50b51d821e7b199405cbea77c088,copied,0,0
0ffc7fe816cfb60c,c00317_jpg,train,train,c00317_jpg.rf.2a1a0c8b13ba7a2a268f8f3a1750cb5f.jpg,c00317_jpg.rf.2a1a0c8b13ba7a2a268f8f3a1750cb5f.jpg,7025914dde8e9dacaca28876e23d0c953351a281870c12b2b9f8f680192e7f5f,7025914dde8e9dacaca28876e23d0c953351a281870c12b2b9f8f680192e7f5f,copied,0,2
1023feb602605eaa,smoking_0195_jpg,test,train,smoking_0195_jpg.rf.229523b7b5dfe1eea16dc3ebe3858833.jpg,smoking_0195_jpg.rf.229523b7b5dfe1eea16dc3ebe3858833.jpg,5af4517cf3d34fea3cfe248f5876ef5e210d57bb6d2dda9a09f60b17393504cf,5af4517cf3d34fea3cfe248f5876ef5e210d57bb6d2dda9a09f60b17393504cf,copied,0,0
10278d3eda56d2e5,IMG_5714_JPG,train,train,IMG_5714_JPG.rf.17c194196499611c04aea9cd371277af.jpg,IMG_5714_JPG.rf.17c194196499611c04aea9cd371277af.jpg,d36d244eaea785f5806e7d715b7515f6abf21f98efd0e80984aac0cb2a04e0cb,d36d244eaea785f5806e7d715b7515f6abf21f98efd0e80984aac0cb2a04e0cb,copied,0,1
105a66d1811d5c3f,000203_jpeg_jpg,train,train,000203_jpeg_jpg.rf.04fdaad24317b9c9b99b178bd2786297.jpg,000203_jpeg_jpg.rf.04fdaad24317b9c9b99b178bd2786297.jpg,bbbff89173a7f1a0b6823a1f70fcdf0bdc9e17d8e99ec9d3daf728b3330de6b1,bbbff89173a7f1a0b6823a1f70fcdf0bdc9e17d8e99ec9d3daf728b3330de6b1,copied,0,2
105f03231462b7e6,smoking_1037_jpg,valid,train,smoking_1037_jpg.rf.1121bc19f4306cfec572f5d5aeb2ab55.jpg,smoking_1037_jpg.rf.1121bc19f4306cfec572f5d5aeb2ab55.jpg,723577993fca1a14d0eff8285958fcd9eebde80d993ebd7edd92e15834746cc6,723577993fca1a14d0eff8285958fcd9eebde80d993ebd7edd92e15834746cc6,copied,0,0
106374ccdecea109,smoking_0786_jpg,train,train,smoking_0786_jpg.rf.dde4507a3fbb13d1975b2fa3edb2d85c.jpg,smoking_0786_jpg.rf.dde4507a3fbb13d1975b2fa3edb2d85c.jpg,ffa3aac15953e5312dcbbafbeca4f7c022c95f1e972aec7b42641188e2dcaf17,ffa3aac15953e5312dcbbafbeca4f7c022c95f1e972aec7b42641188e2dcaf17,copied,0,0
1085570c286de86e,2f2a4a3b718bd4de_jpg,train,train,2f2a4a3b718bd4de_jpg.rf.4c6b3e09d802a60a8e796b09f51bed42.jpg,2f2a4a3b718bd4de_jpg.rf.4c6b3e09d802a60a8e796b09f51bed42.jpg,dfcdbdbf0585f7ec47b9812f525f7a211096ac813753e7fd4d4812f44118f4b7,dfcdbdbf0585f7ec47b9812f525f7a211096ac813753e7fd4d4812f44118f4b7,copied,1,
108ee7c1e9930c21,smoking_0456_jpg,train,train,smoking_0456_jpg.rf.d86a618961f5795e7f4704550471bec5.jpg,smoking_0456_jpg.rf.d86a618961f5795e7f4704550471bec5.jpg,b3cfdcd36c81ef9d04abd3a1fdc534e46537353a66238f9e7c0528ca1eb4e489,b3cfdcd36c81ef9d04abd3a1fdc534e46537353a66238f9e7c0528ca1eb4e489,copied,0,0
10ac1c6592f59bf8,smoking_0361_jpg,train,train,smoking_0361_jpg.rf.ffd6cfc33a2d00c403b6980cd9b2a9b0.jpg,smoking_0361_jpg.rf.ffd6cfc33a2d00c403b6980cd9b2a9b0.jpg,11a47e631d423da8dc4ad5f649a95526be90f41bf02802912c6660c7ebd8e0e3,11a47e631d423da8dc4ad5f649a95526be90f41bf02802912c6660c7ebd8e0e3,copied,0,0
10b2a62e23f60a3a,c00243_jpg,train,train,c00243_jpg.rf.0928f3d88d9bfbe59588a1ef40b9b15b.jpg,c00243_jpg.rf.0928f3d88d9bfbe59588a1ef40b9b15b.jpg,3364412fb54d3f32eae6744b4d9fa629cc4396e97ee1b1b5da10d190c83393f5,3364412fb54d3f32eae6744b4d9fa629cc4396e97ee1b1b5da10d190c83393f5,copied,0,2
10c20f7f2bf4e6a9,smoking_0105_jpg,test,valid,smoking_0105_jpg.rf.edb09f66f4b8fda0e80c6e1e7bd56d9c.jpg,smoking_0105_jpg.rf.edb09f66f4b8fda0e80c6e1e7bd56d9c.jpg,4f52a28fa3c7b9113edfe48e44bfbdae96c9dcc55e07d3141b5a40cacf0cca08,4f52a28fa3c7b9113edfe48e44bfbdae96c9dcc55e07d3141b5a40cacf0cca08,copied,0,0
10cf1eac260ac321,03995f5a46da13cf_jpg,train,train,03995f5a46da13cf_jpg.rf.96c4ba042ffd9ed2eed50d965e892e29.jpg,03995f5a46da13cf_jpg.rf.96c4ba042ffd9ed2eed50d965e892e29.jpg,fce666567a1f10f30b43d99dc8ebb6b0fd681e2f24a8485f5a3610671a80332c,fce666567a1f10f30b43d99dc8ebb6b0fd681e2f24a8485f5a3610671a80332c,copied,1,
110af7d1a0dab443,gg0101_jpg,train,train,gg0101_jpg.rf.3c22e6d57d5ab4ced1b99b85ffd69390.jpg,gg0101_jpg.rf.3c22e6d57d5ab4ced1b99b85ffd69390.jpg,780f61d6746874a8abff1a01aec79a13b6abc24a4b1588d1d89fcee0978ec8cd,780f61d6746874a8abff1a01aec79a13b6abc24a4b1588d1d89fcee0978ec8cd,copied,0,2
1135f367af51b074,images-71-_jpg,train,train,images-71-_jpg.rf.58e458bd89beb7fce2c6a29f4b14fdd9.jpg,images-71-_jpg.rf.58e458bd89beb7fce2c6a29f4b14fdd9.jpg,0dddbb36cf02b2c6bc6f06e6cba0639433addd96a0eaf93ae48fcff7f18c2547,0dddbb36cf02b2c6bc6f06e6cba0639433addd96a0eaf93ae48fcff7f18c2547,copied,0,1
119fa7676334fd8b,smoking_0532_jpg,train,test,smoking_0532_jpg.rf.a86c22f26656690a431d2e04ffbfe419.jpg,smoking_0532_jpg.rf.a86c22f26656690a431d2e04ffbfe419.jpg,cc4e0e59c1c44e4b270a4b342c6aaa857e81d8e179462eaa21cd17eefa46865e,cc4e0e59c1c44e4b270a4b342c6aaa857e81d8e179462eaa21cd17eefa46865e,copied,0,0
11a286213ad9ba0c,171026c6cd8c89b7_jpg,train,train,171026c6cd8c89b7_jpg.rf.fe9d3c00cd94e2827d4afa3c864a3abe.jpg,171026c6cd8c89b7_jpg.rf.fe9d3c00cd94e2827d4afa3c864a3abe.jpg,a03dfe8084103df0cca4047288595d727a4d2f147945e8b956fb56e7b2c7afe4,a03dfe8084103df0cca4047288595d727a4d2f147945e8b956fb56e7b2c7afe4,copied,1,
11ccf842ba58c8c0,ggg030_jpg,train,train,ggg030_jpg.rf.32ba1e63ee50c775ddb2eaaacc103f91.jpg,ggg030_jpg.rf.32ba1e63ee50c775ddb2eaaacc103f91.jpg,f01e053e12cc070035030084f37164bcdefd771917bf43f775543414609273bf,f01e053e12cc070035030084f37164bcdefd771917bf43f775543414609273bf,copied,0,2
11dcdf7ff147fc5b,WIN_20220507_21_29_04_Pro_jpg,train,train,WIN_20220507_21_29_04_Pro_jpg.rf.10b994fe1cef18b491c821370bce875a.jpg,WIN_20220507_21_29_04_Pro_jpg.rf.10b994fe1cef18b491c821370bce875a.jpg,82cb435d67cdb74e17e2fc81dc66cef4dc48260192cffc8756e122522893760d,82cb435d67cdb74e17e2fc81dc66cef4dc48260192cffc8756e122522893760d,copied,0,1
125d9c713b3a19b8,smoking_0530_jpg,test,train,smoking_0530_jpg.rf.7255a684ef9b13c874531f1075c8a964.jpg,smoking_0530_jpg.rf.7255a684ef9b13c874531f1075c8a964.jpg,210697337f224582e2b296926e5ffae0fb69fe7058b9186eb0d1685e39a4f386,210697337f224582e2b296926e5ffae0fb69fe7058b9186eb0d1685e39a4f386,copied,0,0
127639ab286869a1,images-15-_jpg,train,train,images-15-_jpg.rf.1de3bba62dfa7f68666f68cfeff5ec9f.jpg,images-15-_jpg.rf.1de3bba62dfa7f68666f68cfeff5ec9f.jpg,4804062c028de7777a62efce8706c9114c35c46c2317ec067963a6931d1256f5,4804062c028de7777a62efce8706c9114c35c46c2317ec067963a6931d1256f5,copied,0,1
12c9f978ab6c5507,images-11-_jpeg_jpg,train,train,images-11-_jpeg_jpg.rf.cca0db4117acbf33bce888320d23656b.jpg,images-11-_jpeg_jpg.rf.cca0db4117acbf33bce888320d23656b.jpg,77ab7fd71dec8a28760d9fafbd79ca310a1555268f7ca61918970817def40d06,77ab7fd71dec8a28760d9fafbd79ca310a1555268f7ca61918970817def40d06,copied,0,1
12e972afa2ecefe3,smoking_0728_jpg,valid,train,smoking_0728_jpg.rf.16b402e81fa74c0e1e422b4559fd864e.jpg,smoking_0728_jpg.rf.16b402e81fa74c0e1e422b4559fd864e.jpg,46ce4a0307d27e61b010571d4dfdb16ff74fec65f337db8ffab548031de8ad6f,46ce4a0307d27e61b010571d4dfdb16ff74fec65f337db8ffab548031de8ad6f,copied,0,0
12eec3c279a29ed7,images-67-_jpg,train,train,images-67-_jpg.rf.09dbe19be8543a50ddfda1eda96a21e3.jpg,images-67-_jpg.rf.09dbe19be8543a50ddfda1eda96a21e3.jpg,6a497f3bc11e23b954e9443ea5ea16b71d5dfad09a6b017e2ef3d7f096d55d26,6a497f3bc11e23b954e9443ea5ea16b71d5dfad09a6b017e2ef3d7f096d55d26,copied,0,1
12fbf80f80058887,000600_jpg,valid,valid,000600_jpg.rf.e25c0752ede5e7789d44228124a723d9.jpg,000600_jpg.rf.e25c0752ede5e7789d44228124a723d9.jpg,c258e873e0a3b96a62bddc917ad60efe2cec6313d56d5b67214a83379a126165,c258e873e0a3b96a62bddc917ad60efe2cec6313d56d5b67214a83379a126165,copied,0,2
132236b4c844bf7d,indir-17-_jpg,valid,valid,indir-17-_jpg.rf.bfb995155b0b40cf722dbe8fe2dc1812.jpg,indir-17-_jpg.rf.bfb995155b0b40cf722dbe8fe2dc1812.jpg,b9ed7ec83106b4e9705545469e421232d9f8a58d49a7c41326990ddd1de8b0cd,b9ed7ec83106b4e9705545469e421232d9f8a58d49a7c41326990ddd1de8b0cd,copied,0,1
132afa4158dc7f3d,bb0506_jpg,train,train,bb0506_jpg.rf.7cc41be12bbcae6a645624836f5d3223.jpg,bb0506_jpg.rf.7cc41be12bbcae6a645624836f5d3223.jpg,dcb5455f7c4cb77e0c7d27f239964bd0f8adbd5b4ca6f6500c3b56e7e1b0483f,dcb5455f7c4cb77e0c7d27f239964bd0f8adbd5b4ca6f6500c3b56e7e1b0483f,copied,0,2
132d0630ca43f6d2,IMG_4527_jpg,train,valid,IMG_4527_jpg.rf.69bc0c18f9e422087ab25e60d1e178b8.jpg,IMG_4527_jpg.rf.69bc0c18f9e422087ab25e60d1e178b8.jpg,f69cbfd643ab45db8a574332030c3016e11d5079365538a3d10335395286fda0,f69cbfd643ab45db8a574332030c3016e11d5079365538a3d10335395286fda0,copied,0,0|1
133cc6ee47a5dda1,bb0119_jpg,train,train,bb0119_jpg.rf.09c43cc30164b84f977154794b55798f.jpg,bb0119_jpg.rf.09c43cc30164b84f977154794b55798f.jpg,8ab31e16ef989a9c02033846f168b574fde4c8e3558a251d9f5755d02da0d07e,8ab31e16ef989a9c02033846f168b574fde4c8e3558a251d9f5755d02da0d07e,copied,0,2
136ed716bd556a98,images-26-_jpg,train,train,images-26-_jpg.rf.0d35d99134984d9c4f56684e04643c99.jpg,images-26-_jpg.rf.0d35d99134984d9c4f56684e04643c99.jpg,19bedcc6b8fb24cabb1bb2c6c1634d1cab97807d8c8a88c74b08d743da38cbe9,19bedcc6b8fb24cabb1bb2c6c1634d1cab97807d8c8a88c74b08d743da38cbe9,copied,0,1
13801e8810ae33d7,images-2022-05-07T213519-098-4-_jpg,train,train,images-2022-05-07T213519-098-4-_jpg.rf.8bd73b1c36dbe18b7abeb9636e06d2f6.jpg,images-2022-05-07T213519-098-4-_jpg.rf.8bd73b1c36dbe18b7abeb9636e06d2f6.jpg,6e6c0874785b342a3444760fefb27167c026ffd612359c0ddaf3e8ba8727da32,6e6c0874785b342a3444760fefb27167c026ffd612359c0ddaf3e8ba8727da32,copied,0,1
138cc007ff2ba452,000019_jpg,train,train,000019_jpg.rf.74693e55f034aa657386997ecaf9864c.jpg,000019_jpg.rf.74693e55f034aa657386997ecaf9864c.jpg,71ba21bf4bea7dd905d34f8b044aaa0685d1669e5a61e432b026f51ec20ba0fb,71ba21bf4bea7dd905d34f8b044aaa0685d1669e5a61e432b026f51ec20ba0fb,copied,0,0|2
13afbe5439c1402b,49df01390296ed56_jpg,train,train,49df01390296ed56_jpg.rf.2afb3745478e77acfbbb2bd7966fb4b2.jpg,49df01390296ed56_jpg.rf.2afb3745478e77acfbbb2bd7966fb4b2.jpg,1dd5579739348bbc21a92369b1ed3d05bc0dc0fb94e1f8bc56d05ab30eafd986,1dd5579739348bbc21a92369b1ed3d05bc0dc0fb94e1f8bc56d05ab30eafd986,copied,1,
13d5e0ce0205a7a1,images-4-_jpeg_jpg,train,train,images-4-_jpeg_jpg.rf.870eecfa0ae332ecea2e32768bf0be2c.jpg,images-4-_jpeg_jpg.rf.870eecfa0ae332ecea2e32768bf0be2c.jpg,41cd6051540d62451ab875bbe70c2c4258dfab7a8f4bc55cf5b4590dd609cc07,41cd6051540d62451ab875bbe70c2c4258dfab7a8f4bc55cf5b4590dd609cc07,copied,0,1
1436f38d0d76629a,IMG_4433_jpg,train,train,IMG_4433_jpg.rf.2e9ff31ba816a9f6b4cfeb72df796ce5.jpg,IMG_4433_jpg.rf.2e9ff31ba816a9f6b4cfeb72df796ce5.jpg,b3885f608322e4d65e596940f3179ccfc7d106e1d7c4ce6e35903c69f116d08f,b3885f608322e4d65e596940f3179ccfc7d106e1d7c4ce6e35903c69f116d08f,copied,0,0
1483377dc191aea3,smoking_0429_jpg,train,train,smoking_0429_jpg.rf.8e8a57c67520d79bc80391d3ec9f4e89.jpg,smoking_0429_jpg.rf.8e8a57c67520d79bc80391d3ec9f4e89.jpg,b5a5125679f3bf5279bf899f073d81c0df51e7ee330718afd83198bbf25c7010,b5a5125679f3bf5279bf899f073d81c0df51e7ee330718afd83198bbf25c7010,copied,0,0
148b442503b28ca8,smoking_0915_jpg,valid,train,smoking_0915_jpg.rf.91a710f7d87be8e01f1342e32d86fa73.jpg,smoking_0915_jpg.rf.91a710f7d87be8e01f1342e32d86fa73.jpg,9efa609fa7a77380eeb2884f2b6677c16742271e5fe9e9f312406fd12f0e1503,9efa609fa7a77380eeb2884f2b6677c16742271e5fe9e9f312406fd12f0e1503,copied,0,0
148dc12f399dcccf,049066c0549e8403_jpg,valid,test,049066c0549e8403_jpg.rf.afb972109fc568f4a05eda35746f9db6.jpg,049066c0549e8403_jpg.rf.afb972109fc568f4a05eda35746f9db6.jpg,46af11bd1e90f1878bc19d15836c80c2ee1577e5bab7b1ee3fd83dc7a121a0ad,46af11bd1e90f1878bc19d15836c80c2ee1577e5bab7b1ee3fd83dc7a121a0ad,copied,1,
155de9b26c9d854f,0bd6d99b4f0bbadb_jpg,valid,train,0bd6d99b4f0bbadb_jpg.rf.b69b6344e469dd6bc14f402dbcf11e9c.jpg,0bd6d99b4f0bbadb_jpg.rf.b69b6344e469dd6bc14f402dbcf11e9c.jpg,1c24f6dabb7fca4e6ce8afbb422c60834078e17f6a00f782683785dafc0af129,1c24f6dabb7fca4e6ce8afbb422c60834078e17f6a00f782683785dafc0af129,copied,1,
156a8f6edf13ff2c,smoking_0173_jpg,valid,train,smoking_0173_jpg.rf.8fbe77e20bbbeb74374fcf1b22692d4e.jpg,smoking_0173_jpg.rf.8fbe77e20bbbeb74374fcf1b22692d4e.jpg,4bc37d446b2d3b07dd716064689d4ab3ec8a5f0d3dc0ea691db504a3c45c70a7,4bc37d446b2d3b07dd716064689d4ab3ec8a5f0d3dc0ea691db504a3c45c70a7,copied,0,0
156d06dccaeccaf2,c00038_png_jpg,train,train,c00038_png_jpg.rf.1006b8973f16449a394104a24bc60a33.jpg,c00038_png_jpg.rf.1006b8973f16449a394104a24bc60a33.jpg,2d21a2f78ab98266b8e33434ee0e317eef76ece484c4bbdd5e3b0ad31b48d08b,2d21a2f78ab98266b8e33434ee0e317eef76ece484c4bbdd5e3b0ad31b48d08b,copied,0,2
1597ae2fb562199d,images-86-_jpg,valid,valid,images-86-_jpg.rf.31980106f68260f2695f18b57cd28e42.jpg,images-86-_jpg.rf.31980106f68260f2695f18b57cd28e42.jpg,63c255321f05250cdc197512fbf8617b479d44adbeb8d4184ff161ef45794787,63c255321f05250cdc197512fbf8617b479d44adbeb8d4184ff161ef45794787,copied,0,1
15a5368f749d450e,gg0490_jpg,train,train,gg0490_jpg.rf.0b868ed3069731b8b7859d0c5b94be69.jpg,gg0490_jpg.rf.0b868ed3069731b8b7859d0c5b94be69.jpg,daed9bf4f91923067ca5f3e6b5cfea47878a77d9ee8758c0159e98257ebaf47a,daed9bf4f91923067ca5f3e6b5cfea47878a77d9ee8758c0159e98257ebaf47a,copied,0,2
15a5764908e809be,smoking_0011_jpg,train,train,smoking_0011_jpg.rf.7cc9861f36ac76eff6b64127b8dd58b3.jpg,smoking_0011_jpg.rf.7cc9861f36ac76eff6b64127b8dd58b3.jpg,99d264d719ac396d2c097d1fa998ec34407ce380bf4e6c952a2c1bb562f0ec06,99d264d719ac396d2c097d1fa998ec34407ce380bf4e6c952a2c1bb562f0ec06,copied,0,1
15fb73528ad7a48c,9_jpg,valid,valid,9_jpg.rf.dc6404350a9aacda19da8ccd328026dd.jpg,9_jpg.rf.dc6404350a9aacda19da8ccd328026dd.jpg,6c0e83286f47973ab06ce5c1e63f98a406ea3a729ac326e8bc23929cffba8566,6c0e83286f47973ab06ce5c1e63f98a406ea3a729ac326e8bc23929cffba8566,copied,0,1
160b4d7bcd386501,c00139_jpg,train,train,c00139_jpg.rf.08e7de690db60fec21374f40a688349b.jpg,c00139_jpg.rf.08e7de690db60fec21374f40a688349b.jpg,de8d9e689d060d97020b61c1a67605cbea7517437242a5dc5ee41d2671cb7091,de8d9e689d060d97020b61c1a67605cbea7517437242a5dc5ee41d2671cb7091,copied,0,2
161861274b070c58,082f733d22da2563_jpg,train,train,082f733d22da2563_jpg.rf.5d38a0e5b58d96971524f085666e1f3c.jpg,082f733d22da2563_jpg.rf.5d38a0e5b58d96971524f085666e1f3c.jpg,b5e6f15c2bbc50b22cde218856485b1c1db84164bf8819716071d349ae48b304,b5e6f15c2bbc50b22cde218856485b1c1db84164bf8819716071d349ae48b304,copied,1,
162ee6fa4a5ae735,ggg002_jpg,train,train,ggg002_jpg.rf.06f35d98a6c84afd9083a216f137ef97.jpg,ggg002_jpg.rf.06f35d98a6c84afd9083a216f137ef97.jpg,ac54d5b145108dea28dabe6cc930f0a1525ddd31c9c72ab47b229b83470add61,ac54d5b145108dea28dabe6cc930f0a1525ddd31c9c72ab47b229b83470add61,copied,0,2
1671c525e7f8b513,WIN_20220507_21_27_53_Pro_jpg,train,train,WIN_20220507_21_27_53_Pro_jpg.rf.2d2b0a17b679c8b219719806f322b734.jpg,WIN_20220507_21_27_53_Pro_jpg.rf.2d2b0a17b679c8b219719806f322b734.jpg,f39501d890f29d5833f65dffe6b1c48373aa2db89f98e493159f69b7a6e59f4e,f39501d890f29d5833f65dffe6b1c48373aa2db89f98e493159f69b7a6e59f4e,copied,0,1
1675005596ea3b10,images-47-_jpg,test,test,images-47-_jpg.rf.33fb639d957f8b15ae1c8299df80b2d5.jpg,images-47-_jpg.rf.33fb639d957f8b15ae1c8299df80b2d5.jpg,b6adc498241ad96e3f46a05355dfb8508aa6077de976ca10c1d4b6d8fdf85ea7,b6adc498241ad96e3f46a05355dfb8508aa6077de976ca10c1d4b6d8fdf85ea7,copied,0,1
1679e2eba63eca02,bb0615_jpg,train,train,bb0615_jpg.rf.019c0c4cb8737f42cffd83bdcf1a0ec4.jpg,bb0615_jpg.rf.019c0c4cb8737f42cffd83bdcf1a0ec4.jpg,9ff54c490850208a4a7fe4ef9a9a6f4fd1cd5bd88c20e58b202da1819d3ddcf5,9ff54c490850208a4a7fe4ef9a9a6f4fd1cd5bd88c20e58b202da1819d3ddcf5,copied,0,2
16975166c19898f7,smoking_0889_jpg,valid,train,smoking_0889_jpg.rf.82e1c3e10d2b9d9e4f7ed9ce742ab7d2.jpg,smoking_0889_jpg.rf.82e1c3e10d2b9d9e4f7ed9ce742ab7d2.jpg,3f33abedbc1ab27ebf2d58a3a1d06a1291a7fc0789088e7278f3d9acbd20c52e,3f33abedbc1ab27ebf2d58a3a1d06a1291a7fc0789088e7278f3d9acbd20c52e,copied,0,0
16ad37dbdc1e174d,smoking_0147_jpg,train,train,smoking_0147_jpg.rf.c66b2323cf621c24e4a62f1a593f8af2.jpg,smoking_0147_jpg.rf.c66b2323cf621c24e4a62f1a593f8af2.jpg,48e284b96b1efd0fbc6d6ce11f6820ee544929b565764873d087358f9faeb194,48e284b96b1efd0fbc6d6ce11f6820ee544929b565764873d087358f9faeb194,copied,0,0
16cbf802ca9f95f3,IMG_4548_jpg,train,train,IMG_4548_jpg.rf.29be5e317f43fd6558146b5dc5265f07.jpg,IMG_4548_jpg.rf.29be5e317f43fd6558146b5dc5265f07.jpg,093fb5c1ed3f43df4ea48bd8a8255195ba7738498f02edd950ce9d8121d33c46,093fb5c1ed3f43df4ea48bd8a8255195ba7738498f02edd950ce9d8121d33c46,copied,1,
16e061b2bf8ac78c,IMG_4385_jpg,train,train,IMG_4385_jpg.rf.67d7d39dd33c0cf3461c882e42c1b7ef.jpg,IMG_4385_jpg.rf.67d7d39dd33c0cf3461c882e42c1b7ef.jpg,d00bfb71c9c6215926028e8e7f07bb0ef8c1bd35cbf187c94f71322328b28d96,d00bfb71c9c6215926028e8e7f07bb0ef8c1bd35cbf187c94f71322328b28d96,copied,0,0
1727b4f469f9f9f6,gg0019_jpg,train,train,gg0019_jpg.rf.22130dadf29dccdb2772029ee9687cf4.jpg,gg0019_jpg.rf.22130dadf29dccdb2772029ee9687cf4.jpg,53fb60bbcccd8aed2c5fe1b33c178ce207057d6145a2ed0382842a0332c2a9c0,53fb60bbcccd8aed2c5fe1b33c178ce207057d6145a2ed0382842a0332c2a9c0,copied,0,2
177c024f2b47f4f3,smoking_0265_jpg,valid,train,smoking_0265_jpg.rf.3e0d17192add9b7cccac1ac00d522fdb.jpg,smoking_0265_jpg.rf.3e0d17192add9b7cccac1ac00d522fdb.jpg,4cadf528b762fc4272d7f04876765ac989f724f2c8054ee6c805553f44777359,4cadf528b762fc4272d7f04876765ac989f724f2c8054ee6c805553f44777359,copied,0,0
17e0c2c6b7cc2c8b,images-22-_jpg,train,train,images-22-_jpg.rf.788fddda5b6f788bc01d279e96aeb22e.jpg,images-22-_jpg.rf.788fddda5b6f788bc01d279e96aeb22e.jpg,6e87214926ab7fc9333e856b5727e221c537d2a90536ecad1d8ba48c4c9d8104,6e87214926ab7fc9333e856b5727e221c537d2a90536ecad1d8ba48c4c9d8104,copied,0,1
17f172a489b766cf,smoking_0212_jpg,valid,test,smoking_0212_jpg.rf.331258ea9f25f5cfeafc1f1bbf17c58a.jpg,smoking_0212_jpg.rf.331258ea9f25f5cfeafc1f1bbf17c58a.jpg,8827d07c97b1a4a1304a2f8b7bc1bba3258e8710ff2b0f772e0903dab5ad10ac,8827d07c97b1a4a1304a2f8b7bc1bba3258e8710ff2b0f772e0903dab5ad10ac,copied,0,0
17f313e22f4a164a,bb0093_jpg,train,train,bb0093_jpg.rf.2ada65036d9ee22b282a3cba4f5db803.jpg,bb0093_jpg.rf.2ada65036d9ee22b282a3cba4f5db803.jpg,74c58c8bacfd2518f51928050c9c24dbfde450b578f290bd911f3933d50d4667,74c58c8bacfd2518f51928050c9c24dbfde450b578f290bd911f3933d50d4667,copied,0,2
180816e3de301707,images-73-_jpg,valid,valid,images-73-_jpg.rf.4a2e35adf8125525bcd26266002bac56.jpg,images-73-_jpg.rf.4a2e35adf8125525bcd26266002bac56.jpg,041380f09e438948fa5d1afb678f097c5d626f174394f44e296d814664b74d8e,041380f09e438948fa5d1afb678f097c5d626f174394f44e296d814664b74d8e,copied,0,1
184205d609ea63ed,1697100023796_JPEG_jpg,train,train,1697100023796_JPEG_jpg.rf.0613c52bf155db44d620b565ec37b090.jpg,1697100023796_JPEG_jpg.rf.0613c52bf155db44d620b565ec37b090.jpg,5aa23b87ea272cd2e19a468e9dc4290add360f42528904dfccbfb32ec6390569,5aa23b87ea272cd2e19a468e9dc4290add360f42528904dfccbfb32ec6390569,copied,0,0
18570e979cc570f6,bb0643_jpg,train,train,bb0643_jpg.rf.289cd9c976845fff29a86037939f4de3.jpg,bb0643_jpg.rf.289cd9c976845fff29a86037939f4de3.jpg,7ff3a952983a28623943e569e5e26d0b5bf522229042a3a4418f8f893f22ad5f,7ff3a952983a28623943e569e5e26d0b5bf522229042a3a4418f8f893f22ad5f,copied,0,2
18611b36b2c8d1e0,smoking_0172_jpg,valid,test,smoking_0172_jpg.rf.182bed7d6cbcffad3b1a6fa7a94710cc.jpg,smoking_0172_jpg.rf.182bed7d6cbcffad3b1a6fa7a94710cc.jpg,cf1bca4b94fff31283b138d972f23fb0e21e897dde3e02a32d24cf6463916283,cf1bca4b94fff31283b138d972f23fb0e21e897dde3e02a32d24cf6463916283,copied,0,0
18828502d1948e30,000069_jpg,train,train,000069_jpg.rf.257145f0f1d6334082f057bb8c8f5b3c.jpg,000069_jpg.rf.257145f0f1d6334082f057bb8c8f5b3c.jpg,11157ff729c698baab49a180f68330a19b4b2129585bec7c71aecd85b7f54a00,11157ff729c698baab49a180f68330a19b4b2129585bec7c71aecd85b7f54a00,copied,0,2
18b62fdc4ed5771d,smoking_0672_jpg,train,test,smoking_0672_jpg.rf.2868e566b434d33505e50dd4819df4c3.jpg,smoking_0672_jpg.rf.2868e566b434d33505e50dd4819df4c3.jpg,b6c418fdad693703e2d3a05cc217250e3c35333805776ed77fef04b78c6c2322,b6c418fdad693703e2d3a05cc217250e3c35333805776ed77fef04b78c6c2322,copied,0,0
18bb047227dd4e87,2e9b3e40716b8806_jpg,valid,train,2e9b3e40716b8806_jpg.rf.1741f950da3241c512331ece71da531c.jpg,2e9b3e40716b8806_jpg.rf.1741f950da3241c512331ece71da531c.jpg,2c0e98f736c6133eb4c036fe99c0329a88490223d0560a56e023b8b41a2460e8,2c0e98f736c6133eb4c036fe99c0329a88490223d0560a56e023b8b41a2460e8,copied,1,
18c6ddabdafa3e1b,bb0075_jpg,train,valid,bb0075_jpg.rf.5897a973a84e2e8143d608f11878a0e9.jpg,bb0075_jpg.rf.5897a973a84e2e8143d608f11878a0e9.jpg,967c90a39aa59b39c9f992d42de5a0d15c32720cbb14eae672906f5baab80181,967c90a39aa59b39c9f992d42de5a0d15c32720cbb14eae672906f5baab80181,copied,0,2
18d07232dabffc3d,IMG_4336_jpg,train,train,IMG_4336_jpg.rf.33b0e084c483a6a878dbe27d18d8e087.jpg,IMG_4336_jpg.rf.33b0e084c483a6a878dbe27d18d8e087.jpg,8441d0f633d9337a9f6ce27fb768062bdc38f52878efcb2da34ca152696434c8,8441d0f633d9337a9f6ce27fb768062bdc38f52878efcb2da34ca152696434c8,copied,0,0
18d4d235d8f8a179,2346b61c15d5fedc_jpg,train,train,2346b61c15d5fedc_jpg.rf.6f0e8299cd50607975945f94a8c4c0f2.jpg,2346b61c15d5fedc_jpg.rf.6f0e8299cd50607975945f94a8c4c0f2.jpg,4c9de4927fd47adf1a6931e82e0c68b135dd9d0db81d3129f7f6a41be8236a32,4c9de4927fd47adf1a6931e82e0c68b135dd9d0db81d3129f7f6a41be8236a32,copied,1,
18db2c173c808678,c00090_png_jpg,train,train,c00090_png_jpg.rf.0300751f26eab68e3383bd602ffff156.jpg,c00090_png_jpg.rf.0300751f26eab68e3383bd602ffff156.jpg,59b3edf9119b65b71b8d15edddad483de505fe68cb35262a0e9f61d9924b700f,59b3edf9119b65b71b8d15edddad483de505fe68cb35262a0e9f61d9924b700f,copied,0,2
1901d226189e657a,IMG_4369_jpg,train,train,IMG_4369_jpg.rf.43a33db4bce24c08dae72391de4566a4.jpg,IMG_4369_jpg.rf.43a33db4bce24c08dae72391de4566a4.jpg,5ed62af7e929a1b858a057abd06461a4e51524885e066dab43ea5aae2b30971e,5ed62af7e929a1b858a057abd06461a4e51524885e066dab43ea5aae2b30971e,copied,1,
1915636db597b1a7,c00354_jpg,train,train,c00354_jpg.rf.4ee1763b3ef0758df839e25c9d35c7ba.jpg,c00354_jpg.rf.4ee1763b3ef0758df839e25c9d35c7ba.jpg,2c984d0acb784dc4cd2cdf9c873e56698f465c5701362cf46be89249936eaecb,2c984d0acb784dc4cd2cdf9c873e56698f465c5701362cf46be89249936eaecb,copied,0,2
19173d814334ac61,1697100071087_JPEG_jpg,valid,train,1697100071087_JPEG_jpg.rf.29fcfb8f28047d9374b1b91bf89d90fa.jpg,1697100071087_JPEG_jpg.rf.29fcfb8f28047d9374b1b91bf89d90fa.jpg,3621f1c2f5d140dcf39ff04391e37d518f2e5fedf5cd836c7be5a0c94f46d790,3621f1c2f5d140dcf39ff04391e37d518f2e5fedf5cd836c7be5a0c94f46d790,copied,0,0
19680b2dd158f28b,smoking_0553_jpg,train,train,smoking_0553_jpg.rf.fab24d6b725f82f2de7d9f07ca5fe450.jpg,smoking_0553_jpg.rf.fab24d6b725f82f2de7d9f07ca5fe450.jpg,61f24e47c673cbcb22a2682f5a1953d96cd5433e83d534317bb460f854800ac2,61f24e47c673cbcb22a2682f5a1953d96cd5433e83d534317bb460f854800ac2,copied,0,1
19a44d84203c55fa,smoking_0319_jpg,train,train,smoking_0319_jpg.rf.6d797527f7e43014e50734e7c1395518.jpg,smoking_0319_jpg.rf.6d797527f7e43014e50734e7c1395518.jpg,8af01bef023330e30b9ff8975fd493bbc00deda7502a1691786f5306862752ec,8af01bef023330e30b9ff8975fd493bbc00deda7502a1691786f5306862752ec,copied,0,0
19b38bfc0ff1ccea,smoking_0828_jpg,train,valid,smoking_0828_jpg.rf.63488cd68090ea9b01cb7d0af1a0333a.jpg,smoking_0828_jpg.rf.63488cd68090ea9b01cb7d0af1a0333a.jpg,b0ae030c5268e786a96209048ff84d5b7bd5bba3e5786533f6f4a863d2b3c3e7,b0ae030c5268e786a96209048ff84d5b7bd5bba3e5786533f6f4a863d2b3c3e7,copied,0,0
19c7cd46f6a8fad2,IMG_4557_jpg,train,valid,IMG_4557_jpg.rf.287ff3ed3ae8f6ed926f7603e774f651.jpg,IMG_4557_jpg.rf.287ff3ed3ae8f6ed926f7603e774f651.jpg,b4aa818aebd3896fba2575ec3aa0bf1fd9b91d48a73a70f05fd08e9e8b92f4b6,b4aa818aebd3896fba2575ec3aa0bf1fd9b91d48a73a70f05fd08e9e8b92f4b6,copied,1,
19eb9db13004ebc5,smoking_0741_jpg,test,train,smoking_0741_jpg.rf.156cbca4556d68d701421ea4979589dc.jpg,smoking_0741_jpg.rf.156cbca4556d68d701421ea4979589dc.jpg,8ac6d630a8f8536f4aaa29b424ab0a5c0d1f6ed8d966156e8fd241f49b265314,8ac6d630a8f8536f4aaa29b424ab0a5c0d1f6ed8d966156e8fd241f49b265314,copied,0,0
19eed7dfd1c9e80c,smoking_0244_jpg,train,train,smoking_0244_jpg.rf.d0e527a2c141a0d3e29c333809dd6337.jpg,smoking_0244_jpg.rf.d0e527a2c141a0d3e29c333809dd6337.jpg,0b241c56970b756017a202ead5ee54d9f9dbe244ed342da0b15786e2cee32521,0b241c56970b756017a202ead5ee54d9f9dbe244ed342da0b15786e2cee32521,copied,0,0
1a3159b408c8f9f8,ggg028_jpg,train,train,ggg028_jpg.rf.17778cf30f95975b175d1a558ba119e1.jpg,ggg028_jpg.rf.17778cf30f95975b175d1a558ba119e1.jpg,17b80fdd86d4e601cead05dcdcf9b8c287440b9a8596a4dc767140a573eb78b5,17b80fdd86d4e601cead05dcdcf9b8c287440b9a8596a4dc767140a573eb78b5,copied,0,2
1a3963feafa1f5eb,images-49-_jpg,train,train,images-49-_jpg.rf.68e3839c71da024ac2c251a92c39e839.jpg,images-49-_jpg.rf.68e3839c71da024ac2c251a92c39e839.jpg,bea4844dc9059c06a556331562c30fc6d24b43090fdee8d082c55fe6612c3af2,bea4844dc9059c06a556331562c30fc6d24b43090fdee8d082c55fe6612c3af2,copied,0,1
1a61a7c3bdf0f649,smoking_0445_jpg,train,valid,smoking_0445_jpg.rf.ccb19c66358682ed5abebad3f06f314a.jpg,smoking_0445_jpg.rf.ccb19c66358682ed5abebad3f06f314a.jpg,d2f43de3b77c975a0aee85e07a6e989bfe9852eb1c718556d2ba075679850b52,d2f43de3b77c975a0aee85e07a6e989bfe9852eb1c718556d2ba075679850b52,copied,0,0
1a7b1a307864f4ec,smoking_0572_jpg,train,train,smoking_0572_jpg.rf.8489a20ccec2b2d57493c1eadd9a534e.jpg,smoking_0572_jpg.rf.8489a20ccec2b2d57493c1eadd9a534e.jpg,2b53ff5f1190b2642c5916d542f92454335397a9e94979dd63ef324abf2afd82,2b53ff5f1190b2642c5916d542f92454335397a9e94979dd63ef324abf2afd82,copied,0,0
1a9d0ea8bb8c6c86,smoking_0535_jpg,test,train,smoking_0535_jpg.rf.0d481252bdcba5228ec18ff4402284da.jpg,smoking_0535_jpg.rf.0d481252bdcba5228ec18ff4402284da.jpg,7bea20cf8cfbef8489acc056d1a3d874cf75fd31621338380a8fa47007bdb8e5,7bea20cf8cfbef8489acc056d1a3d874cf75fd31621338380a8fa47007bdb8e5,copied,0,0
1ab071117a38c7e3,smoking_1028_jpg,train,valid,smoking_1028_jpg.rf.e8f6f3f78770c6ba4f9faa348454699c.jpg,smoking_1028_jpg.rf.e8f6f3f78770c6ba4f9faa348454699c.jpg,cc97977b764c7d12ec8c21411d6f2ffc0cd3d5d4ddf08d256e77fe7234399f24,cc97977b764c7d12ec8c21411d6f2ffc0cd3d5d4ddf08d256e77fe7234399f24,copied,0,0
1b11d75c0c6d66a6,smoking_0826_jpg,train,train,smoking_0826_jpg.rf.69f5c6a49ab12285e67a5e13545805dc.jpg,smoking_0826_jpg.rf.69f5c6a49ab12285e67a5e13545805dc.jpg,a5f2e2ff5c87ea5d46233ee1ad180df2c9f9a96681103695be150963307a2862,a5f2e2ff5c87ea5d46233ee1ad180df2c9f9a96681103695be150963307a2862,copied,0,0
1b5a67f5c7dc28c0,smoking_0222_jpg,train,valid,smoking_0222_jpg.rf.58351c4601bb20c6a9d9f5876350bfb2.jpg,smoking_0222_jpg.rf.58351c4601bb20c6a9d9f5876350bfb2.jpg,f8557174aea5f97a72bf095e74a5abfacc18a260d7c6f3517e107053fa06fc08,f8557174aea5f97a72bf095e74a5abfacc18a260d7c6f3517e107053fa06fc08,copied,0,0
1b7761bdf3c56ba2,smoking_0122_jpg,valid,test,smoking_0122_jpg.rf.a20674c8b02558da41840d1e7de2b4cc.jpg,smoking_0122_jpg.rf.a20674c8b02558da41840d1e7de2b4cc.jpg,114c287d29afbf0ace9dc1f7386e1b8ef6a34406a72e5d45e5d991a858167291,114c287d29afbf0ace9dc1f7386e1b8ef6a34406a72e5d45e5d991a858167291,copied,0,0
1b7850a3081fd45e,smoking_0769_jpg,train,train,smoking_0769_jpg.rf.d9beb81703dd8adb17769734e73ec0c5.jpg,smoking_0769_jpg.rf.d9beb81703dd8adb17769734e73ec0c5.jpg,e1c7085d192a5b733ddba190ec1c22ac5768f9f15e27b69021cbb3159c087f13,e1c7085d192a5b733ddba190ec1c22ac5768f9f15e27b69021cbb3159c087f13,copied,0,0
1b9725350ab86ddb,smoking_0995_jpg,train,train,smoking_0995_jpg.rf.2cc1c2d8955c08b381a2a75d6d985d69.jpg,smoking_0995_jpg.rf.2cc1c2d8955c08b381a2a75d6d985d69.jpg,238e182f487e35b8c9332a03d5ee2ab8580e4b8cc8e9b9979d4b8112998f16aa,238e182f487e35b8c9332a03d5ee2ab8580e4b8cc8e9b9979d4b8112998f16aa,copied,0,1
1bfa00ecf1284333,smoking_0904_jpg,train,train,smoking_0904_jpg.rf.d2037350264003bb9423b99d0b5e6013.jpg,smoking_0904_jpg.rf.d2037350264003bb9423b99d0b5e6013.jpg,3b4a0c164d1a2474f0bd7b87c00f5a3763528ef834110a000ade880d4bb1bc5e,3b4a0c164d1a2474f0bd7b87c00f5a3763528ef834110a000ade880d4bb1bc5e,copied,0,0
1c0f31568b8912c9,247324699b24099a_jpg,train,train,247324699b24099a_jpg.rf.0e69135fb8f4e7cf731bede84eb7f79e.jpg,247324699b24099a_jpg.rf.0e69135fb8f4e7cf731bede84eb7f79e.jpg,cebfdab325eaeeab861004279a64af4543980565341594d3d0f2618eeec8e18c,cebfdab325eaeeab861004279a64af4543980565341594d3d0f2618eeec8e18c,copied,1,
1c1ba6940e8213a5,1697099878219_JPEG_jpg,train,train,1697099878219_JPEG_jpg.rf.053df36fcf1f1d016f3b3853d270eeed.jpg,1697099878219_JPEG_jpg.rf.053df36fcf1f1d016f3b3853d270eeed.jpg,76c4afae2c745c96391340847b1992d41cffb636ab12e5bb7d77acb77ee0959f,76c4afae2c745c96391340847b1992d41cffb636ab12e5bb7d77acb77ee0959f,copied,0,0
1c3103177202f416,000106_jpg,train,train,000106_jpg.rf.2ba7ec8995b997dab4a951087d9e9f67.jpg,000106_jpg.rf.2ba7ec8995b997dab4a951087d9e9f67.jpg,8e59bd9534b14a2d2f5b6d558b779f19b0ac1fc77aa8bcbd31b0694623755299,8e59bd9534b14a2d2f5b6d558b779f19b0ac1fc77aa8bcbd31b0694623755299,copied,0,2
1c34a848ea14b99b,WIN_20220507_21_28_42_Pro_jpg,train,train,WIN_20220507_21_28_42_Pro_jpg.rf.ecea117baa05e68e2aec792db8ed4458.jpg,WIN_20220507_21_28_42_Pro_jpg.rf.ecea117baa05e68e2aec792db8ed4458.jpg,95bdfa876d2b796e59e4c52a73549fc373ff5199a293eacc336cd342b9ba1122,95bdfa876d2b796e59e4c52a73549fc373ff5199a293eacc336cd342b9ba1122,copied,0,1
1c90e72d9dd6fe30,smoking_0648_jpg,valid,train,smoking_0648_jpg.rf.77d6e6399c09300c86a093db97f23b7d.jpg,smoking_0648_jpg.rf.77d6e6399c09300c86a093db97f23b7d.jpg,ee7d174723da253fc6c8e8294c526608bb0388da38360fbc79118634b6d78c07,ee7d174723da253fc6c8e8294c526608bb0388da38360fbc79118634b6d78c07,copied,0,0
1ca1c984441adc74,indir-16-_jpg,train,train,indir-16-_jpg.rf.44677051f00e0a8c006198d9e5c27dd1.jpg,indir-16-_jpg.rf.44677051f00e0a8c006198d9e5c27dd1.jpg,ce69ebbb0a63b33f8843eb45a0f371269ce576e3122e38e753c50b7adeb632b0,ce69ebbb0a63b33f8843eb45a0f371269ce576e3122e38e753c50b7adeb632b0,copied,0,1
1ca900093bd364f2,IMG_4360_jpg,train,train,IMG_4360_jpg.rf.5dcd4484d57e438a4d4e3d26e5ba436c.jpg,IMG_4360_jpg.rf.5dcd4484d57e438a4d4e3d26e5ba436c.jpg,74aeca775b16d8bc1129db45ba2a80784fa371ccb4997903ccc8772216c19ac6,74aeca775b16d8bc1129db45ba2a80784fa371ccb4997903ccc8772216c19ac6,copied,0,0
1cb6fa6072088054,IMG_4496_jpg,train,train,IMG_4496_jpg.rf.2ee17157725181dfc5f5ebf1aeacf185.jpg,IMG_4496_jpg.rf.2ee17157725181dfc5f5ebf1aeacf185.jpg,0819d6382680f92c92961d297cfe0dff68dca6d76a3feb059f7b374024b324dc,0819d6382680f92c92961d297cfe0dff68dca6d76a3feb059f7b374024b324dc,copied,0,0|1
1cbbe25dcb280a9b,smoking_0973_jpg,train,train,smoking_0973_jpg.rf.1546730342a3b57ae3b2f25a342569b1.jpg,smoking_0973_jpg.rf.1546730342a3b57ae3b2f25a342569b1.jpg,2cdc0bc28a95bd75e4befec6bdaed95094108a200e3cd151289ca467e540b08e,2cdc0bc28a95bd75e4befec6bdaed95094108a200e3cd151289ca467e540b08e,copied,0,0
1cd377997a644688,04b701aefe9d12ee_jpg,train,valid,04b701aefe9d12ee_jpg.rf.1821473726400bc2366aa3bb182c1c26.jpg,04b701aefe9d12ee_jpg.rf.1821473726400bc2366aa3bb182c1c26.jpg,c743c81965b564865f88fd4d59f922093f2993d5fd1c7c71ff4a7e9649c04fcb,c743c81965b564865f88fd4d59f922093f2993d5fd1c7c71ff4a7e9649c04fcb,copied,1,
1cd6df6e4141af93,smoking_0457_jpg,train,train,smoking_0457_jpg.rf.74d356556d523a482dae89270b7e84da.jpg,smoking_0457_jpg.rf.74d356556d523a482dae89270b7e84da.jpg,dde44b08cb2245324926f3b8fe0f4d04fc2c6d717261b17be5f8f9f0d85e8a40,dde44b08cb2245324926f3b8fe0f4d04fc2c6d717261b17be5f8f9f0d85e8a40,copied,0,1
1d256cc03efe0270,smoking_0899_jpg,train,valid,smoking_0899_jpg.rf.572d0573dfff08ef1257602ce2b57ff5.jpg,smoking_0899_jpg.rf.572d0573dfff08ef1257602ce2b57ff5.jpg,9daac00ec926cd8ed09ad3579e3356748c10b0af7772a2c7892d9827baefd045,9daac00ec926cd8ed09ad3579e3356748c10b0af7772a2c7892d9827baefd045,copied,0,0
1d58ee2b510ed40d,smoking_0500_jpg,train,valid,smoking_0500_jpg.rf.37be4365c54add8c88bce84019c642e5.jpg,smoking_0500_jpg.rf.37be4365c54add8c88bce84019c642e5.jpg,e9191b0a021bca62615aa475267050e958347e6b8dda7016ea0f5b00c5398c7c,e9191b0a021bca62615aa475267050e958347e6b8dda7016ea0f5b00c5398c7c,copied,0,1
1d90116b36b3bbf9,2d06c347c85a03c5_jpg,train,train,2d06c347c85a03c5_jpg.rf.ba2fa8e3bf263f253de3b0b44f540718.jpg,2d06c347c85a03c5_jpg.rf.ba2fa8e3bf263f253de3b0b44f540718.jpg,22cc96a1981dec9052ff9e52b88f745b0d45ba55df46211184bfc34972a74e9f,22cc96a1981dec9052ff9e52b88f745b0d45ba55df46211184bfc34972a74e9f,copied,1,
1da83bd9523cab90,images-20-_jpg,train,train,images-20-_jpg.rf.71e17ff85225be48be6d70606e6b7370.jpg,images-20-_jpg.rf.71e17ff85225be48be6d70606e6b7370.jpg,83a544ecfecd2525cc0a375b92a788dcddfda67b96ffeb0848a4607106080b00,83a544ecfecd2525cc0a375b92a788dcddfda67b96ffeb0848a4607106080b00,copied,0,1
1de43159796dd97b,images-80-_jpg,train,train,images-80-_jpg.rf.0d81f9c199124d17b0aceb830a54e466.jpg,images-80-_jpg.rf.0d81f9c199124d17b0aceb830a54e466.jpg,5cc5e55a289866d769dc4425c430e4df9d3bb5db219ffd20629648dd0bb63197,5cc5e55a289866d769dc4425c430e4df9d3bb5db219ffd20629648dd0bb63197,copied,0,1
1e0e6a3c09180e37,IMG_4393_jpg,train,train,IMG_4393_jpg.rf.39d700f27af1c8c01196fae781b655b7.jpg,IMG_4393_jpg.rf.39d700f27af1c8c01196fae781b655b7.jpg,0fd760aa594e081db8d8508483137b7ee82221dd310acb82d8af91b38f26a019,0fd760aa594e081db8d8508483137b7ee82221dd310acb82d8af91b38f26a019,copied,0,0
1e47a1cb4c9c1ad5,003e3ac8d71f5870_jpg,train,train,003e3ac8d71f5870_jpg.rf.cd593a8a0c46cf0a6218ef493f6f7037.jpg,003e3ac8d71f5870_jpg.rf.cd593a8a0c46cf0a6218ef493f6f7037.jpg,824d5dd2771fb403d9e0879d5c934b9bc1dda5b705d6dfddbfcc46695acdba7a,824d5dd2771fb403d9e0879d5c934b9bc1dda5b705d6dfddbfcc46695acdba7a,copied,1,
1e60a0e218b28c2f,IMG_4463_jpg,valid,test,IMG_4463_jpg.rf.4c7724d881eb077e2a1af7a84cadbcfb.jpg,IMG_4463_jpg.rf.4c7724d881eb077e2a1af7a84cadbcfb.jpg,9723f0e6e05a877d060e92c97a25c888b8c1a740aeae0b81708cc943133f783a,9723f0e6e05a877d060e92c97a25c888b8c1a740aeae0b81708cc943133f783a,copied,0,0|1
1f070be17f2dbcf7,smoking_1118_jpg,train,train,smoking_1118_jpg.rf.853579e2fc0da46da65695d71b8b9c03.jpg,smoking_1118_jpg.rf.853579e2fc0da46da65695d71b8b9c03.jpg,6e3512dbf440146c12401f1c56e16a92fa051e3bbe86f7fa4c0c48ae010833a3,6e3512dbf440146c12401f1c56e16a92fa051e3bbe86f7fa4c0c48ae010833a3,copied,0,0
1f1bfbe51f415ff8,smoking_0082_jpg,train,train,smoking_0082_jpg.rf.8a6b0c3981c0da67431cc71936cf9cee.jpg,smoking_0082_jpg.rf.8a6b0c3981c0da67431cc71936cf9cee.jpg,eb157d0ea00093df07df48a12376e8bbd14e8396efd20d027e6a68945450a0a0,eb157d0ea00093df07df48a12376e8bbd14e8396efd20d027e6a68945450a0a0,copied,0,0
1f4723e61d803b6a,smoking_0613_jpg,train,train,smoking_0613_jpg.rf.3c50c1f4df084c1ec2d312c6095124d0.jpg,smoking_0613_jpg.rf.3c50c1f4df084c1ec2d312c6095124d0.jpg,2d5c56f6422f47447aede00b31773acca1dba062b9d3dc45dcd6589f9e25e67c,2d5c56f6422f47447aede00b31773acca1dba062b9d3dc45dcd6589f9e25e67c,copied,0,0
1f61ac3d27e2613d,gg0079_jpg,train,train,gg0079_jpg.rf.12a3365603ec89b713fc1a86ae1eb8f7.jpg,gg0079_jpg.rf.12a3365603ec89b713fc1a86ae1eb8f7.jpg,4f7e016b09c5f8564fb33d29ab591f37d764a122325775cb9604255cb0e87b83,4f7e016b09c5f8564fb33d29ab591f37d764a122325775cb9604255cb0e87b83,copied,0,2
1f821e608e7cdd5b,bb0575_jpg,train,train,bb0575_jpg.rf.144f19c4ae1dd0c34f751b42c3a396c5.jpg,bb0575_jpg.rf.144f19c4ae1dd0c34f751b42c3a396c5.jpg,9b572958a2096cdfb2b20ffa84876b3e41824755e863c9ee3e747fb396bf11b6,9b572958a2096cdfb2b20ffa84876b3e41824755e863c9ee3e747fb396bf11b6,copied,0,2
1fa37a01c832e4a0,smoking_0352_jpg,train,train,smoking_0352_jpg.rf.acec7a46db203dd8c97f51a9cf65ed4b.jpg,smoking_0352_jpg.rf.acec7a46db203dd8c97f51a9cf65ed4b.jpg,f2517e344458200e4845eea4a0172d5127f3042e25e119cf8a8385fd8acbe666,f2517e344458200e4845eea4a0172d5127f3042e25e119cf8a8385fd8acbe666,copied,0,1
1ffdcb6dc1cb6fc2,smoking_1071_jpg,valid,train,smoking_1071_jpg.rf.0aec1e89a355e888e3693e70176a1d6b.jpg,smoking_1071_jpg.rf.0aec1e89a355e888e3693e70176a1d6b.jpg,caf71a218a8d03accfce8e865013e3dd0eda2dd47446de9119adfb35a2f83cca,caf71a218a8d03accfce8e865013e3dd0eda2dd47446de9119adfb35a2f83cca,copied,0,0
200725c7dc667c85,smoking_0510_jpg,train,train,smoking_0510_jpg.rf.4f51ca3b1f88b591bcca36fe369a3d34.jpg,smoking_0510_jpg.rf.4f51ca3b1f88b591bcca36fe369a3d34.jpg,87be66e90eeb6def46732e9aa02e44a111df8135e4bdacf8e9ee78d24706cf36,87be66e90eeb6def46732e9aa02e44a111df8135e4bdacf8e9ee78d24706cf36,copied,0,0
20112a9ee752d521,smoking_0453_jpg,train,train,smoking_0453_jpg.rf.3b6ed3c18b426eafd3d0ee07cadc10b3.jpg,smoking_0453_jpg.rf.3b6ed3c18b426eafd3d0ee07cadc10b3.jpg,e9f9daef13693185065c086efe4b1885c5ecfaa6ea1d78192e8ed455722a67c9,e9f9daef13693185065c086efe4b1885c5ecfaa6ea1d78192e8ed455722a67c9,copied,0,0
203fec1fe18de9e5,smoking_0703_jpg,valid,train,smoking_0703_jpg.rf.d8c2dc87b25da433fa9528665f8f7507.jpg,smoking_0703_jpg.rf.d8c2dc87b25da433fa9528665f8f7507.jpg,21d8932b04a8b0276dee07047722581e65fb1932fa8ebe45ea16d07395922862,21d8932b04a8b0276dee07047722581e65fb1932fa8ebe45ea16d07395922862,copied,0,0
2077804682e1570d,smoking_0262_jpg,train,train,smoking_0262_jpg.rf.9f489524d2b11f8fefa5cdf1db386d7c.jpg,smoking_0262_jpg.rf.9f489524d2b11f8fefa5cdf1db386d7c.jpg,1db22bc0be644d852aca2b141ae00b1a73bf8eb8edf0fd1e12c3d329047adbd0,1db22bc0be644d852aca2b141ae00b1a73bf8eb8edf0fd1e12c3d329047adbd0,copied,0,0
20813883c1ce94fb,000203_jpg,valid,valid,000203_jpg.rf.857f4bb44aa9a7a8c5ddfde5a0a6e61f.jpg,000203_jpg.rf.857f4bb44aa9a7a8c5ddfde5a0a6e61f.jpg,f7f6c2c3be3e0688f5c3c218cb05d3d30db3ffbedfc5122154e346fe7c65500d,f7f6c2c3be3e0688f5c3c218cb05d3d30db3ffbedfc5122154e346fe7c65500d,copied,0,2
20948a5cf385cc31,smoking_0518_jpg,train,train,smoking_0518_jpg.rf.b684f87ff862a64e6875fa705ef1c6a1.jpg,smoking_0518_jpg.rf.b684f87ff862a64e6875fa705ef1c6a1.jpg,382feddc73c75ca013ae23d94b11065fd377fed78ad7b04ab0d0cca3ef72bf45,382feddc73c75ca013ae23d94b11065fd377fed78ad7b04ab0d0cca3ef72bf45,copied,0,1
209946dd911a139b,000570_jpg,train,train,000570_jpg.rf.12b7e89ca982447397e3c22165112057.jpg,000570_jpg.rf.12b7e89ca982447397e3c22165112057.jpg,425dba27d6e93c7f14e01ee74593e72f712aa9c21878d072273abb4ee00428a3,425dba27d6e93c7f14e01ee74593e72f712aa9c21878d072273abb4ee00428a3,copied,0,2
21029bd04098bfd5,smoking_0948_jpg,train,train,smoking_0948_jpg.rf.d4712fa139c9891d00b64d31d7e50ed8.jpg,smoking_0948_jpg.rf.d4712fa139c9891d00b64d31d7e50ed8.jpg,d51c7df5ac208108e952dd11fec3b62dfb14112070f7b8fe1f87bcc63ce78658,d51c7df5ac208108e952dd11fec3b62dfb14112070f7b8fe1f87bcc63ce78658,copied,0,1
211d9f179356426b,smoking_0745_jpg,train,test,smoking_0745_jpg.rf.d98147bdb0f5f38df83425ebe8d9978d.jpg,smoking_0745_jpg.rf.d98147bdb0f5f38df83425ebe8d9978d.jpg,6e3ad0a71a5bce73ef70b2970d873b2dd0c61eb52c4fb8b6a1769e5e96956717,6e3ad0a71a5bce73ef70b2970d873b2dd0c61eb52c4fb8b6a1769e5e96956717,copied,0,0
211f518a03ebe985,c00550_png_jpg,train,train,c00550_png_jpg.rf.0fb2877646d8a68c2c03550908221cf2.jpg,c00550_png_jpg.rf.0fb2877646d8a68c2c03550908221cf2.jpg,bad339c2282604cc09b381077b3d487305c9aa991e57a0ae9e896d52d2557512,bad339c2282604cc09b381077b3d487305c9aa991e57a0ae9e896d52d2557512,copied,0,2
2187d243c36fe4ad,1ac3d465ea875ed0_jpg,train,train,1ac3d465ea875ed0_jpg.rf.94a444d4e753f327623053e762947af6.jpg,1ac3d465ea875ed0_jpg.rf.94a444d4e753f327623053e762947af6.jpg,a4e2bc47fc4786ef4eee61fc2b1fa479a2c68656b364533593dd58a4aa647f9b,a4e2bc47fc4786ef4eee61fc2b1fa479a2c68656b364533593dd58a4aa647f9b,copied,1,
21a111de05437b18,smoking_0969_jpg,valid,train,smoking_0969_jpg.rf.b1cb4de7aa4966eef8292994839d3c69.jpg,smoking_0969_jpg.rf.b1cb4de7aa4966eef8292994839d3c69.jpg,3d9e1de0c793ed3a2c682b88670fb9018a8a27d3f1e165d44306455a4b54b36d,3d9e1de0c793ed3a2c682b88670fb9018a8a27d3f1e165d44306455a4b54b36d,copied,0,0
21cc2ba9ae1823b5,imadadages_jpg,train,train,imadadages_jpg.rf.96f2fe965bf9e0bd1e85e210b87fee33.jpg,imadadages_jpg.rf.96f2fe965bf9e0bd1e85e210b87fee33.jpg,764650948ffc8ac474ad4830d34ddc768f9b3e05328a80a87d25508cb5137f1c,764650948ffc8ac474ad4830d34ddc768f9b3e05328a80a87d25508cb5137f1c,copied,0,1
21e5833f9542f7ae,IMG_5086,valid,train,IMG_5086.jpg,IMG_5086.jpg,c37fd1970c8d316cfd7845f7421856ee48832a170c76993844ccbb655ddb93c8,711f737a34bfce3a33fe6658b0853112edd9c821ebc8b23bace55eb2c2bd1165,converted_heic_to_jpeg,1,
22056c9af637c94b,WIN_20220507_23_10_43_Pro_jpg,valid,train,WIN_20220507_23_10_43_Pro_jpg.rf.56d2d2d89f68eb76cd638667941fa0dc.jpg,WIN_20220507_23_10_43_Pro_jpg.rf.56d2d2d89f68eb76cd638667941fa0dc.jpg,8ae4ebe11c085ab60ac2e0cfc19f57147727136873a8097b1aff05f3875d4014,8ae4ebe11c085ab60ac2e0cfc19f57147727136873a8097b1aff05f3875d4014,copied,0,1
2208d4e32d70f17a,bb0607_jpg,train,train,bb0607_jpg.rf.332d72a99176145d6c148516941383f7.jpg,bb0607_jpg.rf.332d72a99176145d6c148516941383f7.jpg,7b48e53eab8ab45d8791357809b6dc47ffcf4ddf3eb86dff73d04e43b8550d68,7b48e53eab8ab45d8791357809b6dc47ffcf4ddf3eb86dff73d04e43b8550d68,copied,0,2
22166960d2d72a3f,smoking_0062_jpg,train,train,smoking_0062_jpg.rf.9c489c6576964d458d9680c619fad1b1.jpg,smoking_0062_jpg.rf.9c489c6576964d458d9680c619fad1b1.jpg,c8a511cc064bb4a50276b603a764eb2c0f351f97e3633facda04039aef65cd7e,c8a511cc064bb4a50276b603a764eb2c0f351f97e3633facda04039aef65cd7e,copied,0,0
227851418a12d237,smoking_0907_jpg,train,train,smoking_0907_jpg.rf.b790e3b96e3c6ac2bd119917f4930873.jpg,smoking_0907_jpg.rf.b790e3b96e3c6ac2bd119917f4930873.jpg,b1c554432df573419201e331452510ea24f83466e983a7892f784024ca1b269f,b1c554432df573419201e331452510ea24f83466e983a7892f784024ca1b269f,copied,0,0
22a9a104767f2ccb,smoking_0726_jpg,train,train,smoking_0726_jpg.rf.eb9ee69a0c2e8593879dbcc451513aeb.jpg,smoking_0726_jpg.rf.eb9ee69a0c2e8593879dbcc451513aeb.jpg,c72c0879aac0bca3796d4eae3cd56ceee38e65ef4aa5b77a3a0f5b933893043d,c72c0879aac0bca3796d4eae3cd56ceee38e65ef4aa5b77a3a0f5b933893043d,copied,0,0
235068f34f0a3070,smoking_0971_jpg,train,train,smoking_0971_jpg.rf.ac8ede23b44d29ee63a00e6dc784ed1d.jpg,smoking_0971_jpg.rf.ac8ede23b44d29ee63a00e6dc784ed1d.jpg,3c4c1a2a1654ebfddeb72e10e223f8166ad0f249f59349f807a2e92f92d0fd54,3c4c1a2a1654ebfddeb72e10e223f8166ad0f249f59349f807a2e92f92d0fd54,copied,0,0
2373e19947e2a8ff,smoking_0691_jpg,train,train,smoking_0691_jpg.rf.679fe534b5932ed379719c5da7c1c167.jpg,smoking_0691_jpg.rf.679fe534b5932ed379719c5da7c1c167.jpg,058fe3c46364134d73119ea5e44c180faeb25d4e6c436ab67192a7a882bd9f4d,058fe3c46364134d73119ea5e44c180faeb25d4e6c436ab67192a7a882bd9f4d,copied,0,0
237d1d32947a436b,c00295_jpg,train,valid,c00295_jpg.rf.07cc6ce8c1d12306104d8ade3f0a1e70.jpg,c00295_jpg.rf.07cc6ce8c1d12306104d8ade3f0a1e70.jpg,8370d00b089daf97642667b081bd3b49ddbebf31a08091f297edc12100a6ab96,8370d00b089daf97642667b081bd3b49ddbebf31a08091f297edc12100a6ab96,copied,0,2
23ab59ccd6e954bc,c00066_jpg,train,train,c00066_jpg.rf.297af0f2cd76d835ff90f16a75c5a2c2.jpg,c00066_jpg.rf.297af0f2cd76d835ff90f16a75c5a2c2.jpg,4203a8872dd0d97159a9dff95ed15e4f463fb0ee6d277de498c755460064a80c,4203a8872dd0d97159a9dff95ed15e4f463fb0ee6d277de498c755460064a80c,copied,0,2
23e586f8bff41292,1697099948940_JPEG_jpg,train,train,1697099948940_JPEG_jpg.rf.08a3bf59c036f62c7145149917a544a2.jpg,1697099948940_JPEG_jpg.rf.08a3bf59c036f62c7145149917a544a2.jpg,d3c0b2a2328d392207e34deb955ac532bf2fc00ee83992e39bae376b22b99080,d3c0b2a2328d392207e34deb955ac532bf2fc00ee83992e39bae376b22b99080,copied,0,0
24212ad40a619a2f,bb0667_jpg,train,train,bb0667_jpg.rf.055db0d9b9c8e230206a73f950028ca5.jpg,bb0667_jpg.rf.055db0d9b9c8e230206a73f950028ca5.jpg,f10f588c26b71802706081d02899bb07cf242a0753f5df914098b6507c40f9ea,f10f588c26b71802706081d02899bb07cf242a0753f5df914098b6507c40f9ea,copied,0,2
2429c92a3f40f342,smoking_0275_jpg,train,valid,smoking_0275_jpg.rf.1bcc9aeda95d240a41db977c10ceb793.jpg,smoking_0275_jpg.rf.1bcc9aeda95d240a41db977c10ceb793.jpg,72a957a2ca9ba06a32fda7ba5bae10073f1c4d69a381ec0525d11264c6dd155b,72a957a2ca9ba06a32fda7ba5bae10073f1c4d69a381ec0525d11264c6dd155b,copied,0,0
2431393060c5ee17,IMG_4402_jpg,train,valid,IMG_4402_jpg.rf.16fe2636b22c77c8b266ebe360959c22.jpg,IMG_4402_jpg.rf.16fe2636b22c77c8b266ebe360959c22.jpg,789171a892af280381a3a12eab8ebab92c1090e807172802a70f62d0e04389f2,789171a892af280381a3a12eab8ebab92c1090e807172802a70f62d0e04389f2,copied,0,0
24795f055c683303,b00222_jpg,train,train,b00222_jpg.rf.664b9b2d164bf077ca70125d063f5dd4.jpg,b00222_jpg.rf.664b9b2d164bf077ca70125d063f5dd4.jpg,b8b2e64c69c4920383aca16c82d99716fe382e3ebe75ac617bafa13ea7f495a7,b8b2e64c69c4920383aca16c82d99716fe382e3ebe75ac617bafa13ea7f495a7,copied,0,2
24900970af2cd4fd,bb0406_jpg,train,train,bb0406_jpg.rf.0232d5d94b18a322ce3dd902636a9ed3.jpg,bb0406_jpg.rf.0232d5d94b18a322ce3dd902636a9ed3.jpg,1152e87e8a7745496b370f3279229be2216e8a561a3cca60e82f9e9219ce7b9f,1152e87e8a7745496b370f3279229be2216e8a561a3cca60e82f9e9219ce7b9f,copied,0,2
24d3b0cf02d2b684,c00429_jpg,valid,test,c00429_jpg.rf.6e5c822c22f025b10ccc0771fff59e73.jpg,c00429_jpg.rf.6e5c822c22f025b10ccc0771fff59e73.jpg,ae81c4f280e88986550074ee92d0040f19b22b5b0cc0e4bf33e24329dfefb535,ae81c4f280e88986550074ee92d0040f19b22b5b0cc0e4bf33e24329dfefb535,copied,0,2
24d3de829cec3633,smoking_0475_jpg,train,train,smoking_0475_jpg.rf.a63ccbeedfe5e69c03c0c5a109f4e2e5.jpg,smoking_0475_jpg.rf.a63ccbeedfe5e69c03c0c5a109f4e2e5.jpg,5b4bb1ed4555390e4e0cde90dd2ffa74bca0928df38b88c7b38392d30acc479e,5b4bb1ed4555390e4e0cde90dd2ffa74bca0928df38b88c7b38392d30acc479e,copied,0,1
24eb76fbca025ee3,1697095266570_JPEG_jpg,train,train,1697095266570_JPEG_jpg.rf.0369f33523e1791ca2fcb3291558a138.jpg,1697095266570_JPEG_jpg.rf.0369f33523e1791ca2fcb3291558a138.jpg,200f2dd09a7b76987d45e31ba691f46f2f7bcb0506813999e69836422d1f9455,200f2dd09a7b76987d45e31ba691f46f2f7bcb0506813999e69836422d1f9455,copied,0,0
24f682180ec3b24c,imaddgdes_jpg,train,train,imaddgdes_jpg.rf.aa5edde9efa3edf9b5481eb65c115287.jpg,imaddgdes_jpg.rf.aa5edde9efa3edf9b5481eb65c115287.jpg,09540589d3cc0fd7c0dbd76419e4530bc0f314bec925282d84d4779cddab5787,09540589d3cc0fd7c0dbd76419e4530bc0f314bec925282d84d4779cddab5787,copied,0,1
25ad5c037bf1c830,c00346_jpg,train,train,c00346_jpg.rf.0d70f21fae6c866b088f145bfd4ea4de.jpg,c00346_jpg.rf.0d70f21fae6c866b088f145bfd4ea4de.jpg,fc68220134b5c56dbe72ec004540c6f49b7a0a37ead3310f988c7a77aa270c1f,fc68220134b5c56dbe72ec004540c6f49b7a0a37ead3310f988c7a77aa270c1f,copied,0,2
25b63a1216de7a93,smoking_0038_jpg,valid,train,smoking_0038_jpg.rf.fe09f52b420871b0739835d5a9c24285.jpg,smoking_0038_jpg.rf.fe09f52b420871b0739835d5a9c24285.jpg,da445a5cf1902c8644e8608b4583995ef264e34587664b9d708d89e12f659c3a,da445a5cf1902c8644e8608b4583995ef264e34587664b9d708d89e12f659c3a,copied,0,0
25e72dbfc2824945,smoking_0434_jpg,valid,train,smoking_0434_jpg.rf.7a4e616007ca9065ea897d6e88c5874b.jpg,smoking_0434_jpg.rf.7a4e616007ca9065ea897d6e88c5874b.jpg,76f96246a2592c985090976301d2d5b4a67da308dfd4d84d76d29eccfc995145,76f96246a2592c985090976301d2d5b4a67da308dfd4d84d76d29eccfc995145,copied,0,0
262c08a68d70e8cb,113c2964de90903e_jpg,train,train,113c2964de90903e_jpg.rf.c82e1ded35339848b0c7bb8fdc48993b.jpg,113c2964de90903e_jpg.rf.c82e1ded35339848b0c7bb8fdc48993b.jpg,4832a35ef0267546adab6b6e8c2083681108f07e989bd5e86c02e8fa2d2724e2,4832a35ef0267546adab6b6e8c2083681108f07e989bd5e86c02e8fa2d2724e2,copied,1,
263fb42e208b3a94,smoking_0699_jpg,valid,train,smoking_0699_jpg.rf.a13fddecd8508fc6bce1dae876f33274.jpg,smoking_0699_jpg.rf.a13fddecd8508fc6bce1dae876f33274.jpg,ccb0d3dbd0f559c51c070ec2c2d3e88758368cb875ecfe1db5fe2df75b40a750,ccb0d3dbd0f559c51c070ec2c2d3e88758368cb875ecfe1db5fe2df75b40a750,copied,0,0
26587dab714a22c9,smoking_1117_jpg,train,train,smoking_1117_jpg.rf.cafa15da27a08be8cb7aba0d351e8e8b.jpg,smoking_1117_jpg.rf.cafa15da27a08be8cb7aba0d351e8e8b.jpg,8d9593e1425ee3b4ff4096fa3c66f405064e2309844b39ac0925a7c01f5dfa1e,8d9593e1425ee3b4ff4096fa3c66f405064e2309844b39ac0925a7c01f5dfa1e,copied,0,0
26716d10a27af55a,smoking_0654_jpg,train,train,smoking_0654_jpg.rf.85e7900c9506c4d8680baf9a2f88a796.jpg,smoking_0654_jpg.rf.85e7900c9506c4d8680baf9a2f88a796.jpg,3ed157fac4c35dab68d5aec9622275d8edfe704afe458bb4244c157c5a387d71,3ed157fac4c35dab68d5aec9622275d8edfe704afe458bb4244c157c5a387d71,copied,0,1
26960ebde3f07477,images-65-_jpg,train,train,images-65-_jpg.rf.05d1d4f677348fe97f1d9a08363f9bab.jpg,images-65-_jpg.rf.05d1d4f677348fe97f1d9a08363f9bab.jpg,715e9386ece76b295db549785ef3047b10031149ce4e0fa950a65e7ca4fb8edc,715e9386ece76b295db549785ef3047b10031149ce4e0fa950a65e7ca4fb8edc,copied,0,1
26bee4a30617c6d6,smoking_0155_jpg,train,train,smoking_0155_jpg.rf.32de9813fc42fb07235d4497abcf02ff.jpg,smoking_0155_jpg.rf.32de9813fc42fb07235d4497abcf02ff.jpg,f0d3e7a131bfa7fb576f07222407eea804c9ac3fe47e6011e470692d071cd5e0,f0d3e7a131bfa7fb576f07222407eea804c9ac3fe47e6011e470692d071cd5e0,copied,0,0
26d5d03e33ea60b6,WIN_20220507_21_28_58_Pro_jpg,train,train,WIN_20220507_21_28_58_Pro_jpg.rf.1206522e5a11c96cbedd8467440b3a4e.jpg,WIN_20220507_21_28_58_Pro_jpg.rf.1206522e5a11c96cbedd8467440b3a4e.jpg,ebebb0c932a220a433611b6ea201f928d2d20c2a7419d14a1e0a70f5ac006df2,ebebb0c932a220a433611b6ea201f928d2d20c2a7419d14a1e0a70f5ac006df2,copied,0,1
27a2c6f86235cc85,0351b82c883ebb39_jpg,train,train,0351b82c883ebb39_jpg.rf.722765cb687616136afbd3b6f26bb492.jpg,0351b82c883ebb39_jpg.rf.722765cb687616136afbd3b6f26bb492.jpg,34ee950992c3185e1585e19593f11f5ed089aa8581044a935c53b446d79ad003,34ee950992c3185e1585e19593f11f5ed089aa8581044a935c53b446d79ad003,copied,1,
27a30bc0ec33c42b,c00198_jpg,train,train,c00198_jpg.rf.327687c46327bc7c2d393124cb40d8a2.jpg,c00198_jpg.rf.327687c46327bc7c2d393124cb40d8a2.jpg,fc613c037bc0e2a74f55ba31bc416514b8f124058a7e9d11cc75f6c45f976ff7,fc613c037bc0e2a74f55ba31bc416514b8f124058a7e9d11cc75f6c45f976ff7,copied,0,2
27a5508240557828,000159_JPEG_jpg,train,train,000159_JPEG_jpg.rf.083bb8295cc0e2f906ca29dfef87584e.jpg,000159_JPEG_jpg.rf.083bb8295cc0e2f906ca29dfef87584e.jpg,ca27e9f9325ecb730e6a22fb519913c1343f89ccb86a9952a1d661ecf3c3baee,ca27e9f9325ecb730e6a22fb519913c1343f89ccb86a9952a1d661ecf3c3baee,copied,0,2
27b9e716c2d428ec,smoking_0029_jpg,train,train,smoking_0029_jpg.rf.9b5e027bb8111c4a304dab3ae04563f5.jpg,smoking_0029_jpg.rf.9b5e027bb8111c4a304dab3ae04563f5.jpg,335ce03cb7fd0c909150dcaf2059a825f01f268653187b1d370b09a8af3db0df,335ce03cb7fd0c909150dcaf2059a825f01f268653187b1d370b09a8af3db0df,copied,0,1
27e40f5e70c4275a,pexels-photo-3842462_jpeg_jpg,valid,train,pexels-photo-3842462_jpeg_jpg.rf.44bf33dd2f5668fdc8690dbcdf5ae5a8.jpg,pexels-photo-3842462_jpeg_jpg.rf.44bf33dd2f5668fdc8690dbcdf5ae5a8.jpg,897a317799d885e8a30486fcde88005d9f738bcdf0563dd47620a202a128fec7,897a317799d885e8a30486fcde88005d9f738bcdf0563dd47620a202a128fec7,copied,0,1
27e831b505e0a62c,smoking_0294_jpg,train,train,smoking_0294_jpg.rf.a2e29ede0d574d3381a01774bf80124f.jpg,smoking_0294_jpg.rf.a2e29ede0d574d3381a01774bf80124f.jpg,79768989e0e3b78de77cd6cd6513252f03c218cdb1290259f42f8dfd36d2ff34,79768989e0e3b78de77cd6cd6513252f03c218cdb1290259f42f8dfd36d2ff34,copied,0,1
2805ee2138e1a500,095c67cb7e5a4503_jpg,train,valid,095c67cb7e5a4503_jpg.rf.f1645ce73e43180144e350d3b9c1900e.jpg,095c67cb7e5a4503_jpg.rf.f1645ce73e43180144e350d3b9c1900e.jpg,2c098bb3cfd6fdc4d61754a94e4f92aafd5be83eccd790fa8938b59ba14cf994,2c098bb3cfd6fdc4d61754a94e4f92aafd5be83eccd790fa8938b59ba14cf994,copied,1,
280b47b9a2337eea,smoking_0842_jpg,train,train,smoking_0842_jpg.rf.49d5d8b5caeb48c25df8b85a01d6dc59.jpg,smoking_0842_jpg.rf.49d5d8b5caeb48c25df8b85a01d6dc59.jpg,59f8873a455df48acb8e32673db4be92b4a0df1166783305a390c2d1c3266f36,59f8873a455df48acb8e32673db4be92b4a0df1166783305a390c2d1c3266f36,copied,0,0
282b2424ac97cb2c,WIN_20220329_21_29_58_Pro_jpg,train,train,WIN_20220329_21_29_58_Pro_jpg.rf.298023d84d66feeea711b6690c40bf30.jpg,WIN_20220329_21_29_58_Pro_jpg.rf.298023d84d66feeea711b6690c40bf30.jpg,882cc19004a62bb1a75ceb641c9cdf084b5e2fd84e8c8b97cad47704c43b945b,882cc19004a62bb1a75ceb641c9cdf084b5e2fd84e8c8b97cad47704c43b945b,copied,0,1
282c6d074ca9b82b,smoking_0696_jpg,valid,train,smoking_0696_jpg.rf.5a8aebf5272b4beae595903f3742151e.jpg,smoking_0696_jpg.rf.5a8aebf5272b4beae595903f3742151e.jpg,c60840ea4d3976779ac52d3bb666d7f186b016749b58e5770d2d521679ec4d0d,c60840ea4d3976779ac52d3bb666d7f186b016749b58e5770d2d521679ec4d0d,copied,0,0
2849a9dba93ee3e9,IMG_4519_jpg,train,test,IMG_4519_jpg.rf.51655e13c8a2cfa51584098353c05990.jpg,IMG_4519_jpg.rf.51655e13c8a2cfa51584098353c05990.jpg,2185fd101601862179c5d14e9817e2ac5f09149f6a0606a36fa39fe43e0a5838,2185fd101601862179c5d14e9817e2ac5f09149f6a0606a36fa39fe43e0a5838,copied,0,0|1
289278d8f739c7c3,images-7-_jpeg_jpg,train,test,images-7-_jpeg_jpg.rf.cb9ede3d441d014e8abc12f74fd3a49a.jpg,images-7-_jpeg_jpg.rf.cb9ede3d441d014e8abc12f74fd3a49a.jpg,3919fbc7508a4ad28f990c96a1a7053b28e46037f021607fcc54e00a619bfc14,3919fbc7508a4ad28f990c96a1a7053b28e46037f021607fcc54e00a619bfc14,copied,0,1
28d25fb0beb60717,smoking_0938_jpg,train,test,smoking_0938_jpg.rf.2ccb306e4d5824c7d0af59f67ab57f2b.jpg,smoking_0938_jpg.rf.2ccb306e4d5824c7d0af59f67ab57f2b.jpg,b469ffc1c6b240abc9a362fc2f7fbee0dabfcd084a5f6a626649d739adbaa346,b469ffc1c6b240abc9a362fc2f7fbee0dabfcd084a5f6a626649d739adbaa346,copied,0,0
28e53a1674d2836a,smoking_0491_jpg,train,test,smoking_0491_jpg.rf.dfd0b7a6a19e9db4cfd7602921dab017.jpg,smoking_0491_jpg.rf.dfd0b7a6a19e9db4cfd7602921dab017.jpg,93cc39d6374aa300b63a88672e0e4507f592e9d1cf9cbe110936ac46b5f68248,93cc39d6374aa300b63a88672e0e4507f592e9d1cf9cbe110936ac46b5f68248,copied,0,0
2909b834477aa6d0,images-37-_jpg,test,test,images-37-_jpg.rf.1623ec3b636ba902f6993ed7f8a4d932.jpg,images-37-_jpg.rf.1623ec3b636ba902f6993ed7f8a4d932.jpg,66f656835d09b05524c6aa7b698b693bcccfc172639179b0df5ba7460e6ac7bb,66f656835d09b05524c6aa7b698b693bcccfc172639179b0df5ba7460e6ac7bb,copied,0,1
292f4cefdfd264a3,1697099879150_JPEG_jpg,valid,valid,1697099879150_JPEG_jpg.rf.78d65c6b46844ddbb5ebd883fb5e3098.jpg,1697099879150_JPEG_jpg.rf.78d65c6b46844ddbb5ebd883fb5e3098.jpg,4dc977777b71833214638791d5bc0756d489a600b5a8d4098795804643c56777,4dc977777b71833214638791d5bc0756d489a600b5a8d4098795804643c56777,copied,0,0
2937e8e69dbd38d7,smoking_0343_jpg,train,train,smoking_0343_jpg.rf.d8f78486d1a8e761414fd23c7015caa7.jpg,smoking_0343_jpg.rf.d8f78486d1a8e761414fd23c7015caa7.jpg,3b140d5bac2defea6b49e80bd551e5a495dfcf452ca417e34c4e0caed491d264,3b140d5bac2defea6b49e80bd551e5a495dfcf452ca417e34c4e0caed491d264,copied,0,0
2977a7de9e5ef4e2,smoking_0358_jpg,valid,test,smoking_0358_jpg.rf.eb78f90fa84504130f02d0c7ac969974.jpg,smoking_0358_jpg.rf.eb78f90fa84504130f02d0c7ac969974.jpg,265ac11b693811d3ffdedbfff4fcf019764a9bc83df2b76c40f0a7c392938f58,265ac11b693811d3ffdedbfff4fcf019764a9bc83df2b76c40f0a7c392938f58,copied,0,0
2980bc040d4eeb9d,smoking_0114_jpg,valid,train,smoking_0114_jpg.rf.ab1d9dcf54686e8282367c44a39726d1.jpg,smoking_0114_jpg.rf.ab1d9dcf54686e8282367c44a39726d1.jpg,24fd6267421b81fde0a95d08c8bf927a29e44c7583ff409934553b362bd427ab,24fd6267421b81fde0a95d08c8bf927a29e44c7583ff409934553b362bd427ab,copied,0,0
2983f88a96e9e466,smoking_0356_jpg,train,train,smoking_0356_jpg.rf.9247125aa3a5eb1b7730bfe86b8a2895.jpg,smoking_0356_jpg.rf.9247125aa3a5eb1b7730bfe86b8a2895.jpg,34ea88549d153c2a99e792291a218a22b1f95a40bf4a11fcecde25f8d581acb3,34ea88549d153c2a99e792291a218a22b1f95a40bf4a11fcecde25f8d581acb3,copied,0,1
299b4b32e963d198,WIN_20220329_21_30_49_Pro_jpg,train,train,WIN_20220329_21_30_49_Pro_jpg.rf.b6f129ff616e30171b0139f563f7dc14.jpg,WIN_20220329_21_30_49_Pro_jpg.rf.b6f129ff616e30171b0139f563f7dc14.jpg,bb370ffdae2fc25a45ac5f29a8453938828972ac28c2c4d6c31b220cbcc33d3f,bb370ffdae2fc25a45ac5f29a8453938828972ac28c2c4d6c31b220cbcc33d3f,copied,0,1
29a3f4facd3848a0,smoking_0460_jpg,test,train,smoking_0460_jpg.rf.01d357f2ded88bd11ae78a6c00e5942e.jpg,smoking_0460_jpg.rf.01d357f2ded88bd11ae78a6c00e5942e.jpg,752fc0b9e57611c1465532c94c6e20249e956c16531d73862fe8710c50e1b2be,752fc0b9e57611c1465532c94c6e20249e956c16531d73862fe8710c50e1b2be,copied,0,0
29a6e616a57c56da,ggg017_jpg,train,train,ggg017_jpg.rf.24d21ca2b227214d417555e951cd4941.jpg,ggg017_jpg.rf.24d21ca2b227214d417555e951cd4941.jpg,7d4deb8aac63c42346dbdee5e38a105a2573be7fb1ad2b7c10e9e517b5f4d8ae,7d4deb8aac63c42346dbdee5e38a105a2573be7fb1ad2b7c10e9e517b5f4d8ae,copied,0,2
29baecb1604b87ed,smoking_0744_jpg,train,train,smoking_0744_jpg.rf.514a9f7010b12d6edc6a1309f26a5da2.jpg,smoking_0744_jpg.rf.514a9f7010b12d6edc6a1309f26a5da2.jpg,a21941d47989688d1d99171fb1d6abac7e4d269ad8b39a01aa0fc3bff89f7543,a21941d47989688d1d99171fb1d6abac7e4d269ad8b39a01aa0fc3bff89f7543,copied,0,1
29e74b61218e83fc,WIN_20220507_21_29_02_Pro_jpg,train,train,WIN_20220507_21_29_02_Pro_jpg.rf.cf1953740491d5a2c0bdbe93dbdf9bb2.jpg,WIN_20220507_21_29_02_Pro_jpg.rf.cf1953740491d5a2c0bdbe93dbdf9bb2.jpg,de07d4babfeb922b5c2f41bf13c74301af3bf96258a45005c6848eb15f99ebaa,de07d4babfeb922b5c2f41bf13c74301af3bf96258a45005c6848eb15f99ebaa,copied,0,1
29ef59b34998aec0,IMG_4374_jpg,valid,train,IMG_4374_jpg.rf.b11364e92586efee64fdb44572a88825.jpg,IMG_4374_jpg.rf.b11364e92586efee64fdb44572a88825.jpg,4bd0cfd5f68116400fdbf074828a7aebe835423013fc24c46892f5a01d2a4f5b,4bd0cfd5f68116400fdbf074828a7aebe835423013fc24c46892f5a01d2a4f5b,copied,0,0
2a08439a39ff0371,bb0541_jpg,train,train,bb0541_jpg.rf.1c554780b361162d6ef6b89316f62005.jpg,bb0541_jpg.rf.1c554780b361162d6ef6b89316f62005.jpg,0d32ec5179b7aa3dc0552a514426a9eec5b26d22ef29abee7b3ddb0cb36a3c86,0d32ec5179b7aa3dc0552a514426a9eec5b26d22ef29abee7b3ddb0cb36a3c86,copied,0,2
2a1a867e217b551d,smoking_0763_jpg,train,train,smoking_0763_jpg.rf.5e714b914c0b02f08e741ad110094cb0.jpg,smoking_0763_jpg.rf.5e714b914c0b02f08e741ad110094cb0.jpg,67eb10a40a3e2a446c90ff8f17bb0da90b070ffd4e8186bc3171dc9fdfd52758,67eb10a40a3e2a446c90ff8f17bb0da90b070ffd4e8186bc3171dc9fdfd52758,copied,0,0
2a41e7724bda8059,smoking_0171_jpg,valid,train,smoking_0171_jpg.rf.7e6f4eea31b4aaf84ee0bafd1c1d6725.jpg,smoking_0171_jpg.rf.7e6f4eea31b4aaf84ee0bafd1c1d6725.jpg,cb93481619696ef5bf6f942c7a2c2dbda0b1eb46db4852bfdb1c23e62f56ce94,cb93481619696ef5bf6f942c7a2c2dbda0b1eb46db4852bfdb1c23e62f56ce94,copied,0,0
2a75097ce9189f26,smoking_0577_jpg,train,train,smoking_0577_jpg.rf.9d6f3894db30733a6d513471d4912902.jpg,smoking_0577_jpg.rf.9d6f3894db30733a6d513471d4912902.jpg,09a0064584aec8377c0abbdb5a0e0dd01bd4084fa324a93bff5add9c57716e9c,09a0064584aec8377c0abbdb5a0e0dd01bd4084fa324a93bff5add9c57716e9c,copied,0,0
2a9daa0bbf789951,1697095267711_JPEG_jpg,train,valid,1697095267711_JPEG_jpg.rf.d289a0952b76db36233c7fd5da50d38f.jpg,1697095267711_JPEG_jpg.rf.d289a0952b76db36233c7fd5da50d38f.jpg,5dad68a43b29afdd04b6b690e4e45ae778ceb0131e053cd0773f1f2ad420fc8d,5dad68a43b29afdd04b6b690e4e45ae778ceb0131e053cd0773f1f2ad420fc8d,copied,0,0
2abee6cb760052c4,smoking_1006_jpg,train,train,smoking_1006_jpg.rf.5e16bbc1c64b7583b7beb0515328fd38.jpg,smoking_1006_jpg.rf.5e16bbc1c64b7583b7beb0515328fd38.jpg,ac0403f32e483f137e7c9bb5677c93b1ffdc09999b9cab73e0fa78740783ea38,ac0403f32e483f137e7c9bb5677c93b1ffdc09999b9cab73e0fa78740783ea38,copied,0,1
2ad07ba62c9490cf,0085364b2034b946_jpg,train,train,0085364b2034b946_jpg.rf.59623adacb53651db78ce6e2c832b7c9.jpg,0085364b2034b946_jpg.rf.59623adacb53651db78ce6e2c832b7c9.jpg,3b3de411611a1e97379b3b84cd96e4ef2b0d86f1d9b38746a81f0464b22568fc,3b3de411611a1e97379b3b84cd96e4ef2b0d86f1d9b38746a81f0464b22568fc,copied,1,
2ae6be409c613c19,indir-6-_jpg,train,train,indir-6-_jpg.rf.0fe04299d238e1c7ac24987c0d06dfd7.jpg,indir-6-_jpg.rf.0fe04299d238e1c7ac24987c0d06dfd7.jpg,d4c39664c6e4f5ab195acb287d6365367967e4aed40ac17b331989def43fa103,d4c39664c6e4f5ab195acb287d6365367967e4aed40ac17b331989def43fa103,copied,0,1
2af35269afb8899c,1ae92aaa6117153e_jpg,train,train,1ae92aaa6117153e_jpg.rf.fb878befc86e0d17e0fff09dcb92a4fd.jpg,1ae92aaa6117153e_jpg.rf.fb878befc86e0d17e0fff09dcb92a4fd.jpg,c04a179a4fa6b4f12ead82448abc7578ef5962b1300b3c3cf4381fb7c650ce7a,c04a179a4fa6b4f12ead82448abc7578ef5962b1300b3c3cf4381fb7c650ce7a,copied,1,
2b390567836ab2b5,smoking_0311_jpg,valid,train,smoking_0311_jpg.rf.7764682c3b3d947aa527795e0c4e4033.jpg,smoking_0311_jpg.rf.7764682c3b3d947aa527795e0c4e4033.jpg,e80a63765c3d61d55d5bd961f1916b1d1b5b396b45cd8fde0c82b4419a1b0058,e80a63765c3d61d55d5bd961f1916b1d1b5b396b45cd8fde0c82b4419a1b0058,copied,0,0
2b6069bae8ffde5c,smoking_0926_jpg,train,train,smoking_0926_jpg.rf.cd2ab37ece4e73939a146a3ed9c378f9.jpg,smoking_0926_jpg.rf.cd2ab37ece4e73939a146a3ed9c378f9.jpg,9256955b66eb81127cea14e2b22cc7fbc1b6916e7e2eabd6b45ad726e25f0321,9256955b66eb81127cea14e2b22cc7fbc1b6916e7e2eabd6b45ad726e25f0321,copied,0,1
2b969b2bd4bd46ac,gg0266_jpg,train,train,gg0266_jpg.rf.2e1bc35edfc257532e9584d363b98920.jpg,gg0266_jpg.rf.2e1bc35edfc257532e9584d363b98920.jpg,178fc342e7ca717f8ddbf4aa6b91bd86cbd919073f2957e80ed31dfba49a111d,178fc342e7ca717f8ddbf4aa6b91bd86cbd919073f2957e80ed31dfba49a111d,copied,0,2
2bbe6e72ac6c692e,a0006-0-0_jpg,valid,test,a0006-0-0_jpg.rf.a1f6cef2198109b039de0a9b5883feb2.jpg,a0006-0-0_jpg.rf.a1f6cef2198109b039de0a9b5883feb2.jpg,848d6c2ec6e15dab98e67067ae5138cd8a28869b177cb7a8c0846f11575d2aa8,848d6c2ec6e15dab98e67067ae5138cd8a28869b177cb7a8c0846f11575d2aa8,copied,0,2
2bd657cd610db337,01a9e5eba0c0c814_jpg,train,train,01a9e5eba0c0c814_jpg.rf.6c31b9d1063b68d61f8fb9824bfbdc78.jpg,01a9e5eba0c0c814_jpg.rf.6c31b9d1063b68d61f8fb9824bfbdc78.jpg,0cad286ee83f69ae59fc9a0ed8deeec90697699f73d212a07dfe8d168e52659a,0cad286ee83f69ae59fc9a0ed8deeec90697699f73d212a07dfe8d168e52659a,copied,1,
2cb094e48652a46f,1697095266615_JPEG_jpg,train,train,1697095266615_JPEG_jpg.rf.0622a6cefcb00f6cf1d00e277383dec2.jpg,1697095266615_JPEG_jpg.rf.0622a6cefcb00f6cf1d00e277383dec2.jpg,c80da3bc9646699fc2a2e875ee98cf11ce626b5e4ce6fae49c7b735ef9e8cc99,c80da3bc9646699fc2a2e875ee98cf11ce626b5e4ce6fae49c7b735ef9e8cc99,copied,0,0
2cb19fea1a6d7121,smoking_0866_jpg,valid,train,smoking_0866_jpg.rf.6b2db6c5bc902c6efe0003ffeec6498b.jpg,smoking_0866_jpg.rf.6b2db6c5bc902c6efe0003ffeec6498b.jpg,bb31b9f3789d107963b8e07954a9a2d31a13b19f06afbdb9271f31766341a4bf,bb31b9f3789d107963b8e07954a9a2d31a13b19f06afbdb9271f31766341a4bf,copied,0,0
2cb5c8821cbb7f60,smoking_1073_jpg,valid,train,smoking_1073_jpg.rf.6f646f64eb2dc111f99e38f125182725.jpg,smoking_1073_jpg.rf.6f646f64eb2dc111f99e38f125182725.jpg,fe34b43bd6d2d17fd51deb45be1cfbfa3504faa90b118b63125c0d32a0408e70,fe34b43bd6d2d17fd51deb45be1cfbfa3504faa90b118b63125c0d32a0408e70,copied,0,0
2cbe74d5523de8ab,ggg268_jpg,valid,train,ggg268_jpg.rf.2b988449b23096dd298e7a15041d620f.jpg,ggg268_jpg.rf.2b988449b23096dd298e7a15041d620f.jpg,e25fe898a882746944c3798deb897e62980fa847c8517203b3de4c127030072d,e25fe898a882746944c3798deb897e62980fa847c8517203b3de4c127030072d,copied,0,2
2cc42a62674dc5e4,smoking_0288_jpg,train,test,smoking_0288_jpg.rf.2f66eb20bac8ec40279729d1d5c313f3.jpg,smoking_0288_jpg.rf.2f66eb20bac8ec40279729d1d5c313f3.jpg,c599dd51203dbb3b9519b20011e16061d2725e591a81aef3eb991a976a9d144e,c599dd51203dbb3b9519b20011e16061d2725e591a81aef3eb991a976a9d144e,copied,0,0
2cddcda1d4706734,smoking_0157_jpg,test,train,smoking_0157_jpg.rf.25eb93f95353b9ea337a1426d58dd84d.jpg,smoking_0157_jpg.rf.25eb93f95353b9ea337a1426d58dd84d.jpg,db3121922e3fc52ffa1caab91f95aa73a452a767c58ae0e2a1e86d2007230854,db3121922e3fc52ffa1caab91f95aa73a452a767c58ae0e2a1e86d2007230854,copied,0,0
2cf74b2066c229a2,images-15-_jpeg_jpg,train,valid,images-15-_jpeg_jpg.rf.aa26c9ddde19b481ea6b20d65d677d65.jpg,images-15-_jpeg_jpg.rf.aa26c9ddde19b481ea6b20d65d677d65.jpg,520b2b7ed9a2aa7b57c9a5f78757efe232e4f60b077e8160191062d38375b5cb,520b2b7ed9a2aa7b57c9a5f78757efe232e4f60b077e8160191062d38375b5cb,copied,0,1
2d14ac41c527a745,indir-7-_jpg,train,train,indir-7-_jpg.rf.bcd7666cd2eeef9ea71749f10f8f5256.jpg,indir-7-_jpg.rf.bcd7666cd2eeef9ea71749f10f8f5256.jpg,d9e344534896c24698cb96a25e9fb7c8cfd050fe8be5f1c2365dd3a307e61488,d9e344534896c24698cb96a25e9fb7c8cfd050fe8be5f1c2365dd3a307e61488,copied,0,1
2d351928a6da155d,1697099949106_JPEG_jpg,train,train,1697099949106_JPEG_jpg.rf.0ab13eb65046eef52e3f89a68b1ac041.jpg,1697099949106_JPEG_jpg.rf.0ab13eb65046eef52e3f89a68b1ac041.jpg,53f37a3c287ccbfa4565e58e9bbf4c43712474e40b1f594e2cefa1aed26b59d9,53f37a3c287ccbfa4565e58e9bbf4c43712474e40b1f594e2cefa1aed26b59d9,copied,0,0
2d6fd543dead743a,IMG_4547_jpg,train,train,IMG_4547_jpg.rf.397d7d39940885b9a9da908ccd5ff11d.jpg,IMG_4547_jpg.rf.397d7d39940885b9a9da908ccd5ff11d.jpg,44d6aa12b8c679a3dc25a9e7df0b6dac6205388568cb02af4b52cd1e2f12e934,44d6aa12b8c679a3dc25a9e7df0b6dac6205388568cb02af4b52cd1e2f12e934,copied,0,0|1
2d85a403345a185b,smoking_0225_jpg,test,test,smoking_0225_jpg.rf.e8f3c9e09f357dc257283738a36ebe5b.jpg,smoking_0225_jpg.rf.e8f3c9e09f357dc257283738a36ebe5b.jpg,915f5f6278544541dfd3967cee6a326053b164f993da8c04c51fb45b65380336,915f5f6278544541dfd3967cee6a326053b164f993da8c04c51fb45b65380336,copied,0,0
2d967b4cc1557fdb,c00344_jpg,train,train,c00344_jpg.rf.328f9dd40ddf9255aa7f3dea9419d599.jpg,c00344_jpg.rf.328f9dd40ddf9255aa7f3dea9419d599.jpg,259be1412524e36fbb64e420567980bf11aa356cc2717d83935aa5a4c4ced343,259be1412524e36fbb64e420567980bf11aa356cc2717d83935aa5a4c4ced343,copied,0,2
2dbaae6f5d98e354,bb0301_jpg,train,train,bb0301_jpg.rf.53bf15313a74ababc39b7d260bcfe45c.jpg,bb0301_jpg.rf.53bf15313a74ababc39b7d260bcfe45c.jpg,8a20b756609c2c511ff725fdb29262ee6b0456bbf6b8146a03831610360ebbbc,8a20b756609c2c511ff725fdb29262ee6b0456bbf6b8146a03831610360ebbbc,copied,0,2
2dbfc152322a3fde,1697099983395_JPEG_jpg,train,train,1697099983395_JPEG_jpg.rf.0c84ceb6147363d16e0ca8b8d136e650.jpg,1697099983395_JPEG_jpg.rf.0c84ceb6147363d16e0ca8b8d136e650.jpg,c4437e20aabd4281779853731d87ca11e15b29312744f90e1b6beb73c2523dcd,c4437e20aabd4281779853731d87ca11e15b29312744f90e1b6beb73c2523dcd,copied,0,0
2de086bb44b77b4f,smoking_0920_jpg,train,test,smoking_0920_jpg.rf.9570e9182a271b9d8880b73596450b3a.jpg,smoking_0920_jpg.rf.9570e9182a271b9d8880b73596450b3a.jpg,acd3283cb51cbc510fa076ba87966886664f8627734011c19d980bb16d293ae8,acd3283cb51cbc510fa076ba87966886664f8627734011c19d980bb16d293ae8,copied,0,0
2df7f2991dcfa0c3,04b4b17482bc0db5_jpg,valid,train,04b4b17482bc0db5_jpg.rf.80f05030b2c77f5e21aa4d522931e8f2.jpg,04b4b17482bc0db5_jpg.rf.80f05030b2c77f5e21aa4d522931e8f2.jpg,03229632ad57f154f0b0c93f245dc343ad13a7332c508c3589a7b4ca3605018f,03229632ad57f154f0b0c93f245dc343ad13a7332c508c3589a7b4ca3605018f,copied,1,
2e372cf7e43ece84,M_00936_png_jpg,train,train,M_00936_png_jpg.rf.17e2f2b60acc773af6fda700b51ee3d9.jpg,M_00936_png_jpg.rf.17e2f2b60acc773af6fda700b51ee3d9.jpg,d1fbd5deae8fb1fc747e14398f117dc53052f2443fbba3ae3965e42cc1af54a5,d1fbd5deae8fb1fc747e14398f117dc53052f2443fbba3ae3965e42cc1af54a5,copied,0,2
2e52f5a7ffd61e34,images-6-_jpeg_jpg,valid,train,images-6-_jpeg_jpg.rf.5a8f75b9c26790ea2668cfe2b6a04740.jpg,images-6-_jpeg_jpg.rf.5a8f75b9c26790ea2668cfe2b6a04740.jpg,bce701ee5f3d17c66300cdb3a1e4dd28b986f625c463805e96b61b00cd9e2fc5,bce701ee5f3d17c66300cdb3a1e4dd28b986f625c463805e96b61b00cd9e2fc5,copied,0,1
2e5a2c6f710e2d0d,WIN_20220507_21_27_13_Pro_jpg,train,train,WIN_20220507_21_27_13_Pro_jpg.rf.d29c1a7b673e15c66fc7c8e7638155e1.jpg,WIN_20220507_21_27_13_Pro_jpg.rf.d29c1a7b673e15c66fc7c8e7638155e1.jpg,2e4734a13c939195d74488ad8b170e22993a1d9ef8c24328df2e9898178663b7,2e4734a13c939195d74488ad8b170e22993a1d9ef8c24328df2e9898178663b7,copied,0,1
2eb9c9b858a39a90,180546ebab840911_jpg,valid,valid,180546ebab840911_jpg.rf.daf5601730a208a770416b4dce148240.jpg,180546ebab840911_jpg.rf.daf5601730a208a770416b4dce148240.jpg,2b810e334b55ca9aeb36ae76dcae6c848f87aefd718bda47dbc36415782daeba,2b810e334b55ca9aeb36ae76dcae6c848f87aefd718bda47dbc36415782daeba,copied,1,
2ec7d094ae185eaf,3ed7af3dcbccc86a_jpg,train,train,3ed7af3dcbccc86a_jpg.rf.3f8fd732922c9abce076246674953f65.jpg,3ed7af3dcbccc86a_jpg.rf.3f8fd732922c9abce076246674953f65.jpg,7c2a996337075eed498a494c3ca7bed26fb7f0b409bc7c5f17b824509ba38d4d,7c2a996337075eed498a494c3ca7bed26fb7f0b409bc7c5f17b824509ba38d4d,copied,1,
2ed7f9db58ba297c,smoking_0007_jpg,test,train,smoking_0007_jpg.rf.fac85d70f12048c6f0cdfee04d07218b.jpg,smoking_0007_jpg.rf.fac85d70f12048c6f0cdfee04d07218b.jpg,d00e96907249ca8f5f1dd3f439ad4843d32e2648ba158ce8ab78b6784ea72b62,d00e96907249ca8f5f1dd3f439ad4843d32e2648ba158ce8ab78b6784ea72b62,copied,0,0
2efe38fd51f0e737,smoking_0346_jpg,train,train,smoking_0346_jpg.rf.87b87b03cc1cdd3eaae296dbb616c396.jpg,smoking_0346_jpg.rf.87b87b03cc1cdd3eaae296dbb616c396.jpg,9323e1656e4e4f93244e7355c06f18549ed406c1c2c541f66772b836c5466a79,9323e1656e4e4f93244e7355c06f18549ed406c1c2c541f66772b836c5466a79,copied,0,1
2f687b4a1a13c808,smoking_1122_jpg,train,train,smoking_1122_jpg.rf.100ca9f09483ef38ce7e2f53151ed213.jpg,smoking_1122_jpg.rf.100ca9f09483ef38ce7e2f53151ed213.jpg,37148dc2503b092dfb2b3c599bc67036464d44168b087b9ed7b0d7ed71331d29,37148dc2503b092dfb2b3c599bc67036464d44168b087b9ed7b0d7ed71331d29,copied,0,0
2f7ce797d3b4926f,gg0128_jpg,train,train,gg0128_jpg.rf.1478c1206b89dd0e21d3950219806ba0.jpg,gg0128_jpg.rf.1478c1206b89dd0e21d3950219806ba0.jpg,7865a1545cc9062f6c1f5123193484c175968f7bd536658cf604664a081a0fc0,7865a1545cc9062f6c1f5123193484c175968f7bd536658cf604664a081a0fc0,copied,0,2
2f8eb2419d131b39,smoking_0421_jpg,train,train,smoking_0421_jpg.rf.56a5594c16f9207800a00f7bbf1caef6.jpg,smoking_0421_jpg.rf.56a5594c16f9207800a00f7bbf1caef6.jpg,0af8c1b0720cc17a0ef9f952db89c5885a40e5127402cf477f71e5169ac32a8a,0af8c1b0720cc17a0ef9f952db89c5885a40e5127402cf477f71e5169ac32a8a,copied,0,0
2fa38f4a0f9f6cc2,gg0081_jpg,train,test,gg0081_jpg.rf.487bdff78628dc38e15abed167a466f2.jpg,gg0081_jpg.rf.487bdff78628dc38e15abed167a466f2.jpg,72bba1a50cd33f69169dfa756c463c381cb593285710dff0eeaf6cc655f90479,72bba1a50cd33f69169dfa756c463c381cb593285710dff0eeaf6cc655f90479,copied,0,2
2fa4f51d8878b4ce,1697099897680_JPEG_jpg,train,train,1697099897680_JPEG_jpg.rf.4bb84883ebf2cdca643033c1a7a2cb1a.jpg,1697099897680_JPEG_jpg.rf.4bb84883ebf2cdca643033c1a7a2cb1a.jpg,40c14170d1076152d40e8178d4da7bbdfee8fb833d031efe15c2988ebf2d524c,40c14170d1076152d40e8178d4da7bbdfee8fb833d031efe15c2988ebf2d524c,copied,0,0
304f76a44609fb6e,smoking_0160_jpg,train,train,smoking_0160_jpg.rf.4bfee67e37ba770212390eee70d7ce22.jpg,smoking_0160_jpg.rf.4bfee67e37ba770212390eee70d7ce22.jpg,e21f2215f2bbb30a67b50ab547ba44e587b84530a791d95519e6ea3ec7e99839,e21f2215f2bbb30a67b50ab547ba44e587b84530a791d95519e6ea3ec7e99839,copied,0,1
305da2aaa87b8e1b,images-106-_jpg,valid,test,images-106-_jpg.rf.04cf5693eabf56a4818bc0b1c7a92a68.jpg,images-106-_jpg.rf.04cf5693eabf56a4818bc0b1c7a92a68.jpg,1782e75d885d1690a2de46f29bbbd444f2ab7b9703c45bbab65c3d2e7a01a001,1782e75d885d1690a2de46f29bbbd444f2ab7b9703c45bbab65c3d2e7a01a001,copied,0,1
3062a8b23402a767,WIN_20220507_20_59_19_Pro_jpg,train,train,WIN_20220507_20_59_19_Pro_jpg.rf.d1b165a45d2e15c89f1ed16eae9695e6.jpg,WIN_20220507_20_59_19_Pro_jpg.rf.d1b165a45d2e15c89f1ed16eae9695e6.jpg,4a97f097dc78e7a1cd57ce34b5835c6f864c1ce438cca3323f512574fb28e3db,4a97f097dc78e7a1cd57ce34b5835c6f864c1ce438cca3323f512574fb28e3db,copied,0,1
30b0ae2e6dfb4f25,imagaaes_jpg,valid,valid,imagaaes_jpg.rf.682dfb2fbfffb841e645fd2f53f11080.jpg,imagaaes_jpg.rf.682dfb2fbfffb841e645fd2f53f11080.jpg,474289535b64a647cdcbd80d936ea4cdb13e132f1a249a2f853dd51836c5c27e,474289535b64a647cdcbd80d936ea4cdb13e132f1a249a2f853dd51836c5c27e,copied,0,1
30c89ca289c5dc13,smoking_1102_jpg,train,train,smoking_1102_jpg.rf.e2cf00e89b7b0a716bb5fe83fd3148af.jpg,smoking_1102_jpg.rf.e2cf00e89b7b0a716bb5fe83fd3148af.jpg,b79af701741c3d2e29137f06dd8415708180ce3bbd3e0b6993ece329ab49d21d,b79af701741c3d2e29137f06dd8415708180ce3bbd3e0b6993ece329ab49d21d,copied,0,1
30cd6f748b1b7c75,bb0577_jpg,train,train,bb0577_jpg.rf.1623816dc2717812d8271d5fe73766c7.jpg,bb0577_jpg.rf.1623816dc2717812d8271d5fe73766c7.jpg,49045289b646af5890bdc0b2b2ed2a55d2cd049ff8c9d531154a37b9f2841edd,49045289b646af5890bdc0b2b2ed2a55d2cd049ff8c9d531154a37b9f2841edd,copied,0,2
30db0883f1bcff74,smoking_0040_jpg,train,train,smoking_0040_jpg.rf.f9eff08076d14442f79c5e458c9f06e6.jpg,smoking_0040_jpg.rf.f9eff08076d14442f79c5e458c9f06e6.jpg,a86ead42ecca95c58c3bd575cee9fc6f9baef787d049d6a7c7d81649817fa2fb,a86ead42ecca95c58c3bd575cee9fc6f9baef787d049d6a7c7d81649817fa2fb,copied,0,0
30ea19503b89b34d,images-50-_jpg,train,valid,images-50-_jpg.rf.11efdfe0c2ddca433bbed867aec2bfcd.jpg,images-50-_jpg.rf.11efdfe0c2ddca433bbed867aec2bfcd.jpg,2eff62cd971b08d18b0fcae0e474273ae2a443ea85b1ade6af56ef93012ab3d9,2eff62cd971b08d18b0fcae0e474273ae2a443ea85b1ade6af56ef93012ab3d9,copied,0,1
30ffff3aa4263ad3,2948bf74bfb7f1d4_jpg,train,train,2948bf74bfb7f1d4_jpg.rf.bd7aafb35d3f27e9c7fc15ce4c9c2854.jpg,2948bf74bfb7f1d4_jpg.rf.bd7aafb35d3f27e9c7fc15ce4c9c2854.jpg,cea0dfab23bfbf582ff89b4ca864c8c9d9673dd9923fb2cae4841b6e47cd3b31,cea0dfab23bfbf582ff89b4ca864c8c9d9673dd9923fb2cae4841b6e47cd3b31,copied,1,
3100e211cc4d1c5d,032f6bfa539ed529_jpg,valid,train,032f6bfa539ed529_jpg.rf.11d831f9519f7fe6cac380497dfcc591.jpg,032f6bfa539ed529_jpg.rf.11d831f9519f7fe6cac380497dfcc591.jpg,a6e1662dbcecfa703ce4b53bb1411887f22e12786dbfd867413ac65dae0b14b0,a6e1662dbcecfa703ce4b53bb1411887f22e12786dbfd867413ac65dae0b14b0,copied,1,
3123a71de3b55970,WIN_20220329_21_29_47_Pro_jpg,train,train,WIN_20220329_21_29_47_Pro_jpg.rf.42089a7064dfa0beb28a72f6682752e2.jpg,WIN_20220329_21_29_47_Pro_jpg.rf.42089a7064dfa0beb28a72f6682752e2.jpg,a48a5a405160ba459e70cabb3bfd9e34cb265cc312e6b2bd5085bef34018b4ed,a48a5a405160ba459e70cabb3bfd9e34cb265cc312e6b2bd5085bef34018b4ed,copied,0,1
3131fdffdd7fd643,smoking_0501_jpg,train,train,smoking_0501_jpg.rf.809b7534500a9da6e41acecf678579ec.jpg,smoking_0501_jpg.rf.809b7534500a9da6e41acecf678579ec.jpg,8ffe1142cac578e352c4ac871fbca9f65a36e5a12b8f3839ea797455e25eaa09,8ffe1142cac578e352c4ac871fbca9f65a36e5a12b8f3839ea797455e25eaa09,copied,0,0
31381b14b003379d,smoking_0917_jpg,test,train,smoking_0917_jpg.rf.a7874c0a648f7f6a1c9de17b888a21a0.jpg,smoking_0917_jpg.rf.a7874c0a648f7f6a1c9de17b888a21a0.jpg,ee82f2a0e29ec82db41780cc63d0dca98850babd957bb1325a864b6792637272,ee82f2a0e29ec82db41780cc63d0dca98850babd957bb1325a864b6792637272,copied,0,0
314f87ed71c28626,bb0486_jpg,train,train,bb0486_jpg.rf.38e6d8d2378af3d327f5a53a75fec314.jpg,bb0486_jpg.rf.38e6d8d2378af3d327f5a53a75fec314.jpg,3712b33b4d75a1b9ce166c0d9596aa7f21cb2feda09fd57e1c38d3e91383b0c4,3712b33b4d75a1b9ce166c0d9596aa7f21cb2feda09fd57e1c38d3e91383b0c4,copied,0,2
31897d8f8ddc99ee,c00034_png_jpg,train,train,c00034_png_jpg.rf.0c242c59e9ead33a6f8bf76eecb22651.jpg,c00034_png_jpg.rf.0c242c59e9ead33a6f8bf76eecb22651.jpg,c688c247ec9c4f364fae0503d529ac04af0b88c09949e52e458791158843ab25,c688c247ec9c4f364fae0503d529ac04af0b88c09949e52e458791158843ab25,copied,0,2
31ceb6e24a8bfa04,smoking_1105_jpg,valid,train,smoking_1105_jpg.rf.58a823bfdfd0610ed10183ef4c4ca139.jpg,smoking_1105_jpg.rf.58a823bfdfd0610ed10183ef4c4ca139.jpg,90d5c456fcefdaad3099b384d108c11b776eecc9743d56b5ba907ec8b3b03b2f,90d5c456fcefdaad3099b384d108c11b776eecc9743d56b5ba907ec8b3b03b2f,copied,0,0
3243a66901fc3517,smoking_0348_jpg,train,train,smoking_0348_jpg.rf.f656c9e559dc9bb88b46d559cbc96519.jpg,smoking_0348_jpg.rf.f656c9e559dc9bb88b46d559cbc96519.jpg,fd750f9ff757054170d2dfdc1e2114adc4fe876e2a606b7e7a21fd913775bfbe,fd750f9ff757054170d2dfdc1e2114adc4fe876e2a606b7e7a21fd913775bfbe,copied,0,0
32448851fffc486d,smoking_0301_jpg,train,train,smoking_0301_jpg.rf.7c08ac7cce26a2f85fb2995b26c333b1.jpg,smoking_0301_jpg.rf.7c08ac7cce26a2f85fb2995b26c333b1.jpg,19f68d3c86c85e377b394c351393034a0f5bfc831aab7af4d03c261e7c9aac28,19f68d3c86c85e377b394c351393034a0f5bfc831aab7af4d03c261e7c9aac28,copied,0,0
324e1e5df14a9334,bb0154_jpg,valid,train,bb0154_jpg.rf.6628e21972851e68f757f843bfb04e6f.jpg,bb0154_jpg.rf.6628e21972851e68f757f843bfb04e6f.jpg,7ad26a7e4c416386e7193c518d5457cd638dda44e61c7c1581b729e863296e1f,7ad26a7e4c416386e7193c518d5457cd638dda44e61c7c1581b729e863296e1f,copied,0,2
32e0614bb99bcab2,smoking_0287_jpg,train,valid,smoking_0287_jpg.rf.a1bf08e53c9defe1d3a01448486a7b0a.jpg,smoking_0287_jpg.rf.a1bf08e53c9defe1d3a01448486a7b0a.jpg,df7bafed45c52843e83ab64180fee96a0ea08c93baf5fefbb84516b62e68e60b,df7bafed45c52843e83ab64180fee96a0ea08c93baf5fefbb84516b62e68e60b,copied,0,0
32ebe6dd2f0f0cb2,M_00953_png_jpg,train,train,M_00953_png_jpg.rf.2c6f5c845a4ef5824510b5ae3c3be61c.jpg,M_00953_png_jpg.rf.2c6f5c845a4ef5824510b5ae3c3be61c.jpg,bf553e40b6745c41adf7c51b53611ea00033235fcb3e82ae56c1078647d5075f,bf553e40b6745c41adf7c51b53611ea00033235fcb3e82ae56c1078647d5075f,copied,0,2
3322cb708bb789f6,WIN_20220507_21_28_32_Pro_jpg,train,train,WIN_20220507_21_28_32_Pro_jpg.rf.30d207b831e9022e1af3d300bedc6b21.jpg,WIN_20220507_21_28_32_Pro_jpg.rf.30d207b831e9022e1af3d300bedc6b21.jpg,ac6166743a3af240f091ca3a1ce5d19c63f92b556d917bc475f3f56e66ade093,ac6166743a3af240f091ca3a1ce5d19c63f92b556d917bc475f3f56e66ade093,copied,0,1
337ee1cb7a858f3d,smoking_0227_jpg,train,test,smoking_0227_jpg.rf.5b257742d87fb5f1a9636ee0ad3077f5.jpg,smoking_0227_jpg.rf.5b257742d87fb5f1a9636ee0ad3077f5.jpg,5d7c536a0dbf7ce131b17becebdbd9dc96c16c20f1de3a02c19253ab243bbf23,5d7c536a0dbf7ce131b17becebdbd9dc96c16c20f1de3a02c19253ab243bbf23,copied,0,0
338abb66be210505,smoking_0151_jpg,train,test,smoking_0151_jpg.rf.4bc4126f4bb7e3e3f48665eb73c9b1df.jpg,smoking_0151_jpg.rf.4bc4126f4bb7e3e3f48665eb73c9b1df.jpg,9e37491a94b772a8cadc5fee178ad79742b65d7abececc54f00520acb3d72fe5,9e37491a94b772a8cadc5fee178ad79742b65d7abececc54f00520acb3d72fe5,copied,0,0
3392a6d872b0999e,IMG_5819_jpg,train,train,IMG_5819_jpg.rf.f3508bd9a07d5d4d96c5d6c609951c34.jpg,IMG_5819_jpg.rf.f3508bd9a07d5d4d96c5d6c609951c34.jpg,06a67dfb54ec34065a76bba1af1dc637034d77921fbfb80a6d0633e165aae6fa,06a67dfb54ec34065a76bba1af1dc637034d77921fbfb80a6d0633e165aae6fa,copied,0,1
33ac7d2dbd3623a2,smoking_0104_jpg,train,train,smoking_0104_jpg.rf.8e45450509c666f56dec16111c19049a.jpg,smoking_0104_jpg.rf.8e45450509c666f56dec16111c19049a.jpg,51d10f0586b96945b66baec34207bd4b01fec7e392e383c0966b2a91d6fe0cfe,51d10f0586b96945b66baec34207bd4b01fec7e392e383c0966b2a91d6fe0cfe,copied,0,0
33c2a4096157c51d,smoking_0393_jpg,train,train,smoking_0393_jpg.rf.67da6aef5bae76478a962393ce5cf590.jpg,smoking_0393_jpg.rf.67da6aef5bae76478a962393ce5cf590.jpg,c5897fcce04e04d277460fee85cc8e3f0dcf6bf164163c219806e671d7276d43,c5897fcce04e04d277460fee85cc8e3f0dcf6bf164163c219806e671d7276d43,copied,0,0
33c7db42b7f9737c,images-52-_jpg,valid,test,images-52-_jpg.rf.3569b61c0ec84e4c687de340e20281a2.jpg,images-52-_jpg.rf.3569b61c0ec84e4c687de340e20281a2.jpg,3b7ad9878eb8458311fc5d59d85f79c3a5bf37bde462289a28344e1f154709ab,3b7ad9878eb8458311fc5d59d85f79c3a5bf37bde462289a28344e1f154709ab,copied,0,1
33cd763fff4fb77b,smoking_0548_jpg,valid,train,smoking_0548_jpg.rf.890d8929ab969079a85777365567dd62.jpg,smoking_0548_jpg.rf.890d8929ab969079a85777365567dd62.jpg,5d15b2fbe5ab59c050413d85107d0e52fe21e4d1c31582827726df86ea738d26,5d15b2fbe5ab59c050413d85107d0e52fe21e4d1c31582827726df86ea738d26,copied,0,0
33d72a8d73d5d90b,IMG_4445_jpg,valid,train,IMG_4445_jpg.rf.a09e1667ce079441e32c5658ad548cc3.jpg,IMG_4445_jpg.rf.a09e1667ce079441e32c5658ad548cc3.jpg,8111969f1d48bc042ddad1fbef8664bd1fa383bb05fb7d55385f6313e68abbae,8111969f1d48bc042ddad1fbef8664bd1fa383bb05fb7d55385f6313e68abbae,copied,0,0
33e0558a771a410a,bb0549_jpg,train,test,bb0549_jpg.rf.4b38a5765d0507a9d539048dbf8364bc.jpg,bb0549_jpg.rf.4b38a5765d0507a9d539048dbf8364bc.jpg,483ed308815c00b4bf1631bb66fd96e6ee819bd2a452fe057ceecc2bb7d35b01,483ed308815c00b4bf1631bb66fd96e6ee819bd2a452fe057ceecc2bb7d35b01,copied,0,2
340e29aac31ca96d,45e9b15a29238487_jpg,train,train,45e9b15a29238487_jpg.rf.1dd1e0e76c6a3649df300e71b02d8ef4.jpg,45e9b15a29238487_jpg.rf.1dd1e0e76c6a3649df300e71b02d8ef4.jpg,0db8b9cd1051efc611a6c951f7550c416dd11dd92482fd6327b0545305037b17,0db8b9cd1051efc611a6c951f7550c416dd11dd92482fd6327b0545305037b17,copied,1,
342300bcc2460bf6,smoking_1110_jpg,valid,train,smoking_1110_jpg.rf.3475a34e4528e6423c135b231504ec29.jpg,smoking_1110_jpg.rf.3475a34e4528e6423c135b231504ec29.jpg,791ac15c4f4dafcf90ee173a8faaf18b3606bb25d3f9f2db800118f2b52980fc,791ac15c4f4dafcf90ee173a8faaf18b3606bb25d3f9f2db800118f2b52980fc,copied,0,0
342e59f09238ea1e,45b33dcc00740847_jpg,valid,test,45b33dcc00740847_jpg.rf.064dc1f2293925d6b8035ba373ff3446.jpg,45b33dcc00740847_jpg.rf.064dc1f2293925d6b8035ba373ff3446.jpg,effbe3fb06b230cbb1229a6b0b792ff66c4c5b6c52b869758727fc4c6bc18feb,effbe3fb06b230cbb1229a6b0b792ff66c4c5b6c52b869758727fc4c6bc18feb,copied,1,
343b62498ab883dc,WIN_20220507_21_27_11_Pro_jpg,train,train,WIN_20220507_21_27_11_Pro_jpg.rf.d06502195b6ab923575d8b24a140f96e.jpg,WIN_20220507_21_27_11_Pro_jpg.rf.d06502195b6ab923575d8b24a140f96e.jpg,a2b2787a862cddf622c03dd1ddfec86eae3172d2fc18804d4083bf7159be5724,a2b2787a862cddf622c03dd1ddfec86eae3172d2fc18804d4083bf7159be5724,copied,0,1
346006da081bf79d,smoking_1052_jpg,train,train,smoking_1052_jpg.rf.5a2895c3013c3a13a27efd5ed926f41f.jpg,smoking_1052_jpg.rf.5a2895c3013c3a13a27efd5ed926f41f.jpg,19ca2b0b0beea2d85581183fd8f739021a8e2abba77e9634cc0c1203d0c21e4b,19ca2b0b0beea2d85581183fd8f739021a8e2abba77e9634cc0c1203d0c21e4b,copied,0,0
3480597e47e8509c,IMG_4497_jpg,valid,test,IMG_4497_jpg.rf.1a584aed8c86cbd713e251bde4cb1b3e.jpg,IMG_4497_jpg.rf.1a584aed8c86cbd713e251bde4cb1b3e.jpg,ae5e0b6f2345687d8d59a8ff956cc654e0fd1bc017ecaa64046ec270797ad188,ae5e0b6f2345687d8d59a8ff956cc654e0fd1bc017ecaa64046ec270797ad188,copied,1,
348d0182679b9e0d,bb0070_jpg,valid,train,bb0070_jpg.rf.ad7bd0f4b3a93fdf558821797c55c414.jpg,bb0070_jpg.rf.ad7bd0f4b3a93fdf558821797c55c414.jpg,f919b0d05c2d2f960110aba4db959e9d2a615552620fdfad3203617291ff601c,f919b0d05c2d2f960110aba4db959e9d2a615552620fdfad3203617291ff601c,copied,0,2
34c7fc530dde9f7d,smoking_0909_jpg,valid,train,smoking_0909_jpg.rf.b2e8cd25816b7d267b491e61f34af234.jpg,smoking_0909_jpg.rf.b2e8cd25816b7d267b491e61f34af234.jpg,16f94b27b6ae0af5a12bdf9dc81d5fdc767642231edc8a01630c2af6f26bda96,16f94b27b6ae0af5a12bdf9dc81d5fdc767642231edc8a01630c2af6f26bda96,copied,0,0
34d0fbc50df4ab55,smoking_0831_jpg,train,test,smoking_0831_jpg.rf.5886b7a82712efb427fea44d6b227075.jpg,smoking_0831_jpg.rf.5886b7a82712efb427fea44d6b227075.jpg,7ed4b63a30a7f14992e6cad5079cf459c56de8c93ebed31574a023ddfdaae36a,7ed4b63a30a7f14992e6cad5079cf459c56de8c93ebed31574a023ddfdaae36a,copied,0,0
34fb03f41f7f1f03,WIN_20220507_20_59_17_Pro_jpg,train,train,WIN_20220507_20_59_17_Pro_jpg.rf.4a83bf78224e41af151a1c5270e61406.jpg,WIN_20220507_20_59_17_Pro_jpg.rf.4a83bf78224e41af151a1c5270e61406.jpg,356520711a751a2acc3a9482c8aec6dd3d2d44d0a30060556a9752c78b1a79b4,356520711a751a2acc3a9482c8aec6dd3d2d44d0a30060556a9752c78b1a79b4,copied,0,1
35b8e43a92acf8e4,smoking_0897_jpg,train,train,smoking_0897_jpg.rf.156e0c3c594e686958f54993d24b31f0.jpg,smoking_0897_jpg.rf.156e0c3c594e686958f54993d24b31f0.jpg,14c6d2e2345e49da53e292e579a0078a8c72793f33ae67822dad7ec0f14b7a10,14c6d2e2345e49da53e292e579a0078a8c72793f33ae67822dad7ec0f14b7a10,copied,0,1
360e2bedaf17b552,WIN_20220507_20_59_12_Pro_jpg,valid,test,WIN_20220507_20_59_12_Pro_jpg.rf.307936c469d8a26636b5a7ab1770a4e0.jpg,WIN_20220507_20_59_12_Pro_jpg.rf.307936c469d8a26636b5a7ab1770a4e0.jpg,aacafb57f554caba47f1e4c74f4a5822492967c9353723eda209264b0fb4b945,aacafb57f554caba47f1e4c74f4a5822492967c9353723eda209264b0fb4b945,copied,0,1
362c411e9a8cd63e,IMG_5093,valid,test,IMG_5093.JPG,IMG_5093.jpg,f154ef7bf65804c68b1f2a3b680f4cddeb9926505c320fe409327638ec15ba7b,2d60bea4cef105aa4461eb835c7588a0b0e59533777649104e057a4f34cf4664,converted_heic_to_jpeg,1,
3631ddd36fa83f4a,d9d1ad77-d57e-4852-a8a9-7b538ee57b3d_JPG,train,train,d9d1ad77-d57e-4852-a8a9-7b538ee57b3d_JPG.rf.f863984c7d63539763ed92806c058e3a.jpg,d9d1ad77-d57e-4852-a8a9-7b538ee57b3d_JPG.rf.f863984c7d63539763ed92806c058e3a.jpg,2bf11cf5bace31a3778ea475583879ee8d8657f9fe64b3b7184eef8ad596b3a7,2bf11cf5bace31a3778ea475583879ee8d8657f9fe64b3b7184eef8ad596b3a7,copied,0,1
363f718e4b5c051a,smoking_0872_jpg,train,train,smoking_0872_jpg.rf.fac565f9f47a6671ee4b6ef0a3f8b80b.jpg,smoking_0872_jpg.rf.fac565f9f47a6671ee4b6ef0a3f8b80b.jpg,b433aa576ab87ba86a6c19548cf494f99d8ea593d6459ead03311f2f10ddeb30,b433aa576ab87ba86a6c19548cf494f99d8ea593d6459ead03311f2f10ddeb30,copied,0,0
36744a0899339f54,2ad8027ed2239985_jpg,train,valid,2ad8027ed2239985_jpg.rf.e9cf6a08efb3f21c6b52ece59fcdeab7.jpg,2ad8027ed2239985_jpg.rf.e9cf6a08efb3f21c6b52ece59fcdeab7.jpg,bbd7d29ce222f233bcb242f277f6d6f240b537de4d480af633dacc262d2ad2d8,bbd7d29ce222f233bcb242f277f6d6f240b537de4d480af633dacc262d2ad2d8,copied,1,
36ee69e2c6cf0d70,smoking_1023_jpg,train,train,smoking_1023_jpg.rf.e4e6c158760add5a196b56efceca3f92.jpg,smoking_1023_jpg.rf.e4e6c158760add5a196b56efceca3f92.jpg,012a7847f227d76434e2b4c0106e3d08290e079f0430862f8dae142a01fe4017,012a7847f227d76434e2b4c0106e3d08290e079f0430862f8dae142a01fe4017,copied,0,0
3703c38a972e0420,smoking_1067_jpg,test,train,smoking_1067_jpg.rf.c7da63d22beb0349f64e581d40f52611.jpg,smoking_1067_jpg.rf.c7da63d22beb0349f64e581d40f52611.jpg,320e47064d144166134e59a51b5accfab6b00cf5be06f04a1744d68d6a69d1a7,320e47064d144166134e59a51b5accfab6b00cf5be06f04a1744d68d6a69d1a7,copied,0,0
3706579a9c2798dc,smoking_1018_jpg,test,valid,smoking_1018_jpg.rf.5cbeaca5c5e3238862f5a1429cec6c7e.jpg,smoking_1018_jpg.rf.5cbeaca5c5e3238862f5a1429cec6c7e.jpg,2c3172f38d1e1f76b3f46e7edd0141c9b51022b86c1ce002b7183a8dd5261bd2,2c3172f38d1e1f76b3f46e7edd0141c9b51022b86c1ce002b7183a8dd5261bd2,copied,0,0
3713b3e5a4582a51,smoking_0836_jpg,valid,train,smoking_0836_jpg.rf.f67008b4035fb6ff2ee8985e52de4ae2.jpg,smoking_0836_jpg.rf.f67008b4035fb6ff2ee8985e52de4ae2.jpg,bb95d7150f88513e3d8dcd4535ee87db39a5c6a7cfc2f344ebf2992feb838f34,bb95d7150f88513e3d8dcd4535ee87db39a5c6a7cfc2f344ebf2992feb838f34,copied,0,0
37332fa92616549f,c00058_jpg,train,train,c00058_jpg.rf.1a3faaa9ebd810ee7f38b1efd1d8e55f.jpg,c00058_jpg.rf.1a3faaa9ebd810ee7f38b1efd1d8e55f.jpg,372139483cfc117c1d4dd9c232bf39f239b9420e49cc353929cd37c8fa703211,372139483cfc117c1d4dd9c232bf39f239b9420e49cc353929cd37c8fa703211,copied,0,2
3740c2a95f2c11b4,smoking_0936_jpg,train,train,smoking_0936_jpg.rf.e1e0c094099340b2d918b0bac25c3469.jpg,smoking_0936_jpg.rf.e1e0c094099340b2d918b0bac25c3469.jpg,1ad7023e477a26cc15e4df4c74f7551235b48d294e67b0fc4c8d2c951758f388,1ad7023e477a26cc15e4df4c74f7551235b48d294e67b0fc4c8d2c951758f388,copied,0,1
375c8296f30316d0,smoking_0433_jpg,train,train,smoking_0433_jpg.rf.c1491fc1ae5d56ebd4ee0baa575caf5e.jpg,smoking_0433_jpg.rf.c1491fc1ae5d56ebd4ee0baa575caf5e.jpg,e26701ce3ba0d86e5b85387a15894b5dae989709c0b52d2cd7ca7aeb4a6279a5,e26701ce3ba0d86e5b85387a15894b5dae989709c0b52d2cd7ca7aeb4a6279a5,copied,0,0
376329802ed1afb2,000066_jpg,train,valid,000066_jpg.rf.33a4bfea3799fbefec6bb830f4c4d77e.jpg,000066_jpg.rf.33a4bfea3799fbefec6bb830f4c4d77e.jpg,6adecbc11d9c1bcdcd0689390bba4d297b0b03032a9deda067f4d271e7b13f2f,6adecbc11d9c1bcdcd0689390bba4d297b0b03032a9deda067f4d271e7b13f2f,copied,0,2
376366696b960de2,0af49a2ffcd4cc5d_jpg,train,train,0af49a2ffcd4cc5d_jpg.rf.e6a3b3add78c3bb943c8c2a9b6a2ef40.jpg,0af49a2ffcd4cc5d_jpg.rf.e6a3b3add78c3bb943c8c2a9b6a2ef40.jpg,64f689ab5e9203d20d60d09f107f2a8b0e9e689b9aa75f25b1366447e7f056ce,64f689ab5e9203d20d60d09f107f2a8b0e9e689b9aa75f25b1366447e7f056ce,copied,1,
37d8cc15affc61a6,images-13-_jpeg_jpg,train,train,images-13-_jpeg_jpg.rf.8af6e5aeeecac76c0f783b469b8ad5b3.jpg,images-13-_jpeg_jpg.rf.8af6e5aeeecac76c0f783b469b8ad5b3.jpg,b9d94c2ffb0588b77f27b2f6c869d6b652c3f50ef1d7e63732c92585d636e177,b9d94c2ffb0588b77f27b2f6c869d6b652c3f50ef1d7e63732c92585d636e177,copied,0,1
37e0fd0cc499f8f1,smoking_1045_jpg,valid,valid,smoking_1045_jpg.rf.d5d4d97b5ac13be189c4671c4dd153aa.jpg,smoking_1045_jpg.rf.d5d4d97b5ac13be189c4671c4dd153aa.jpg,47adae13839384e5330699e8699b16de35381079ea12f1c6b046013143f6cb24,47adae13839384e5330699e8699b16de35381079ea12f1c6b046013143f6cb24,copied,0,0
37f704a512fa93b4,smoking_0017_jpg,train,test,smoking_0017_jpg.rf.1af335a78478e76211756609ee605095.jpg,smoking_0017_jpg.rf.1af335a78478e76211756609ee605095.jpg,2fdc071e74232f5887b790d0d470b8dd8bd551379d1228a4e47e00d8f43e2650,2fdc071e74232f5887b790d0d470b8dd8bd551379d1228a4e47e00d8f43e2650,copied,0,0
38064315521cefa5,smoking_0079_jpg,test,train,smoking_0079_jpg.rf.9ff7fbd70daaae373c813b4c27ced413.jpg,smoking_0079_jpg.rf.9ff7fbd70daaae373c813b4c27ced413.jpg,adb8d387e837b1967458333740abce2384a37e9bff7c7707532362d9a3e46f7d,adb8d387e837b1967458333740abce2384a37e9bff7c7707532362d9a3e46f7d,copied,0,0
3815c0dd2d22dcc8,37ab15d8a57e6002_jpg,train,train,37ab15d8a57e6002_jpg.rf.350a2cd5d85c2dfa4a02160ac2ed0000.jpg,37ab15d8a57e6002_jpg.rf.350a2cd5d85c2dfa4a02160ac2ed0000.jpg,17c9616073e0e67ba742955be57063bd9c6afa34eea344e0db18d4b64147fa19,17c9616073e0e67ba742955be57063bd9c6afa34eea344e0db18d4b64147fa19,copied,1,
3818d61294421022,smoking_1003_jpg,train,train,smoking_1003_jpg.rf.4e8b7f6764e0fd777c3b061d4088513d.jpg,smoking_1003_jpg.rf.4e8b7f6764e0fd777c3b061d4088513d.jpg,2f31f9c80a7bb5bf37a8f5175b3ed0b54ce626488af5c8fa767d1da19ffda61d,2f31f9c80a7bb5bf37a8f5175b3ed0b54ce626488af5c8fa767d1da19ffda61d,copied,0,1
38dbd06e162bbb12,1697100070801_JPEG_jpg,train,train,1697100070801_JPEG_jpg.rf.05c8a7f7b83c7b6feef92977e0d78549.jpg,1697100070801_JPEG_jpg.rf.05c8a7f7b83c7b6feef92977e0d78549.jpg,1d9576236c8890f559edf565520c5555d2e70c942c953eefaedbf9b4e04238bb,1d9576236c8890f559edf565520c5555d2e70c942c953eefaedbf9b4e04238bb,copied,0,0
38f24eb69f413ce0,smoking_0242_jpg,train,test,smoking_0242_jpg.rf.7830be03dd625b8efbdfc6454faff203.jpg,smoking_0242_jpg.rf.7830be03dd625b8efbdfc6454faff203.jpg,45df0d16558497f540d6cdba494fe84a4748462223818dada56406f31d4f6b87,45df0d16558497f540d6cdba494fe84a4748462223818dada56406f31d4f6b87,copied,0,0
38f53515c1601092,000019_jpeg_jpg,train,train,000019_jpeg_jpg.rf.21806ce82da98690aad30f142b65466b.jpg,000019_jpeg_jpg.rf.21806ce82da98690aad30f142b65466b.jpg,a2e0444e8b233befae9de887691ceb70b722ff22e0c10db54cbc069727b02b79,a2e0444e8b233befae9de887691ceb70b722ff22e0c10db54cbc069727b02b79,copied,0,2
38f68fb302ecb9bb,1697099897579_JPEG_jpg,valid,valid,1697099897579_JPEG_jpg.rf.de2dea1b629ea8bf25f7b1fd7b3f6cde.jpg,1697099897579_JPEG_jpg.rf.de2dea1b629ea8bf25f7b1fd7b3f6cde.jpg,3c76d6e3a2b27de4a271cc0f213df40e80739e24e7c91a175c8e507574786d9f,3c76d6e3a2b27de4a271cc0f213df40e80739e24e7c91a175c8e507574786d9f,copied,0,0
38fa7994e0e2ec78,IMG_4551_jpg,train,train,IMG_4551_jpg.rf.287a5d76c98de7246245892c7cb5f51a.jpg,IMG_4551_jpg.rf.287a5d76c98de7246245892c7cb5f51a.jpg,3e8226c127a982e488ccb5c3a84ea23b4fcf11d39cd9dba28304b017dcd7ef6d,3e8226c127a982e488ccb5c3a84ea23b4fcf11d39cd9dba28304b017dcd7ef6d,copied,1,
3907a01d284a3d94,smoking_0176_jpg,train,train,smoking_0176_jpg.rf.a878f0e9769f873446f3333e3d919da3.jpg,smoking_0176_jpg.rf.a878f0e9769f873446f3333e3d919da3.jpg,8843e83b956c2f33404c9c4051ac13e368723b3bf8a13fb2fbc1eb795edabbd0,8843e83b956c2f33404c9c4051ac13e368723b3bf8a13fb2fbc1eb795edabbd0,copied,0,1
3923701fb220855a,WIN_20220507_21_27_20_Pro_jpg,train,train,WIN_20220507_21_27_20_Pro_jpg.rf.9f08415e30e1748d13311c84223231e2.jpg,WIN_20220507_21_27_20_Pro_jpg.rf.9f08415e30e1748d13311c84223231e2.jpg,c7c9ac4fe16a41cd1fb9814ffa12bce7b038bb80a2aca21956ec2c1248b81bee,c7c9ac4fe16a41cd1fb9814ffa12bce7b038bb80a2aca21956ec2c1248b81bee,copied,0,1
392567711915cccf,smoking_0268_jpg,train,train,smoking_0268_jpg.rf.8849c5c7f9f6b8318d1d239633bad586.jpg,smoking_0268_jpg.rf.8849c5c7f9f6b8318d1d239633bad586.jpg,7c2793d18690a737e7fc69c62c53f63a9fb3d05139d974cfb3bfd20b8f176bf9,7c2793d18690a737e7fc69c62c53f63a9fb3d05139d974cfb3bfd20b8f176bf9,copied,0,0
3950fd6d4141cefb,smoking_0014_jpg,test,valid,smoking_0014_jpg.rf.0889097439d72f87add7fe880072e17a.jpg,smoking_0014_jpg.rf.0889097439d72f87add7fe880072e17a.jpg,bc877299654c308cc5dfbd6532b3f958abcd973e70ee233a44dbd04a91c96865,bc877299654c308cc5dfbd6532b3f958abcd973e70ee233a44dbd04a91c96865,copied,0,0
395123b63853184e,M_00948_png_jpg,train,train,M_00948_png_jpg.rf.11657234f4e252be6b4db9ffd357e7e1.jpg,M_00948_png_jpg.rf.11657234f4e252be6b4db9ffd357e7e1.jpg,ce6eab917dc1bdf59eeda02e53d96cf3e4af1584094aeb7a926997669bc6b22d,ce6eab917dc1bdf59eeda02e53d96cf3e4af1584094aeb7a926997669bc6b22d,copied,0,2
3976b3a14bf40966,images-23-_jpeg_jpg,train,train,images-23-_jpeg_jpg.rf.2e3fe5e5fdbf15e1a2606d532533957c.jpg,images-23-_jpeg_jpg.rf.2e3fe5e5fdbf15e1a2606d532533957c.jpg,320e099e00a3b098141ffe5615447fcdfaf67857a16a9013dcdf204f09c04419,320e099e00a3b098141ffe5615447fcdfaf67857a16a9013dcdf204f09c04419,copied,0,1
39af8ecef6354b7a,IMG_4340_jpg,train,train,IMG_4340_jpg.rf.224957ebc3077b3ce6c8c3fa70c7f5cb.jpg,IMG_4340_jpg.rf.224957ebc3077b3ce6c8c3fa70c7f5cb.jpg,f4b427b0eb5a082bce3983341dec6c5e8ad529369293a4b20bfaef4aeb77c76f,f4b427b0eb5a082bce3983341dec6c5e8ad529369293a4b20bfaef4aeb77c76f,copied,0,0
39cce9a53f3aae8c,smoking_0606_jpg,valid,train,smoking_0606_jpg.rf.e8c304f7fe7991aad9bc89013b3537d0.jpg,smoking_0606_jpg.rf.e8c304f7fe7991aad9bc89013b3537d0.jpg,fb75f19ecd23c27792c9ea004b389323daf58d07a8d1c53b49b4705e921154a5,fb75f19ecd23c27792c9ea004b389323daf58d07a8d1c53b49b4705e921154a5,copied,0,0
39cffce80b0a783d,bb0073_jpg,train,train,bb0073_jpg.rf.222fd9e7317839242db30d56426d368a.jpg,bb0073_jpg.rf.222fd9e7317839242db30d56426d368a.jpg,d9b6c63c7682e27973d18068e2accdc91d799c7c772e8bee8aff64d567b7bc8c,d9b6c63c7682e27973d18068e2accdc91d799c7c772e8bee8aff64d567b7bc8c,copied,0,2
39d2d58c0b1ba62e,smoking_1075_jpg,valid,train,smoking_1075_jpg.rf.7c012ff486ae244fd44bab4498a867be.jpg,smoking_1075_jpg.rf.7c012ff486ae244fd44bab4498a867be.jpg,4726147f7691cb8d8e44117333e0c2ddac82dcd7a9a84deae98d7fdbc40ec068,4726147f7691cb8d8e44117333e0c2ddac82dcd7a9a84deae98d7fdbc40ec068,copied,0,0
39ec64cc199a74fb,000324_jpg,train,train,000324_jpg.rf.62d2e082a6956a00539d4cc1853a7e7c.jpg,000324_jpg.rf.62d2e082a6956a00539d4cc1853a7e7c.jpg,610f916b28d5d2b341292c86d549b1ef1922b1a7e4abea7069311d78ebee546e,610f916b28d5d2b341292c86d549b1ef1922b1a7e4abea7069311d78ebee546e,copied,0,2
3a0553086b46aaca,images-38-_jpg,valid,test,images-38-_jpg.rf.abbb2f9fb42785e52708098354ad4275.jpg,images-38-_jpg.rf.abbb2f9fb42785e52708098354ad4275.jpg,28476c374a3b80619d3efccee67bcb798a6ab49793dbc02316b79237c7b9e40a,28476c374a3b80619d3efccee67bcb798a6ab49793dbc02316b79237c7b9e40a,copied,0,1
3a2878f587dbf8d9,IMG_4435_jpg,valid,train,IMG_4435_jpg.rf.c79b68884e6a10699c13961ff9cbe770.jpg,IMG_4435_jpg.rf.c79b68884e6a10699c13961ff9cbe770.jpg,b2b35b3c0f4d7acb3c7823088e1f05d4758e9f14b9e11d02d3ac5de91028876b,b2b35b3c0f4d7acb3c7823088e1f05d4758e9f14b9e11d02d3ac5de91028876b,copied,0,0
3a302637e001684e,b00298_jpg,train,train,b00298_jpg.rf.4f8b36017000e822288c357ca7132748.jpg,b00298_jpg.rf.4f8b36017000e822288c357ca7132748.jpg,040f727799bf40ce64bdeb677e71ff7284edaee43503bddc3b1304dba211f02c,040f727799bf40ce64bdeb677e71ff7284edaee43503bddc3b1304dba211f02c,copied,0,2
3a48c55780a80f87,1697100045201_JPEG_jpg,valid,test,1697100045201_JPEG_jpg.rf.a67f250c08dac11e5364aacda75ea2aa.jpg,1697100045201_JPEG_jpg.rf.a67f250c08dac11e5364aacda75ea2aa.jpg,cfbad87bedd1dc6d4ad07bf85f5ca3ee6a4495262aee36b799a276b109a0bc16,cfbad87bedd1dc6d4ad07bf85f5ca3ee6a4495262aee36b799a276b109a0bc16,copied,0,0
3a5148875c693ef6,1059c021a80005e8_jpg,train,test,1059c021a80005e8_jpg.rf.83dcdf9561ed17450f97baa6b88ea23e.jpg,1059c021a80005e8_jpg.rf.83dcdf9561ed17450f97baa6b88ea23e.jpg,f9b41eea42347cafb120fc522a938167fc1ba2e9fd4ff00def22a2359e6756d9,f9b41eea42347cafb120fc522a938167fc1ba2e9fd4ff00def22a2359e6756d9,copied,1,
3a59416cceaf1a09,smoking_0650_jpg,train,train,smoking_0650_jpg.rf.ecf609534f6d6b90a026fb009131b553.jpg,smoking_0650_jpg.rf.ecf609534f6d6b90a026fb009131b553.jpg,f6c482470b34da36c20688c9cb2f51dcbe72db4e3c388ba36a4c5672b134a719,f6c482470b34da36c20688c9cb2f51dcbe72db4e3c388ba36a4c5672b134a719,copied,0,0
3a8a8623ab8e1956,IMG_5084,train,train,IMG_5084.jpg,IMG_5084.jpg,44abb74299444078cf0ba00ea7788bfb53a066115cc8349a8e4b575a9aaa59e4,44abb74299444078cf0ba00ea7788bfb53a066115cc8349a8e4b575a9aaa59e4,copied,1,
3aa20d5c5606ae91,c00111_jpg,train,train,c00111_jpg.rf.45e109f9da3277db7a7acdb069efabe6.jpg,c00111_jpg.rf.45e109f9da3277db7a7acdb069efabe6.jpg,95eeeec6340b173dd99867c36e98f31cb972448fdab42610f8f1752787ef4782,95eeeec6340b173dd99867c36e98f31cb972448fdab42610f8f1752787ef4782,copied,0,2
3b058844ffe284fd,smoking_0472_jpg,train,train,smoking_0472_jpg.rf.56f39f1e34b9d05a48d4e8bc24785066.jpg,smoking_0472_jpg.rf.56f39f1e34b9d05a48d4e8bc24785066.jpg,d2ee155e6c5e5d108057858c1007d2fb0e2f8e61ce4629bfa76e81059a849c06,d2ee155e6c5e5d108057858c1007d2fb0e2f8e61ce4629bfa76e81059a849c06,copied,0,0
3b278d5839b6aaa2,38eed6d07147bf62_jpg,train,train,38eed6d07147bf62_jpg.rf.c3774aaa3603c2f731bcefff209b35b7.jpg,38eed6d07147bf62_jpg.rf.c3774aaa3603c2f731bcefff209b35b7.jpg,e9030a2f10d19c04f9262368555b846ebcdc8d12a0c840e88c59b0c7eee1145a,e9030a2f10d19c04f9262368555b846ebcdc8d12a0c840e88c59b0c7eee1145a,copied,1,
3b462a6676e37277,1697099897263_JPEG_jpg,valid,test,1697099897263_JPEG_jpg.rf.202e1e9b2a93a6c5b6469f0ef7715844.jpg,1697099897263_JPEG_jpg.rf.202e1e9b2a93a6c5b6469f0ef7715844.jpg,ac6e72ce9d15e786f85a3d5076b2f029ea933f7b08375448880a9d5211af5948,ac6e72ce9d15e786f85a3d5076b2f029ea933f7b08375448880a9d5211af5948,copied,0,0
3b8a73bed25a4565,0468d693310d2565_jpg,train,train,0468d693310d2565_jpg.rf.3aa05e646dea5f5780df0d40c4247678.jpg,0468d693310d2565_jpg.rf.3aa05e646dea5f5780df0d40c4247678.jpg,dad860296fce3eb738b85c352b15a6b1d127422ba47d09baccc15510631e8696,dad860296fce3eb738b85c352b15a6b1d127422ba47d09baccc15510631e8696,copied,1,
3bfe850bb45425b5,WIN_20220507_21_28_36_Pro_jpg,train,train,WIN_20220507_21_28_36_Pro_jpg.rf.cace765a28db838b749a92508d79725d.jpg,WIN_20220507_21_28_36_Pro_jpg.rf.cace765a28db838b749a92508d79725d.jpg,41e9ddd576f4ed8e5fd97d4edfd17be474e65d63e8046cfa03b9296718b03f83,41e9ddd576f4ed8e5fd97d4edfd17be474e65d63e8046cfa03b9296718b03f83,copied,0,1
3c214e53bdf440fd,imsaages_jpg,valid,valid,imsaages_jpg.rf.d72877a52b58e7d0734bc7ccf9d88a40.jpg,imsaages_jpg.rf.d72877a52b58e7d0734bc7ccf9d88a40.jpg,f71c50f7f17d6348497091e3eccc65197c2e6b02b88272f93981ec2918bbb488,f71c50f7f17d6348497091e3eccc65197c2e6b02b88272f93981ec2918bbb488,copied,0,1
3c33000f2ff81085,smoking_0734_jpg,valid,train,smoking_0734_jpg.rf.76879f68eaa5aa567d8f6a0ee7390534.jpg,smoking_0734_jpg.rf.76879f68eaa5aa567d8f6a0ee7390534.jpg,e4696d32bd59511a610b5b0e4717abdb90cb662722de34611c657319c05bab45,e4696d32bd59511a610b5b0e4717abdb90cb662722de34611c657319c05bab45,copied,0,0
3c42476f2debda88,smoking_0428_jpg,valid,train,smoking_0428_jpg.rf.e106177a162596bab5fdcc33a6164ab6.jpg,smoking_0428_jpg.rf.e106177a162596bab5fdcc33a6164ab6.jpg,cfb5210bf48537bd4a65a997913f9fe9bcaa1ee72bb514896c8fb59d2f6c727c,cfb5210bf48537bd4a65a997913f9fe9bcaa1ee72bb514896c8fb59d2f6c727c,copied,0,0
3c42f30dabf8886b,images-31-_jpg,train,train,images-31-_jpg.rf.1431f8fb879fd85a2c368d6cfad238bc.jpg,images-31-_jpg.rf.1431f8fb879fd85a2c368d6cfad238bc.jpg,599f36cd44b60b2ae33ce65d7ffae8eeecd87066f77bc783afb568e02c2dcac1,599f36cd44b60b2ae33ce65d7ffae8eeecd87066f77bc783afb568e02c2dcac1,copied,0,1
3c88ac6f68ee778e,WIN_20220507_23_10_31_Pro_jpg,train,train,WIN_20220507_23_10_31_Pro_jpg.rf.322dbd9220b9b25f5c95aa088c742cb4.jpg,WIN_20220507_23_10_31_Pro_jpg.rf.322dbd9220b9b25f5c95aa088c742cb4.jpg,ab6f967b7de3bebd38c5551202b8852b35339be691724f54555b82bba73f688f,ab6f967b7de3bebd38c5551202b8852b35339be691724f54555b82bba73f688f,copied,0,1
3c90364a5f1d49da,smoking_0879_jpg,test,train,smoking_0879_jpg.rf.860c441c6d9bc103b94f3654ea1fb5d6.jpg,smoking_0879_jpg.rf.860c441c6d9bc103b94f3654ea1fb5d6.jpg,1c436cd43a7c14e2b11bf9ff9e9947477d426e7e5cf2b909e932d1d878d22352,1c436cd43a7c14e2b11bf9ff9e9947477d426e7e5cf2b909e932d1d878d22352,copied,0,0
3cc5d4f7525b1391,smoking_0516_jpg,train,train,smoking_0516_jpg.rf.f8dc67130848222c753fb2786d648c03.jpg,smoking_0516_jpg.rf.f8dc67130848222c753fb2786d648c03.jpg,98ccef4821156a555956c4c5cc5b9fac33e16423bbc8a211c5cbfe8b418901bc,98ccef4821156a555956c4c5cc5b9fac33e16423bbc8a211c5cbfe8b418901bc,copied,0,0
3cce8f3e84a2dfe0,IMG_4528_jpg,valid,train,IMG_4528_jpg.rf.3a267112d3bd27eead96c1447e47a825.jpg,IMG_4528_jpg.rf.3a267112d3bd27eead96c1447e47a825.jpg,3c348a9d8bd42262cd0425b9e345084b0778109a8825cdb8836ec5b4574563ba,3c348a9d8bd42262cd0425b9e345084b0778109a8825cdb8836ec5b4574563ba,copied,0,0|1
3cd099e5a686e7e0,gg0162_jpg,train,train,gg0162_jpg.rf.165654e81896ac6be4b4c2fbcb2d6461.jpg,gg0162_jpg.rf.165654e81896ac6be4b4c2fbcb2d6461.jpg,e1671fc76430c17afc772f645a9c23c6665603dc349240028d908687f5638a24,e1671fc76430c17afc772f645a9c23c6665603dc349240028d908687f5638a24,copied,0,2
3cd27e594470452a,smoking_0847_jpg,test,train,smoking_0847_jpg.rf.6936bc22b90dc3633cddb860f3bd9af2.jpg,smoking_0847_jpg.rf.6936bc22b90dc3633cddb860f3bd9af2.jpg,503917bbc8ee5beddcfe03272b77dac89a6b9f501f31bb3304938c792b893bcf,503917bbc8ee5beddcfe03272b77dac89a6b9f501f31bb3304938c792b893bcf,copied,0,0
3cd5ac7cee340b4f,c00029_jpg,valid,valid,c00029_jpg.rf.0695960c30f41c614fdef007f0781e4c.jpg,c00029_jpg.rf.0695960c30f41c614fdef007f0781e4c.jpg,cb1f965af8234756e6235899ce8fb92c2cce27548084d8fa6e3716ee1e9fb476,cb1f965af8234756e6235899ce8fb92c2cce27548084d8fa6e3716ee1e9fb476,copied,0,2
3cfc6047cc0a80ed,IMG_4426_jpg,train,train,IMG_4426_jpg.rf.1e6d5d31da4c01dea47bdf52b4719689.jpg,IMG_4426_jpg.rf.1e6d5d31da4c01dea47bdf52b4719689.jpg,a16f1c26ea3a2db7cb6db2417b390b958b845d287c415163d294d66d6eb6181c,a16f1c26ea3a2db7cb6db2417b390b958b845d287c415163d294d66d6eb6181c,copied,0,0
3d136b5419e7d99b,c00094_jpg,train,train,c00094_jpg.rf.10501d2e369b00ec8e1af6e53f61686d.jpg,c00094_jpg.rf.10501d2e369b00ec8e1af6e53f61686d.jpg,cdee70385d376f8de879f18e9b24d367683e7588b2c47fe28f5385e56fcbf8a1,cdee70385d376f8de879f18e9b24d367683e7588b2c47fe28f5385e56fcbf8a1,copied,0,2
3d2d83e24c3031a8,smoking_0353_jpg,train,train,smoking_0353_jpg.rf.1972f1428190b515b97f464c4a4cd4b0.jpg,smoking_0353_jpg.rf.1972f1428190b515b97f464c4a4cd4b0.jpg,2b0b92057995420d6f2dd2bd7a6c046a4e4d2be80e7d5e12b7339d6bf78b7100,2b0b92057995420d6f2dd2bd7a6c046a4e4d2be80e7d5e12b7339d6bf78b7100,copied,0,0
3d3318fb877a4e7f,36b79424c1cd7696_jpg,valid,train,36b79424c1cd7696_jpg.rf.877aac672ca4b40b467cde907f322883.jpg,36b79424c1cd7696_jpg.rf.877aac672ca4b40b467cde907f322883.jpg,0ed7d6e5b5bf00a830c3e0a5f864dcb2f2965825edb9154de3305fd4b49df2d0,0ed7d6e5b5bf00a830c3e0a5f864dcb2f2965825edb9154de3305fd4b49df2d0,copied,1,
3d910352128737ac,1697100043623_JPEG_jpg,train,train,1697100043623_JPEG_jpg.rf.1c10db3af6ea34791a8e25340ced123b.jpg,1697100043623_JPEG_jpg.rf.1c10db3af6ea34791a8e25340ced123b.jpg,85d208b8739f33d9a9dd5ef81628110f86e83ba0109c4509e4d6b5a7fc941074,85d208b8739f33d9a9dd5ef81628110f86e83ba0109c4509e4d6b5a7fc941074,copied,0,0
3db186361b2c86f2,1697095309831_JPEG_jpg,train,train,1697095309831_JPEG_jpg.rf.190d2330ee6725e4a86d633213c1f2d3.jpg,1697095309831_JPEG_jpg.rf.190d2330ee6725e4a86d633213c1f2d3.jpg,5bbac3b262b512e70dbe492484c88ad5abad889f34d711399445ad2e5f0c0031,5bbac3b262b512e70dbe492484c88ad5abad889f34d711399445ad2e5f0c0031,copied,0,0
3dd0bf89548f1755,IMG_4396_jpg,train,train,IMG_4396_jpg.rf.3b84626dd201d4e47aa563400db3e814.jpg,IMG_4396_jpg.rf.3b84626dd201d4e47aa563400db3e814.jpg,5e6affe139602e10ca4f1db370c4aa2e55b7b4b7b6d0f7f3262509d220120c07,5e6affe139602e10ca4f1db370c4aa2e55b7b4b7b6d0f7f3262509d220120c07,copied,0,0
3dd187821df507a4,WIN_20220329_21_31_00_Pro_jpg,valid,test,WIN_20220329_21_31_00_Pro_jpg.rf.f7a297bda1e72b7ef4c13efa79489982.jpg,WIN_20220329_21_31_00_Pro_jpg.rf.f7a297bda1e72b7ef4c13efa79489982.jpg,c6db5b14e5ef75436525b082668df962cf7cfaa3e25c8b04f6f52b5d35d9b94c,c6db5b14e5ef75436525b082668df962cf7cfaa3e25c8b04f6f52b5d35d9b94c,copied,0,1
3de16d9a4b90a1a8,b00278_jpg,train,train,b00278_jpg.rf.0a003ebc938c1efef27c84b4e0af4393.jpg,b00278_jpg.rf.0a003ebc938c1efef27c84b4e0af4393.jpg,86f633076d2916d9e7bf9df95d898476f9f4c3403a26101d189120bbcf6e9170,86f633076d2916d9e7bf9df95d898476f9f4c3403a26101d189120bbcf6e9170,copied,0,2
3de27e9c69eea843,smoking_0514_jpg,train,train,smoking_0514_jpg.rf.276ec80255b02b7d976ca4ee640e2ed8.jpg,smoking_0514_jpg.rf.276ec80255b02b7d976ca4ee640e2ed8.jpg,dd8e296cc27b8a9a96b57fbee4a017d104593711879dbeadd40611050eb8aba4,dd8e296cc27b8a9a96b57fbee4a017d104593711879dbeadd40611050eb8aba4,copied,0,0
3deb8eb09cdd61df,smoking_0601_jpg,train,train,smoking_0601_jpg.rf.f3d310fc449f03b68098d98a6c948fb6.jpg,smoking_0601_jpg.rf.f3d310fc449f03b68098d98a6c948fb6.jpg,910888978328acb9cb2a19f75d817fd3bdcb5a702d539b877186931645173acb,910888978328acb9cb2a19f75d817fd3bdcb5a702d539b877186931645173acb,copied,0,0
3e3d115fc0f6b855,smoking_0751_jpg,train,train,smoking_0751_jpg.rf.f66246678c1f5594e81dc48f4d88dc24.jpg,smoking_0751_jpg.rf.f66246678c1f5594e81dc48f4d88dc24.jpg,0cd87d8bf403757b492c2eb8cc9d1560e4ca0e8335e2a5e9dd872304d3436dc2,0cd87d8bf403757b492c2eb8cc9d1560e4ca0e8335e2a5e9dd872304d3436dc2,copied,0,0
3e4593d84c613a13,smoking_0177_jpg,train,train,smoking_0177_jpg.rf.9a59a86feea4df3830adafd940f87cd8.jpg,smoking_0177_jpg.rf.9a59a86feea4df3830adafd940f87cd8.jpg,5ed09184bd6f9a5c1d6387bab3a602687e6c7c3ad9a58be581247a49ffdca965,5ed09184bd6f9a5c1d6387bab3a602687e6c7c3ad9a58be581247a49ffdca965,copied,0,0
3e62f880a50fe571,IMG_4405_jpg,train,train,IMG_4405_jpg.rf.34b16274b2694246592f1f98a3f9265b.jpg,IMG_4405_jpg.rf.34b16274b2694246592f1f98a3f9265b.jpg,47f77346754d4780658f621e4a279d12478bb54f325a95204dbd65f465af8eee,47f77346754d4780658f621e4a279d12478bb54f325a95204dbd65f465af8eee,copied,0,0
3e848fb3f5190070,smoking_0738_jpg,train,train,smoking_0738_jpg.rf.b546f48483f145273509c40d63f4b8f2.jpg,smoking_0738_jpg.rf.b546f48483f145273509c40d63f4b8f2.jpg,2f620efdb6523ea940ad6c03067787f45a4ac03a7308e3daefcf4d3a299ced04,2f620efdb6523ea940ad6c03067787f45a4ac03a7308e3daefcf4d3a299ced04,copied,0,0
3e98652bdf838fc3,smoking_0413_jpg,test,train,smoking_0413_jpg.rf.4d6a7958021e3941df823d861433098f.jpg,smoking_0413_jpg.rf.4d6a7958021e3941df823d861433098f.jpg,7dc919dc0d273ef204a5350ed2176a38841b2cff5de7a24c4ab4e06ab97ae611,7dc919dc0d273ef204a5350ed2176a38841b2cff5de7a24c4ab4e06ab97ae611,copied,0,0
3ea58dd92da931e8,000440_jpg,train,valid,000440_jpg.rf.03b33ebea28aa9e9a04b34169cd62dea.jpg,000440_jpg.rf.03b33ebea28aa9e9a04b34169cd62dea.jpg,fe6fe99efded33c0d16923b4065c96d6f1f7855c14e1da5c3eb9f6b9adff1352,fe6fe99efded33c0d16923b4065c96d6f1f7855c14e1da5c3eb9f6b9adff1352,copied,0,2
3ea94fd4d6c1a074,smoking_0876_jpg,test,train,smoking_0876_jpg.rf.5e06c05369d3f3c4f8832f4f0d1af3ad.jpg,smoking_0876_jpg.rf.5e06c05369d3f3c4f8832f4f0d1af3ad.jpg,e91fbc7f64d203fbaf09fb85546071cfe3bc7375f36656730dad9b71e4332383,e91fbc7f64d203fbaf09fb85546071cfe3bc7375f36656730dad9b71e4332383,copied,0,0
3ec90be769757898,indir-18-_jpg,train,train,indir-18-_jpg.rf.1656806196ef5425e92db8f024c8305b.jpg,indir-18-_jpg.rf.1656806196ef5425e92db8f024c8305b.jpg,d8bbc1d2efa31ae6a209b3fb0b66201f9bc921ab91939189f4b248eb7aa3f35a,d8bbc1d2efa31ae6a209b3fb0b66201f9bc921ab91939189f4b248eb7aa3f35a,copied,0,1
3edf91cee148f4fe,2b03368035297db2_jpg,train,train,2b03368035297db2_jpg.rf.0e9443a6eefc699f8a2df4d9c8be29f9.jpg,2b03368035297db2_jpg.rf.0e9443a6eefc699f8a2df4d9c8be29f9.jpg,8529a301d73e0367d14dd865d508432a879accf0a1e862575398a9e869a3a5c2,8529a301d73e0367d14dd865d508432a879accf0a1e862575398a9e869a3a5c2,copied,1,
3f18d415e2ef8eb8,WIN_20220507_23_10_21_Pro_jpg,train,train,WIN_20220507_23_10_21_Pro_jpg.rf.0cf7453a92a8fecf604b1ea10734564f.jpg,WIN_20220507_23_10_21_Pro_jpg.rf.0cf7453a92a8fecf604b1ea10734564f.jpg,6ca9c32947080ff3ab2bec01fce92f1795218387deaa2ef433f9d8a1748b3a7b,6ca9c32947080ff3ab2bec01fce92f1795218387deaa2ef433f9d8a1748b3a7b,copied,0,1
3f5fc9ee6e1fe61f,smoking_0476_jpg,train,train,smoking_0476_jpg.rf.80de6e18fc3f629064f671097de7b419.jpg,smoking_0476_jpg.rf.80de6e18fc3f629064f671097de7b419.jpg,e10dab329c946bc0c16c2b996a1a638a2da8ca9d3040af6b325350e38fe9a5a4,e10dab329c946bc0c16c2b996a1a638a2da8ca9d3040af6b325350e38fe9a5a4,copied,0,0
3f69bdec9fb7793e,WIN_20220329_21_29_32_Pro_jpg,valid,test,WIN_20220329_21_29_32_Pro_jpg.rf.9273f4febf9c964915f3154648134937.jpg,WIN_20220329_21_29_32_Pro_jpg.rf.9273f4febf9c964915f3154648134937.jpg,c337d2104c40868d16815074847843ce10612ea31bbb5a86d8f6bfd467282bad,c337d2104c40868d16815074847843ce10612ea31bbb5a86d8f6bfd467282bad,copied,0,1
3f6bf421a10a6864,b00281_jpg,train,train,b00281_jpg.rf.16bc37f6364f30c5d2388931143e1d2f.jpg,b00281_jpg.rf.16bc37f6364f30c5d2388931143e1d2f.jpg,9dea7182007b75d105d22c280bce762b780a3f06070ce8144559ad41acd1693c,9dea7182007b75d105d22c280bce762b780a3f06070ce8144559ad41acd1693c,copied,0,2
3f8dca9c9e31bc2d,smoking_0861_jpg,train,train,smoking_0861_jpg.rf.c144b922bcc874353b133422f738b510.jpg,smoking_0861_jpg.rf.c144b922bcc874353b133422f738b510.jpg,0634778449c81205cd7ec2588687c1a65c813872a4eb987e249e72f7354d1593,0634778449c81205cd7ec2588687c1a65c813872a4eb987e249e72f7354d1593,copied,0,0
3fb41e7667060e62,09589710c6076912_jpg,train,train,09589710c6076912_jpg.rf.e7b393eb126d8259bdafafec2849fea0.jpg,09589710c6076912_jpg.rf.e7b393eb126d8259bdafafec2849fea0.jpg,b110b7e865a28e4844f4fa596bf010f4901ff9279cc8e9f2156e6669eae6ef42,b110b7e865a28e4844f4fa596bf010f4901ff9279cc8e9f2156e6669eae6ef42,copied,1,
3fd8dce4c8132398,images-16-_jpeg_jpg,valid,train,images-16-_jpeg_jpg.rf.2ffa31233bf537ac1a2ee173d3f88bd0.jpg,images-16-_jpeg_jpg.rf.2ffa31233bf537ac1a2ee173d3f88bd0.jpg,703b47604d0fc9c8531a36c5ce1c486d34a9ebee12504931ceebb16c71d39936,703b47604d0fc9c8531a36c5ce1c486d34a9ebee12504931ceebb16c71d39936,copied,0,1
4004e7bc8594adf6,000240_jpg,train,train,000240_jpg.rf.419b692e3f4236fb6ed7faa80df9641d.jpg,000240_jpg.rf.419b692e3f4236fb6ed7faa80df9641d.jpg,e99cb382641688cdcce452fd3e7c97a7d9acf07bd1f49b14607a20bbb83e8b07,e99cb382641688cdcce452fd3e7c97a7d9acf07bd1f49b14607a20bbb83e8b07,copied,0,2
401e118fc7e6fedb,smoking_0415_jpg,train,train,smoking_0415_jpg.rf.82a73299ed92c43f68f771bccf8946e3.jpg,smoking_0415_jpg.rf.82a73299ed92c43f68f771bccf8946e3.jpg,50b2168897ad0dc1cc71ef95862f60fd17568ddd5a73a7c20c823a6f9823014a,50b2168897ad0dc1cc71ef95862f60fd17568ddd5a73a7c20c823a6f9823014a,copied,0,0
402047fa36c46e40,34fe202715ff7f98_jpg,train,train,34fe202715ff7f98_jpg.rf.6e7dc42f77ecaf79fc56368bd1c047bc.jpg,34fe202715ff7f98_jpg.rf.6e7dc42f77ecaf79fc56368bd1c047bc.jpg,2618d4920db7749af511d76d857c5d6e10cd245578ae61474d9758ac53e73150,2618d4920db7749af511d76d857c5d6e10cd245578ae61474d9758ac53e73150,copied,1,
40567b55da0d7475,1b417d7d481645fe_jpg,train,valid,1b417d7d481645fe_jpg.rf.b3d70cd41360009e847ff7a291e4c589.jpg,1b417d7d481645fe_jpg.rf.b3d70cd41360009e847ff7a291e4c589.jpg,f73c5828c86c591f85e6d8aedb6401ccb53edb29c9e68576a30d35242ca041df,f73c5828c86c591f85e6d8aedb6401ccb53edb29c9e68576a30d35242ca041df,copied,1,
405f489bae83c54f,0deed6bb65576e04_jpg,valid,train,0deed6bb65576e04_jpg.rf.bf44e768ea2073d3be9f5157550495c9.jpg,0deed6bb65576e04_jpg.rf.bf44e768ea2073d3be9f5157550495c9.jpg,22da3f0538ed673086d7aa353536c873e94c40d2451ef8475656a1eb8fe84e6f,22da3f0538ed673086d7aa353536c873e94c40d2451ef8475656a1eb8fe84e6f,copied,1,
40715597e960231b,smoking_0412_jpg,train,train,smoking_0412_jpg.rf.23626b05d548c0cd6c5697a682280930.jpg,smoking_0412_jpg.rf.23626b05d548c0cd6c5697a682280930.jpg,1856f5368e9bc8c85f7f18ed32b98bd1d42a942c4617b9fa3c83ee2ab838135c,1856f5368e9bc8c85f7f18ed32b98bd1d42a942c4617b9fa3c83ee2ab838135c,copied,0,0
40793ab552cb94cb,IMG_4345_jpg,train,train,IMG_4345_jpg.rf.6a790c60194e53fc62b08898c5923249.jpg,IMG_4345_jpg.rf.6a790c60194e53fc62b08898c5923249.jpg,76bc53315f8dcec9444d0b0f17aeb2df476ec52f263d7d41eb09558eb52b345e,76bc53315f8dcec9444d0b0f17aeb2df476ec52f263d7d41eb09558eb52b345e,copied,0,0
408c4039d53338d5,151f78f5d01cc521_jpg,train,train,151f78f5d01cc521_jpg.rf.407ab08f7f2b8ab364d339eb2e98427a.jpg,151f78f5d01cc521_jpg.rf.407ab08f7f2b8ab364d339eb2e98427a.jpg,9d9d29c8963adc8e164a5f46b789e53f7d123ad613c192140c703a9a7a5eb159,9d9d29c8963adc8e164a5f46b789e53f7d123ad613c192140c703a9a7a5eb159,copied,1,
4094b87c655c1cc7,000510_jpeg_jpg,train,train,000510_jpeg_jpg.rf.395e986ac243fc701b261ff4ac5a307a.jpg,000510_jpeg_jpg.rf.395e986ac243fc701b261ff4ac5a307a.jpg,b4cfd43626ecfa04ac9c5e66f8848fe9345c0384e62e65295494d36e605e1a49,b4cfd43626ecfa04ac9c5e66f8848fe9345c0384e62e65295494d36e605e1a49,copied,0,2
40edb8e864fba686,WIN_20220329_21_29_56_Pro_jpg,train,train,WIN_20220329_21_29_56_Pro_jpg.rf.55005bac80d65a80a89928590663c76b.jpg,WIN_20220329_21_29_56_Pro_jpg.rf.55005bac80d65a80a89928590663c76b.jpg,14ae0b173c08bb3fd125fc44125c6a01b58800b8abf4692f685a4d4a488c6c3d,14ae0b173c08bb3fd125fc44125c6a01b58800b8abf4692f685a4d4a488c6c3d,copied,0,1
40f6dbf766d6a803,images-96-_jpg,train,test,images-96-_jpg.rf.07ac2c1b2c46e1a0b08a7f0ed44561e3.jpg,images-96-_jpg.rf.07ac2c1b2c46e1a0b08a7f0ed44561e3.jpg,f511e1663ce5f30dcb4bf88b58b04ce9068275a05d8c7a45dafd1eeacf18f5b8,f511e1663ce5f30dcb4bf88b58b04ce9068275a05d8c7a45dafd1eeacf18f5b8,copied,0,1
4127454a0051c038,000245_jpeg_jpg,train,train,000245_jpeg_jpg.rf.00abfdaca9535984b969ddb60db2ff63.jpg,000245_jpeg_jpg.rf.00abfdaca9535984b969ddb60db2ff63.jpg,9cec6cd045ca99110a7ac18c665430b5baedba0447374cc3bdf82828b1c87321,9cec6cd045ca99110a7ac18c665430b5baedba0447374cc3bdf82828b1c87321,copied,0,2
41619647fe52a521,smoking_0494_jpg,test,valid,smoking_0494_jpg.rf.08d30362ede395821d84af836541ab2c.jpg,smoking_0494_jpg.rf.08d30362ede395821d84af836541ab2c.jpg,dd3e46ee21960a4cb64b4f7319139a00341f5b48f0def9ee5bd143eca11db297,dd3e46ee21960a4cb64b4f7319139a00341f5b48f0def9ee5bd143eca11db297,copied,0,0
4176c6264094882a,0a0bc057df2248de_jpg,train,train,0a0bc057df2248de_jpg.rf.bc227a1e22eb5821059aab3e88dab3c7.jpg,0a0bc057df2248de_jpg.rf.bc227a1e22eb5821059aab3e88dab3c7.jpg,828e095e6bad703da22970a3422716271cd7889da2d3d58ebf18ebeacc8f760e,828e095e6bad703da22970a3422716271cd7889da2d3d58ebf18ebeacc8f760e,copied,1,
41a4a2f4cec40bc6,1487a29116bc47a7_jpg,train,valid,1487a29116bc47a7_jpg.rf.fb38c11e4b3678cbbb7cb2c1387de66f.jpg,1487a29116bc47a7_jpg.rf.fb38c11e4b3678cbbb7cb2c1387de66f.jpg,14f35c185171e1e73bf3ac2a6ca9a743faca55716026af6e06c2dc6ceeccdbe4,14f35c185171e1e73bf3ac2a6ca9a743faca55716026af6e06c2dc6ceeccdbe4,copied,1,
41d02ef8721bf6cb,ggg180_jpg,valid,train,ggg180_jpg.rf.391d36e06ddac624953f7eb9e447ba3c.jpg,ggg180_jpg.rf.391d36e06ddac624953f7eb9e447ba3c.jpg,e3f6a4aa1d8e45d1b3ba91f72a41fd56a969132df93f059db426b6c0653be0b0,e3f6a4aa1d8e45d1b3ba91f72a41fd56a969132df93f059db426b6c0653be0b0,copied,0,2
41d5f93026b6e222,smoking_0552_jpg,valid,valid,smoking_0552_jpg.rf.27f5a960f878c8eef9f4c08871d2ca7e.jpg,smoking_0552_jpg.rf.27f5a960f878c8eef9f4c08871d2ca7e.jpg,bdfd6d2680a7445ac1b5707b15fea748e6355b1e8aa82c25419a4843f6c56947,bdfd6d2680a7445ac1b5707b15fea748e6355b1e8aa82c25419a4843f6c56947,copied,0,0
41ebbf7e465251ed,1697099897358_JPEG_jpg,valid,valid,1697099897358_JPEG_jpg.rf.61cc1394fbfcd98b9aed2e5a9b7b8670.jpg,1697099897358_JPEG_jpg.rf.61cc1394fbfcd98b9aed2e5a9b7b8670.jpg,92046262d10ad278c821ae56dd533a85f79351dfca62577e50fdeaa84c7d011a,92046262d10ad278c821ae56dd533a85f79351dfca62577e50fdeaa84c7d011a,copied,0,0
420599812fc8c22d,IMG_5122,valid,train,IMG_5122.JPG,IMG_5122.jpg,222d0c5017bed89fa4e1d8bbdc26334f713cfbdd96dc1d1328059bb6ce014827,1e5384759616bf87e49fe23eca1e464756cefaba8d3971a6acdf9377067a9bf9,converted_heic_to_jpeg,1,
4228cfc8b9b98343,bb0676_jpg,train,train,bb0676_jpg.rf.108c6aac823d422bdc26c3b36f12c3ae.jpg,bb0676_jpg.rf.108c6aac823d422bdc26c3b36f12c3ae.jpg,33b52e658b40c1fad5ea79930cde22963e340214c800aa3c310f68abfa940d99,33b52e658b40c1fad5ea79930cde22963e340214c800aa3c310f68abfa940d99,copied,0,2
422d9c878dfbb8b1,WIN_20220507_23_10_34_Pro_jpg,train,train,WIN_20220507_23_10_34_Pro_jpg.rf.484ca4566c37589c82c9c7a449e820cb.jpg,WIN_20220507_23_10_34_Pro_jpg.rf.484ca4566c37589c82c9c7a449e820cb.jpg,0e6148e82352e699c0783a2fd72eca6b7212bdb90ed945bcdde005bed3e42f9c,0e6148e82352e699c0783a2fd72eca6b7212bdb90ed945bcdde005bed3e42f9c,copied,0,1
423701284358ea04,zippo-2203189__340_jpg,train,train,zippo-2203189__340_jpg.rf.626241213a0a6293a851ad2ba8ad8741.jpg,zippo-2203189__340_jpg.rf.626241213a0a6293a851ad2ba8ad8741.jpg,6a8cac9f625415a2ba6e7c0ab51eff54e51c2573d7d1d8d081ef31a5d88b309a,6a8cac9f625415a2ba6e7c0ab51eff54e51c2573d7d1d8d081ef31a5d88b309a,copied,0,1
423fd1e3d7bfa3de,39d294cdf3b57c73_jpg,train,train,39d294cdf3b57c73_jpg.rf.b5d4fc8e1d62857b72f6d7d33a484511.jpg,39d294cdf3b57c73_jpg.rf.b5d4fc8e1d62857b72f6d7d33a484511.jpg,6ebdb83dc22080c442dbe3646765ba2fea2ede00739fee2cf72613112f95f532,6ebdb83dc22080c442dbe3646765ba2fea2ede00739fee2cf72613112f95f532,copied,1,
424ff5ef3909e698,indir-12-_jpg,valid,valid,indir-12-_jpg.rf.989b871be3b6998d37bd9586f2e48ccd.jpg,indir-12-_jpg.rf.989b871be3b6998d37bd9586f2e48ccd.jpg,3ac1e5cac708c72e02fabde141460dd6b53381ca23ed153f5ff983930590cdd3,3ac1e5cac708c72e02fabde141460dd6b53381ca23ed153f5ff983930590cdd3,copied,0,1
42d53e9de62bc907,images-11-_jpg,train,train,images-11-_jpg.rf.16cd403f0dd0c2dd0aac52fa9b3b7580.jpg,images-11-_jpg.rf.16cd403f0dd0c2dd0aac52fa9b3b7580.jpg,9f314f6ffde64e647399a36e08c0f8cc3a1829975b35dbadf3642f189120b9e3,9f314f6ffde64e647399a36e08c0f8cc3a1829975b35dbadf3642f189120b9e3,copied,0,1
433da78913f2b66c,smoking_0815_jpg,train,train,smoking_0815_jpg.rf.d101c7c081073885479799e1b0e6d853.jpg,smoking_0815_jpg.rf.d101c7c081073885479799e1b0e6d853.jpg,c9fc03d36e66be44c5c19cf0d97142383d6bb8e75b62093d8cec00dc1ac34779,c9fc03d36e66be44c5c19cf0d97142383d6bb8e75b62093d8cec00dc1ac34779,copied,0,0
433e9a14aab6572d,IMG_4334_jpg,train,train,IMG_4334_jpg.rf.357d3aee5558db7332c218f989a0b3d0.jpg,IMG_4334_jpg.rf.357d3aee5558db7332c218f989a0b3d0.jpg,b2c6b9ac13a9d49b1582890c40a47d3069fc8501bb611b81948cab659e4b0f11,b2c6b9ac13a9d49b1582890c40a47d3069fc8501bb611b81948cab659e4b0f11,copied,0,0
4393bf8f2f7ac82c,02886a38a382a5c7_jpg,train,train,02886a38a382a5c7_jpg.rf.ee3cff18f7e0034a2193f45f4aaefe6b.jpg,02886a38a382a5c7_jpg.rf.ee3cff18f7e0034a2193f45f4aaefe6b.jpg,abe421befd9628373b07e7068bea741125e34a4852e13d4fb94e6680dad9ff6c,abe421befd9628373b07e7068bea741125e34a4852e13d4fb94e6680dad9ff6c,copied,1,
43a0920154e8d435,000027_jpg,train,train,000027_jpg.rf.b8372c52b93661120bf79003b58b1a59.jpg,000027_jpg.rf.b8372c52b93661120bf79003b58b1a59.jpg,836bdfc6a09ff9524819238b89ee18c9b35a3cfe8be03291a38d6eb3e88b8ead,836bdfc6a09ff9524819238b89ee18c9b35a3cfe8be03291a38d6eb3e88b8ead,copied,0,2
43b383c5b6b4cbb2,WIN_20220329_21_29_51_Pro_jpg,train,train,WIN_20220329_21_29_51_Pro_jpg.rf.2d2812f2230fd0d6626bb8d58cd82a99.jpg,WIN_20220329_21_29_51_Pro_jpg.rf.2d2812f2230fd0d6626bb8d58cd82a99.jpg,b7132051410372a8bc9d9839d97964f5104b0c1b9d215b38f7051ab3397425d3,b7132051410372a8bc9d9839d97964f5104b0c1b9d215b38f7051ab3397425d3,copied,0,1
43ccd986d32d5fad,bb0669_jpg,train,valid,bb0669_jpg.rf.0dfbf9e004cb38ac48ac0c23632fcee8.jpg,bb0669_jpg.rf.0dfbf9e004cb38ac48ac0c23632fcee8.jpg,2fb3cedd6cc90843d63f663555c327f5a24e2720957867955a9241d3c8d60b5b,2fb3cedd6cc90843d63f663555c327f5a24e2720957867955a9241d3c8d60b5b,copied,0,2
442fb8da3e8404b2,images-12-_jpeg_jpg,train,train,images-12-_jpeg_jpg.rf.7081625f7a57a80f13d40df149b05a19.jpg,images-12-_jpeg_jpg.rf.7081625f7a57a80f13d40df149b05a19.jpg,6e88a7a414a07fb5a41ff1c220df94e00d4d09d247f3b56162d7c2a4db4d6a25,6e88a7a414a07fb5a41ff1c220df94e00d4d09d247f3b56162d7c2a4db4d6a25,copied,0,1
443d6435ecb3d3e8,smoking_0541_jpg,train,test,smoking_0541_jpg.rf.91e860f679f9665e5240df572f3a3a07.jpg,smoking_0541_jpg.rf.91e860f679f9665e5240df572f3a3a07.jpg,215f80270824f7b43c6ceaf6576d27d1cd1bbb99b80ecb6101e01b7445a90822,215f80270824f7b43c6ceaf6576d27d1cd1bbb99b80ecb6101e01b7445a90822,copied,0,0
449221d2d39891b8,WIN_20220507_23_10_34_Pro-2-_jpg,valid,valid,WIN_20220507_23_10_34_Pro-2-_jpg.rf.356f776e2e38086af86a7ae19e58b5ed.jpg,WIN_20220507_23_10_34_Pro-2-_jpg.rf.356f776e2e38086af86a7ae19e58b5ed.jpg,161280fa5ceb9e659527b9abda9a0766151fb45cae93258d61122710d74d5e1b,161280fa5ceb9e659527b9abda9a0766151fb45cae93258d61122710d74d5e1b,copied,0,1
44dc47a1f0e0fec8,IMG_4428_jpg,train,train,IMG_4428_jpg.rf.2f7f51a8cf00eee1b4208889ef8a7c8f.jpg,IMG_4428_jpg.rf.2f7f51a8cf00eee1b4208889ef8a7c8f.jpg,2ac6baa85afee45cf8cf585b3df64c957c95c5b0d6666f83e7000f573fc1bb6f,2ac6baa85afee45cf8cf585b3df64c957c95c5b0d6666f83e7000f573fc1bb6f,copied,0,0
451f87fad6910ed7,smoking_0035_jpg,train,train,smoking_0035_jpg.rf.17b3803bad8ad01ae42e35cc3ee6ac52.jpg,smoking_0035_jpg.rf.17b3803bad8ad01ae42e35cc3ee6ac52.jpg,17ff12147c6e45d76060e6294fc77d21abe701ddcdb12c686d38c78a27976b67,17ff12147c6e45d76060e6294fc77d21abe701ddcdb12c686d38c78a27976b67,copied,0,0
452224332d4d945a,smoking_0156_jpg,train,train,smoking_0156_jpg.rf.5e17a01cb71b2f7586de5c135df5e39f.jpg,smoking_0156_jpg.rf.5e17a01cb71b2f7586de5c135df5e39f.jpg,36736d1f53edae8c8eff9e1cc9a83edde6f67aacbc4483f95f8df08895fd00c8,36736d1f53edae8c8eff9e1cc9a83edde6f67aacbc4483f95f8df08895fd00c8,copied,0,0
455adb7049f150c3,000017_jpg,valid,test,000017_jpg.rf.89254c89fc5700eff8d14d33bc9cc307.jpg,000017_jpg.rf.89254c89fc5700eff8d14d33bc9cc307.jpg,fe234ce476b25712887f10bd8ee667826e606b0966cd1fc225d6b2bc2df537de,fe234ce476b25712887f10bd8ee667826e606b0966cd1fc225d6b2bc2df537de,copied,0,2
455b086ea0491d71,smoking_0989_jpg,train,train,smoking_0989_jpg.rf.9507bdc84c9ac21b46c6c48b2c9912cc.jpg,smoking_0989_jpg.rf.9507bdc84c9ac21b46c6c48b2c9912cc.jpg,f6338066067982b97463e649e684aff6fff7f8d8f13f824b2ed641af1dfcd74a,f6338066067982b97463e649e684aff6fff7f8d8f13f824b2ed641af1dfcd74a,copied,0,0
455ec9ea148d174f,smoking_0900_jpg,train,train,smoking_0900_jpg.rf.4dfb8c338f40b4b0fee310ac897d2719.jpg,smoking_0900_jpg.rf.4dfb8c338f40b4b0fee310ac897d2719.jpg,951f4d807af67f1769d83ac1a0bb4325c9620bde314b093d39d1421b8030dde9,951f4d807af67f1769d83ac1a0bb4325c9620bde314b093d39d1421b8030dde9,copied,0,0
4584188f64c75f3c,smoking_0910_jpg,train,train,smoking_0910_jpg.rf.6eedb4e34658d83277bcc8fb5c854c75.jpg,smoking_0910_jpg.rf.6eedb4e34658d83277bcc8fb5c854c75.jpg,3ecb8caeeb4832ea8907c3a812454fb2a126a8788ea27682d3ce4dcbdb46127a,3ecb8caeeb4832ea8907c3a812454fb2a126a8788ea27682d3ce4dcbdb46127a,copied,0,0
4585ae418043ca33,ggg506_jpg,valid,train,ggg506_jpg.rf.34da43a77dd028ca44acdbe0795abf28.jpg,ggg506_jpg.rf.34da43a77dd028ca44acdbe0795abf28.jpg,9bfc7d11873a480db9da17807991963ae1a045d3af72e1f716f2b2f963ab5a7e,9bfc7d11873a480db9da17807991963ae1a045d3af72e1f716f2b2f963ab5a7e,copied,0,2
45a5f8bbce0e3cfc,smoking_1002_jpg,train,test,smoking_1002_jpg.rf.d5aa65fa3a1c60954d65a99c11501088.jpg,smoking_1002_jpg.rf.d5aa65fa3a1c60954d65a99c11501088.jpg,122b085092e86fb14416632866c29f6419ba88bbe0191abc128f75abcee91d55,122b085092e86fb14416632866c29f6419ba88bbe0191abc128f75abcee91d55,copied,0,0
45b65e3547cf3119,smoking_0118_jpg,test,train,smoking_0118_jpg.rf.4ed305d0fb909b3f183edeba5830a3f5.jpg,smoking_0118_jpg.rf.4ed305d0fb909b3f183edeba5830a3f5.jpg,ea2d6d95ede29cb5d2e31dc6158416902d832e5189918e44d634e7c28d9f4779,ea2d6d95ede29cb5d2e31dc6158416902d832e5189918e44d634e7c28d9f4779,copied,0,0
45bd82c2ae8b5f87,WIN_20220507_21_27_21_Pro_jpg,train,train,WIN_20220507_21_27_21_Pro_jpg.rf.30372b1d8a3b994157774131222dc557.jpg,WIN_20220507_21_27_21_Pro_jpg.rf.30372b1d8a3b994157774131222dc557.jpg,1a0e95c0a26abab45964ac15ec9d3b65c4f3be74f5e5fba7dd373024f6534040,1a0e95c0a26abab45964ac15ec9d3b65c4f3be74f5e5fba7dd373024f6534040,copied,0,1
45d85df37a6b3325,1697099949058_JPEG_jpg,train,train,1697099949058_JPEG_jpg.rf.3c652fd3846d2f32fc616ea5b75f8826.jpg,1697099949058_JPEG_jpg.rf.3c652fd3846d2f32fc616ea5b75f8826.jpg,5942b117423b6c7e2bf8c647d99356129c41425b5fd23253e8c76fc50f3dc32a,5942b117423b6c7e2bf8c647d99356129c41425b5fd23253e8c76fc50f3dc32a,copied,0,0
45f214b5de90ccf2,19353a5f63f3f083_jpg,train,valid,19353a5f63f3f083_jpg.rf.b623cd814ab9df337ad0c26d48c2d4a9.jpg,19353a5f63f3f083_jpg.rf.b623cd814ab9df337ad0c26d48c2d4a9.jpg,a505e984d37b06744f6e8156618ae339531309fb8e8fb475838c41784df886e7,a505e984d37b06744f6e8156618ae339531309fb8e8fb475838c41784df886e7,copied,1,
45fce7fca71e6af7,1697100071138_JPEG_jpg,valid,test,1697100071138_JPEG_jpg.rf.0673a123face65e53f969b6bf2810e4b.jpg,1697100071138_JPEG_jpg.rf.0673a123face65e53f969b6bf2810e4b.jpg,a43d4387b73deed4d3061d83d2fce962b22d552fcb1f12105012215e66fd3b32,a43d4387b73deed4d3061d83d2fce962b22d552fcb1f12105012215e66fd3b32,copied,0,0
4616d81ef729d95c,WIN_20220507_20_59_08_Pro_jpg,train,train,WIN_20220507_20_59_08_Pro_jpg.rf.547ed1a8cec40b8d246e3f38099a976d.jpg,WIN_20220507_20_59_08_Pro_jpg.rf.547ed1a8cec40b8d246e3f38099a976d.jpg,3d4e71f175a1fe1751c480362ebe46081a0bccb3008c771d6062312bed3aea81,3d4e71f175a1fe1751c480362ebe46081a0bccb3008c771d6062312bed3aea81,copied,0,1
46211d600fa4936f,1697099948688_JPEG_jpg,train,train,1697099948688_JPEG_jpg.rf.23d5ea69ea08db68838a9f795272dd7a.jpg,1697099948688_JPEG_jpg.rf.23d5ea69ea08db68838a9f795272dd7a.jpg,df89a211e3dfd159e33140eff7168c8afb56026bab31a634b1a98fadf8d44ef0,df89a211e3dfd159e33140eff7168c8afb56026bab31a634b1a98fadf8d44ef0,copied,0,0
46282d96169415a9,IMG_4549_jpg,valid,train,IMG_4549_jpg.rf.5ca7289934b2cbb9821358d4415e3357.jpg,IMG_4549_jpg.rf.5ca7289934b2cbb9821358d4415e3357.jpg,8460c7ec1ffcbb21d80c0cb78f645f880cf6bd58efaf4742b8f807de1460514e,8460c7ec1ffcbb21d80c0cb78f645f880cf6bd58efaf4742b8f807de1460514e,copied,1,
463e884d766580a6,1c039041143772b2_jpg,train,train,1c039041143772b2_jpg.rf.6818a06d28a61bfec98bac1de0f6c57c.jpg,1c039041143772b2_jpg.rf.6818a06d28a61bfec98bac1de0f6c57c.jpg,b2e9ba77012a4b7f38b5c308c6ab82d19ed0e6673b4f729330067a78a107385c,b2e9ba77012a4b7f38b5c308c6ab82d19ed0e6673b4f729330067a78a107385c,copied,1,
463eeef1c31d32d4,smoking_0324_jpg,valid,train,smoking_0324_jpg.rf.708b341c4a44f4cd212d5f8d5d4bb292.jpg,smoking_0324_jpg.rf.708b341c4a44f4cd212d5f8d5d4bb292.jpg,d7a0ce9cd74bd70a84b61201ee55fb1836b7431cbe4c466cadbd0630b109fd1e,d7a0ce9cd74bd70a84b61201ee55fb1836b7431cbe4c466cadbd0630b109fd1e,copied,0,0
465e12e60fae5ace,smoking_0357_jpg,train,train,smoking_0357_jpg.rf.8bd66f4b496b504f56639d6c519f400d.jpg,smoking_0357_jpg.rf.8bd66f4b496b504f56639d6c519f400d.jpg,8758059dfdf79c2dcd646638c1b79f0a8be1ac6b2e602047206b9d2fa25d7f2a,8758059dfdf79c2dcd646638c1b79f0a8be1ac6b2e602047206b9d2fa25d7f2a,copied,0,0
467099b493e74cbd,IMG_4397_jpg,train,valid,IMG_4397_jpg.rf.6031c281a5d8efd12a862afc69c463ba.jpg,IMG_4397_jpg.rf.6031c281a5d8efd12a862afc69c463ba.jpg,e07b6f75c46484ba36ceb9d02341a3c5d23c72f63fa9427e48b4f15e78a146d7,e07b6f75c46484ba36ceb9d02341a3c5d23c72f63fa9427e48b4f15e78a146d7,copied,0,0
4670c18d06d37655,smoking_0209_jpg,valid,train,smoking_0209_jpg.rf.f5a702be87c04ce89de6b51b3520d4ed.jpg,smoking_0209_jpg.rf.f5a702be87c04ce89de6b51b3520d4ed.jpg,507326a7b00a619ff04647a049ea140e8497825f5c68481d10d6ccbdb88e4b60,507326a7b00a619ff04647a049ea140e8497825f5c68481d10d6ccbdb88e4b60,copied,0,0
46b40f37ebb2a297,smoking_0180_jpg,train,train,smoking_0180_jpg.rf.988811337b89e27fde79bce5ea89fef7.jpg,smoking_0180_jpg.rf.988811337b89e27fde79bce5ea89fef7.jpg,8497ca240cb49d1d8dce9dbb77a7c90aff10231b1c46de7bc830a0ad4cb4e0c2,8497ca240cb49d1d8dce9dbb77a7c90aff10231b1c46de7bc830a0ad4cb4e0c2,copied,0,1
46c22028035c1a9a,000080_jpg,train,train,000080_jpg.rf.0e721ec4983f332a17da5017d4082a7d.jpg,000080_jpg.rf.0e721ec4983f332a17da5017d4082a7d.jpg,455d0f448f1d16e587589389b75b20565edd210b2cea06825252b38051d7a5b3,455d0f448f1d16e587589389b75b20565edd210b2cea06825252b38051d7a5b3,copied,0,2
46d2fc5a30dee974,smoking_0912_jpg,train,train,smoking_0912_jpg.rf.36a17fd399a138478a692940f59d23e6.jpg,smoking_0912_jpg.rf.36a17fd399a138478a692940f59d23e6.jpg,91887d09e3bbb3dd11d5fd7e04dc83825e0666b02a3730014a4697f417171424,91887d09e3bbb3dd11d5fd7e04dc83825e0666b02a3730014a4697f417171424,copied,0,0
46d971217618d9b4,1697099879097_JPEG_jpg,train,train,1697099879097_JPEG_jpg.rf.03971cea00108a4bd064ea1671e3e2d1.jpg,1697099879097_JPEG_jpg.rf.03971cea00108a4bd064ea1671e3e2d1.jpg,a4197130041b6e093da85c51fd0197401a55064161d1853bf16cde64627c2a11,a4197130041b6e093da85c51fd0197401a55064161d1853bf16cde64627c2a11,copied,0,0
470b93bac06c0348,066457c0e6f12fd9_jpg,train,train,066457c0e6f12fd9_jpg.rf.cd3160f884e418da18284239a4355093.jpg,066457c0e6f12fd9_jpg.rf.cd3160f884e418da18284239a4355093.jpg,961278f6dd13c1ad6bfef842f8b93708bf52ca57cff7b333741a0ec18d9373a7,961278f6dd13c1ad6bfef842f8b93708bf52ca57cff7b333741a0ec18d9373a7,copied,1,
47252e9749ab50b2,bb0020_jpg,train,train,bb0020_jpg.rf.35a7b75df7867c298f33a2ee8de10bf9.jpg,bb0020_jpg.rf.35a7b75df7867c298f33a2ee8de10bf9.jpg,685277ede609455b85a731b322bdbc81e7efd10ac707e6f36fa34228a0f78564,685277ede609455b85a731b322bdbc81e7efd10ac707e6f36fa34228a0f78564,copied,0,2
472bb5e7a3261b3c,smoking_1097_jpg,valid,train,smoking_1097_jpg.rf.ba4c73cb9e0d5752cc58a1d1d32162c8.jpg,smoking_1097_jpg.rf.ba4c73cb9e0d5752cc58a1d1d32162c8.jpg,1d52b96186403c86e446d9d987a0cf4d55c0cb575f97101f2ccd2a545ee060df,1d52b96186403c86e446d9d987a0cf4d55c0cb575f97101f2ccd2a545ee060df,copied,0,0
47415a37af1f07b6,smoking_0081_jpg,train,train,smoking_0081_jpg.rf.ec3307eac60eff9f9e0ce4396e9611c2.jpg,smoking_0081_jpg.rf.ec3307eac60eff9f9e0ce4396e9611c2.jpg,58505fea0266efcb434d7eb5992abc08cb3c7922b3c83f9bed7e6b5df537cfe4,58505fea0266efcb434d7eb5992abc08cb3c7922b3c83f9bed7e6b5df537cfe4,copied,0,0
477201a313ef097b,smoking_0743_jpg,test,train,smoking_0743_jpg.rf.8db9dbcbfe439014b12ecaf207891f74.jpg,smoking_0743_jpg.rf.8db9dbcbfe439014b12ecaf207891f74.jpg,02d8f366e9f8f650c33f25db69ebafbbaed601b34ddf4b5c386862bc3a2e5102,02d8f366e9f8f650c33f25db69ebafbbaed601b34ddf4b5c386862bc3a2e5102,copied,0,0
47b5938a68152e2a,IMG_4449_jpg,train,train,IMG_4449_jpg.rf.08f4c4e274a42aa6ff7d29b6ef154f67.jpg,IMG_4449_jpg.rf.08f4c4e274a42aa6ff7d29b6ef154f67.jpg,cd2c7ce5084596affd0bb577daa784f3c83c9e4b4c89e2136be13e9a35ef05fe,cd2c7ce5084596affd0bb577daa784f3c83c9e4b4c89e2136be13e9a35ef05fe,copied,0,0
47c6b723a5822f2d,WIN_20220507_20_59_05_Pro_jpg,train,train,WIN_20220507_20_59_05_Pro_jpg.rf.37d71a80135ca1d2df5a542a3db28548.jpg,WIN_20220507_20_59_05_Pro_jpg.rf.37d71a80135ca1d2df5a542a3db28548.jpg,09c23895cf468e65bd076057bede66395a1380e5cf17208d2052a7d9358be2bb,09c23895cf468e65bd076057bede66395a1380e5cf17208d2052a7d9358be2bb,copied,0,1
47d8bf3cf74b7dbf,smoking_0248_jpg,valid,valid,smoking_0248_jpg.rf.f75e09f8f752f337c7427d9d1c25d4e6.jpg,smoking_0248_jpg.rf.f75e09f8f752f337c7427d9d1c25d4e6.jpg,92de8e63755b8624d9ec4785836be57c7119963f5c4d0a2324de46b3c8ae3d04,92de8e63755b8624d9ec4785836be57c7119963f5c4d0a2324de46b3c8ae3d04,copied,0,0
4803f442991c3eae,smoking_1053_jpg,train,train,smoking_1053_jpg.rf.9500484e8fed88fa8b28b993dbef4a78.jpg,smoking_1053_jpg.rf.9500484e8fed88fa8b28b993dbef4a78.jpg,6702ec5c3797851e2f64c5bd5f5c67fc5a2173b19e7e891355bd17a7c2e1ff76,6702ec5c3797851e2f64c5bd5f5c67fc5a2173b19e7e891355bd17a7c2e1ff76,copied,0,0
4852485e7cba5aae,smoking_0891_jpg,train,train,smoking_0891_jpg.rf.de03054789eeabe072b2b39c957af8ef.jpg,smoking_0891_jpg.rf.de03054789eeabe072b2b39c957af8ef.jpg,920337666e83f7dc9d7f4149f2c3887f75f73bf5b16c9b364f61ff483a0eb6ec,920337666e83f7dc9d7f4149f2c3887f75f73bf5b16c9b364f61ff483a0eb6ec,copied,0,1
487064a239214715,IMG_5818_jpg,train,train,IMG_5818_jpg.rf.2cd7c3c005fd7bf03764018634de2694.jpg,IMG_5818_jpg.rf.2cd7c3c005fd7bf03764018634de2694.jpg,1982cd8f150def955464201262d5c966791af4a4008a5d208af30fc7c2a5197e,1982cd8f150def955464201262d5c966791af4a4008a5d208af30fc7c2a5197e,copied,0,1
489a19ed96ccd9af,images-36-_jpg,train,train,images-36-_jpg.rf.24249aa509f6d08a118bdabd1bcc93d4.jpg,images-36-_jpg.rf.24249aa509f6d08a118bdabd1bcc93d4.jpg,6e391382d595c643e5d7149fea7aec1db340ada5f4c4fb3c2960e6f1c72a6106,6e391382d595c643e5d7149fea7aec1db340ada5f4c4fb3c2960e6f1c72a6106,copied,0,1
48a071e229d53870,c00017_jpg,train,train,c00017_jpg.rf.0e4de0092919aec8fbe76610d1e59e48.jpg,c00017_jpg.rf.0e4de0092919aec8fbe76610d1e59e48.jpg,93352f25eb7900ae5c64489c54d90db17fa28b2b3abbdfb6e5bcfa0a92d03607,93352f25eb7900ae5c64489c54d90db17fa28b2b3abbdfb6e5bcfa0a92d03607,copied,0,2
48a61afdca1eec8c,bb0214_jpg,train,train,bb0214_jpg.rf.370ea54ff0bd5437340519e531623013.jpg,bb0214_jpg.rf.370ea54ff0bd5437340519e531623013.jpg,19811987ae8a93320fd2a899798cf74efa6884cd9f6b51b8fc26b4b707b8fb0c,19811987ae8a93320fd2a899798cf74efa6884cd9f6b51b8fc26b4b707b8fb0c,copied,0,2
48e721f2f77d7e9c,smoking_0178_jpg,train,valid,smoking_0178_jpg.rf.6c2b87e3ee702eaa0d028c52d65904d6.jpg,smoking_0178_jpg.rf.6c2b87e3ee702eaa0d028c52d65904d6.jpg,c8f906756bd5826584aa4ef9b3ab6278ff6e1d784cac15f83ac5d7bd0472459f,c8f906756bd5826584aa4ef9b3ab6278ff6e1d784cac15f83ac5d7bd0472459f,copied,0,0
491b3247a9a50309,smoking_0430_jpg,train,train,smoking_0430_jpg.rf.c4e332af2c5a9d31d3190f0384c540b3.jpg,smoking_0430_jpg.rf.c4e332af2c5a9d31d3190f0384c540b3.jpg,1114f1d15bb54962b31877fcb7696f0ab3c4bda6b676c5f2a8e5f3825b6acf59,1114f1d15bb54962b31877fcb7696f0ab3c4bda6b676c5f2a8e5f3825b6acf59,copied,0,0
4933176e607b8092,IMG_4516_jpg,train,test,IMG_4516_jpg.rf.0df16423c457ff7c23962f14a6735585.jpg,IMG_4516_jpg.rf.0df16423c457ff7c23962f14a6735585.jpg,e883913fb3218c970eeab5e59c391a7daf710c472b182dc9fd1b4faff7cb15ff,e883913fb3218c970eeab5e59c391a7daf710c472b182dc9fd1b4faff7cb15ff,copied,0,0|1
4946b4bfdef37381,1facc2726f72c474_jpg,train,test,1facc2726f72c474_jpg.rf.e4a6e6a558a096e01548cdb700b7c673.jpg,1facc2726f72c474_jpg.rf.e4a6e6a558a096e01548cdb700b7c673.jpg,823cd5716e18cf405054290f89150690fa6b827bcef168d06a13f234b7b8ec08,823cd5716e18cf405054290f89150690fa6b827bcef168d06a13f234b7b8ec08,copied,1,
495f2c0bd29dc0b9,474a2fac6db11f60_jpg,train,train,474a2fac6db11f60_jpg.rf.2d026441908c26eaa45c327af206ba51.jpg,474a2fac6db11f60_jpg.rf.2d026441908c26eaa45c327af206ba51.jpg,e84d9cfee582c8bb77d9569fb42f5f92e644f2f8b509d84873ed9df45a9e0140,e84d9cfee582c8bb77d9569fb42f5f92e644f2f8b509d84873ed9df45a9e0140,copied,1,
4961ecda02a23d10,smoking_0189_jpg,train,test,smoking_0189_jpg.rf.37b9554c90b8a5d92ada4e98c3a439fc.jpg,smoking_0189_jpg.rf.37b9554c90b8a5d92ada4e98c3a439fc.jpg,231131136f473932eafa832002ce777bba775d0ded72af87c7917a072eb1bcee,231131136f473932eafa832002ce777bba775d0ded72af87c7917a072eb1bcee,copied,0,1
4985c80b4e1a04ca,WIN_20220507_21_29_06_Pro_jpg,train,train,WIN_20220507_21_29_06_Pro_jpg.rf.b0513734de7f58327bd7f1ea24b834a1.jpg,WIN_20220507_21_29_06_Pro_jpg.rf.b0513734de7f58327bd7f1ea24b834a1.jpg,7d398e70475443c978070a50a18f392fd25a0c4ef9ccd069845e9f51139af205,7d398e70475443c978070a50a18f392fd25a0c4ef9ccd069845e9f51139af205,copied,0,1
49c44d83a637b2b8,4a0ff7f1af8b9491_jpg,train,train,4a0ff7f1af8b9491_jpg.rf.19d04839a2ae995d80d6878c03bd45ac.jpg,4a0ff7f1af8b9491_jpg.rf.19d04839a2ae995d80d6878c03bd45ac.jpg,e1139f3d8d13bf974f093c16d7fcbd4c5bd3d7b380c25490c7ebb8bb58588f81,e1139f3d8d13bf974f093c16d7fcbd4c5bd3d7b380c25490c7ebb8bb58588f81,copied,1,
49c6f2cc2425cc22,1a67d0f13f383e96_jpg,train,train,1a67d0f13f383e96_jpg.rf.8f874bf75a422d57eaf2aef1abca246c.jpg,1a67d0f13f383e96_jpg.rf.8f874bf75a422d57eaf2aef1abca246c.jpg,32b667b65c8695d265834b360d2dc09229a1fd7498471220435dbf91fc7731ec,32b667b65c8695d265834b360d2dc09229a1fd7498471220435dbf91fc7731ec,copied,1,
49e644c4d7bee13c,3622056ae4268786_jpg,train,train,3622056ae4268786_jpg.rf.e9ecf08dc72551f6a4979fa4c733db4f.jpg,3622056ae4268786_jpg.rf.e9ecf08dc72551f6a4979fa4c733db4f.jpg,d8a1b3369291b055be850f045ba9177c0b565dc5b1b52e6bd23d16e19f09fad1,d8a1b3369291b055be850f045ba9177c0b565dc5b1b52e6bd23d16e19f09fad1,copied,1,
49ec6b76e17613cc,2f3c739083708ebc_jpg,valid,train,2f3c739083708ebc_jpg.rf.5d44aa1ba27ab71a0042423c0b2e265c.jpg,2f3c739083708ebc_jpg.rf.5d44aa1ba27ab71a0042423c0b2e265c.jpg,b7738d04c51af9b698520f20ce21b4aa8935ee136c83b83a04e2c0c431938efd,b7738d04c51af9b698520f20ce21b4aa8935ee136c83b83a04e2c0c431938efd,copied,1,
4a251398f8595267,IMG_5111,train,valid,IMG_5111.JPG,IMG_5111.jpg,d8745b309437b1ea2cba3bde73dfc514ee0b67b8708ad4ba3d438ea225756ec4,372a87898ba00cbe7e0b7609c1bd704345c177334552bc425b53005613e7d505,converted_heic_to_jpeg,1,
4a3b62c002c49724,085e00cca29a39a5_jpg,train,train,085e00cca29a39a5_jpg.rf.ed43b8b26a12677d9a760044c4dc67ae.jpg,085e00cca29a39a5_jpg.rf.ed43b8b26a12677d9a760044c4dc67ae.jpg,cf4393694a58681b4fd36a10124b9c247fd479907f6b6002a85fd93f45282dbf,cf4393694a58681b4fd36a10124b9c247fd479907f6b6002a85fd93f45282dbf,copied,1,
4a6f1f5456530e01,smoking_0803_jpg,valid,train,smoking_0803_jpg.rf.7ab2a661594d9396ee90f6e06f2e2d82.jpg,smoking_0803_jpg.rf.7ab2a661594d9396ee90f6e06f2e2d82.jpg,8f8d0f1508ec57485c472e3570fcededbc68e357780475f0f6a84460c49a01eb,8f8d0f1508ec57485c472e3570fcededbc68e357780475f0f6a84460c49a01eb,copied,0,0
4a7ceff776f4507c,images-104-_jpg,train,train,images-104-_jpg.rf.0c535baaaea2ce09d3653c9acdd94a8f.jpg,images-104-_jpg.rf.0c535baaaea2ce09d3653c9acdd94a8f.jpg,971e480fd0b582a5f30a3659bd926d126515a45864327b3bb1cf1d3b15dd6770,971e480fd0b582a5f30a3659bd926d126515a45864327b3bb1cf1d3b15dd6770,copied,0,1
4ad8c51290a68edb,pexels-photo-9742474_jpeg_jpg,train,valid,pexels-photo-9742474_jpeg_jpg.rf.6e0d829043dc072b0876da1d0b86e343.jpg,pexels-photo-9742474_jpeg_jpg.rf.6e0d829043dc072b0876da1d0b86e343.jpg,d86d37646cf2c79188f527124a3e960dc6a29fa14155af598d860b166e6bda4c,d86d37646cf2c79188f527124a3e960dc6a29fa14155af598d860b166e6bda4c,copied,0,1
4aebb1ea72cc3f7f,1fbb32e5f28f156f_jpg,train,train,1fbb32e5f28f156f_jpg.rf.eba7e5bba4121e309960f88a4ae9bac2.jpg,1fbb32e5f28f156f_jpg.rf.eba7e5bba4121e309960f88a4ae9bac2.jpg,22da3258b5586ea45ed352048e155833cd3c9c5f3c2dc8cd595db83885db8bef,22da3258b5586ea45ed352048e155833cd3c9c5f3c2dc8cd595db83885db8bef,copied,1,
4aecf26e331f6fa9,343f7cd1711f367d_jpg,train,train,343f7cd1711f367d_jpg.rf.44c37692b81b0c05cef7b8fce6db0f72.jpg,343f7cd1711f367d_jpg.rf.44c37692b81b0c05cef7b8fce6db0f72.jpg,2edd395a4b87378511fc8f8d1d3fe1dfd25321ee8fd77aee24764c1ba66437b9,2edd395a4b87378511fc8f8d1d3fe1dfd25321ee8fd77aee24764c1ba66437b9,copied,1,
4af301ba0f646886,images-95-_jpg,train,train,images-95-_jpg.rf.3f20d55ae2cf3129f7934e4d562cf08e.jpg,images-95-_jpg.rf.3f20d55ae2cf3129f7934e4d562cf08e.jpg,3746dcdf0dfb8865e6605d39ded81dfc90c8a7a78cd7abfe3bb64d9945bea5ee,3746dcdf0dfb8865e6605d39ded81dfc90c8a7a78cd7abfe3bb64d9945bea5ee,copied,0,1
4b5ee843ccd97fc0,images-84-_jpg,train,train,images-84-_jpg.rf.4e91f28384fcf208191a5957345eca87.jpg,images-84-_jpg.rf.4e91f28384fcf208191a5957345eca87.jpg,1387a494408ba98a7ee075db5c49a22c76127dc250f584197e9e5ee246c79b8f,1387a494408ba98a7ee075db5c49a22c76127dc250f584197e9e5ee246c79b8f,copied,0,1
4b5f562916ae03c4,2782dbc1bef4dcb2_jpg,train,valid,2782dbc1bef4dcb2_jpg.rf.89949590545c1e65a71b5d343b0f98a3.jpg,2782dbc1bef4dcb2_jpg.rf.89949590545c1e65a71b5d343b0f98a3.jpg,ea8ab065633c272f9fecb465550caa670b44bb39bfbdb3fc7fdb2a83342fd981,ea8ab065633c272f9fecb465550caa670b44bb39bfbdb3fc7fdb2a83342fd981,copied,1,
4b6d16b0602b607f,IMG_4543_jpg,train,valid,IMG_4543_jpg.rf.47d751726ca5eb6c74e7851218987a6d.jpg,IMG_4543_jpg.rf.47d751726ca5eb6c74e7851218987a6d.jpg,c9759c6579ca493cf18db54d78fbe9cdcf656de57bf1d85212e04b4984cdc50d,c9759c6579ca493cf18db54d78fbe9cdcf656de57bf1d85212e04b4984cdc50d,copied,0,0|1
4bb67e528a940961,IMG_4419_jpg,train,train,IMG_4419_jpg.rf.e2976d2beb1053343c0dba788403cac0.jpg,IMG_4419_jpg.rf.e2976d2beb1053343c0dba788403cac0.jpg,17a5cf87f3b4be1b6f4d96bb10838a8b29489c42fab04f28904437f9594db914,17a5cf87f3b4be1b6f4d96bb10838a8b29489c42fab04f28904437f9594db914,copied,0,0
4bbe2b6a90c08433,images-78-_jpg,train,train,images-78-_jpg.rf.035b205b1f5ad7c17e72f1f26328cb4d.jpg,images-78-_jpg.rf.035b205b1f5ad7c17e72f1f26328cb4d.jpg,e79126afa64c73b644c6675ea2721a8b81ccbcf2a8ce1f64bd11e72a65c52fba,e79126afa64c73b644c6675ea2721a8b81ccbcf2a8ce1f64bd11e72a65c52fba,copied,0,1
4c2de8fec0688bbd,smoking_0439_jpg,train,train,smoking_0439_jpg.rf.33f94561b454a8272c3b570f8b27b522.jpg,smoking_0439_jpg.rf.33f94561b454a8272c3b570f8b27b522.jpg,52a587c088da966de4f2597ffe36aafc6dafba13c6270cc974c6a3de2faffab0,52a587c088da966de4f2597ffe36aafc6dafba13c6270cc974c6a3de2faffab0,copied,0,0
4c482665bd5d8515,ggg007_jpg,train,train,ggg007_jpg.rf.554c8e4abb641d0125517233bf3841aa.jpg,ggg007_jpg.rf.554c8e4abb641d0125517233bf3841aa.jpg,09ea47a1413b5f9c7d17888736a42120e7483b74d4ea471f036cfc7c694145c5,09ea47a1413b5f9c7d17888736a42120e7483b74d4ea471f036cfc7c694145c5,copied,0,2
4c8b7f5607bb6784,smoking_1049_jpg,valid,train,smoking_1049_jpg.rf.314a81e596f0ea5f4ed00d41cd3630d6.jpg,smoking_1049_jpg.rf.314a81e596f0ea5f4ed00d41cd3630d6.jpg,90ea205bc74421221f09b6da40ba05e2816381e890bf5bd05cfe2ffcb494a6fd,90ea205bc74421221f09b6da40ba05e2816381e890bf5bd05cfe2ffcb494a6fd,copied,0,0
4c973d138c39dcd9,WIN_20220507_21_29_18_Pro_jpg,valid,valid,WIN_20220507_21_29_18_Pro_jpg.rf.ab513bf562b24788f586294b87b2476c.jpg,WIN_20220507_21_29_18_Pro_jpg.rf.ab513bf562b24788f586294b87b2476c.jpg,9d164f6025a10673f6f9e039f1ea44a9f65a4e79048f0e64615158b233180182,9d164f6025a10673f6f9e039f1ea44a9f65a4e79048f0e64615158b233180182,copied,0,1
4ca2ecfd1db52467,51351fb3a7057c8f_jpg,valid,train,51351fb3a7057c8f_jpg.rf.4780cdb57f43901a8d15231a15e31e60.jpg,51351fb3a7057c8f_jpg.rf.4780cdb57f43901a8d15231a15e31e60.jpg,d0ac7ca7374c6760750b300c4f13d905eb23b3a379d944c1e603f897a3da7e6d,d0ac7ca7374c6760750b300c4f13d905eb23b3a379d944c1e603f897a3da7e6d,copied,1,
4cb1f1328fe753cc,gg0024_png_jpg,train,train,gg0024_png_jpg.rf.166fb6620e00d05f1bed14ec311a5ae6.jpg,gg0024_png_jpg.rf.166fb6620e00d05f1bed14ec311a5ae6.jpg,d809f55629a1ee0f37e0390064f6c7b782f67f04d9360b81e0b3a61a6efddabe,d809f55629a1ee0f37e0390064f6c7b782f67f04d9360b81e0b3a61a6efddabe,copied,0,2
4cb83c760e14278d,smoking_0297_jpg,test,train,smoking_0297_jpg.rf.ac73f04175093a9bb7d77441d0bd3e11.jpg,smoking_0297_jpg.rf.ac73f04175093a9bb7d77441d0bd3e11.jpg,8dad986ec3a07b0e951bc536a37ea93e00d32f78d1e9fc4a06d5b94d663cbdd3,8dad986ec3a07b0e951bc536a37ea93e00d32f78d1e9fc4a06d5b94d663cbdd3,copied,0,0
4cdffb5298e2b0c8,171001f48cedc952_jpg,train,train,171001f48cedc952_jpg.rf.39352131b792ae7c22300b7e9df450e8.jpg,171001f48cedc952_jpg.rf.39352131b792ae7c22300b7e9df450e8.jpg,c20e0b97af05a8605b27dae6b4bc9ce27743ad0d1d1c51c33a0d316d3501a2a8,c20e0b97af05a8605b27dae6b4bc9ce27743ad0d1d1c51c33a0d316d3501a2a8,copied,1,
4ce35ee1b8173964,000026_jpg,valid,train,000026_jpg.rf.60c1fc619aa7e973ce9906b28dbc5739.jpg,000026_jpg.rf.60c1fc619aa7e973ce9906b28dbc5739.jpg,46da93b3577a08bf189595cdbb6b7fafdf4b5fa8f2671c5557dc16ceb238098d,46da93b3577a08bf189595cdbb6b7fafdf4b5fa8f2671c5557dc16ceb238098d,copied,0,0|2
4d49a9c6c213f11f,smoking_0719_jpg,train,train,smoking_0719_jpg.rf.41962751f8e907f5baac78a3f25cfc83.jpg,smoking_0719_jpg.rf.41962751f8e907f5baac78a3f25cfc83.jpg,8616840cc28e3c1a2325ff91593cff63922f226b03b3fa39eb79e17b26d841ab,8616840cc28e3c1a2325ff91593cff63922f226b03b3fa39eb79e17b26d841ab,copied,0,0
4db68230cfcca465,IMG_4404_jpg,train,train,IMG_4404_jpg.rf.c5e32ec7f126c25755be5e68dd6a7076.jpg,IMG_4404_jpg.rf.c5e32ec7f126c25755be5e68dd6a7076.jpg,132dfe2348553a27e648fe838d2c984b6a6b7cc74d53235923d1f9b44daa436f,132dfe2348553a27e648fe838d2c984b6a6b7cc74d53235923d1f9b44daa436f,copied,0,0
4df34c2645d91888,smoking_0833_jpg,train,train,smoking_0833_jpg.rf.e433acc03644b829fc9abfafb84f4617.jpg,smoking_0833_jpg.rf.e433acc03644b829fc9abfafb84f4617.jpg,7b9be86c61d0c9a01679388e6dab62457fc7ff335cf9bd0d942031af7205a17e,7b9be86c61d0c9a01679388e6dab62457fc7ff335cf9bd0d942031af7205a17e,copied,0,0
4e0725e8cb947f40,ggg063_jpg,valid,train,ggg063_jpg.rf.01aa34e9eba1f0bb3d4e4f6ca2ca140d.jpg,ggg063_jpg.rf.01aa34e9eba1f0bb3d4e4f6ca2ca140d.jpg,b1b118277fcdeccc135a9fe6a2e50e0895449b2b3de293c6d86120f3426628e1,b1b118277fcdeccc135a9fe6a2e50e0895449b2b3de293c6d86120f3426628e1,copied,0,2
4e1d7c56cf431aab,1dd0e9e11ce550d2_jpg,train,train,1dd0e9e11ce550d2_jpg.rf.98f585f6ad627611aeb24732c9299881.jpg,1dd0e9e11ce550d2_jpg.rf.98f585f6ad627611aeb24732c9299881.jpg,7dd4f48253861a66826b76e5dcc918c8886dbaff317e593dcd2466a27e30b896,7dd4f48253861a66826b76e5dcc918c8886dbaff317e593dcd2466a27e30b896,copied,1,
4e2eef3ace757c41,IMG_4327_jpg,train,test,IMG_4327_jpg.rf.1116c97c648ed7076c96f47ec6631045.jpg,IMG_4327_jpg.rf.1116c97c648ed7076c96f47ec6631045.jpg,e688535d0aa4c27182f32ddcd42954eac98c1b8d3783e0d83ceba4042356387a,e688535d0aa4c27182f32ddcd42954eac98c1b8d3783e0d83ceba4042356387a,copied,0,0
4e5de1564143b1ff,smoking_0582_jpg,train,train,smoking_0582_jpg.rf.e65de35320ca5e65eb5a04f1c20eaf50.jpg,smoking_0582_jpg.rf.e65de35320ca5e65eb5a04f1c20eaf50.jpg,a2125506957272d39f6d454cfb4c1ba024302734fb59ec7e44d9b4c8ce06f194,a2125506957272d39f6d454cfb4c1ba024302734fb59ec7e44d9b4c8ce06f194,copied,0,1
4e5e5326b8cc8d61,smoking_0908_jpg,train,train,smoking_0908_jpg.rf.0102d9f6ece149f31bc0033eddd811bd.jpg,smoking_0908_jpg.rf.0102d9f6ece149f31bc0033eddd811bd.jpg,cfd626d492394e1ad345d9d618c2296bc5be57ca432618ff92dc9912286128d5,cfd626d492394e1ad345d9d618c2296bc5be57ca432618ff92dc9912286128d5,copied,0,0
4e60c5a72864a161,smoking_0399_jpg,train,train,smoking_0399_jpg.rf.74400a9f195e8f866f54d4fd9bd05ddf.jpg,smoking_0399_jpg.rf.74400a9f195e8f866f54d4fd9bd05ddf.jpg,fa87f99fb434d68a79008f0dc0bda3205f079f57450852ff436153e7276ac487,fa87f99fb434d68a79008f0dc0bda3205f079f57450852ff436153e7276ac487,copied,0,1
4e9a6ccc68e8033a,smoking_0335_jpg,valid,train,smoking_0335_jpg.rf.29fb3a897697c4f0ef3a49450b0bb859.jpg,smoking_0335_jpg.rf.29fb3a897697c4f0ef3a49450b0bb859.jpg,fb3cc4e20cc7a0cdd55f0cc086ea716b726ff99166b792ae4e9008d0adbeecba,fb3cc4e20cc7a0cdd55f0cc086ea716b726ff99166b792ae4e9008d0adbeecba,copied,0,0
4eac24d68037f3d1,c00514_jpg,train,train,c00514_jpg.rf.04390e7db951bddeae5c97bf210a7d91.jpg,c00514_jpg.rf.04390e7db951bddeae5c97bf210a7d91.jpg,b2ccf41f6e7302d5b50a068161b5d230318edf5c9e93feb9aa113852f4ff83a0,b2ccf41f6e7302d5b50a068161b5d230318edf5c9e93feb9aa113852f4ff83a0,copied,0,2
4ed23dc086a38542,IMG_5118,train,train,IMG_5118.JPG,IMG_5118.jpg,b926f42866143957097617c93978053f129849664706b9316807ec711c43ef9a,d3aae2f29d3f6c87c0475b546960a09fb2f608d052ab0b306c3a7a74da8b43db,converted_heic_to_jpeg,1,
4f0c61b632704094,15a224c5f395f4f2_jpg,train,train,15a224c5f395f4f2_jpg.rf.7f6969b028e03d40103479a710230133.jpg,15a224c5f395f4f2_jpg.rf.7f6969b028e03d40103479a710230133.jpg,0a5ec770604b009c148a76430ee9a191f4321cc32f012782ff3f2a322ab97b4c,0a5ec770604b009c148a76430ee9a191f4321cc32f012782ff3f2a322ab97b4c,copied,1,
4f1457f509cdf8ac,small-90-_jpg,test,test,small-90-_jpg.rf.a72dc644942c5e5883626315bcde997e.jpg,small-90-_jpg.rf.a72dc644942c5e5883626315bcde997e.jpg,9f659c66c466562b0a2f45c6109ac1cf79ac6ef10872bd4ab99d09f410cf95eb,9f659c66c466562b0a2f45c6109ac1cf79ac6ef10872bd4ab99d09f410cf95eb,copied,0,1
4f58a66a4d95bcdc,images-30-_jpg,train,valid,images-30-_jpg.rf.9f57e7888c7976b1edde5cae4f46b24b.jpg,images-30-_jpg.rf.9f57e7888c7976b1edde5cae4f46b24b.jpg,5ba5a305b618481ae11184b900961d835742c712aa3fbe8f45bc4b750cf55ddc,5ba5a305b618481ae11184b900961d835742c712aa3fbe8f45bc4b750cf55ddc,copied,0,1
4f5e52ec967e3681,smoking_0411_jpg,train,train,smoking_0411_jpg.rf.d57264d185246275625588cda7dec3ea.jpg,smoking_0411_jpg.rf.d57264d185246275625588cda7dec3ea.jpg,4b0ace81a3221a6e2796c24ed7bb9db57c43a9665130f5f6399688751eae7295,4b0ace81a3221a6e2796c24ed7bb9db57c43a9665130f5f6399688751eae7295,copied,0,0
4f8f02446b0c3102,c00166_jpg,train,train,c00166_jpg.rf.10a58cf8155e1fe7d6cdb1b5063bcc3f.jpg,c00166_jpg.rf.10a58cf8155e1fe7d6cdb1b5063bcc3f.jpg,758067f7b1949cb4691882b65491c79af24a7f3a5e5be55665b7465c1021b1ee,758067f7b1949cb4691882b65491c79af24a7f3a5e5be55665b7465c1021b1ee,copied,0,2
4fafb657fff9d8c9,c00493_jpg,train,train,c00493_jpg.rf.100fdcec27f85918f96b2b8a3b60f83d.jpg,c00493_jpg.rf.100fdcec27f85918f96b2b8a3b60f83d.jpg,d078d450a3a8be12d47f0ba2c86ed22b120e0d3843e8b700e353cd767d42f910,d078d450a3a8be12d47f0ba2c86ed22b120e0d3843e8b700e353cd767d42f910,copied,0,2
4fd6699ad3540701,smoking_0097_jpg,train,train,smoking_0097_jpg.rf.4aaf53df0c8401b5db30d48b2dae59da.jpg,smoking_0097_jpg.rf.4aaf53df0c8401b5db30d48b2dae59da.jpg,b72ec6ff28ddbd7a993ea7808c4c95abdaa785b34025f7a671078cb6ff5b8920,b72ec6ff28ddbd7a993ea7808c4c95abdaa785b34025f7a671078cb6ff5b8920,copied,0,1
4fe16484d8c968a0,c00427_jpg,train,train,c00427_jpg.rf.3e571d0f75954cb763f96a6630f41324.jpg,c00427_jpg.rf.3e571d0f75954cb763f96a6630f41324.jpg,5f053c2396c0adb3c5ea47ce96b89faea18b1e109a0029c532a591e3b8d8f9b5,5f053c2396c0adb3c5ea47ce96b89faea18b1e109a0029c532a591e3b8d8f9b5,copied,0,2
4fed4311ba55e017,IMG_5091,valid,train,IMG_5091.JPG,IMG_5091.jpg,562ff0f7adeddd1e8698e6430103f973eb9bb11bbc33576ce247bac3bc91faf8,5cf7e7cf5a000395742674628bb6aa6212eb082e5c27c09dd3fa7a0d6c6f41b3,converted_heic_to_jpeg,1,
4ff49173393b3dcf,smoking_0930_jpg,train,train,smoking_0930_jpg.rf.7abc313d5f407b5200c10b78c1a4d6a9.jpg,smoking_0930_jpg.rf.7abc313d5f407b5200c10b78c1a4d6a9.jpg,e3d478963c1b8de4e5cca6cc5efa67d902d3b0d869500da87b575692b2b3ce15,e3d478963c1b8de4e5cca6cc5efa67d902d3b0d869500da87b575692b2b3ce15,copied,0,1
4ffb1e0755d69798,24e703743eaf1aba_jpg,train,train,24e703743eaf1aba_jpg.rf.c7d0cc66e60ddaa87b624799f91ef305.jpg,24e703743eaf1aba_jpg.rf.c7d0cc66e60ddaa87b624799f91ef305.jpg,df4882a2874d3012b8381f2198fca0242fbdd90375b58601bbd0167ab9bb7219,df4882a2874d3012b8381f2198fca0242fbdd90375b58601bbd0167ab9bb7219,copied,1,
50131da01c0d60c4,smoking_0219_jpg,valid,train,smoking_0219_jpg.rf.67c736b1fce230b396895dc7db018cd8.jpg,smoking_0219_jpg.rf.67c736b1fce230b396895dc7db018cd8.jpg,4f608347fbc1ce6b93e47ecdcc4065fdb30febc9de769b1f7a72e0e6ebe539a1,4f608347fbc1ce6b93e47ecdcc4065fdb30febc9de769b1f7a72e0e6ebe539a1,copied,0,0
501b215d15ca1797,1697099983104_JPEG_jpg,train,train,1697099983104_JPEG_jpg.rf.38883dc6a303979615e7294f758a0afb.jpg,1697099983104_JPEG_jpg.rf.38883dc6a303979615e7294f758a0afb.jpg,26e8dca70ff8001d25994adccec063bc04e4b7796ac39ac4f5b5d4ecd8150dc3,26e8dca70ff8001d25994adccec063bc04e4b7796ac39ac4f5b5d4ecd8150dc3,copied,0,0
5052d095c91636d7,smoking_0211_jpg,train,train,smoking_0211_jpg.rf.6733d1658f6e0f1a0a633195c5259b72.jpg,smoking_0211_jpg.rf.6733d1658f6e0f1a0a633195c5259b72.jpg,87e4103b8ff7bd652f0cd6270583ceef42f1c6c8d0776f956f704a9e89b2ebd2,87e4103b8ff7bd652f0cd6270583ceef42f1c6c8d0776f956f704a9e89b2ebd2,copied,0,0
506aa9db11be2d79,0e103c097290e5c0_jpg,valid,train,0e103c097290e5c0_jpg.rf.4ba43b79149dc5ed83157a932dde0b4b.jpg,0e103c097290e5c0_jpg.rf.4ba43b79149dc5ed83157a932dde0b4b.jpg,dae1d9358fc6bd65f43bbff4a0f28851107355811b8b255e2b47133ada830706,dae1d9358fc6bd65f43bbff4a0f28851107355811b8b255e2b47133ada830706,copied,1,
50986d90cbdef7f9,images-4-_jpg,train,train,images-4-_jpg.rf.07b0371d5050246023c116f41ae97dd6.jpg,images-4-_jpg.rf.07b0371d5050246023c116f41ae97dd6.jpg,4504ea27c70e39680f00dbeb64b06d8cb1f913f8879d92f254579dd72deaeb29,4504ea27c70e39680f00dbeb64b06d8cb1f913f8879d92f254579dd72deaeb29,copied,0,1
50a7956aa832a6b9,smoking_0586_jpg,train,train,smoking_0586_jpg.rf.8600dd3834290563d0e0e52c4328755e.jpg,smoking_0586_jpg.rf.8600dd3834290563d0e0e52c4328755e.jpg,6c732093b64059e76a5bb34e850f8e9696119757523176fb58691b1ace19c85a,6c732093b64059e76a5bb34e850f8e9696119757523176fb58691b1ace19c85a,copied,0,0
50e8ab3d128d7dbe,WIN_20220329_21_28_52_Pro_jpg,train,train,WIN_20220329_21_28_52_Pro_jpg.rf.bdc2ae1b9b0d4bb5619e8b62ea608984.jpg,WIN_20220329_21_28_52_Pro_jpg.rf.bdc2ae1b9b0d4bb5619e8b62ea608984.jpg,e956137e970073dd37768e46d795f336720b6cee30505a4c87abf93fc3099f44,e956137e970073dd37768e46d795f336720b6cee30505a4c87abf93fc3099f44,copied,0,1
50ffcb99a1d311e4,smoking_0375_jpg,train,train,smoking_0375_jpg.rf.db6b91f0bf2b99902793ea4a403afa36.jpg,smoking_0375_jpg.rf.db6b91f0bf2b99902793ea4a403afa36.jpg,ef21c08447d4cd90e756b8b605739922c4c4df032dc4449fd6aeb9cc357522e1,ef21c08447d4cd90e756b8b605739922c4c4df032dc4449fd6aeb9cc357522e1,copied,0,0
5106111b8d9175a5,smoking_0602_jpg,train,train,smoking_0602_jpg.rf.603087cffb189e41e24c577646c5f4c3.jpg,smoking_0602_jpg.rf.603087cffb189e41e24c577646c5f4c3.jpg,3658d57246540a7de2c08e9a885703f83d7ada74c2bc7f1fd9c8335f2f5d4049,3658d57246540a7de2c08e9a885703f83d7ada74c2bc7f1fd9c8335f2f5d4049,copied,0,1
5122128c3b2cf50d,3c59d2ccd531f32c_jpg,valid,train,3c59d2ccd531f32c_jpg.rf.cb87cb53b2edf62b6213dff0dca181ac.jpg,3c59d2ccd531f32c_jpg.rf.cb87cb53b2edf62b6213dff0dca181ac.jpg,44ef18724b1c1f9d146729b794cdefef31cf5816391d2b8aaa3e612ee000564d,44ef18724b1c1f9d146729b794cdefef31cf5816391d2b8aaa3e612ee000564d,copied,1,
512bf9fd28996873,smoking_0249_jpg,train,train,smoking_0249_jpg.rf.2dd6a61cca9be7ed5258750a38e6f768.jpg,smoking_0249_jpg.rf.2dd6a61cca9be7ed5258750a38e6f768.jpg,1f0df69f0547ea4bd947c24d5c3b7d3dcdfbe74e2d80a297bc409775d19143d3,1f0df69f0547ea4bd947c24d5c3b7d3dcdfbe74e2d80a297bc409775d19143d3,copied,0,0
51c64150d18206f7,indir-19-_jpg,train,train,indir-19-_jpg.rf.bca105da2f090ee70db71a6ca662b256.jpg,indir-19-_jpg.rf.bca105da2f090ee70db71a6ca662b256.jpg,7e9b2090e096f7e2d30b885d32c97402a195d06c2786f3c74d80a6b03ebb0a52,7e9b2090e096f7e2d30b885d32c97402a195d06c2786f3c74d80a6b03ebb0a52,copied,0,1
51dd53316afd0394,1697100043461_JPEG_jpg,valid,valid,1697100043461_JPEG_jpg.rf.5d0b64551907b455b160230db78e0d07.jpg,1697100043461_JPEG_jpg.rf.5d0b64551907b455b160230db78e0d07.jpg,ebcf68504e979f0d139952d825542c6cc440b64d394828015c0e07f53b4cf8c3,ebcf68504e979f0d139952d825542c6cc440b64d394828015c0e07f53b4cf8c3,copied,0,0
51e52ee6ba70f4f5,smoking_0076_jpg,test,train,smoking_0076_jpg.rf.64e8c8f3ea90d18c33128224e94c9662.jpg,smoking_0076_jpg.rf.64e8c8f3ea90d18c33128224e94c9662.jpg,d58a356672016e5dcdc2c5371bcc1e413d659546a238762b48bc5f82399d85ff,d58a356672016e5dcdc2c5371bcc1e413d659546a238762b48bc5f82399d85ff,copied,0,0
52113a32b6d0e520,smoking_0604_jpg,valid,train,smoking_0604_jpg.rf.e5775dc76884959470eb06dcffa1931b.jpg,smoking_0604_jpg.rf.e5775dc76884959470eb06dcffa1931b.jpg,86b1e802dd21471edbcb2d7b5f412486caebc42cda1d12a0c4ccea87e8e7a0b6,86b1e802dd21471edbcb2d7b5f412486caebc42cda1d12a0c4ccea87e8e7a0b6,copied,0,0
522afef4095b8f21,smoking_0045_jpg,train,train,smoking_0045_jpg.rf.027217b5268104a9728755666aa726f8.jpg,smoking_0045_jpg.rf.027217b5268104a9728755666aa726f8.jpg,a4ab17b7918e88706ce25375db2431943099b1ac7ecfaadf2272d11d0f6e9a52,a4ab17b7918e88706ce25375db2431943099b1ac7ecfaadf2272d11d0f6e9a52,copied,0,1
527735b32fe96c04,images-8-_jpeg_jpg,test,valid,images-8-_jpeg_jpg.rf.44329cb0a6700b3c57bdc48f656a222c.jpg,images-8-_jpeg_jpg.rf.44329cb0a6700b3c57bdc48f656a222c.jpg,1910b52398adb0b43b174c5f79f26b94d2249d6d61793e0200ebb278c171800c,1910b52398adb0b43b174c5f79f26b94d2249d6d61793e0200ebb278c171800c,copied,0,1
5278c79684eac7b2,small-110-_jpg,train,train,small-110-_jpg.rf.655a71b0a37ea83658c450cb77b7ea72.jpg,small-110-_jpg.rf.655a71b0a37ea83658c450cb77b7ea72.jpg,7b1d078d6787f923d3b3ddf05f2ef5d8383bdc063a9b6b8b210b5c17a40a70e4,7b1d078d6787f923d3b3ddf05f2ef5d8383bdc063a9b6b8b210b5c17a40a70e4,copied,0,1
52a68f596b9fc558,smoking_0092_jpg,test,valid,smoking_0092_jpg.rf.e646cbda345350302ad6304e63215ed2.jpg,smoking_0092_jpg.rf.e646cbda345350302ad6304e63215ed2.jpg,d35d65b987fdbeb9a983a5a320039112a6468b03c3100bb6453aaa7ee8203228,d35d65b987fdbeb9a983a5a320039112a6468b03c3100bb6453aaa7ee8203228,copied,0,0
52be3b7f3b2d5ee4,bb0168_jpg,train,train,bb0168_jpg.rf.4a8c5670b04af40f08fd7ac6152e1897.jpg,bb0168_jpg.rf.4a8c5670b04af40f08fd7ac6152e1897.jpg,26492c441e1920a90478124261158fde3d3eb9211ed19141afc208e4bb956f46,26492c441e1920a90478124261158fde3d3eb9211ed19141afc208e4bb956f46,copied,0,2
52eb53030ba8e5d8,WIN_20220329_21_28_57_Pro_jpg,valid,test,WIN_20220329_21_28_57_Pro_jpg.rf.6cb12a3b9d600d00d4d4738976c55afa.jpg,WIN_20220329_21_28_57_Pro_jpg.rf.6cb12a3b9d600d00d4d4738976c55afa.jpg,bc4446b8f81aa0ace62ee0939b6a928efc59695e83a124596fd02277a0c31bb1,bc4446b8f81aa0ace62ee0939b6a928efc59695e83a124596fd02277a0c31bb1,copied,0,1
52ed5f637473f42b,smoking_0407_jpg,train,train,smoking_0407_jpg.rf.6cd690b07bf9b1fe171ba02feff81fd5.jpg,smoking_0407_jpg.rf.6cd690b07bf9b1fe171ba02feff81fd5.jpg,2eb47a90c2c2113c938685329211e688d016fdfd5d04c3529a7f60b0140f1fbc,2eb47a90c2c2113c938685329211e688d016fdfd5d04c3529a7f60b0140f1fbc,copied,0,0
5363e685afbadf9b,smoking_0134_jpg,train,train,smoking_0134_jpg.rf.70d7068a7e13192447e9ddeaa918b7a1.jpg,smoking_0134_jpg.rf.70d7068a7e13192447e9ddeaa918b7a1.jpg,2739559b40e22a2a3c3cfdc645088df56bd808a23e28b38f8f8ae20b52c71bfc,2739559b40e22a2a3c3cfdc645088df56bd808a23e28b38f8f8ae20b52c71bfc,copied,0,0
536b709fb747c280,1697095267791_JPEG_jpg,train,train,1697095267791_JPEG_jpg.rf.25f84ed0301fcf3ee6af757d9169c850.jpg,1697095267791_JPEG_jpg.rf.25f84ed0301fcf3ee6af757d9169c850.jpg,7ec0a9469c06345a1f7c3f13bab5e75165bc3c977654c736cbed07581ebc7099,7ec0a9469c06345a1f7c3f13bab5e75165bc3c977654c736cbed07581ebc7099,copied,0,0
5374f9bdedd92ca6,WIN_20220329_21_29_55_Pro_jpg,train,valid,WIN_20220329_21_29_55_Pro_jpg.rf.f9ce8a31684fb2afe45bde00b395d070.jpg,WIN_20220329_21_29_55_Pro_jpg.rf.f9ce8a31684fb2afe45bde00b395d070.jpg,38fa90e7382665d79deffcd72a79fd525309509a0373b3569446d48de9459013,38fa90e7382665d79deffcd72a79fd525309509a0373b3569446d48de9459013,copied,0,1
537bba147ce27340,smoking_0182_jpg,valid,test,smoking_0182_jpg.rf.7a97e5efeed4d5fdbed6817007c9756c.jpg,smoking_0182_jpg.rf.7a97e5efeed4d5fdbed6817007c9756c.jpg,03d55d8bffc63edf317b5f5334171a47081eca22f5f59943b6b63a660a41409e,03d55d8bffc63edf317b5f5334171a47081eca22f5f59943b6b63a660a41409e,copied,0,0
538baf3ff638188e,c00446_jpg,train,train,c00446_jpg.rf.0511a4623566bfdb18f4d8689567ac85.jpg,c00446_jpg.rf.0511a4623566bfdb18f4d8689567ac85.jpg,e9f189e89dba74d9c86262e43857136a62091b28234e607ef4ed5a2d2deb8e58,e9f189e89dba74d9c86262e43857136a62091b28234e607ef4ed5a2d2deb8e58,copied,0,2
53a6bf04618eb652,3850ec2ba6d8f7f6_jpg,train,train,3850ec2ba6d8f7f6_jpg.rf.98965e4a9dcf1d352d0d8f53c7940763.jpg,3850ec2ba6d8f7f6_jpg.rf.98965e4a9dcf1d352d0d8f53c7940763.jpg,c23b1f4c7eab230ee6a255a62f1dc65246b53e1235261b73947f51bf80dba171,c23b1f4c7eab230ee6a255a62f1dc65246b53e1235261b73947f51bf80dba171,copied,1,
53bc878a34142aab,smoking_0537_jpg,train,valid,smoking_0537_jpg.rf.612172b823b16f3a83000ff60d2729a7.jpg,smoking_0537_jpg.rf.612172b823b16f3a83000ff60d2729a7.jpg,5d7cd11ad0b97c783dea25bd5c14e5eae48c477967097f949871a6063a2b17c9,5d7cd11ad0b97c783dea25bd5c14e5eae48c477967097f949871a6063a2b17c9,copied,0,0
53e562d9b6e1f22b,smoking_0621_jpg,train,test,smoking_0621_jpg.rf.212cf8f7c601d2901c599066d5541969.jpg,smoking_0621_jpg.rf.212cf8f7c601d2901c599066d5541969.jpg,78f661e9b0dee172c11b99d84095633566152747496bae8bacaa282a1ca32170,78f661e9b0dee172c11b99d84095633566152747496bae8bacaa282a1ca32170,copied,0,1
53e595631dee907c,44c9cd0feed9fcb9_jpg,valid,train,44c9cd0feed9fcb9_jpg.rf.048e6a3cf6c35d525be228ae92fb2f74.jpg,44c9cd0feed9fcb9_jpg.rf.048e6a3cf6c35d525be228ae92fb2f74.jpg,060062636b6939fe8169c449867a5cd73a03544dff6e673365e7503c12e1e97f,060062636b6939fe8169c449867a5cd73a03544dff6e673365e7503c12e1e97f,copied,1,
54175c78bc93f140,IMG_5715_JPG,train,train,IMG_5715_JPG.rf.2a6d0dc6efd294bc1db11bd74339aa39.jpg,IMG_5715_JPG.rf.2a6d0dc6efd294bc1db11bd74339aa39.jpg,5922ded0aaa26212e472f95f872e06d8570756bff630b6f213d8e0da06480d6e,5922ded0aaa26212e472f95f872e06d8570756bff630b6f213d8e0da06480d6e,copied,0,1
545982e85d9b5c80,smoking_0231_jpg,train,train,smoking_0231_jpg.rf.d987b93ead4bc55ca52e539d74519121.jpg,smoking_0231_jpg.rf.d987b93ead4bc55ca52e539d74519121.jpg,fecc6da3a00d320d3c4be327f6b50e51ac5897127c7c41945c26efc147468c7b,fecc6da3a00d320d3c4be327f6b50e51ac5897127c7c41945c26efc147468c7b,copied,0,0
546767d7416dd2c8,7eb22d9a98dbb57cef16a31cf5086e3f_jpg,valid,train,7eb22d9a98dbb57cef16a31cf5086e3f_jpg.rf.d4b33813f12203f212611bd93f0044ed.jpg,7eb22d9a98dbb57cef16a31cf5086e3f_jpg.rf.d4b33813f12203f212611bd93f0044ed.jpg,aed2237074150bc1a32c997d3e495d8697d2e35ede3577098aa621cfe905faf6,aed2237074150bc1a32c997d3e495d8697d2e35ede3577098aa621cfe905faf6,copied,0,0
5473cdc171e5b89e,1697095309909_JPEG_jpg,valid,test,1697095309909_JPEG_jpg.rf.e354a6113fc874ea33ceb424cd474776.jpg,1697095309909_JPEG_jpg.rf.e354a6113fc874ea33ceb424cd474776.jpg,081292aa5c4ad4f453548a8b457c575ae63c7726f0e6ce25a46caa8706c94843,081292aa5c4ad4f453548a8b457c575ae63c7726f0e6ce25a46caa8706c94843,copied,0,0
54820464342554db,smoking_0766_jpg,train,train,smoking_0766_jpg.rf.215772f786624c62d810970d4e433b06.jpg,smoking_0766_jpg.rf.215772f786624c62d810970d4e433b06.jpg,f75a45f45991fd059d9344c3834db5a5e2b097dc97511191ef3003cc8bfb41a2,f75a45f45991fd059d9344c3834db5a5e2b097dc97511191ef3003cc8bfb41a2,copied,0,0
54beed65619ae2cc,smoking_1094_jpg,train,train,smoking_1094_jpg.rf.781ad6f336faa4f55773760a1b5b8140.jpg,smoking_1094_jpg.rf.781ad6f336faa4f55773760a1b5b8140.jpg,c04d9edc2d14c4188cfdadd9e6ac5ffcfb1429f72edd71dcdb90d63f3f5ac89b,c04d9edc2d14c4188cfdadd9e6ac5ffcfb1429f72edd71dcdb90d63f3f5ac89b,copied,0,1
54da6b608d0d18f3,297b6aa3ae3a8145_jpg,valid,train,297b6aa3ae3a8145_jpg.rf.1cbecd5b914882c0c3ba6233b276b6d2.jpg,297b6aa3ae3a8145_jpg.rf.1cbecd5b914882c0c3ba6233b276b6d2.jpg,bd12528fdaca7d26fb85ef8d9c2c742db9c40c371f05f30127a282e532edd6b6,bd12528fdaca7d26fb85ef8d9c2c742db9c40c371f05f30127a282e532edd6b6,copied,1,
54fa6a33a22fbc52,WIN_20220507_21_27_51_Pro_jpg,train,train,WIN_20220507_21_27_51_Pro_jpg.rf.290631be008014b1ae2bfcee9515757c.jpg,WIN_20220507_21_27_51_Pro_jpg.rf.290631be008014b1ae2bfcee9515757c.jpg,8674fc4cca331d7ec4b079bb2dbb347423039a6dc5acd85b611f0e8ea2739135,8674fc4cca331d7ec4b079bb2dbb347423039a6dc5acd85b611f0e8ea2739135,copied,0,1
5504e0356ea4b05e,indir-13-_jpg,train,train,indir-13-_jpg.rf.0a05c7491f39a75a1f8d8fcdd9dad1e7.jpg,indir-13-_jpg.rf.0a05c7491f39a75a1f8d8fcdd9dad1e7.jpg,39ee279a9706616e971fa738a85fb86321f8698885b1961afd80f46e497444f2,39ee279a9706616e971fa738a85fb86321f8698885b1961afd80f46e497444f2,copied,0,1
55363c64253cc254,download_jpeg_jpg,valid,train,download_jpeg_jpg.rf.190061cda60816902f86713e70ae9abb.jpg,download_jpeg_jpg.rf.190061cda60816902f86713e70ae9abb.jpg,5c7cf3f94fa548d118dd928aa57f4596411b7e7df79eeaaf007c05b8c8a80c2e,5c7cf3f94fa548d118dd928aa57f4596411b7e7df79eeaaf007c05b8c8a80c2e,copied,0,1
55611e45652a228f,IMG_5113,train,train,IMG_5113.JPG,IMG_5113.jpg,313ef86268c5bc7133969d0e8b4eba785d04804095c65bde6959221aef66bd6a,ce4b7074dbae5df23207866421e0f68f194d9de93518cc2b766b5d684e7095f8,converted_heic_to_jpeg,1,
5589a3bfb9c424af,WIN_20220507_21_28_51_Pro_jpg,train,train,WIN_20220507_21_28_51_Pro_jpg.rf.2d1a50b0aa15dd6d64a47fad09545f4e.jpg,WIN_20220507_21_28_51_Pro_jpg.rf.2d1a50b0aa15dd6d64a47fad09545f4e.jpg,74813750f1675d22e7cbb67ed84ba13dfac190f1ac7fac2db6f2b90af23b3621,74813750f1675d22e7cbb67ed84ba13dfac190f1ac7fac2db6f2b90af23b3621,copied,0,1
559efffbf0a1353f,0de4c054929885c4_jpg,train,valid,0de4c054929885c4_jpg.rf.1bbf06f1a023c2c86062760bfe68d42a.jpg,0de4c054929885c4_jpg.rf.1bbf06f1a023c2c86062760bfe68d42a.jpg,d52583729ee7146abab0c2551716fcb642baac42df5982b499f45506d12594f0,d52583729ee7146abab0c2551716fcb642baac42df5982b499f45506d12594f0,copied,1,
559f180c0f323616,b00253_jpg,train,train,b00253_jpg.rf.30f01c7a6368699a8be21ffd756c19f3.jpg,b00253_jpg.rf.30f01c7a6368699a8be21ffd756c19f3.jpg,e8854713bbd4803fc5be9b754e2073a714a5890f3769fb3d696948b5bfd41318,e8854713bbd4803fc5be9b754e2073a714a5890f3769fb3d696948b5bfd41318,copied,0,2
566f4fb21da60146,bb0029_jpg,train,train,bb0029_jpg.rf.27cef2894bd063094bd943423fdb7115.jpg,bb0029_jpg.rf.27cef2894bd063094bd943423fdb7115.jpg,47821f893196bd37bc7a2a9fd84b5ded2c74130ec57a6a428931a52ea3742a1f,47821f893196bd37bc7a2a9fd84b5ded2c74130ec57a6a428931a52ea3742a1f,copied,0,2
5671ba358cdd369e,smoking_0591_jpg,valid,train,smoking_0591_jpg.rf.d08e85c4ef6f294a9b3a994e69f6401b.jpg,smoking_0591_jpg.rf.d08e85c4ef6f294a9b3a994e69f6401b.jpg,0e86b19e1ba20cf2f76b8e45a859f449bb89b21a0c0923af1f9f7f426e50336b,0e86b19e1ba20cf2f76b8e45a859f449bb89b21a0c0923af1f9f7f426e50336b,copied,0,0
56b04f0839f91ca3,smoking_0009_jpg,train,train,smoking_0009_jpg.rf.9affa76feac307cb1a5ae3f94d88256a.jpg,smoking_0009_jpg.rf.9affa76feac307cb1a5ae3f94d88256a.jpg,2c500bc925be494830e17a7b38b0751f3807457574ee5129013f5f705a54f210,2c500bc925be494830e17a7b38b0751f3807457574ee5129013f5f705a54f210,copied,0,0
56d3af7fe0a94ebd,c00571_jpg,train,train,c00571_jpg.rf.458df3b4bade46f7d0b22ef8208e4102.jpg,c00571_jpg.rf.458df3b4bade46f7d0b22ef8208e4102.jpg,3ef860978f325f5f550c4868f799e8e14254cca9ed96dc1e77817a474c164e5f,3ef860978f325f5f550c4868f799e8e14254cca9ed96dc1e77817a474c164e5f,copied,0,2
571b0dae11f95769,IMG_4373_jpg,train,train,IMG_4373_jpg.rf.8feda848246835d1b03d00bf564a63a3.jpg,IMG_4373_jpg.rf.8feda848246835d1b03d00bf564a63a3.jpg,c618e3c104679d78912450293ce7d4aaf8d726372eb0abafaa241cb3e41f4132,c618e3c104679d78912450293ce7d4aaf8d726372eb0abafaa241cb3e41f4132,copied,0,0
574ad1667794750f,ggg313_jpg,valid,train,ggg313_jpg.rf.0cd34086fbbc12a84dd5806c49a62602.jpg,ggg313_jpg.rf.0cd34086fbbc12a84dd5806c49a62602.jpg,c541701889ac7d267969d52491a1d9e67323bfa01d43e37cf92b192b852d99fb,c541701889ac7d267969d52491a1d9e67323bfa01d43e37cf92b192b852d99fb,copied,0,2
575899f1542953cd,IMG_5123,valid,train,IMG_5123.JPG,IMG_5123.jpg,25cb9c6b55ab0f142316a9beb6c70b79dc4bc84606ade0f28e20bac194b3b944,07c598b13d87e348230702bee6dd54d03af7336f4d435935031169bcd1c666a7,converted_heic_to_jpeg,1,
57b832b450d9b303,smoking_0954_jpg,valid,valid,smoking_0954_jpg.rf.3dc49e295b58b41e434bcdcb58f4a2d2.jpg,smoking_0954_jpg.rf.3dc49e295b58b41e434bcdcb58f4a2d2.jpg,0cd9ff772096f640d2e0020707c1e4b8837eccf5120c7380fd16f0592fe548ae,0cd9ff772096f640d2e0020707c1e4b8837eccf5120c7380fd16f0592fe548ae,copied,0,0
57b8eb69ec74a895,smoking_0787_jpg,valid,train,smoking_0787_jpg.rf.02b3a137cca4516577833e284084574b.jpg,smoking_0787_jpg.rf.02b3a137cca4516577833e284084574b.jpg,ec93af9d8684f5f5fa9fb757583e79f2dd3aef90fd6eb39e8f579e1192d5d02c,ec93af9d8684f5f5fa9fb757583e79f2dd3aef90fd6eb39e8f579e1192d5d02c,copied,0,0
57beec7a06ff1dbe,smoking_0962_jpg,valid,train,smoking_0962_jpg.rf.b9b5a43345fe93bd01369037cd96424f.jpg,smoking_0962_jpg.rf.b9b5a43345fe93bd01369037cd96424f.jpg,5bd29df984ff6a8311d32a30db2dbad2035e7ad5af10152f44fd25d86a32dabd,5bd29df984ff6a8311d32a30db2dbad2035e7ad5af10152f44fd25d86a32dabd,copied,0,0
57d798f376f2efcf,WIN_20220329_21_30_54_Pro_jpg,train,train,WIN_20220329_21_30_54_Pro_jpg.rf.5f1ea5ee40bd74ed4311aff3ae5614c8.jpg,WIN_20220329_21_30_54_Pro_jpg.rf.5f1ea5ee40bd74ed4311aff3ae5614c8.jpg,05ba8e5ad7bb7377517b71ce9493dfac41bbaa9e679f83526273ecade0399174,05ba8e5ad7bb7377517b71ce9493dfac41bbaa9e679f83526273ecade0399174,copied,0,1
57ebcb1371b3a69a,000091_jpg,train,train,000091_jpg.rf.35c68e9642bdfa12f7307f02b161feb4.jpg,000091_jpg.rf.35c68e9642bdfa12f7307f02b161feb4.jpg,4c57f3b9e4bccfb3441a752d5f7f75200193b9a8b0bb376d41703c25ffdde8e0,4c57f3b9e4bccfb3441a752d5f7f75200193b9a8b0bb376d41703c25ffdde8e0,copied,0,2
587de8f3dc626ffb,bb0627_jpg,train,train,bb0627_jpg.rf.0a0a5c08b0768d16e778af0a9f1766e9.jpg,bb0627_jpg.rf.0a0a5c08b0768d16e778af0a9f1766e9.jpg,69440a5141da0eaa33932b5a9325fbe62549449fc9eef8e12ec4985c79971dfb,69440a5141da0eaa33932b5a9325fbe62549449fc9eef8e12ec4985c79971dfb,copied,0,2
58c8cdf98a8c61e9,smoking_0911_jpg,train,train,smoking_0911_jpg.rf.1a2c564dc15a7fb847d2f9e5d3d357e9.jpg,smoking_0911_jpg.rf.1a2c564dc15a7fb847d2f9e5d3d357e9.jpg,48c81efa3ee7b1aa024b682f35a794d4319fdc2abf476c0e7f6bf28e4bcb78bc,48c81efa3ee7b1aa024b682f35a794d4319fdc2abf476c0e7f6bf28e4bcb78bc,copied,0,0
58f011cb3b5c689e,bb0605_jpg,valid,valid,bb0605_jpg.rf.1a804330d1a1aa62668a3e72ead1b8be.jpg,bb0605_jpg.rf.1a804330d1a1aa62668a3e72ead1b8be.jpg,cdd8f3527483162472b86818e11980bd946d063edeb0f584afa2cb360a9fcc04,cdd8f3527483162472b86818e11980bd946d063edeb0f584afa2cb360a9fcc04,copied,0,2
5935ce4256f40ac2,197319d2ecac9ce4_jpg,train,train,197319d2ecac9ce4_jpg.rf.1cb6acca6d1f09accdc6ad51d8f34966.jpg,197319d2ecac9ce4_jpg.rf.1cb6acca6d1f09accdc6ad51d8f34966.jpg,f7c70feb55ac1a05c0c2b712575bcacacb809b8275513cbfd007ab1266007e2c,f7c70feb55ac1a05c0c2b712575bcacacb809b8275513cbfd007ab1266007e2c,copied,1,
594965c87864efb1,WIN_20220507_21_29_22_Pro_jpg,train,train,WIN_20220507_21_29_22_Pro_jpg.rf.4b406e06e72094e7b01edd2633b4a540.jpg,WIN_20220507_21_29_22_Pro_jpg.rf.4b406e06e72094e7b01edd2633b4a540.jpg,75b5101b68535f782e052161b47c292bb50767300220b2a86c41d938be2c4546,75b5101b68535f782e052161b47c292bb50767300220b2a86c41d938be2c4546,copied,0,1
5966a0309be54494,WIN_20220329_21_29_53_Pro_jpg,train,train,WIN_20220329_21_29_53_Pro_jpg.rf.436074420f86fc13933c99e9c8f09265.jpg,WIN_20220329_21_29_53_Pro_jpg.rf.436074420f86fc13933c99e9c8f09265.jpg,fb5f72b9e7c932d3b42e30032ed578182681ddeb6d5569cec68f1d168b561617,fb5f72b9e7c932d3b42e30032ed578182681ddeb6d5569cec68f1d168b561617,copied,0,1
59b1734d8f7e4351,smoking_0780_jpg,valid,train,smoking_0780_jpg.rf.e3660e0ac4964b938102a56a3d393153.jpg,smoking_0780_jpg.rf.e3660e0ac4964b938102a56a3d393153.jpg,4a947c97db0887dabedaed76a8238f99fb5b3ecb9cedf3a1b37aff7f38998495,4a947c97db0887dabedaed76a8238f99fb5b3ecb9cedf3a1b37aff7f38998495,copied,0,0
59c79927ca31160e,smoking_0459_jpg,train,test,smoking_0459_jpg.rf.7c2bda42c61d5528419d9297b2820446.jpg,smoking_0459_jpg.rf.7c2bda42c61d5528419d9297b2820446.jpg,c355a40fd358b83665b01b2552b34e4c8eb28913c0d4368586215e9469b5bbf8,c355a40fd358b83665b01b2552b34e4c8eb28913c0d4368586215e9469b5bbf8,copied,0,0
5a167a8230bd6d70,WIN_20220507_21_27_59_Pro_jpg,train,train,WIN_20220507_21_27_59_Pro_jpg.rf.a356b7b8b1dfa4795a8431a324278bb5.jpg,WIN_20220507_21_27_59_Pro_jpg.rf.a356b7b8b1dfa4795a8431a324278bb5.jpg,1485b93ae7286c025737d6551f4f360d27b1ad42f1042e350fecce6c45f8dcb4,1485b93ae7286c025737d6551f4f360d27b1ad42f1042e350fecce6c45f8dcb4,copied,0,1
5a5a01997c5ad178,gg0117_jpg,train,train,gg0117_jpg.rf.02d8b6ee1608d19c1fa658f9c2082fbd.jpg,gg0117_jpg.rf.02d8b6ee1608d19c1fa658f9c2082fbd.jpg,d976024e35028d5b917822978202e56cc28b52411e5e1fce4f9f387852309196,d976024e35028d5b917822978202e56cc28b52411e5e1fce4f9f387852309196,copied,0,2
5a5eaf0e36f01805,1baf6d234e2ae652_jpg,train,train,1baf6d234e2ae652_jpg.rf.9590719ad9412487b70026a8b39f8451.jpg,1baf6d234e2ae652_jpg.rf.9590719ad9412487b70026a8b39f8451.jpg,6163b413e3c655061488092d317832ea84854a928231066bdc7e07b466b90235,6163b413e3c655061488092d317832ea84854a928231066bdc7e07b466b90235,copied,1,
5a7f1fc52c6b99a5,smoking_0120_jpg,train,train,smoking_0120_jpg.rf.8be41dc9f4d9118519d24558435e9001.jpg,smoking_0120_jpg.rf.8be41dc9f4d9118519d24558435e9001.jpg,3f2082a77ae6254a9e5c50fb88920136814185a2a8bfb80c6c9f053b3aa04db1,3f2082a77ae6254a9e5c50fb88920136814185a2a8bfb80c6c9f053b3aa04db1,copied,0,1
5b565a62ff83cf46,smoking_0259_jpg,train,train,smoking_0259_jpg.rf.ce7f691e5ac06f8941fd1e06574ce408.jpg,smoking_0259_jpg.rf.ce7f691e5ac06f8941fd1e06574ce408.jpg,51414f4bf725fbbc3755e70af42da47f39d88aa0fc5ba1292a5ffe22bf58c8d3,51414f4bf725fbbc3755e70af42da47f39d88aa0fc5ba1292a5ffe22bf58c8d3,copied,0,0
5b77b505670ad25e,000112_jpg,train,train,000112_jpg.rf.39b3c50e85da3f3bc2cb898862af8a90.jpg,000112_jpg.rf.39b3c50e85da3f3bc2cb898862af8a90.jpg,4729a2c107dfeab96f1db18e8906a66677b5e89c4210faa0fa4942cc76c56a3c,4729a2c107dfeab96f1db18e8906a66677b5e89c4210faa0fa4942cc76c56a3c,copied,0,2
5b9c7dd678fc04aa,images-70-_jpg,train,train,images-70-_jpg.rf.10bc73bd79cbdb2e29abb0c244cb909e.jpg,images-70-_jpg.rf.10bc73bd79cbdb2e29abb0c244cb909e.jpg,399ffcb75ae61d445f83d07357e8eba80febb8d2a1d5825e53e1857ccded18f3,399ffcb75ae61d445f83d07357e8eba80febb8d2a1d5825e53e1857ccded18f3,copied,0,1
5bcedc5cd79df46a,a0010-0-0_jpg,train,train,a0010-0-0_jpg.rf.468c48dc43f3aa204f1af404dade79f7.jpg,a0010-0-0_jpg.rf.468c48dc43f3aa204f1af404dade79f7.jpg,5c1591840fb994ee06dd9716859d768409d3d5a87f24335cf2c733bb168cae14,5c1591840fb994ee06dd9716859d768409d3d5a87f24335cf2c733bb168cae14,copied,0,2
5bd5c72029a31cd5,images-53-_jpg,train,train,images-53-_jpg.rf.66069a67d5ea002c9881e381f2f18b59.jpg,images-53-_jpg.rf.66069a67d5ea002c9881e381f2f18b59.jpg,7193f1c9202c09613646777d6e780dadfeeae969a55c520cb6f2ae457d8b7ad7,7193f1c9202c09613646777d6e780dadfeeae969a55c520cb6f2ae457d8b7ad7,copied,0,1
5bd69eb9bb4dc833,IMG_4395_jpg,valid,train,IMG_4395_jpg.rf.ff08aaf588dd29237812ff4ad77d6375.jpg,IMG_4395_jpg.rf.ff08aaf588dd29237812ff4ad77d6375.jpg,999c1e1e16434a539701ed12755e9e51c38995a4de510709597f30184029f3e5,999c1e1e16434a539701ed12755e9e51c38995a4de510709597f30184029f3e5,copied,0,0
5bde3dc3c8a601bc,2466b37c226c037c_jpg,train,train,2466b37c226c037c_jpg.rf.d65dd8db0377738eab95a1cf8f74e644.jpg,2466b37c226c037c_jpg.rf.d65dd8db0377738eab95a1cf8f74e644.jpg,459b6ee23a50d496fc22970396f13d2af2065dd49c582a2178935e5e127832b5,459b6ee23a50d496fc22970396f13d2af2065dd49c582a2178935e5e127832b5,copied,1,
5bebdde03391c574,00559912ca488a55_jpg,train,train,00559912ca488a55_jpg.rf.42d4a4219d71981f56fc8efe250060d3.jpg,00559912ca488a55_jpg.rf.42d4a4219d71981f56fc8efe250060d3.jpg,e6891cd8148ca61427de0dfe6141549a6f53e5a5653b93748c81cb971172f4b1,e6891cd8148ca61427de0dfe6141549a6f53e5a5653b93748c81cb971172f4b1,copied,1,
5bfd50b302ee8403,smoking_0381_jpg,train,train,smoking_0381_jpg.rf.29ed41f9f55479856d74b71910efb633.jpg,smoking_0381_jpg.rf.29ed41f9f55479856d74b71910efb633.jpg,3b814ab395384ee6d5bddb89626f90f68b82dfc52079f0b031f1d087ec7f9c0b,3b814ab395384ee6d5bddb89626f90f68b82dfc52079f0b031f1d087ec7f9c0b,copied,0,1
5bff83070b01d35b,1697100022755_JPEG_jpg,train,train,1697100022755_JPEG_jpg.rf.7e9c61b124699e6bc00ce5bdc21d01bd.jpg,1697100022755_JPEG_jpg.rf.7e9c61b124699e6bc00ce5bdc21d01bd.jpg,7fd4d7ca02484c1b7745122b5de28ffbcb6b203447f39172e4518de662cc61e6,7fd4d7ca02484c1b7745122b5de28ffbcb6b203447f39172e4518de662cc61e6,copied,0,0
5c22ad11e20c7b4e,smoking_1060_jpg,train,test,smoking_1060_jpg.rf.b9f1f14673d9da79b0ea2d384f207f94.jpg,smoking_1060_jpg.rf.b9f1f14673d9da79b0ea2d384f207f94.jpg,3232c5eb0474625461665a9064dcce7e061bc3c569ca0e412244ed7a462b291d,3232c5eb0474625461665a9064dcce7e061bc3c569ca0e412244ed7a462b291d,copied,0,1
5c3dc9101a7043e5,smoking_0527_jpg,train,train,smoking_0527_jpg.rf.69339b8a9e72062a14de6aab6628e4c9.jpg,smoking_0527_jpg.rf.69339b8a9e72062a14de6aab6628e4c9.jpg,c52e10deb658e5e73914ab2f07b9d717ff661e3c02dfb2f4068d99631392fa77,c52e10deb658e5e73914ab2f07b9d717ff661e3c02dfb2f4068d99631392fa77,copied,0,0
5c4e804e75d1e2cf,1e678f2b187b0924_jpg,valid,train,1e678f2b187b0924_jpg.rf.67400695b0b058fc5331d8a53ad2f5ec.jpg,1e678f2b187b0924_jpg.rf.67400695b0b058fc5331d8a53ad2f5ec.jpg,a656013b460ab00a15785a80fb2ef393208f072f047056d4e5373bd4514fb21b,a656013b460ab00a15785a80fb2ef393208f072f047056d4e5373bd4514fb21b,copied,1,
5cc1e114d5c1f559,WIN_20220507_21_29_00_Pro_jpg,train,train,WIN_20220507_21_29_00_Pro_jpg.rf.3478bf27ccbe881766706fab959b2d28.jpg,WIN_20220507_21_29_00_Pro_jpg.rf.3478bf27ccbe881766706fab959b2d28.jpg,accf8e8f93b9458d167b3ee3919b592bfe3482adc453005e097c2a4577cc301b,accf8e8f93b9458d167b3ee3919b592bfe3482adc453005e097c2a4577cc301b,copied,0,1
5ccb6e1ea30aab0c,indir-9-_jpg,train,train,indir-9-_jpg.rf.06402366538c09619332aee949c0bf85.jpg,indir-9-_jpg.rf.06402366538c09619332aee949c0bf85.jpg,7dc700aec71f5de016498d6a39d3c7056ffac3c54e537573c9392e58207da4ca,7dc700aec71f5de016498d6a39d3c7056ffac3c54e537573c9392e58207da4ca,copied,0,1
5d0c494f2c1a3caa,IMG_5716_JPG,train,train,IMG_5716_JPG.rf.9a1e3162cf356116a612740f4286cdbb.jpg,IMG_5716_JPG.rf.9a1e3162cf356116a612740f4286cdbb.jpg,ae9aa2b1c09e50c189839ace5580250cdf451ad207ed5c8a753da215f196c7e4,ae9aa2b1c09e50c189839ace5580250cdf451ad207ed5c8a753da215f196c7e4,copied,0,1
5d17ffaaefce5e0e,bb0071_jpg,test,test,bb0071_jpg.rf.f834bda7f828dd789bfce15d0a45bee4.jpg,bb0071_jpg.rf.f834bda7f828dd789bfce15d0a45bee4.jpg,3855e58b36dc5861a6b80806045947bde81254c39d810cbcb8e29f1f28a4fece,3855e58b36dc5861a6b80806045947bde81254c39d810cbcb8e29f1f28a4fece,copied,0,2
5d29bad0812535aa,smoking_0883_jpg,train,train,smoking_0883_jpg.rf.81bb94c43c119cd0cfa0e77d11c22e2f.jpg,smoking_0883_jpg.rf.81bb94c43c119cd0cfa0e77d11c22e2f.jpg,58ce2c7d8a857450714fa1daa1df37db6e7ab26e45691dfd3c339f7f8d0ccd61,58ce2c7d8a857450714fa1daa1df37db6e7ab26e45691dfd3c339f7f8d0ccd61,copied,0,0
5d99257541b5ce84,gg0241_jpg,train,train,gg0241_jpg.rf.068cf174a033ded055aaefe406ccb869.jpg,gg0241_jpg.rf.068cf174a033ded055aaefe406ccb869.jpg,4aa0161bf0205bc0f7c9fbca1ca1b485900323660ac4af2bf15a166553edd1a6,4aa0161bf0205bc0f7c9fbca1ca1b485900323660ac4af2bf15a166553edd1a6,copied,0,2
5db773d3f0d0a011,bb0405_jpg,train,test,bb0405_jpg.rf.341ab6755f105f29334499217cbb9cbc.jpg,bb0405_jpg.rf.341ab6755f105f29334499217cbb9cbc.jpg,e80d0aa73c83cd5bf4c3a6a62247fc92bc928c1dc6f152194009aa05bbcf636d,e80d0aa73c83cd5bf4c3a6a62247fc92bc928c1dc6f152194009aa05bbcf636d,copied,0,2
5dc098472b564591,IMG_4963_jpg,test,train,IMG_4963_jpg.rf.80cd2df4fe9f24e2ffaec620ebde1861.jpg,IMG_4963_jpg.rf.80cd2df4fe9f24e2ffaec620ebde1861.jpg,0dc45737f6301daf91060d06d194e7a90269824d267916f98de007829206f389,0dc45737f6301daf91060d06d194e7a90269824d267916f98de007829206f389,copied,0,0
5dc745303675b49c,1697099897486_JPEG_jpg,train,train,1697099897486_JPEG_jpg.rf.3f56fbefa7fa8e9391d97cddf07f20cf.jpg,1697099897486_JPEG_jpg.rf.3f56fbefa7fa8e9391d97cddf07f20cf.jpg,d2524f035b1cab6fc437ec00ce90a8226f1df00fd37b9898a2659dbe890129d0,d2524f035b1cab6fc437ec00ce90a8226f1df00fd37b9898a2659dbe890129d0,copied,0,0
5dcadcf9c531b462,smoking_0065_jpg,train,train,smoking_0065_jpg.rf.18bc1ac2a27bc04cb868aeac5ba46996.jpg,smoking_0065_jpg.rf.18bc1ac2a27bc04cb868aeac5ba46996.jpg,11e36f167541ffdec15e0c8e14683d8a5938115c0ffa3d2298eda31c2ae19333,11e36f167541ffdec15e0c8e14683d8a5938115c0ffa3d2298eda31c2ae19333,copied,0,1
5dee7f0167e04f16,indidr_jpg,train,train,indidr_jpg.rf.166b0e28902abf828b678d8557ddba19.jpg,indidr_jpg.rf.166b0e28902abf828b678d8557ddba19.jpg,e8aa6eb082598f963f7c2e54e86aff787195737a51a451f2091c8e6e8928d3f2,e8aa6eb082598f963f7c2e54e86aff787195737a51a451f2091c8e6e8928d3f2,copied,0,1
5e2975bb05816388,smoking_0615_jpg,train,test,smoking_0615_jpg.rf.bafc1116672d5e7f76f9a317dcb17b70.jpg,smoking_0615_jpg.rf.bafc1116672d5e7f76f9a317dcb17b70.jpg,24169cb5f54a0548ef16faa9a28ae0d19e5d90b9cbf711a0e25474d20c755999,24169cb5f54a0548ef16faa9a28ae0d19e5d90b9cbf711a0e25474d20c755999,copied,0,0
5e2dacc203decbe6,smoking_0342_jpg,train,test,smoking_0342_jpg.rf.b9edb5b72d12518bcf2c5be8cb5d2bf1.jpg,smoking_0342_jpg.rf.b9edb5b72d12518bcf2c5be8cb5d2bf1.jpg,c9b530403fe6ed77cb5e54a61ae2b49d9f4dffcffb96eafc863b8cb70f154baa,c9b530403fe6ed77cb5e54a61ae2b49d9f4dffcffb96eafc863b8cb70f154baa,copied,0,1
5e46a51e4efd23eb,smoking_0986_jpg,train,test,smoking_0986_jpg.rf.334cb110c1e492c542ca81a9b2ea9c40.jpg,smoking_0986_jpg.rf.334cb110c1e492c542ca81a9b2ea9c40.jpg,53ee9de0cf27d42a6e86a27805e26506af0fe6f129852218f0b785547723c32e,53ee9de0cf27d42a6e86a27805e26506af0fe6f129852218f0b785547723c32e,copied,0,0
5e9e9493c2a0389e,smoking_0240_jpg,train,train,smoking_0240_jpg.rf.2eeed4c0f1fc7c6712a2875c726a8d9e.jpg,smoking_0240_jpg.rf.2eeed4c0f1fc7c6712a2875c726a8d9e.jpg,23477a0dbb6fa22be5e389689e5aea920e9efea33848c06e7aaaf9793aac8148,23477a0dbb6fa22be5e389689e5aea920e9efea33848c06e7aaaf9793aac8148,copied,0,0
5f03ec09ce715243,WIN_20220507_20_59_15_Pro_jpg,train,valid,WIN_20220507_20_59_15_Pro_jpg.rf.2c87105988ad446a672893649fb73ebe.jpg,WIN_20220507_20_59_15_Pro_jpg.rf.2c87105988ad446a672893649fb73ebe.jpg,dfee3acde907683fb9302be270722742fa27b7dce6fd9ef2f05c6a2d9b2b38ae,dfee3acde907683fb9302be270722742fa27b7dce6fd9ef2f05c6a2d9b2b38ae,copied,0,1
5f9cd52ece01571e,smoking_0551_jpg,valid,valid,smoking_0551_jpg.rf.714d95c67df762bd8acaf8b2be32d8f6.jpg,smoking_0551_jpg.rf.714d95c67df762bd8acaf8b2be32d8f6.jpg,4ef11d71ab107a830c7f21fb3251d97592dd1b7ce8d197baa262cccc5c1eee58,4ef11d71ab107a830c7f21fb3251d97592dd1b7ce8d197baa262cccc5c1eee58,copied,0,0
603f1ce34f5a1d4c,smoking_0148_jpg,train,train,smoking_0148_jpg.rf.c5e89519995ee73f137c8297ead54a03.jpg,smoking_0148_jpg.rf.c5e89519995ee73f137c8297ead54a03.jpg,64c2704618f3e9a60717e3128b55d3659484cc07ff343b46bcebd7290fcf70b2,64c2704618f3e9a60717e3128b55d3659484cc07ff343b46bcebd7290fcf70b2,copied,0,0
60a0d4bbc4101259,smoking_1087_jpg,train,train,smoking_1087_jpg.rf.fb21b6dce67f00d580d6d3a0d2540210.jpg,smoking_1087_jpg.rf.fb21b6dce67f00d580d6d3a0d2540210.jpg,26883e5e1794d75b141cb75e953cc14e3315fbffca807a927e8c2db6f5aa201f,26883e5e1794d75b141cb75e953cc14e3315fbffca807a927e8c2db6f5aa201f,copied,0,0
60ebb2ae805c0c77,08179c5835ad684e_jpg,train,valid,08179c5835ad684e_jpg.rf.c879c6baec991e6b589c1b96a1fe92b0.jpg,08179c5835ad684e_jpg.rf.c879c6baec991e6b589c1b96a1fe92b0.jpg,727242c3b05914e820d1a9a161da949d48d557dbbedf20d9da81f22f081c3e18,727242c3b05914e820d1a9a161da949d48d557dbbedf20d9da81f22f081c3e18,copied,1,
61145b529c3ea5b1,IMG_4379_jpg,valid,train,IMG_4379_jpg.rf.c90ab7fb9105c07cebc3a3d97fc8b2b5.jpg,IMG_4379_jpg.rf.c90ab7fb9105c07cebc3a3d97fc8b2b5.jpg,dbe38f99cc49828fa36201c63eb6f707c5a34d94da4b8478a019fec33587b6a9,dbe38f99cc49828fa36201c63eb6f707c5a34d94da4b8478a019fec33587b6a9,copied,0,0
612b5449fd517da5,ab42d207-smoking7_jpg,test,test,ab42d207-smoking7_jpg.rf.81ffe6d921fb207feb0198383be56679.jpg,ab42d207-smoking7_jpg.rf.81ffe6d921fb207feb0198383be56679.jpg,1794ae250be1b3fcd319545e23c3752eae26bcea64d42d3d325e11b19a641d80,1794ae250be1b3fcd319545e23c3752eae26bcea64d42d3d325e11b19a641d80,copied,0,0
614f05c2a50252e0,000149_jpg,train,train,000149_jpg.rf.354798b7068fb7d5e21f7c4ebcdde5df.jpg,000149_jpg.rf.354798b7068fb7d5e21f7c4ebcdde5df.jpg,e705373a3d0f0fc7e33cccc29b878366a5305de01bb992fd3c7334f0ad791dc6,e705373a3d0f0fc7e33cccc29b878366a5305de01bb992fd3c7334f0ad791dc6,copied,0,2
6156a91b953dfe88,IMG_4490_jpg,valid,test,IMG_4490_jpg.rf.60ce9cbb9c55bb1639e5395052f7dd31.jpg,IMG_4490_jpg.rf.60ce9cbb9c55bb1639e5395052f7dd31.jpg,a5198e80e0d21ec19cf2265cac9fe78f59e1fd10d93b8904c5493069762b920d,a5198e80e0d21ec19cf2265cac9fe78f59e1fd10d93b8904c5493069762b920d,copied,0,0|1
6162da797e6d0acc,smoking_0502_jpg,valid,train,smoking_0502_jpg.rf.216d9205c95f95e3deb1e50e968d442f.jpg,smoking_0502_jpg.rf.216d9205c95f95e3deb1e50e968d442f.jpg,42edba62ccf973d42334262d1c2a60750338596909aa21bded185c24d15d23eb,42edba62ccf973d42334262d1c2a60750338596909aa21bded185c24d15d23eb,copied,0,0
616466cad79d6449,049768e222539c66_jpg,train,valid,049768e222539c66_jpg.rf.5c41a3e4e2cd00c0b1000bc0b6f4239f.jpg,049768e222539c66_jpg.rf.5c41a3e4e2cd00c0b1000bc0b6f4239f.jpg,289161e514dbc239a7bc40e7eb5e014d8625193039a70df2eec248fdea6414f4,289161e514dbc239a7bc40e7eb5e014d8625193039a70df2eec248fdea6414f4,copied,1,
6188493b1ea74f71,4a672c9279e8ed34_jpg,valid,train,4a672c9279e8ed34_jpg.rf.04c1808955a1aa9add8d1572bd082158.jpg,4a672c9279e8ed34_jpg.rf.04c1808955a1aa9add8d1572bd082158.jpg,eb3b7ab4d9a7cf8cb3cf9410a78bc8ea5266d84b4262a65e7e629b9e55396883,eb3b7ab4d9a7cf8cb3cf9410a78bc8ea5266d84b4262a65e7e629b9e55396883,copied,1,
61d5401c12ddd532,IMG_5095,valid,train,IMG_5095.JPG,IMG_5095.jpg,eb1c1e2765e333ec039021d2d1fa276b8fefc73d6d2ecd39b693dffe5cdea116,6f5f4fa2f5210ce6d91b5ba0c6dd0c8636490b8b3a5884c92cb3c60ad9697da2,converted_heic_to_jpeg,1,
61ef75e65eeb4cc8,IMG_4347_jpg,valid,train,IMG_4347_jpg.rf.4b49464cf8ac974b8674ff3f2b650f39.jpg,IMG_4347_jpg.rf.4b49464cf8ac974b8674ff3f2b650f39.jpg,fd53044bed70d272b24e77c9fb408692f6fa9ad27bb6cb8e44ea38b0cd9dd3a7,fd53044bed70d272b24e77c9fb408692f6fa9ad27bb6cb8e44ea38b0cd9dd3a7,copied,0,0
6215dd48ee5b5bf2,smoking_0314_jpg,train,train,smoking_0314_jpg.rf.48801370a43fae0be5750f5dbce9a98c.jpg,smoking_0314_jpg.rf.48801370a43fae0be5750f5dbce9a98c.jpg,a23d3a30d7ae13510529a89ea577f866a49eb3eca345dd774d6612b7c8d5b758,a23d3a30d7ae13510529a89ea577f866a49eb3eca345dd774d6612b7c8d5b758,copied,0,0
622ac41bc26e25e9,WIN_20220507_21_28_53_Pro_jpg,train,test,WIN_20220507_21_28_53_Pro_jpg.rf.d86818b37309f81406c7303fc5c2a57a.jpg,WIN_20220507_21_28_53_Pro_jpg.rf.d86818b37309f81406c7303fc5c2a57a.jpg,11ee8af3b1f1b43188c5a4fb8a3ea791f544a04217314fe0b54102fffa2d880f,11ee8af3b1f1b43188c5a4fb8a3ea791f544a04217314fe0b54102fffa2d880f,copied,0,1
62475034512c780a,1a96812021b41044_jpg,train,train,1a96812021b41044_jpg.rf.8619e310d5e4efc518797224232bfc38.jpg,1a96812021b41044_jpg.rf.8619e310d5e4efc518797224232bfc38.jpg,e44296f587508e7c6fd04be3392ec1a765cdd66c9c167833bacaff54ca6122b2,e44296f587508e7c6fd04be3392ec1a765cdd66c9c167833bacaff54ca6122b2,copied,1,
6247911e3f96fade,smoking_0477_jpg,valid,test,smoking_0477_jpg.rf.e6804ef5c1f86dff14b3958abad4595c.jpg,smoking_0477_jpg.rf.e6804ef5c1f86dff14b3958abad4595c.jpg,1204e911c4b9a7cfaec8848ebbe1e601f1024840de93d41230c01bcc7d8b79f0,1204e911c4b9a7cfaec8848ebbe1e601f1024840de93d41230c01bcc7d8b79f0,copied,0,0
625cbe820a653bb8,smoking_0479_jpg,valid,train,smoking_0479_jpg.rf.0c80a2a73aa5c5530cffce9981be52f2.jpg,smoking_0479_jpg.rf.0c80a2a73aa5c5530cffce9981be52f2.jpg,99834b3b6d014a1431ac8d327e03a3400c23e86669d155f166ab538eb970cd3f,99834b3b6d014a1431ac8d327e03a3400c23e86669d155f166ab538eb970cd3f,copied,0,0
627bd314583438e8,IMG_4517_jpg,valid,train,IMG_4517_jpg.rf.6ad37d2bdbd0ba56a44b7661a4904876.jpg,IMG_4517_jpg.rf.6ad37d2bdbd0ba56a44b7661a4904876.jpg,e173fbe4677d53fc21b9a02a0928fd32571fdc2dbcb1cfa0d30be87b6baf62e6,e173fbe4677d53fc21b9a02a0928fd32571fdc2dbcb1cfa0d30be87b6baf62e6,copied,0,0|1
628a03b3df2fa5dc,1697095309863_JPEG_jpg,train,train,1697095309863_JPEG_jpg.rf.023ce9803d86e5991775030f69e0071f.jpg,1697095309863_JPEG_jpg.rf.023ce9803d86e5991775030f69e0071f.jpg,33d69e636e626920e449a207cd12afac847ada147494c8fb128571e04ca0cd90,33d69e636e626920e449a207cd12afac847ada147494c8fb128571e04ca0cd90,copied,0,0
629effae19de1ce6,smoking_0892_jpg,train,train,smoking_0892_jpg.rf.e6a95bf4cf1ddbaa45d3c7b9ba3432d4.jpg,smoking_0892_jpg.rf.e6a95bf4cf1ddbaa45d3c7b9ba3432d4.jpg,32a1d15eb6e2e68855dd763a3980188e3738ff894c4febbe3179dfb8fcc1387c,32a1d15eb6e2e68855dd763a3980188e3738ff894c4febbe3179dfb8fcc1387c,copied,0,0
62bf1cca3bcc8237,smoking_0448_jpg,train,train,smoking_0448_jpg.rf.b06ff4bf980339d3e71e26d276474523.jpg,smoking_0448_jpg.rf.b06ff4bf980339d3e71e26d276474523.jpg,620be27d6e6ec1f90ce670a7464b220517645d86925520c6358920a0fb6cf267,620be27d6e6ec1f90ce670a7464b220517645d86925520c6358920a0fb6cf267,copied,0,0
62e01f5dcff31828,smoking_0370_jpg,train,train,smoking_0370_jpg.rf.c06d7849d27a63ce47431dc6d6cd0aba.jpg,smoking_0370_jpg.rf.c06d7849d27a63ce47431dc6d6cd0aba.jpg,949600ec921e9cdff46a7db4872e14e129b1964ecd8f5052f6e801f207f2dead,949600ec921e9cdff46a7db4872e14e129b1964ecd8f5052f6e801f207f2dead,copied,0,0
62e5e4c580fcd06e,smoking_0886_jpg,train,train,smoking_0886_jpg.rf.b29978c1677227c274f00cf9158796aa.jpg,smoking_0886_jpg.rf.b29978c1677227c274f00cf9158796aa.jpg,29a8305cc1bc11944a22974cb7ad144317c3f9312ca6911ea6fbfb4e906b18ab,29a8305cc1bc11944a22974cb7ad144317c3f9312ca6911ea6fbfb4e906b18ab,copied,0,0
62e62b2a48c0379e,000354_png_jpg,train,train,000354_png_jpg.rf.5696dca07666ef2b83ef0d32f1a17ace.jpg,000354_png_jpg.rf.5696dca07666ef2b83ef0d32f1a17ace.jpg,645519866d20964dfd8ab7e83fd6e5e1fdbfb51d036dc5e970f2e27deb0edc4e,645519866d20964dfd8ab7e83fd6e5e1fdbfb51d036dc5e970f2e27deb0edc4e,copied,0,2
62eb5d7e50fe7641,smoking_0931_jpg,train,train,smoking_0931_jpg.rf.9eef2bb303c836f2a1e1f1e11ae15693.jpg,smoking_0931_jpg.rf.9eef2bb303c836f2a1e1f1e11ae15693.jpg,d5346014145ff49c70e29238314ae74acb79f00f2123f95d65a3a91d8a4c1aa8,d5346014145ff49c70e29238314ae74acb79f00f2123f95d65a3a91d8a4c1aa8,copied,0,0
630015cd4fede00a,smoking_0967_jpg,valid,valid,smoking_0967_jpg.rf.7c1b689243a176087434b10b86f09a74.jpg,smoking_0967_jpg.rf.7c1b689243a176087434b10b86f09a74.jpg,64839bbb29e84dd9023ad9eff50307dc8ac7ec46481a3dd56c528da08ccb8932,64839bbb29e84dd9023ad9eff50307dc8ac7ec46481a3dd56c528da08ccb8932,copied,0,0
63ce89cfd937333c,bb0419_jpg,train,train,bb0419_jpg.rf.3452fd70e2e7a7a00abb21fbda6e0906.jpg,bb0419_jpg.rf.3452fd70e2e7a7a00abb21fbda6e0906.jpg,3aa70ed84d784bfe239922677065051dc5cd00d018110ec982df23f835ee729a,3aa70ed84d784bfe239922677065051dc5cd00d018110ec982df23f835ee729a,copied,0,2
63d86e7ad1ca2551,smoking_0443_jpg,train,train,smoking_0443_jpg.rf.3f35da111452989dceb70e0a5dea6c4e.jpg,smoking_0443_jpg.rf.3f35da111452989dceb70e0a5dea6c4e.jpg,eb2f0686c4a5a3ab96453e01e67a85f594d58a4d56faaded0cc7eca7f4f08230,eb2f0686c4a5a3ab96453e01e67a85f594d58a4d56faaded0cc7eca7f4f08230,copied,0,1
63e1afce6a1bb6ec,smoking_0667_jpg,train,train,smoking_0667_jpg.rf.4e72bf3cbabbd83325c1762ce8e7d171.jpg,smoking_0667_jpg.rf.4e72bf3cbabbd83325c1762ce8e7d171.jpg,eda7c8d9e546f47a2dfa5b8e577f677c1d80f3337e570c8b75ab81af91523aa0,eda7c8d9e546f47a2dfa5b8e577f677c1d80f3337e570c8b75ab81af91523aa0,copied,0,0
643804aa947027ae,smoking_0796_jpg,train,train,smoking_0796_jpg.rf.5473410d407854e9f865f37491794053.jpg,smoking_0796_jpg.rf.5473410d407854e9f865f37491794053.jpg,4000a8e732ad689022318051875b04af3e6b6758fc78c7a455cff087b2949434,4000a8e732ad689022318051875b04af3e6b6758fc78c7a455cff087b2949434,copied,0,1
644fadaddf4ca2ad,smoking_0455_jpg,test,train,smoking_0455_jpg.rf.140bdd2a8abc8c4e84a8961e300df95f.jpg,smoking_0455_jpg.rf.140bdd2a8abc8c4e84a8961e300df95f.jpg,c4b6918230d0b31836d86bf44fccbd1a5d67a8dd3487c102422fd1570574d33f,c4b6918230d0b31836d86bf44fccbd1a5d67a8dd3487c102422fd1570574d33f,copied,0,0
6497339a4a01718b,1697100023772_JPEG_jpg,train,train,1697100023772_JPEG_jpg.rf.06bba3c96443801f89bc2cd1657c1a55.jpg,1697100023772_JPEG_jpg.rf.06bba3c96443801f89bc2cd1657c1a55.jpg,28d35a6d00724e5c1cebe8abc0ba26bd9934d1b587c7a66a813657c38a71d34f,28d35a6d00724e5c1cebe8abc0ba26bd9934d1b587c7a66a813657c38a71d34f,copied,0,0
649b95c194f21476,smoking_0371_jpg,train,valid,smoking_0371_jpg.rf.bf41e4c0fd7430e66c9d69420705441e.jpg,smoking_0371_jpg.rf.bf41e4c0fd7430e66c9d69420705441e.jpg,4ae65d9508725d2b8645017be2191b21d08d71823036a89291b2e275e07056b4,4ae65d9508725d2b8645017be2191b21d08d71823036a89291b2e275e07056b4,copied,0,0
64c81baa323db1e1,IMG_5119,valid,train,IMG_5119.JPG,IMG_5119.jpg,b9e571edf3b5f98bba0d55d766f3630da85f96754fae98f58d8b63c53c2aee19,051b8373fa6495e50f53e82050acc432c0dd612d9057162577473a5c1d866e5e,converted_heic_to_jpeg,1,
64cf517a2894a60b,IMG_4382_jpg,train,train,IMG_4382_jpg.rf.7730619e43750aa770f0d5812939da33.jpg,IMG_4382_jpg.rf.7730619e43750aa770f0d5812939da33.jpg,3172c0d28a6118e115cb3d03528146f66208581a1c002daa7c297ca07b4e6174,3172c0d28a6118e115cb3d03528146f66208581a1c002daa7c297ca07b4e6174,copied,0,0
64d9f62e1f2e91cb,images-2022-05-07T213519-098-2-_jpg,valid,train,images-2022-05-07T213519-098-2-_jpg.rf.963e090290cbbc8c5b4d86a6b0e4da94.jpg,images-2022-05-07T213519-098-2-_jpg.rf.963e090290cbbc8c5b4d86a6b0e4da94.jpg,83313ede78bab8d8c7ae64d3dbbe0eab6fb415daea543617825bbd2367e5bfd0,83313ede78bab8d8c7ae64d3dbbe0eab6fb415daea543617825bbd2367e5bfd0,copied,0,1
64e21e743ad2b553,images-83-_jpg,train,train,images-83-_jpg.rf.782aecbc2156ff5ac0268db70cf451ef.jpg,images-83-_jpg.rf.782aecbc2156ff5ac0268db70cf451ef.jpg,338f58167b376b168f27bee17915bb7bb4307c5bccdfef59fb03709dcdf9bf18,338f58167b376b168f27bee17915bb7bb4307c5bccdfef59fb03709dcdf9bf18,copied,0,1
64f30ec33d665aa3,022080e4ade97180_jpg,train,train,022080e4ade97180_jpg.rf.25214ebfb8efd0eed1357ccc358b165f.jpg,022080e4ade97180_jpg.rf.25214ebfb8efd0eed1357ccc358b165f.jpg,ad45272440ba5913cb6723b7e2c2e25bc8887473eca752eadd836deda49fc71d,ad45272440ba5913cb6723b7e2c2e25bc8887473eca752eadd836deda49fc71d,copied,1,
64f612d1a3470158,smoking_0093_jpg,train,train,smoking_0093_jpg.rf.e6d34b02cc23bf56f0904aef5ae0d801.jpg,smoking_0093_jpg.rf.e6d34b02cc23bf56f0904aef5ae0d801.jpg,4d21c977a16ba29f77db0ca9dbf0a4bb104052af53a63873699393c82d6ca8c1,4d21c977a16ba29f77db0ca9dbf0a4bb104052af53a63873699393c82d6ca8c1,copied,0,0
64ffd08613416525,IMG_4348_jpg,train,train,IMG_4348_jpg.rf.13ebd89c252c1f9b9625ff72a91ac180.jpg,IMG_4348_jpg.rf.13ebd89c252c1f9b9625ff72a91ac180.jpg,5376318af4d6577defbbd2a197700b0e8ba40cab3cbd2901f9d253249c17c0d5,5376318af4d6577defbbd2a197700b0e8ba40cab3cbd2901f9d253249c17c0d5,copied,0,0
65263df83777d427,smoking_0133_jpg,train,train,smoking_0133_jpg.rf.99e34e3b442b1b483bc35d2f023e278d.jpg,smoking_0133_jpg.rf.99e34e3b442b1b483bc35d2f023e278d.jpg,6dcb13588a755aa96be117e8e17e2441151c4dee4a858165066514a583e9a5f6,6dcb13588a755aa96be117e8e17e2441151c4dee4a858165066514a583e9a5f6,copied,0,1
653598b6339d932f,smoking_0705_jpg,train,train,smoking_0705_jpg.rf.030155f8f3fa0afda0fb6609f95c5b5b.jpg,smoking_0705_jpg.rf.030155f8f3fa0afda0fb6609f95c5b5b.jpg,88844a4382f6b5a5c51d1d69ab01d2acc44b4454aece4fbc56003a83d2368d1e,88844a4382f6b5a5c51d1d69ab01d2acc44b4454aece4fbc56003a83d2368d1e,copied,0,0
655cdc4fb7f0938d,ggg098_jpg,valid,train,ggg098_jpg.rf.f38db04ed71dcfb6c1c57959ebe83597.jpg,ggg098_jpg.rf.f38db04ed71dcfb6c1c57959ebe83597.jpg,f07cff8da48510e7c94d3a3f0ae167ff01032e8233cb40d7cfbda670478f2dcc,f07cff8da48510e7c94d3a3f0ae167ff01032e8233cb40d7cfbda670478f2dcc,copied,0,2
655ce86cc199a655,smoking_1043_jpg,train,train,smoking_1043_jpg.rf.008808c99702e44cee08b270bcfbfc26.jpg,smoking_1043_jpg.rf.008808c99702e44cee08b270bcfbfc26.jpg,378e38e55b09c3756cc927380096268ab16c9722bc1e3b0162f794d35d8d8c33,378e38e55b09c3756cc927380096268ab16c9722bc1e3b0162f794d35d8d8c33,copied,0,0
65607080e8c3a5ff,0572f197c99f0c9e_jpg,valid,train,0572f197c99f0c9e_jpg.rf.7e16292b3669fbcb84a0b193a5a64852.jpg,0572f197c99f0c9e_jpg.rf.7e16292b3669fbcb84a0b193a5a64852.jpg,300460dd315cdcc70bceaa0724aa049ad80c47e9cc34f01f3afc664a5c9afea0,300460dd315cdcc70bceaa0724aa049ad80c47e9cc34f01f3afc664a5c9afea0,copied,1,
65933878731117dc,c00523_jpg,train,train,c00523_jpg.rf.5524e0c9ed871b7b46f16073a50ccc91.jpg,c00523_jpg.rf.5524e0c9ed871b7b46f16073a50ccc91.jpg,3f29de1587065dd04598e25298f547c6bd3c182f01687b8a18447cb3c743dc7f,3f29de1587065dd04598e25298f547c6bd3c182f01687b8a18447cb3c743dc7f,copied,0,2
65a9809d89aed565,IMG_4346_jpg,train,train,IMG_4346_jpg.rf.2370ccf7ab4e1d35ae75230bfdad29cf.jpg,IMG_4346_jpg.rf.2370ccf7ab4e1d35ae75230bfdad29cf.jpg,92defe97621e5c77bff44f831ad27fc09a3e5833c97a123a56dd51f7dea580fb,92defe97621e5c77bff44f831ad27fc09a3e5833c97a123a56dd51f7dea580fb,copied,0,0
65acf3dc187472ea,1697099897788_JPEG_jpg,train,train,1697099897788_JPEG_jpg.rf.153b63028b701997df0f540a58149e5f.jpg,1697099897788_JPEG_jpg.rf.153b63028b701997df0f540a58149e5f.jpg,267bcffc34272e8acc34174dce023708a65f6ab794f0b0911b905c1e0801025c,267bcffc34272e8acc34174dce023708a65f6ab794f0b0911b905c1e0801025c,copied,0,0
66057d945eb91ba9,smoking_0770_jpg,train,train,smoking_0770_jpg.rf.fda66be885dee7748fd4e2608a2f16ce.jpg,smoking_0770_jpg.rf.fda66be885dee7748fd4e2608a2f16ce.jpg,348eb69ba007878aaad16f6c994733bc2cf35f00400a484b17ce7c96803ba1d1,348eb69ba007878aaad16f6c994733bc2cf35f00400a484b17ce7c96803ba1d1,copied,0,0
662c30dc6d269dbe,imadaages_jpg,train,train,imadaages_jpg.rf.545d4a183aab8934ff929b2c8301bef3.jpg,imadaages_jpg.rf.545d4a183aab8934ff929b2c8301bef3.jpg,eb0e147bedf940aafefc7e352fb776402d28fc299c91580fbf809f24c6d0be6a,eb0e147bedf940aafefc7e352fb776402d28fc299c91580fbf809f24c6d0be6a,copied,0,1
6674d2f696a001e2,IMG_4503_jpg,train,train,IMG_4503_jpg.rf.1ee263d2d6f61756d22c773c90083961.jpg,IMG_4503_jpg.rf.1ee263d2d6f61756d22c773c90083961.jpg,30fc2ae1b4d96ecb9ab7465318b1491bc597c0f276c0dbb40ef8d682df3caa52,30fc2ae1b4d96ecb9ab7465318b1491bc597c0f276c0dbb40ef8d682df3caa52,copied,0,0|1
6679a2fde7d749b4,000034_jpg,train,train,000034_jpg.rf.20c87da08bc2b3fe8705011c0667e51a.jpg,000034_jpg.rf.20c87da08bc2b3fe8705011c0667e51a.jpg,23d5f57a1f6cc2300a95d313869380006d4d9761accfa69f5219451ba0306f0a,23d5f57a1f6cc2300a95d313869380006d4d9761accfa69f5219451ba0306f0a,copied,0,2
6695c701efb9bf02,M_00939_png_jpg,valid,train,M_00939_png_jpg.rf.81206123f169e7e72b05236c130a6d0b.jpg,M_00939_png_jpg.rf.81206123f169e7e72b05236c130a6d0b.jpg,f22127c68fd380c54eb1cf08ce5a6fee2cba9d0d285693830d6d9c6d74fbdbf1,f22127c68fd380c54eb1cf08ce5a6fee2cba9d0d285693830d6d9c6d74fbdbf1,copied,0,2
66a7358c9f4d416a,download-4-_jpeg_jpg,train,train,download-4-_jpeg_jpg.rf.bcbd0a17654dfe5496fe01c4561053a5.jpg,download-4-_jpeg_jpg.rf.bcbd0a17654dfe5496fe01c4561053a5.jpg,86276efa83900e970b2b15c160d2ff6fdd56cf7bf74fab0c9f030b906f17241a,86276efa83900e970b2b15c160d2ff6fdd56cf7bf74fab0c9f030b906f17241a,copied,0,1
66ec8930dbf03cf7,0a572077a87d26dd_jpg,train,train,0a572077a87d26dd_jpg.rf.4fed12eef02f7bb9a8494ea9363562f9.jpg,0a572077a87d26dd_jpg.rf.4fed12eef02f7bb9a8494ea9363562f9.jpg,b0d71260c559ca35e2ba69dc85625552c8a0f75619bdd2a369993248dc25590a,b0d71260c559ca35e2ba69dc85625552c8a0f75619bdd2a369993248dc25590a,copied,1,
66f3190223f73d26,smoking_0188_jpg,train,valid,smoking_0188_jpg.rf.d2dde5175efac088f974602122051a95.jpg,smoking_0188_jpg.rf.d2dde5175efac088f974602122051a95.jpg,02e75a75647791034c54150a9cc347f655774df3b662746e783900a2a4566bf1,02e75a75647791034c54150a9cc347f655774df3b662746e783900a2a4566bf1,copied,0,0
67186fe38db3272e,1697100023689_JPEG_jpg,train,train,1697100023689_JPEG_jpg.rf.110dd3497ec6b0646cff82b277eb10be.jpg,1697100023689_JPEG_jpg.rf.110dd3497ec6b0646cff82b277eb10be.jpg,83d575335478e50d255a83704dc1cc554874dee6cc7c154669fed38e30f666cf,83d575335478e50d255a83704dc1cc554874dee6cc7c154669fed38e30f666cf,copied,0,0
677198a1001a881b,ggg061_jpg,valid,train,ggg061_jpg.rf.d7808ac872a2d51bef3f78932698023d.jpg,ggg061_jpg.rf.d7808ac872a2d51bef3f78932698023d.jpg,ca935d3a78433663c52252f879d30def2206130e75bd488918038aa9c047d39b,ca935d3a78433663c52252f879d30def2206130e75bd488918038aa9c047d39b,copied,0,2
6788bdc54541c6e7,000148_jpg,train,train,000148_jpg.rf.11baec35c2eb7da7a16029939d9a9da8.jpg,000148_jpg.rf.11baec35c2eb7da7a16029939d9a9da8.jpg,08a37ec04b83438441360a6b6131479385f2af95de4cbe81fd6b8540e9cea0a3,08a37ec04b83438441360a6b6131479385f2af95de4cbe81fd6b8540e9cea0a3,copied,0,2
6793a6b137fe1853,IMG_4339_jpg,train,train,IMG_4339_jpg.rf.25066d1661fece14d098e271ffb7dc27.jpg,IMG_4339_jpg.rf.25066d1661fece14d098e271ffb7dc27.jpg,6e3b2df17c329b5f5525cc309f731b5a192e411d1152da36ed131463ff0c528e,6e3b2df17c329b5f5525cc309f731b5a192e411d1152da36ed131463ff0c528e,copied,0,0
679b88c75f6305be,c00040_jpeg_jpg,train,train,c00040_jpeg_jpg.rf.040a8d2ffe82efd4bcfae70dfbe0e177.jpg,c00040_jpeg_jpg.rf.040a8d2ffe82efd4bcfae70dfbe0e177.jpg,989f351171403049ceb87ced5eaf3dab4876aec4109997550228208ed29abc85,989f351171403049ceb87ced5eaf3dab4876aec4109997550228208ed29abc85,copied,0,2
67bb056f0436aea6,000134_jpg,train,valid,000134_jpg.rf.23e4297ea68a09f018ef69965aedde02.jpg,000134_jpg.rf.23e4297ea68a09f018ef69965aedde02.jpg,5e58dbb693af85fbee9c7d02e834390bd299be70594cc224683390f579e6f92c,5e58dbb693af85fbee9c7d02e834390bd299be70594cc224683390f579e6f92c,copied,0,2
67cbe333403aa48f,IMG_5108,valid,test,IMG_5108.JPG,IMG_5108.jpg,0e72a9d50fd030fac4a8d59a81439db7ff5545547fd2751b913ac102f24a1f58,5e4e11033376867ab7f15274164caf03f4e3cb33cda83ed5c212bf44dda647b9,converted_heic_to_jpeg,1,
67fddb0ec792196d,smoking_0573_jpg,train,train,smoking_0573_jpg.rf.11deec1b2d37c18b7ea5392f552ceaf8.jpg,smoking_0573_jpg.rf.11deec1b2d37c18b7ea5392f552ceaf8.jpg,3fb38b2cdeeb7e4ff3f0b35ec7f3087de8b0eca32c830e20fa65488e7973a770,3fb38b2cdeeb7e4ff3f0b35ec7f3087de8b0eca32c830e20fa65488e7973a770,copied,0,0
680313fcbd34af57,301b67d0afd29104_jpg,train,train,301b67d0afd29104_jpg.rf.43cab6d4d76a364665caeff87eb96a19.jpg,301b67d0afd29104_jpg.rf.43cab6d4d76a364665caeff87eb96a19.jpg,2c29346275baf3707280a6a1e1abdc74fad84e6fd7a07d73a765948cbeea2aed,2c29346275baf3707280a6a1e1abdc74fad84e6fd7a07d73a765948cbeea2aed,copied,1,
682c4f1f10c1f38a,smoking_0776_jpg,train,train,smoking_0776_jpg.rf.b0bf08fbf871616a6ca2fb52031336be.jpg,smoking_0776_jpg.rf.b0bf08fbf871616a6ca2fb52031336be.jpg,dbf1138fb6e9b0dd9a01b1568fe2d883b733ad4e8b4093ecd6a19f429199a2e4,dbf1138fb6e9b0dd9a01b1568fe2d883b733ad4e8b4093ecd6a19f429199a2e4,copied,0,0
683558e6f2c4edb1,0b72f8ee6559e334_jpg,train,train,0b72f8ee6559e334_jpg.rf.67bfe4ac181ae8c09fdb08d3083b700d.jpg,0b72f8ee6559e334_jpg.rf.67bfe4ac181ae8c09fdb08d3083b700d.jpg,07f49306b45210e732e7ab5797dbe84c61659b1423f3b3daf558dff13170565b,07f49306b45210e732e7ab5797dbe84c61659b1423f3b3daf558dff13170565b,copied,1,
684810cb0867b1cc,smoking_1112_jpg,train,train,smoking_1112_jpg.rf.ea57397b07b965c6aa14c6f46b3aace9.jpg,smoking_1112_jpg.rf.ea57397b07b965c6aa14c6f46b3aace9.jpg,eb752ae5d199572804e9285002d69ee82ede157144b563b142024446b8797960,eb752ae5d199572804e9285002d69ee82ede157144b563b142024446b8797960,copied,0,0
68485c39db816881,smoking_0316_jpg,train,test,smoking_0316_jpg.rf.7c444c56f55890d9f4b26694fe46c7d6.jpg,smoking_0316_jpg.rf.7c444c56f55890d9f4b26694fe46c7d6.jpg,3bcea4b36398a17766bf809c144ae64163c292f2bf3cea30728227b549d12da4,3bcea4b36398a17766bf809c144ae64163c292f2bf3cea30728227b549d12da4,copied,0,1
6855f08ff2ebf3b1,smoking_0862_jpg,train,train,smoking_0862_jpg.rf.8578b3397844a510d58368028af007c4.jpg,smoking_0862_jpg.rf.8578b3397844a510d58368028af007c4.jpg,1f284c3b10d516d344fc861904e66fac5624441eac7192fe3ebac81ac6741619,1f284c3b10d516d344fc861904e66fac5624441eac7192fe3ebac81ac6741619,copied,0,0
6898b0bddee7e53b,smoking_0320_jpg,train,train,smoking_0320_jpg.rf.05c818c9db34e0461459ba8040535a94.jpg,smoking_0320_jpg.rf.05c818c9db34e0461459ba8040535a94.jpg,f48ff6de8c31ec62c132afc07d17aee7fb2a8776248ef99ceeb288888e91be4d,f48ff6de8c31ec62c132afc07d17aee7fb2a8776248ef99ceeb288888e91be4d,copied,0,0
68bb9ee1b1fd65da,IMG_4446_jpg,valid,train,IMG_4446_jpg.rf.ee71500cba302817ee5e41d4a3a2454c.jpg,IMG_4446_jpg.rf.ee71500cba302817ee5e41d4a3a2454c.jpg,c6d2e0e7d6f58c463e5fa434a6da9aeeb5f615b415184675013a4b2d11b99f2e,c6d2e0e7d6f58c463e5fa434a6da9aeeb5f615b415184675013a4b2d11b99f2e,copied,0,0
68dc86940a81de3e,IMG_4541_jpg,train,train,IMG_4541_jpg.rf.1d42da443128d78e057b6885e2a8deb3.jpg,IMG_4541_jpg.rf.1d42da443128d78e057b6885e2a8deb3.jpg,5617e3f56f19cbd2d4fe1d81a71edda05edfb8a9a420c6f110a8d7ea84983fa1,5617e3f56f19cbd2d4fe1d81a71edda05edfb8a9a420c6f110a8d7ea84983fa1,copied,0,0|1
68dfbb6937a6a729,smoking_0771_jpg,valid,train,smoking_0771_jpg.rf.ac7e7ebbaa62a9fb4cddb0c7d54693ef.jpg,smoking_0771_jpg.rf.ac7e7ebbaa62a9fb4cddb0c7d54693ef.jpg,96fd78b47c4ee920132e37131703114ffbd4ee14d1c72d29b3356b69daa0d3d0,96fd78b47c4ee920132e37131703114ffbd4ee14d1c72d29b3356b69daa0d3d0,copied,0,0
691347c7b52bc0f8,219b2ac917d6acfe_jpg,train,train,219b2ac917d6acfe_jpg.rf.f808edf98d8049fb98c6fd87e860ba3d.jpg,219b2ac917d6acfe_jpg.rf.f808edf98d8049fb98c6fd87e860ba3d.jpg,dc2de90091328d4eec98fddaf06742496999df86faf6a25e50943139980f76a2,dc2de90091328d4eec98fddaf06742496999df86faf6a25e50943139980f76a2,copied,1,
691c046651486f3c,smoking_0090_jpg,train,train,smoking_0090_jpg.rf.12b61cdfeb3e43856efa2df36aaae652.jpg,smoking_0090_jpg.rf.12b61cdfeb3e43856efa2df36aaae652.jpg,11b25d9553bb9ed26d31a5b39e6f05258209bec5f520f977b575e12a310c8a52,11b25d9553bb9ed26d31a5b39e6f05258209bec5f520f977b575e12a310c8a52,copied,0,0
6922b049829dc049,1ff4bed98c5775c0_jpg,train,train,1ff4bed98c5775c0_jpg.rf.e749648ef83003634d292625fbb32574.jpg,1ff4bed98c5775c0_jpg.rf.e749648ef83003634d292625fbb32574.jpg,7f534a54c39a44423756b43c33e9b444b86061d69e0e3b5f089490c31e2ce0c7,7f534a54c39a44423756b43c33e9b444b86061d69e0e3b5f089490c31e2ce0c7,copied,1,
6937a99141adcaf3,bb0677_jpg,train,train,bb0677_jpg.rf.05a8f91d1b883779e9aa6cd59692d3ac.jpg,bb0677_jpg.rf.05a8f91d1b883779e9aa6cd59692d3ac.jpg,4db5ba2405cd5362e2889bdb8366a17d19cf0e180fcb1d6eaca7d3cca073168b,4db5ba2405cd5362e2889bdb8366a17d19cf0e180fcb1d6eaca7d3cca073168b,copied,0,2
69779e1c70941e01,323dbfd38e02f236_jpg,train,train,323dbfd38e02f236_jpg.rf.e910b915301730f55cd9a4bf1dbc2f96.jpg,323dbfd38e02f236_jpg.rf.e910b915301730f55cd9a4bf1dbc2f96.jpg,c859dce95874f60826c24cfc61da7b938cf2b3fb18d8e88cf0ceca294e7dd128,c859dce95874f60826c24cfc61da7b938cf2b3fb18d8e88cf0ceca294e7dd128,copied,1,
698f377c606eefb8,000033_jpg,train,train,000033_jpg.rf.232e1ec100027447c6894d421e0c8aa0.jpg,000033_jpg.rf.232e1ec100027447c6894d421e0c8aa0.jpg,a4d4517f758f358ac0baff9924381c92fe01264e03bbce8bec68ff7c72d7f3a0,a4d4517f758f358ac0baff9924381c92fe01264e03bbce8bec68ff7c72d7f3a0,copied,0,2
69eea69ae69aeacd,IMG_4472_jpg,train,train,IMG_4472_jpg.rf.2ce50c890f8525a20f9e93c54ba16dd3.jpg,IMG_4472_jpg.rf.2ce50c890f8525a20f9e93c54ba16dd3.jpg,626e2dcd927bd9de96b5c3f41d00272e64760117cbaea3b3573f6a31c836f121,626e2dcd927bd9de96b5c3f41d00272e64760117cbaea3b3573f6a31c836f121,copied,0,0|1
69f8f191974cf08a,match-218451__340_jpg,valid,train,match-218451__340_jpg.rf.de4ec217de401a95f7dbc3e50f9b8dc6.jpg,match-218451__340_jpg.rf.de4ec217de401a95f7dbc3e50f9b8dc6.jpg,ea74608a035972b745751c6c6e63a922e18c40c0c4d894f8eddedb9514f43321,ea74608a035972b745751c6c6e63a922e18c40c0c4d894f8eddedb9514f43321,copied,0,1
6a03b2fb13740253,WIN_20220329_21_29_44_Pro_jpg,train,train,WIN_20220329_21_29_44_Pro_jpg.rf.2d1da1c63418eb50d3e332b9d116a2f7.jpg,WIN_20220329_21_29_44_Pro_jpg.rf.2d1da1c63418eb50d3e332b9d116a2f7.jpg,3537bdd2b2ad31906ad77cc69e98a44fdca4baabb5a11db8bca40f8e79187c55,3537bdd2b2ad31906ad77cc69e98a44fdca4baabb5a11db8bca40f8e79187c55,copied,0,1
6a2d4ff71ed6d7ae,images-103-_jpg,train,train,images-103-_jpg.rf.a708a6cbdd560edc4137eaacf00d767d.jpg,images-103-_jpg.rf.a708a6cbdd560edc4137eaacf00d767d.jpg,2b1bb57cbffafe58fa93eecf5f768c9a91b541e9b014c7fb6c3769cfcba13739,2b1bb57cbffafe58fa93eecf5f768c9a91b541e9b014c7fb6c3769cfcba13739,copied,0,1
6a51ba056105ec8a,smoking_0354_jpg,train,train,smoking_0354_jpg.rf.20ce24cf0e874be4b452598105ff0e4c.jpg,smoking_0354_jpg.rf.20ce24cf0e874be4b452598105ff0e4c.jpg,2f460c0bfbfc2516396e3fa013ddc0a6c1aa17945b0ffa1f83d3243d0cffb35e,2f460c0bfbfc2516396e3fa013ddc0a6c1aa17945b0ffa1f83d3243d0cffb35e,copied,0,0
6a6748fe0bd6190a,ggg291_jpg,valid,train,ggg291_jpg.rf.5f8a8c28e7ad98eab45279a99aa80af2.jpg,ggg291_jpg.rf.5f8a8c28e7ad98eab45279a99aa80af2.jpg,407b770bb9905f1eae7e8a8341da2038424e9c101db5d934074582d1682469ac,407b770bb9905f1eae7e8a8341da2038424e9c101db5d934074582d1682469ac,copied,0,2
6aa1b61a6a90e856,images-25-_jpg,train,train,images-25-_jpg.rf.0ec88ce16c5febedd0bc884a7d9addb7.jpg,images-25-_jpg.rf.0ec88ce16c5febedd0bc884a7d9addb7.jpg,2576fdb81468c9bbabe7e1cf08ed83c916ce27ecd1861de7542dc6e5fe1efdc7,2576fdb81468c9bbabe7e1cf08ed83c916ce27ecd1861de7542dc6e5fe1efdc7,copied,0,1
6b0e05432a19902b,smoking_1011_jpg,train,train,smoking_1011_jpg.rf.1760315702ab6207091e3fd4b496bcb6.jpg,smoking_1011_jpg.rf.1760315702ab6207091e3fd4b496bcb6.jpg,8ab76118b652747f41b5754780e53bd0a901f3f666a346a75e933017b46d62b3,8ab76118b652747f41b5754780e53bd0a901f3f666a346a75e933017b46d62b3,copied,0,0|1
6b3119fd93cd8531,smoking_0054_jpg,valid,train,smoking_0054_jpg.rf.075fa2a806a3406195a00373ad17c2a9.jpg,smoking_0054_jpg.rf.075fa2a806a3406195a00373ad17c2a9.jpg,74c95fbbfcea7302d261fdd5f91a12a8562435b9a64a8c9ea7d00f7e932c38a2,74c95fbbfcea7302d261fdd5f91a12a8562435b9a64a8c9ea7d00f7e932c38a2,copied,0,0
6b3143707a19b830,18aa94d1824e35ec_jpg,train,train,18aa94d1824e35ec_jpg.rf.70917bb20f1b72098d9af73cb300f80d.jpg,18aa94d1824e35ec_jpg.rf.70917bb20f1b72098d9af73cb300f80d.jpg,977a03297bc3d97d12a4d4a687fa6329f809678d05cce4f80cd3074d652efd6b,977a03297bc3d97d12a4d4a687fa6329f809678d05cce4f80cd3074d652efd6b,copied,1,
6b3f782353776d4b,1414186db97b8374_jpg,valid,train,1414186db97b8374_jpg.rf.874e0870d1cc4e17edfa72f7bd8808df.jpg,1414186db97b8374_jpg.rf.874e0870d1cc4e17edfa72f7bd8808df.jpg,47946c47691912d6712f4575cc7ef8136759a960fe5e544b05763877ebc3c34e,47946c47691912d6712f4575cc7ef8136759a960fe5e544b05763877ebc3c34e,copied,1,
6b84dc9b2116a158,smoking_0072_jpg,test,train,smoking_0072_jpg.rf.9241d0cdd8c378440dd0f7e891f57313.jpg,smoking_0072_jpg.rf.9241d0cdd8c378440dd0f7e891f57313.jpg,cccc182f7cd593f0e81f59066f690c540a739ed432bd5e16fb08c6537604706d,cccc182f7cd593f0e81f59066f690c540a739ed432bd5e16fb08c6537604706d,copied,0,0
6b9bdb9c5086dc1c,b00401_jpg,train,train,b00401_jpg.rf.165685314dda686ce870b236d15e83f7.jpg,b00401_jpg.rf.165685314dda686ce870b236d15e83f7.jpg,005ad8de4efe25f307a9492a0031c91e4acede4d63a17a242fb6f3446f4b37b7,005ad8de4efe25f307a9492a0031c91e4acede4d63a17a242fb6f3446f4b37b7,copied,0,2
6bb01a323ec2ba32,000039_jpg,train,train,000039_jpg.rf.451534bb54f32f823843dd75125ed308.jpg,000039_jpg.rf.451534bb54f32f823843dd75125ed308.jpg,c92a7b01ae12fc436955841f5681d9f39296fbef332e6a4515ed9b80ffc0a600,c92a7b01ae12fc436955841f5681d9f39296fbef332e6a4515ed9b80ffc0a600,copied,0,2
6bb75e0ca1a0a944,smoking_0210_jpg,train,train,smoking_0210_jpg.rf.a7102be8faadbe20d52fa34b333260d9.jpg,smoking_0210_jpg.rf.a7102be8faadbe20d52fa34b333260d9.jpg,126c33eb514026ce56f4216c053d76ac4a8c21ddd440801e9a069e49d4f6859f,126c33eb514026ce56f4216c053d76ac4a8c21ddd440801e9a069e49d4f6859f,copied,0,1
6bc78acc90ed668a,IMG_4510_jpg,train,train,IMG_4510_jpg.rf.3b6863c994d32c3050d71cd4f49ba157.jpg,IMG_4510_jpg.rf.3b6863c994d32c3050d71cd4f49ba157.jpg,55e895e942f9958bbb13b4ead8d99d5f13c89d670e9a0e307808196979ad3eb3,55e895e942f9958bbb13b4ead8d99d5f13c89d670e9a0e307808196979ad3eb3,copied,0,0|1
6bcb9e25f7929349,smoking_0338_jpg,train,train,smoking_0338_jpg.rf.87ad1db0648c0250a86bcb50e63ff178.jpg,smoking_0338_jpg.rf.87ad1db0648c0250a86bcb50e63ff178.jpg,e5ae69b684015a2862ac445124929d5bc8a4601c5a7d14fd916ecdb32b4a10e4,e5ae69b684015a2862ac445124929d5bc8a4601c5a7d14fd916ecdb32b4a10e4,copied,0,0
6bd35b77b43a887d,0ae16f68a3adaf1b_jpg,train,train,0ae16f68a3adaf1b_jpg.rf.15d22ce24e4038fe5c4800be1864b0d9.jpg,0ae16f68a3adaf1b_jpg.rf.15d22ce24e4038fe5c4800be1864b0d9.jpg,28e3a5cd2765ce8924872336ce1851881800660297e1c3fecb2ffe9e6bb23861,28e3a5cd2765ce8924872336ce1851881800660297e1c3fecb2ffe9e6bb23861,copied,1,
6c14aa8303b93760,016da5f9bdbfed5a_jpg,train,train,016da5f9bdbfed5a_jpg.rf.9a084d3eba077243929f68e0241b3da3.jpg,016da5f9bdbfed5a_jpg.rf.9a084d3eba077243929f68e0241b3da3.jpg,3a145525b155a4923e4a85edfdaecb9a3768c92b3601a76510bb2a3df87b55fb,3a145525b155a4923e4a85edfdaecb9a3768c92b3601a76510bb2a3df87b55fb,copied,1,
6c2dea8984c4fa57,images-109-_jpg,train,train,images-109-_jpg.rf.1e2c300865daaac77f40c92708ec17a0.jpg,images-109-_jpg.rf.1e2c300865daaac77f40c92708ec17a0.jpg,fe029586b07926594b9297da8519e9182264333d6f0a98e10db3f5ab38130088,fe029586b07926594b9297da8519e9182264333d6f0a98e10db3f5ab38130088,copied,0,1
6c48128d8fbfe9f0,ggg351_jpg,valid,test,ggg351_jpg.rf.e1edc97375fdf865d13d37967c56c3d5.jpg,ggg351_jpg.rf.e1edc97375fdf865d13d37967c56c3d5.jpg,234a367741daaf09be8a8377918d686f089586f066f1537100d096b21fd22c9d,234a367741daaf09be8a8377918d686f089586f066f1537100d096b21fd22c9d,copied,0,2
6c4dc8c0bbf67a78,ggg031_jpg,train,train,ggg031_jpg.rf.3553b49f6061ff725ff4c419715e9172.jpg,ggg031_jpg.rf.3553b49f6061ff725ff4c419715e9172.jpg,2d2d62c5b006fcab3879ce8056d01fd70370c45a97985fc88e4261a1fd2bf24e,2d2d62c5b006fcab3879ce8056d01fd70370c45a97985fc88e4261a1fd2bf24e,copied,0,2
6c763cff201035bf,IMG_4394_jpg,train,train,IMG_4394_jpg.rf.107e8dbcbe11220001697a33c684a42f.jpg,IMG_4394_jpg.rf.107e8dbcbe11220001697a33c684a42f.jpg,d1e4348a7c228aaec25a02f7ea6237b2222d3f7e892dedfa152534d8765f2ba2,d1e4348a7c228aaec25a02f7ea6237b2222d3f7e892dedfa152534d8765f2ba2,copied,0,0
6c8c7c191328927f,0b89c12289f7a7fe_jpg,train,train,0b89c12289f7a7fe_jpg.rf.b1c3001849d2d5dd407645c7b454c051.jpg,0b89c12289f7a7fe_jpg.rf.b1c3001849d2d5dd407645c7b454c051.jpg,f8ae3bdd4aabc4d7b8d868b58da95d8efc64d824fcf206d6867dd8133d5fe136,f8ae3bdd4aabc4d7b8d868b58da95d8efc64d824fcf206d6867dd8133d5fe136,copied,1,
6c8ec54a6ec6dd90,smoking_0056_jpg,train,train,smoking_0056_jpg.rf.0b415cce39184a1b98dc4dc84604b65a.jpg,smoking_0056_jpg.rf.0b415cce39184a1b98dc4dc84604b65a.jpg,f0444e682833ee387cf02efa50aae09e4126b36bd91cd46c8152767b53dd74dc,f0444e682833ee387cf02efa50aae09e4126b36bd91cd46c8152767b53dd74dc,copied,0,1
6c9427428b903f37,c00010_jpg,train,valid,c00010_jpg.rf.3e0e3d045f96f739c63c8152700f79da.jpg,c00010_jpg.rf.3e0e3d045f96f739c63c8152700f79da.jpg,c6d48bed5908d2f305dda81ae18f859d0175abd37a7265e3612f79ee1d96445c,c6d48bed5908d2f305dda81ae18f859d0175abd37a7265e3612f79ee1d96445c,copied,0,2
6c9d035d74374b62,smoking_0245_jpg,train,test,smoking_0245_jpg.rf.94de3205cc260f6cf685d56917694423.jpg,smoking_0245_jpg.rf.94de3205cc260f6cf685d56917694423.jpg,bf7b128f9e4aa26f4b8d82c939bb0a9ce0871536dc807b8fa9b4787c63d6bfc7,bf7b128f9e4aa26f4b8d82c939bb0a9ce0871536dc807b8fa9b4787c63d6bfc7,copied,0,0
6caa0b4d0375465c,ggg043_jpg,valid,train,ggg043_jpg.rf.280449753056d238f97b582b7a8ee253.jpg,ggg043_jpg.rf.280449753056d238f97b582b7a8ee253.jpg,6e50b0810f78c51d7a3ef29260cec0b2309a3d234642a3ef6054b0a0fbb38d4b,6e50b0810f78c51d7a3ef29260cec0b2309a3d234642a3ef6054b0a0fbb38d4b,copied,0,2
6cbc5dd4907b7ad8,bb0113_jpg,train,train,bb0113_jpg.rf.1d72647cf8766c875ae180f1d21fee49.jpg,bb0113_jpg.rf.1d72647cf8766c875ae180f1d21fee49.jpg,7d558295f6bcf409295381fb90b47a935799bc09c5ba8873f047a865347bee7b,7d558295f6bcf409295381fb90b47a935799bc09c5ba8873f047a865347bee7b,copied,0,2
6cd047f1d117b9f1,M_00942_png_jpg,train,train,M_00942_png_jpg.rf.18b8f0e4d399e10b60c5055b2973f664.jpg,M_00942_png_jpg.rf.18b8f0e4d399e10b60c5055b2973f664.jpg,2d33037a03cb4dc1bde35b3b55a0500b81c3b742ea35c101ca0bf77cf045cca8,2d33037a03cb4dc1bde35b3b55a0500b81c3b742ea35c101ca0bf77cf045cca8,copied,0,2
6ceb93cdecd07d77,0a17d193c76fc55f_jpg,train,valid,0a17d193c76fc55f_jpg.rf.dd1f1c92e48fbbeb14ee094cfc881ec9.jpg,0a17d193c76fc55f_jpg.rf.dd1f1c92e48fbbeb14ee094cfc881ec9.jpg,5e48512d845546ed1616acd35593eee9841266ada4084a3735da99d8146434db,5e48512d845546ed1616acd35593eee9841266ada4084a3735da99d8146434db,copied,1,
6cf7a9e373fe0bce,smoking_0395_jpg,train,train,smoking_0395_jpg.rf.faf57d6f95697d6d6acd14e4caa59a6a.jpg,smoking_0395_jpg.rf.faf57d6f95697d6d6acd14e4caa59a6a.jpg,55bd18ce9e98dee21f514a17fbf273855b1a5a227e875576ba2f21959e5e6e89,55bd18ce9e98dee21f514a17fbf273855b1a5a227e875576ba2f21959e5e6e89,copied,0,0
6cfa87cc7cd89a15,smoking_1104_jpg,train,test,smoking_1104_jpg.rf.1befa2f6f8bb16b4c4853fec382ddb17.jpg,smoking_1104_jpg.rf.1befa2f6f8bb16b4c4853fec382ddb17.jpg,f80f72898e1d5747347d79082f9047c31990e8c7cad1c3be21b6caa80f63068d,f80f72898e1d5747347d79082f9047c31990e8c7cad1c3be21b6caa80f63068d,copied,0,0
6d1c097f47be3f79,bb0314_jpg,train,train,bb0314_jpg.rf.7cd72ef378e921294f257968914c192d.jpg,bb0314_jpg.rf.7cd72ef378e921294f257968914c192d.jpg,682f43586b87b58aa8a4cdda532c0aa21b7d2443293c3498d76c09c06ea0323e,682f43586b87b58aa8a4cdda532c0aa21b7d2443293c3498d76c09c06ea0323e,copied,0,2
6d3e04d9726a655d,c00036_jpg,train,train,c00036_jpg.rf.0a2fdf406702838b773736a96cf894bc.jpg,c00036_jpg.rf.0a2fdf406702838b773736a96cf894bc.jpg,a20f6b1b0e59f98c4d2c903927c0bc76bd88b73a56a00f9f7d640657133c194e,a20f6b1b0e59f98c4d2c903927c0bc76bd88b73a56a00f9f7d640657133c194e,copied,0,2
6d7ffc48b1301889,000312_jpg,train,train,000312_jpg.rf.497e9a497869c7e47e542fff47842fde.jpg,000312_jpg.rf.497e9a497869c7e47e542fff47842fde.jpg,05d01ac75b56f0e2d203781c276feb811ec4ca094bfc8d7683b09cf779b1be86,05d01ac75b56f0e2d203781c276feb811ec4ca094bfc8d7683b09cf779b1be86,copied,0,2
6d9ff99af071ffa5,IMG_4359_jpg,train,train,IMG_4359_jpg.rf.96fb915f80d42f1cea6755cf6448c08f.jpg,IMG_4359_jpg.rf.96fb915f80d42f1cea6755cf6448c08f.jpg,8a6f32e7f2a6de34c1ee17d28f5fedabf7fe20b0fc364f50f7ff64fed200c0c4,8a6f32e7f2a6de34c1ee17d28f5fedabf7fe20b0fc364f50f7ff64fed200c0c4,copied,0,0
6df4fa558e333ae6,smoking_0544_jpg,train,train,smoking_0544_jpg.rf.5ad70169aeb4aa1ded6766ad79a4ef72.jpg,smoking_0544_jpg.rf.5ad70169aeb4aa1ded6766ad79a4ef72.jpg,a84b819b8c5615f2cb0eca3ecc2705168ba833132d699f6cafea22c17c3430b7,a84b819b8c5615f2cb0eca3ecc2705168ba833132d699f6cafea22c17c3430b7,copied,0,0
6e3dbbafc7573ef8,pexels-photo-5657966_jpeg_jpg,train,train,pexels-photo-5657966_jpeg_jpg.rf.3587b2c024b172b5c163785f3368726f.jpg,pexels-photo-5657966_jpeg_jpg.rf.3587b2c024b172b5c163785f3368726f.jpg,b2486a2881959ae8d9458a7b82ba47a11257ff07a79a8224e9625b0e75e94f38,b2486a2881959ae8d9458a7b82ba47a11257ff07a79a8224e9625b0e75e94f38,copied,0,1
6e404db6e31f080b,smoking_0777_jpg,train,train,smoking_0777_jpg.rf.39e29d561db076d8da8b03a09b104759.jpg,smoking_0777_jpg.rf.39e29d561db076d8da8b03a09b104759.jpg,d1b4a3ace19d5a328b44a686a4d8acf9003ce1c52437821f858adec321c74241,d1b4a3ace19d5a328b44a686a4d8acf9003ce1c52437821f858adec321c74241,copied,0,0
6e408a12df298ca0,IMG_5124,train,train,IMG_5124.JPG,IMG_5124.jpg,fc7298ab2d15ccf3b07d3116cdd5dbdf3e917861254b9fd82e1e759ec19159fe,9807a31d2c601bf1d76dde008e70a7c72c44304be0adb88df5bc126ec2cb16c2,converted_heic_to_jpeg,1,
6ea82c53f9f6d264,ggg076_jpg,valid,train,ggg076_jpg.rf.5d62261180d42a7cb7b32eac66b69c9d.jpg,ggg076_jpg.rf.5d62261180d42a7cb7b32eac66b69c9d.jpg,f753d789b9588b475a133c8ea9ab93855d328a8fea0ebbe6044c8def304f6dea,f753d789b9588b475a133c8ea9ab93855d328a8fea0ebbe6044c8def304f6dea,copied,0,2
6ec9675a0875f4e4,images-79-_jpg,train,train,images-79-_jpg.rf.3ba499c5640fba280fb4e069ed5e2e82.jpg,images-79-_jpg.rf.3ba499c5640fba280fb4e069ed5e2e82.jpg,32db350e8d75c200604d71a85442d8b99151217774000cd29034d3084c83accb,32db350e8d75c200604d71a85442d8b99151217774000cd29034d3084c83accb,copied,0,1
6efaba5b29e6e5d3,IMG_5099,train,train,IMG_5099.JPG,IMG_5099.jpg,1adeac7f128123e78428e4d39866d9e8da1fc7c00e43c71c5cb12919cdb3eaa5,e326f4759c9cc253f1dea4d06fa226dd5e2687db68d99e4bd7e8512e6d1d262a,converted_heic_to_jpeg,1,
6f1215e2ad029627,images-59-_jpg,train,train,images-59-_jpg.rf.9d9edee1f120690ef197e1fb2d8c64cd.jpg,images-59-_jpg.rf.9d9edee1f120690ef197e1fb2d8c64cd.jpg,4105216e85dd9996f604921712d20b3f8d33b8594403a589b71174217b610a75,4105216e85dd9996f604921712d20b3f8d33b8594403a589b71174217b610a75,copied,0,1
6f3bb1361d35d832,IMG_5103,train,train,IMG_5103.JPG,IMG_5103.jpg,49d0440ef885bc123c10a659c8695ff58d2f62063b525ece35ca368f8609fc74,6cb3538429867c412b8571f8c3051157ad0cd4953c5eac735fde47dea52501b9,converted_heic_to_jpeg,1,
6f65509e2b2d8afb,smoking_0760_jpg,train,train,smoking_0760_jpg.rf.50cf52a3ddc87d496f868489991332ec.jpg,smoking_0760_jpg.rf.50cf52a3ddc87d496f868489991332ec.jpg,9145d7dd157523489533286a008893e2db8e53bc097083a5e5ad1baae21d1281,9145d7dd157523489533286a008893e2db8e53bc097083a5e5ad1baae21d1281,copied,0,1
6f9ce8c9c07ac714,smoking_0207_jpg,train,train,smoking_0207_jpg.rf.6c52a9a5380a850c0a9a7ec4733e9eb1.jpg,smoking_0207_jpg.rf.6c52a9a5380a850c0a9a7ec4733e9eb1.jpg,c7a9df27b05bb6c5766f7e7b9004d37e2c3c3fd5c1d36ef7f975c1e55e939d14,c7a9df27b05bb6c5766f7e7b9004d37e2c3c3fd5c1d36ef7f975c1e55e939d14,copied,0,0
701116d6416bf558,IMG_4554_jpg,valid,test,IMG_4554_jpg.rf.72f9949d832c5fd0f7b4e19bdd4bb681.jpg,IMG_4554_jpg.rf.72f9949d832c5fd0f7b4e19bdd4bb681.jpg,db0b25a455ee9ff65565d0906a346e1246078cf76c98e52b009a295147415212,db0b25a455ee9ff65565d0906a346e1246078cf76c98e52b009a295147415212,copied,1,
701cbd2b2be44b2b,images-92-_jpg,valid,test,images-92-_jpg.rf.035f18ffab8412798921f8196bcb9a29.jpg,images-92-_jpg.rf.035f18ffab8412798921f8196bcb9a29.jpg,d6bbef678f5bb78e112e8eb7739cb2456678276781a429fabbc6f18edcc8e40f,d6bbef678f5bb78e112e8eb7739cb2456678276781a429fabbc6f18edcc8e40f,copied,0,1
701e492b31d143d8,smoking_0913_jpg,valid,test,smoking_0913_jpg.rf.9d757976ecf165cba45cc8e655b6ce00.jpg,smoking_0913_jpg.rf.9d757976ecf165cba45cc8e655b6ce00.jpg,349d82b0e8e04de9fd9c258c5338bf97e3b2fae8fbe57ed4e0d9dae32f406f44,349d82b0e8e04de9fd9c258c5338bf97e3b2fae8fbe57ed4e0d9dae32f406f44,copied,0,0
7062a67bf7adae06,smoking_1025_jpg,train,valid,smoking_1025_jpg.rf.fd6096e6da34b491848319b296e1f293.jpg,smoking_1025_jpg.rf.fd6096e6da34b491848319b296e1f293.jpg,c9d1a446fd4bbf94ccbc84fb0a5ee295b0caa006df52f59ff98bca3c30efac2b,c9d1a446fd4bbf94ccbc84fb0a5ee295b0caa006df52f59ff98bca3c30efac2b,copied,0,0
7072ea34ccde896f,1265ba4ef817e293_jpg,train,train,1265ba4ef817e293_jpg.rf.457b48eb732d4f7a21f537b2574d113f.jpg,1265ba4ef817e293_jpg.rf.457b48eb732d4f7a21f537b2574d113f.jpg,144d4c2b099c72de7477cd23151b443f560b7fbc4032f0846562608573e5949b,144d4c2b099c72de7477cd23151b443f560b7fbc4032f0846562608573e5949b,copied,1,
70c2f1b907e116c5,smoking_0730_jpg,train,train,smoking_0730_jpg.rf.63db1774b93d26aa2a7e4c2650136d0a.jpg,smoking_0730_jpg.rf.63db1774b93d26aa2a7e4c2650136d0a.jpg,2525f9a1f5dc9eb8bc9d7844f95eecc94ffc0a566bfd336bb1fc6b4f2b55f99b,2525f9a1f5dc9eb8bc9d7844f95eecc94ffc0a566bfd336bb1fc6b4f2b55f99b,copied,0,0
70e49abfc181e332,4735bae4b9a759b7_jpg,train,train,4735bae4b9a759b7_jpg.rf.81c6592efd4f6b924242168a00204227.jpg,4735bae4b9a759b7_jpg.rf.81c6592efd4f6b924242168a00204227.jpg,e5b5313da9c838a1939490600a50593188cd719db9bf014f4133dfded6615b87,e5b5313da9c838a1939490600a50593188cd719db9bf014f4133dfded6615b87,copied,1,
71425e013aca65dd,smoking_0620_jpg,train,test,smoking_0620_jpg.rf.955a6089e2f9248cbbc3f82cf093dd37.jpg,smoking_0620_jpg.rf.955a6089e2f9248cbbc3f82cf093dd37.jpg,38d4540f605f4e717a12e87c4f29c4685f7adb98fd7e7247750948a89c61caca,38d4540f605f4e717a12e87c4f29c4685f7adb98fd7e7247750948a89c61caca,copied,0,0
718bedc622ff5ace,smoking_0528_jpg,valid,train,smoking_0528_jpg.rf.5d78c679d320a51ae173b07bed3d3af0.jpg,smoking_0528_jpg.rf.5d78c679d320a51ae173b07bed3d3af0.jpg,c09f8072c4d0dbe88c5d8c9011b3943bcb88a040781f8ab9f11d829c9fb1957b,c09f8072c4d0dbe88c5d8c9011b3943bcb88a040781f8ab9f11d829c9fb1957b,copied,0,0
718fa5f77955ce0f,000007_jpg,train,train,000007_jpg.rf.0df5b59283cd4d5079a443671cdf7c17.jpg,000007_jpg.rf.0df5b59283cd4d5079a443671cdf7c17.jpg,cd6e06d66fc2d9294dbc5b80082fe2a22c8b4be3ce2cc882f7b47a087988bbea,cd6e06d66fc2d9294dbc5b80082fe2a22c8b4be3ce2cc882f7b47a087988bbea,copied,0,2
71ab1a66d60b17fb,IMG_4424_jpg,valid,train,IMG_4424_jpg.rf.a93bf1e2d958cd749803947d75abad95.jpg,IMG_4424_jpg.rf.a93bf1e2d958cd749803947d75abad95.jpg,e35d1c3752c3de40e7b73f0ec2851383d9a2ad523c5aa5c62392c34e707f5640,e35d1c3752c3de40e7b73f0ec2851383d9a2ad523c5aa5c62392c34e707f5640,copied,0,0
71b4978cb1f483ef,000072_jpg,test,train,000072_jpg.rf.9e9f09aacd782862b94f5d9acd795052.jpg,000072_jpg.rf.9e9f09aacd782862b94f5d9acd795052.jpg,f21171d7759cee0c8ec12be623c3df768dfb0cd017bc6636864fa3cba461c994,f21171d7759cee0c8ec12be623c3df768dfb0cd017bc6636864fa3cba461c994,copied,0,2
71f611c7e5d480b2,smoking_0200_jpg,train,train,smoking_0200_jpg.rf.0159ac542feb613072aa612b354ebe14.jpg,smoking_0200_jpg.rf.0159ac542feb613072aa612b354ebe14.jpg,9d1e61fd40c972f35c7c4a1d526991c75f6f2f14c828e511a7f12816a38d359f,9d1e61fd40c972f35c7c4a1d526991c75f6f2f14c828e511a7f12816a38d359f,copied,0,0
7237ca51e7f620f2,WIN_20220507_21_27_56_Pro_jpg,train,train,WIN_20220507_21_27_56_Pro_jpg.rf.bbf1f931e5a41d45057f7456907a86c0.jpg,WIN_20220507_21_27_56_Pro_jpg.rf.bbf1f931e5a41d45057f7456907a86c0.jpg,c8929ffd5675ee56c51c14816caa0658026a68fe69ffd4ebe5f0da003fd4d43b,c8929ffd5675ee56c51c14816caa0658026a68fe69ffd4ebe5f0da003fd4d43b,copied,0,1
726da65d1793fe4e,smoking_0379_jpg,valid,train,smoking_0379_jpg.rf.73aa33a34e645927b83ff703d52eceb3.jpg,smoking_0379_jpg.rf.73aa33a34e645927b83ff703d52eceb3.jpg,52b3e750dc752a3f378d9ed86d07892404025872a3b91abf6fea5018d0f7564c,52b3e750dc752a3f378d9ed86d07892404025872a3b91abf6fea5018d0f7564c,copied,0,0
726ff8b86ea723ae,smoking_0753_jpg,valid,test,smoking_0753_jpg.rf.afb581d2bc5ff61c2d0056193624a1cb.jpg,smoking_0753_jpg.rf.afb581d2bc5ff61c2d0056193624a1cb.jpg,8ba968a071f81d51da6e873327b7978216898efc6f97bef89c3825d4871da0c2,8ba968a071f81d51da6e873327b7978216898efc6f97bef89c3825d4871da0c2,copied,0,0
72cb8ca4b267fc08,smoking_0513_jpg,train,train,smoking_0513_jpg.rf.b5c7c12462accd2f9a548f56ac505cb6.jpg,smoking_0513_jpg.rf.b5c7c12462accd2f9a548f56ac505cb6.jpg,ba3b1197807eee359e44432e2f9f08d38b01000f63d7ec5c4aee25325f207679,ba3b1197807eee359e44432e2f9f08d38b01000f63d7ec5c4aee25325f207679,copied,0,0
72cda1e57eb2f90c,gg0072_jpg,test,valid,gg0072_jpg.rf.2fcbe2b967a02998891be9744a023d74.jpg,gg0072_jpg.rf.2fcbe2b967a02998891be9744a023d74.jpg,c139eb2616da3c707194a1da5f573611e924d2fdef45b2842643475d9dd28c45,c139eb2616da3c707194a1da5f573611e924d2fdef45b2842643475d9dd28c45,copied,0,2
72d2ce6f9abe135f,smoking_0767_jpg,valid,train,smoking_0767_jpg.rf.4d8c677cc3ff6deea406f7605e788706.jpg,smoking_0767_jpg.rf.4d8c677cc3ff6deea406f7605e788706.jpg,6f6ec9d85d5741e0d335ee1a91d925472b00fbb3ecbc97806e698f55be643a05,6f6ec9d85d5741e0d335ee1a91d925472b00fbb3ecbc97806e698f55be643a05,copied,0,0
730283b2298134c9,smoking_0994_jpg,test,train,smoking_0994_jpg.rf.59bebd2a1c6a894b7d7995e8d2e3fd54.jpg,smoking_0994_jpg.rf.59bebd2a1c6a894b7d7995e8d2e3fd54.jpg,464a9a4bd026aa31d7ca38efa34e233050feb4fcd47e445c55f4c3e5b2a1b126,464a9a4bd026aa31d7ca38efa34e233050feb4fcd47e445c55f4c3e5b2a1b126,copied,0,0
732a7505b6c1aeb6,WIN_20220329_21_28_55_Pro_jpg,train,train,WIN_20220329_21_28_55_Pro_jpg.rf.ab050cff07aeb12ae69a3a5906462e96.jpg,WIN_20220329_21_28_55_Pro_jpg.rf.ab050cff07aeb12ae69a3a5906462e96.jpg,1a55ecc04a053ffeea170f0fee6df77137872d601c7679e9f9084fc50cbce75b,1a55ecc04a053ffeea170f0fee6df77137872d601c7679e9f9084fc50cbce75b,copied,0,1
73c1d137580ada30,006afe56d09e8a25_jpg,train,train,006afe56d09e8a25_jpg.rf.793457e5a6b935772caa0b26a0c88a07.jpg,006afe56d09e8a25_jpg.rf.793457e5a6b935772caa0b26a0c88a07.jpg,eb0dcc133904a6cda215381f3aca16514577115c91630243fc91f6e87914dc9d,eb0dcc133904a6cda215381f3aca16514577115c91630243fc91f6e87914dc9d,copied,1,
744d108a82442aab,images-93-_jpg,train,train,images-93-_jpg.rf.76fb5827de3f388b3bd26c7d67897788.jpg,images-93-_jpg.rf.76fb5827de3f388b3bd26c7d67897788.jpg,4995200325633a2fb6dc4e44b9de6e941346f627554d8cf0aa49562f2c2628e6,4995200325633a2fb6dc4e44b9de6e941346f627554d8cf0aa49562f2c2628e6,copied,0,1
749642952bf56479,3c400093f46c5822_jpg,train,test,3c400093f46c5822_jpg.rf.cb029f0db3369b5f70f4d2d57e94178e.jpg,3c400093f46c5822_jpg.rf.cb029f0db3369b5f70f4d2d57e94178e.jpg,f0cdf996458c357d2de323a92e56b3cab12affbca69f44f8d5a5002e9cd5120b,f0cdf996458c357d2de323a92e56b3cab12affbca69f44f8d5a5002e9cd5120b,copied,1,
74a75276891ed46d,IMG_4417_jpg,valid,train,IMG_4417_jpg.rf.6ea77c7e3776de92a1430ce4d86a65fd.jpg,IMG_4417_jpg.rf.6ea77c7e3776de92a1430ce4d86a65fd.jpg,38e1df0af12113750ec306599046045378c9daa0900bd47e995baba65bbbfe50,38e1df0af12113750ec306599046045378c9daa0900bd47e995baba65bbbfe50,copied,0,0
74a7f0d231d758e9,smoking_0515_jpg,train,train,smoking_0515_jpg.rf.f8cb5281115d1b7195448d7d11cc8605.jpg,smoking_0515_jpg.rf.f8cb5281115d1b7195448d7d11cc8605.jpg,ea7539e63d11c6a00f83a33dc8759b64ee956c9a2b194867b9ffd622b72f2f83,ea7539e63d11c6a00f83a33dc8759b64ee956c9a2b194867b9ffd622b72f2f83,copied,0,1
74aff0e0f8798841,1697099983360_JPEG_jpg,train,train,1697099983360_JPEG_jpg.rf.7242026fd0ceb006bb3be3421a3d2495.jpg,1697099983360_JPEG_jpg.rf.7242026fd0ceb006bb3be3421a3d2495.jpg,5ed00513788223d0be149b4d110b18738c7629cff990c8410bfd1acc9989b5e2,5ed00513788223d0be149b4d110b18738c7629cff990c8410bfd1acc9989b5e2,copied,0,0
74f303da8cf94f42,bb0149_jpg,train,train,bb0149_jpg.rf.3a706e559ff8cea8225c8bf21fb64d32.jpg,bb0149_jpg.rf.3a706e559ff8cea8225c8bf21fb64d32.jpg,52b248bc95cce0785505e0ce0dbbcbd2040e9b4b3faa9e658024bc3144836c7b,52b248bc95cce0785505e0ce0dbbcbd2040e9b4b3faa9e658024bc3144836c7b,copied,0,2
74f3e27d6a7c4b4b,2746d681e73c3f9b_jpg,train,test,2746d681e73c3f9b_jpg.rf.1d2fa69a8a150cbabdbf8faf950a4c51.jpg,2746d681e73c3f9b_jpg.rf.1d2fa69a8a150cbabdbf8faf950a4c51.jpg,169e80999fbc930b15fecaae534433a829857eb240aecb45947da812b46fd370,169e80999fbc930b15fecaae534433a829857eb240aecb45947da812b46fd370,copied,1,
752ab94e4d48cbd8,smoking_0775_jpg,train,train,smoking_0775_jpg.rf.fc4894549ff28e6399d0ac5b29df7c08.jpg,smoking_0775_jpg.rf.fc4894549ff28e6399d0ac5b29df7c08.jpg,0692ce33d32f518bad7582f862a824875f2f969f4992acb7c37fa457f10ae226,0692ce33d32f518bad7582f862a824875f2f969f4992acb7c37fa457f10ae226,copied,0,1
75c8d7d7176b4a9b,a00058-0_jpg,train,train,a00058-0_jpg.rf.0381f29dbb11b2dd53b790394f4126e9.jpg,a00058-0_jpg.rf.0381f29dbb11b2dd53b790394f4126e9.jpg,b9bb69fa159dec96abcca0df50d241a2b630af7d75e424aa48634add30d06f38,b9bb69fa159dec96abcca0df50d241a2b630af7d75e424aa48634add30d06f38,copied,0,2
76385b1c4faf55f2,IMG_5105,train,train,IMG_5105.JPG,IMG_5105.jpg,1a840d3d97c16cd6eff3215c1d17e6004d220ce896292df8e062529f14254323,c77f0f0bfdfdffa9d2d3c35b596111970e51dac6e2374eda73667f31605a2189,converted_heic_to_jpeg,1,
7696f2a906d0bcf1,WIN_20220507_21_29_03_Pro_jpg,train,train,WIN_20220507_21_29_03_Pro_jpg.rf.4a3ad7fc785b31ec33b292ad5ff70eb8.jpg,WIN_20220507_21_29_03_Pro_jpg.rf.4a3ad7fc785b31ec33b292ad5ff70eb8.jpg,1a396526a203b44b9835c2f0861ff356879518d1c752298d43d0c2e2b0f430f8,1a396526a203b44b9835c2f0861ff356879518d1c752298d43d0c2e2b0f430f8,copied,0,1
76b4a1f5a1f21229,0daa0862f572499f_jpg,valid,test,0daa0862f572499f_jpg.rf.9bd167badff7802c9d300aca4662375c.jpg,0daa0862f572499f_jpg.rf.9bd167badff7802c9d300aca4662375c.jpg,d665e92b50ac30a7ad2ef272312f84dbe2f58c47bee3bc5a6a7512a46cc67ce9,d665e92b50ac30a7ad2ef272312f84dbe2f58c47bee3bc5a6a7512a46cc67ce9,copied,1,
76bc2b56067bba53,images_jpeg_jpg,train,train,images_jpeg_jpg.rf.4ccc83f0668c0ba0da5089f67c292f4b.jpg,images_jpeg_jpg.rf.4ccc83f0668c0ba0da5089f67c292f4b.jpg,88d5063b82f703d67cb0af24b173254ba6275fed2f3a8a3d9806d34de4f04cc8,88d5063b82f703d67cb0af24b173254ba6275fed2f3a8a3d9806d34de4f04cc8,copied,0,1
76f5daf123c6131f,a00111-0_jpg,train,train,a00111-0_jpg.rf.2dd066bde1bdd7ec41c1fc38f40862b4.jpg,a00111-0_jpg.rf.2dd066bde1bdd7ec41c1fc38f40862b4.jpg,6c8bda981b0135b32abbbe1839fc100f692a4f5e503a6daebfeca34096793a29,6c8bda981b0135b32abbbe1839fc100f692a4f5e503a6daebfeca34096793a29,copied,0,2
7702e287da3dc038,IMG_4387_jpg,valid,test,IMG_4387_jpg.rf.d59baba4b29f57262c7ed069bc313639.jpg,IMG_4387_jpg.rf.d59baba4b29f57262c7ed069bc313639.jpg,07e242f62b9549f1854e5ad091ca01597fd257c4037dc4f1b4ccb1945b216f21,07e242f62b9549f1854e5ad091ca01597fd257c4037dc4f1b4ccb1945b216f21,copied,0,0
7714de7888977bba,000321_jpg,test,test,000321_jpg.rf.b8ec263db7c0306804740309279779bc.jpg,000321_jpg.rf.b8ec263db7c0306804740309279779bc.jpg,d2bbbcdcda07e3e8dee21e37cc6477216714cf11a43bb3b3a8074834ca73f92b,d2bbbcdcda07e3e8dee21e37cc6477216714cf11a43bb3b3a8074834ca73f92b,copied,0,2
7763947e03640a1a,smoking_0768_jpg,train,train,smoking_0768_jpg.rf.51b567345890899f26d8b93d163db3b7.jpg,smoking_0768_jpg.rf.51b567345890899f26d8b93d163db3b7.jpg,88086f4e79dfcb762b25483244234bf0992b78e1931b64b2ae32dbe10bc753e7,88086f4e79dfcb762b25483244234bf0992b78e1931b64b2ae32dbe10bc753e7,copied,0,0
779549d28e1d75bc,1697099897711_JPEG_jpg,train,train,1697099897711_JPEG_jpg.rf.0d4c046a554b40d286e7abb3e30fa3f0.jpg,1697099897711_JPEG_jpg.rf.0d4c046a554b40d286e7abb3e30fa3f0.jpg,ebaafefb00790f6fc2bd51db3e324b87a99df9759d261384734ba472cb051063,ebaafefb00790f6fc2bd51db3e324b87a99df9759d261384734ba472cb051063,copied,0,0
77b7c5a3de5ffe39,images-48-_jpg,valid,train,images-48-_jpg.rf.f288abf3e3d5ca3a6d43e1d2e453ea6b.jpg,images-48-_jpg.rf.f288abf3e3d5ca3a6d43e1d2e453ea6b.jpg,e5fc5d5e55ae2f8d1afd2013da7dc599b26c767ce7e31da5a2fd4a26c9f4fa4a,e5fc5d5e55ae2f8d1afd2013da7dc599b26c767ce7e31da5a2fd4a26c9f4fa4a,copied,0,1
77c84f6440e20d98,WIN_20220329_21_29_31_Pro_jpg,train,train,WIN_20220329_21_29_31_Pro_jpg.rf.8a304e77576b80005bb200a51c7de5d0.jpg,WIN_20220329_21_29_31_Pro_jpg.rf.8a304e77576b80005bb200a51c7de5d0.jpg,eb3842f698a6eb00736e40bf12433df2a907471c46d4bccc2f99626a82dcd2c9,eb3842f698a6eb00736e40bf12433df2a907471c46d4bccc2f99626a82dcd2c9,copied,0,1
77cc7f21d5e6e155,smoking_0893_jpg,train,train,smoking_0893_jpg.rf.ce785c4b1a6384c37cf6f67f5ab5e3f4.jpg,smoking_0893_jpg.rf.ce785c4b1a6384c37cf6f67f5ab5e3f4.jpg,7b8945ee01db79068fae0ebdbce7305215bf98aaca01750b626b859e531a3d0d,7b8945ee01db79068fae0ebdbce7305215bf98aaca01750b626b859e531a3d0d,copied,0,0
77f2fe1bc4491460,smoking_0720_jpg,train,train,smoking_0720_jpg.rf.3933f252d96f320198d26f73c77d5a6d.jpg,smoking_0720_jpg.rf.3933f252d96f320198d26f73c77d5a6d.jpg,697c190b16de0b2c6a35d6da77eace52f59f8e7583d39b6a309756cf198aea47,697c190b16de0b2c6a35d6da77eace52f59f8e7583d39b6a309756cf198aea47,copied,0,1
780686f07d0c7159,smoking_0887_jpg,train,test,smoking_0887_jpg.rf.0837657bdd63355a73b4059bbd1c76fc.jpg,smoking_0887_jpg.rf.0837657bdd63355a73b4059bbd1c76fc.jpg,36e3740b8b07da2f95526fdeee0580095047c1013022acc3ee1d527d5e6c45a4,36e3740b8b07da2f95526fdeee0580095047c1013022acc3ee1d527d5e6c45a4,copied,0,0
78355281f3f49cdc,bb0087_jpg,train,train,bb0087_jpg.rf.3759625748cfefde6701c03deb130e43.jpg,bb0087_jpg.rf.3759625748cfefde6701c03deb130e43.jpg,d44121dd5629b671a1d4a0b372a4aa8fb70f579e6815b51219aaecd5d3e65f63,d44121dd5629b671a1d4a0b372a4aa8fb70f579e6815b51219aaecd5d3e65f63,copied,0,2
7839e8c93514ffca,bb0576_jpg,train,train,bb0576_jpg.rf.3f58242eb434f7ed765c869d6671f709.jpg,bb0576_jpg.rf.3f58242eb434f7ed765c869d6671f709.jpg,03761ae93436fb02f4a4135c910b0105dd0588fbc5cc021764ed72995b8a695b,03761ae93436fb02f4a4135c910b0105dd0588fbc5cc021764ed72995b8a695b,copied,0,2
78592a7c9a62a82f,bb0662_jpg,train,train,bb0662_jpg.rf.125450fed07c61a5c785baa666e92ee7.jpg,bb0662_jpg.rf.125450fed07c61a5c785baa666e92ee7.jpg,82a9ac79b7925371e9335e3134aa6a741a25654bb9b5f6f609be845386f4627c,82a9ac79b7925371e9335e3134aa6a741a25654bb9b5f6f609be845386f4627c,copied,0,2
7869be2537d5d8b3,smoking_0127_jpg,train,train,smoking_0127_jpg.rf.69dbd7f7685a1f7bcc3b289ef4dbc0ca.jpg,smoking_0127_jpg.rf.69dbd7f7685a1f7bcc3b289ef4dbc0ca.jpg,4c62b3c7027c7abc86a882efe5a96b73f9f7b8fff63110831703faca8098410d,4c62b3c7027c7abc86a882efe5a96b73f9f7b8fff63110831703faca8098410d,copied,0,0
787b98a8a7ddaf1a,c00455_png_jpg,test,test,c00455_png_jpg.rf.5f7c7dd98df1c52d3fedbe73d17d0428.jpg,c00455_png_jpg.rf.5f7c7dd98df1c52d3fedbe73d17d0428.jpg,4b5dffe571002da9de1ee51cf9ed3627d4c70e1f92881d42ab2504543f30c320,4b5dffe571002da9de1ee51cf9ed3627d4c70e1f92881d42ab2504543f30c320,copied,0,2
789dc3a7cc093ea7,smoking_0677_jpg,train,train,smoking_0677_jpg.rf.4b36770ff6e48e4b50d14a64bee90425.jpg,smoking_0677_jpg.rf.4b36770ff6e48e4b50d14a64bee90425.jpg,0548e2b081860744bb33a67f46ea87ef7a77e42884cc195856516aef65617f90,0548e2b081860744bb33a67f46ea87ef7a77e42884cc195856516aef65617f90,copied,0,0
78ca989933c58f6e,images-18-_jpeg_jpg,train,train,images-18-_jpeg_jpg.rf.38fb2e2a0e02048754445e52488fc114.jpg,images-18-_jpeg_jpg.rf.38fb2e2a0e02048754445e52488fc114.jpg,20f0afff9497c500d41ea73bdc8c2c9b3272dcb74b89dce577a210677e57ccb6,20f0afff9497c500d41ea73bdc8c2c9b3272dcb74b89dce577a210677e57ccb6,copied,0,1
7953a60cd972fc58,01b54fd9748c7d49_jpg,train,valid,01b54fd9748c7d49_jpg.rf.efc1c25d7332aae5c0c13f87242b7c32.jpg,01b54fd9748c7d49_jpg.rf.efc1c25d7332aae5c0c13f87242b7c32.jpg,a04ce2e00d50e7511a45552e4ac81bf686c89e290eaae1864dbf1365f96505f5,a04ce2e00d50e7511a45552e4ac81bf686c89e290eaae1864dbf1365f96505f5,copied,1,
7964d3e072b0796f,000030_jpg,train,train,000030_jpg.rf.06eef3349171772fdc5b6a24980d738b.jpg,000030_jpg.rf.06eef3349171772fdc5b6a24980d738b.jpg,a6437fe1f71cef0d8c58093322b1ff30d74affb867f52081d6482587cbdb75e3,a6437fe1f71cef0d8c58093322b1ff30d74affb867f52081d6482587cbdb75e3,copied,0,2
7981aebd0babc813,images-21-_jpeg_jpg,train,train,images-21-_jpeg_jpg.rf.9d567b0ddddd0b59e0515cccff306cf2.jpg,images-21-_jpeg_jpg.rf.9d567b0ddddd0b59e0515cccff306cf2.jpg,58530428fe3be6c0468b1e11ef8ccec772daba9170e156de42ac74c5ea026502,58530428fe3be6c0468b1e11ef8ccec772daba9170e156de42ac74c5ea026502,copied,0,1
79bcc30d559245d3,smoking_0825_jpg,train,train,smoking_0825_jpg.rf.41ed3038a16c868c8b74768557eb213c.jpg,smoking_0825_jpg.rf.41ed3038a16c868c8b74768557eb213c.jpg,164d4bc42366874305fd35be583a2eb8b7d622238e9563d405bc70e5f4f2d8ed,164d4bc42366874305fd35be583a2eb8b7d622238e9563d405bc70e5f4f2d8ed,copied,0,0
79bd8b3bb69b50f8,smoking_0235_jpg,train,valid,smoking_0235_jpg.rf.6f4a26686105228f8e301b2c364ca129.jpg,smoking_0235_jpg.rf.6f4a26686105228f8e301b2c364ca129.jpg,447fac0667de3ff23b4b22af47ead51dfb0e520f0522442a1c61b7a813e7dcd9,447fac0667de3ff23b4b22af47ead51dfb0e520f0522442a1c61b7a813e7dcd9,copied,0,0
79feae5b0a0ce758,bb0625_jpg,valid,train,bb0625_jpg.rf.cd0366839816585d9f7fbe4b204c7aaa.jpg,bb0625_jpg.rf.cd0366839816585d9f7fbe4b204c7aaa.jpg,969036cc7f31f5976b0498135c52849e5919468c986dfa3154abae5ea289a8d4,969036cc7f31f5976b0498135c52849e5919468c986dfa3154abae5ea289a8d4,copied,0,2
7a01340f94b6cadd,WIN_20220507_21_29_01_Pro_jpg,train,train,WIN_20220507_21_29_01_Pro_jpg.rf.4c16ae69835bdfb9b3319a8844dbe0a6.jpg,WIN_20220507_21_29_01_Pro_jpg.rf.4c16ae69835bdfb9b3319a8844dbe0a6.jpg,e29663723966f60092978ed99648f774261cf227ecbaa403cec17324977f2cf5,e29663723966f60092978ed99648f774261cf227ecbaa403cec17324977f2cf5,copied,0,1
7a19b6c2c1b0cadc,smoking_0077_jpg,train,train,smoking_0077_jpg.rf.ebbc2e0a8e8345f9ecf725f869a23e55.jpg,smoking_0077_jpg.rf.ebbc2e0a8e8345f9ecf725f869a23e55.jpg,50334b5d922d2d924ebcfc02fe7b8284d8977e8da09aac205bd47bac74fd32ad,50334b5d922d2d924ebcfc02fe7b8284d8977e8da09aac205bd47bac74fd32ad,copied,0,1
7a42c1e4417016e3,13d1450b580377e8_jpg,valid,train,13d1450b580377e8_jpg.rf.b71208188393223a567be4055fcfd59f.jpg,13d1450b580377e8_jpg.rf.b71208188393223a567be4055fcfd59f.jpg,7daacd96c14a4d159196cac1f4db2f0cd6bad6ff2aafb627f98b25b44410f1c5,7daacd96c14a4d159196cac1f4db2f0cd6bad6ff2aafb627f98b25b44410f1c5,copied,1,
7a8c700de57f934b,bb0190_jpg,train,train,bb0190_jpg.rf.546fcb79dc21a72fd1b5a471974275a2.jpg,bb0190_jpg.rf.546fcb79dc21a72fd1b5a471974275a2.jpg,af21494824da0284988800aa9aa68393f3ccc78da7ee4578c1162420924751e5,af21494824da0284988800aa9aa68393f3ccc78da7ee4578c1162420924751e5,copied,0,2
7a9336dcfd03a210,bb0551_jpg,train,train,bb0551_jpg.rf.7fa5fea9e11bd6b633a4d161f89a18e2.jpg,bb0551_jpg.rf.7fa5fea9e11bd6b633a4d161f89a18e2.jpg,844920bdd437e9c0da8f095f6406bce512d3aec23fe0d66e47be4efbfbafc7f3,844920bdd437e9c0da8f095f6406bce512d3aec23fe0d66e47be4efbfbafc7f3,copied,0,2
7a98ac3c8ba51998,087fd0a0a5dfd058_jpg,valid,test,087fd0a0a5dfd058_jpg.rf.2998aaa3dda41b86d87883a822324831.jpg,087fd0a0a5dfd058_jpg.rf.2998aaa3dda41b86d87883a822324831.jpg,6cef2003a8d8d89afe44b5bfeb03103457436b69fb6dc29fed5060584d981c94,6cef2003a8d8d89afe44b5bfeb03103457436b69fb6dc29fed5060584d981c94,copied,1,
7aa66ce788673c83,IMG_4351_jpg,train,valid,IMG_4351_jpg.rf.331e2260d3be23c4f0618040b80998c3.jpg,IMG_4351_jpg.rf.331e2260d3be23c4f0618040b80998c3.jpg,68f7666207d273ee8d7ea0477352cdb906b4534a9d9a8bbffcf1f6bac6b76850,68f7666207d273ee8d7ea0477352cdb906b4534a9d9a8bbffcf1f6bac6b76850,copied,0,0
7aed343a2e8c0a3b,smoking_0233_jpg,train,train,smoking_0233_jpg.rf.cbce9d33d8d346df1b88af48d003e058.jpg,smoking_0233_jpg.rf.cbce9d33d8d346df1b88af48d003e058.jpg,8631b2c56bc4a3481df35b6686ea50c4484e74dc94df541cf8e6ba391fcd3337,8631b2c56bc4a3481df35b6686ea50c4484e74dc94df541cf8e6ba391fcd3337,copied,0,0
7b1df98ce6ec49b9,WIN_20220507_23_10_47_Pro_jpg,valid,train,WIN_20220507_23_10_47_Pro_jpg.rf.2efa9ca90ec26922aeb615b60e7e7d01.jpg,WIN_20220507_23_10_47_Pro_jpg.rf.2efa9ca90ec26922aeb615b60e7e7d01.jpg,f5afb0a1452d8381d2f4279c48ecc64c4f1dcf1c96ac0575459eba2d7c06c553,f5afb0a1452d8381d2f4279c48ecc64c4f1dcf1c96ac0575459eba2d7c06c553,copied,0,1
7b516f8017cc255e,images-99-_jpg,train,train,images-99-_jpg.rf.f075319b33c7e4f086b573de23ad1a26.jpg,images-99-_jpg.rf.f075319b33c7e4f086b573de23ad1a26.jpg,c34de5d3d36302a730e76a3ced04bc5f09a4cb173c43e2b7eed2fa4e0d302777,c34de5d3d36302a730e76a3ced04bc5f09a4cb173c43e2b7eed2fa4e0d302777,copied,0,1
7b8276d318a5e3a7,gg0148_jpg,train,train,gg0148_jpg.rf.31f5465256693cc92fca2c90d8dd15c3.jpg,gg0148_jpg.rf.31f5465256693cc92fca2c90d8dd15c3.jpg,3ea40932702b112c51b1ce671a5782c1a7eaf3728da5d8953b8ebb3e61971b30,3ea40932702b112c51b1ce671a5782c1a7eaf3728da5d8953b8ebb3e61971b30,copied,0,2
7bb18e66e8c0a06e,bb0680_jpg,train,train,bb0680_jpg.rf.0c1217585813476e1f55c56b92ef1c00.jpg,bb0680_jpg.rf.0c1217585813476e1f55c56b92ef1c00.jpg,092da8f272587b96e3bc70acacc12f402dc2b67b01dc7603630a0b1e489c5cf4,092da8f272587b96e3bc70acacc12f402dc2b67b01dc7603630a0b1e489c5cf4,copied,0,2
7be2cef44c324569,1697095309751_JPEG_jpg,train,train,1697095309751_JPEG_jpg.rf.fef97ae9e7c1149724b862d8b241de90.jpg,1697095309751_JPEG_jpg.rf.fef97ae9e7c1149724b862d8b241de90.jpg,bec6613b81d7c5130310118b03178125ac5cae40b03ae313f3d4c3c1bf9fe082,bec6613b81d7c5130310118b03178125ac5cae40b03ae313f3d4c3c1bf9fe082,copied,0,0
7c4919e6cbc69980,M_00949_png_jpg,train,train,M_00949_png_jpg.rf.0f4101b2b9e39e8394c4912232cf92e9.jpg,M_00949_png_jpg.rf.0f4101b2b9e39e8394c4912232cf92e9.jpg,eb4fd328acf7e27774c9c5194784f8d37de37cab04090dcc9c06456a08d8e6b2,eb4fd328acf7e27774c9c5194784f8d37de37cab04090dcc9c06456a08d8e6b2,copied,0,2
7c81e48d46c806f7,WIN_20220507_21_29_05_Pro_jpg,test,test,WIN_20220507_21_29_05_Pro_jpg.rf.2240c15dc1bfa0dc12af4599560b8c3c.jpg,WIN_20220507_21_29_05_Pro_jpg.rf.2240c15dc1bfa0dc12af4599560b8c3c.jpg,d2a66a0c5811cf69ccd5cce37be8b682fbe5a0d63fdc05c611c9da72ed54da42,d2a66a0c5811cf69ccd5cce37be8b682fbe5a0d63fdc05c611c9da72ed54da42,copied,0,1
7ca9970eac5479bf,186db20246a6f03a_jpg,train,train,186db20246a6f03a_jpg.rf.bce08529169847fa11550845e6b608a5.jpg,186db20246a6f03a_jpg.rf.bce08529169847fa11550845e6b608a5.jpg,81f823fc34d5f7b45496b2a41bcf0a57404cfdd6b247f9d43df4ed7fc0c4d897,81f823fc34d5f7b45496b2a41bcf0a57404cfdd6b247f9d43df4ed7fc0c4d897,copied,1,
7cc738fdab170ed5,074d33404e4e35f8_jpg,train,train,074d33404e4e35f8_jpg.rf.1347b94b683f061e5e23e7a5f275e7af.jpg,074d33404e4e35f8_jpg.rf.1347b94b683f061e5e23e7a5f275e7af.jpg,c3f839aab23dbd7766294b512585e46d04a6f0a4eeed7e7f131b334d15a8ac39,c3f839aab23dbd7766294b512585e46d04a6f0a4eeed7e7f131b334d15a8ac39,copied,1,
7cce46290a218606,1eb2f731b8e9652a_jpg,valid,train,1eb2f731b8e9652a_jpg.rf.8f61d79ef9d63616a47c2e1f21908273.jpg,1eb2f731b8e9652a_jpg.rf.8f61d79ef9d63616a47c2e1f21908273.jpg,eef5f6b47274dff12b9977e9612fe27460bccc62a5e257392b55d0d218b2ee14,eef5f6b47274dff12b9977e9612fe27460bccc62a5e257392b55d0d218b2ee14,copied,1,
7cd162feef46dd6f,000239_jpg,train,train,000239_jpg.rf.39c82f74f7f0d6634105896a4c31d489.jpg,000239_jpg.rf.39c82f74f7f0d6634105896a4c31d489.jpg,b43ca3b4a810a8b15d71a4d6e82c21aca318f2cc59cf8ed15667304474f6f376,b43ca3b4a810a8b15d71a4d6e82c21aca318f2cc59cf8ed15667304474f6f376,copied,0,2
7cebd8f0625e594e,smoking_0312_jpg,train,train,smoking_0312_jpg.rf.4c915bb44ecf8fbadd2657200023b5ac.jpg,smoking_0312_jpg.rf.4c915bb44ecf8fbadd2657200023b5ac.jpg,d605bf048a550b182573cd5c3a13ae94b09eab0b7d517f3de64d01f02469018f,d605bf048a550b182573cd5c3a13ae94b09eab0b7d517f3de64d01f02469018f,copied,0,0
7d4256bf99d73e3a,IMG_4401_jpg,valid,train,IMG_4401_jpg.rf.1faae9adfaab3b84dbcc46ead145715b.jpg,IMG_4401_jpg.rf.1faae9adfaab3b84dbcc46ead145715b.jpg,6d6cde42671204b7915610512098d953ab5bfd4e9205d09f338d025edb0b940b,6d6cde42671204b7915610512098d953ab5bfd4e9205d09f338d025edb0b940b,copied,0,0
7d4b791f5c517ab4,ggg008_jpg,train,train,ggg008_jpg.rf.00d814581bab5127e4a73492ab653787.jpg,ggg008_jpg.rf.00d814581bab5127e4a73492ab653787.jpg,c9f61d99f3f0257124e3bebd61872077f5696c69ee5f74c7ca26faf3438498d6,c9f61d99f3f0257124e3bebd61872077f5696c69ee5f74c7ca26faf3438498d6,copied,0,2
7d785890d0037d06,smoking_0322_jpg,train,train,smoking_0322_jpg.rf.561ee565f4113cf80af2cd09936b1d15.jpg,smoking_0322_jpg.rf.561ee565f4113cf80af2cd09936b1d15.jpg,2d6bc1909dfa794dd9f524d3f8b7ea3cec84c98280c27118039add7c14072259,2d6bc1909dfa794dd9f524d3f8b7ea3cec84c98280c27118039add7c14072259,copied,0,0
7db9f9950b3fe254,smoking_0977_jpg,train,train,smoking_0977_jpg.rf.d3a3174e6757bc9fc29aaa1fca99018d.jpg,smoking_0977_jpg.rf.d3a3174e6757bc9fc29aaa1fca99018d.jpg,4c17e44dea9e45022e4de45f1b54f3e909ced6d2835dcfc7a26fb92ae3c3631b,4c17e44dea9e45022e4de45f1b54f3e909ced6d2835dcfc7a26fb92ae3c3631b,copied,0,0
7def71feceb56cbb,c00001_jpg,train,train,c00001_jpg.rf.133d5b9741fbb1d429d732a406502fc7.jpg,c00001_jpg.rf.133d5b9741fbb1d429d732a406502fc7.jpg,6b6059aa3fe2e0afea2f753a9dfc6b7e450510e88d099d2473a1ff5a24e7516b,6b6059aa3fe2e0afea2f753a9dfc6b7e450510e88d099d2473a1ff5a24e7516b,copied,0,2
7deffb72e7c968be,smoking_0351_jpg,train,train,smoking_0351_jpg.rf.4f89dc55a2117ff4573cfd5a8ae72cb8.jpg,smoking_0351_jpg.rf.4f89dc55a2117ff4573cfd5a8ae72cb8.jpg,8c4ec2396e91c841934900e01b33360d1aa13102d4ed25a6c94118d89fbf2e84,8c4ec2396e91c841934900e01b33360d1aa13102d4ed25a6c94118d89fbf2e84,copied,0,0
7e29e30cd266b965,smoking_0536_jpg,test,train,smoking_0536_jpg.rf.e4a875089eefaa31a558688c0521197d.jpg,smoking_0536_jpg.rf.e4a875089eefaa31a558688c0521197d.jpg,6d2b9b224b94345ee5791cfd80168c63eb095993b6f206a8cc7b7e373c5b931c,6d2b9b224b94345ee5791cfd80168c63eb095993b6f206a8cc7b7e373c5b931c,copied,0,0
7e4fa7105cb1cc39,IMG_4418_jpg,train,train,IMG_4418_jpg.rf.7295150371e9d8485f38bd0ac3b8ef22.jpg,IMG_4418_jpg.rf.7295150371e9d8485f38bd0ac3b8ef22.jpg,26336a3ad33582e20b15f55593fbf8f3000ef0f1f94522d6221d79c7a0a47dd4,26336a3ad33582e20b15f55593fbf8f3000ef0f1f94522d6221d79c7a0a47dd4,copied,0,0
7e675396cacba859,smoking_0564_jpg,train,train,smoking_0564_jpg.rf.ea63dca08309e0a3a60d49a540297f24.jpg,smoking_0564_jpg.rf.ea63dca08309e0a3a60d49a540297f24.jpg,49a95c93c0926690a2db5af5e95211ed72504533591818202a1af83009dafff4,49a95c93c0926690a2db5af5e95211ed72504533591818202a1af83009dafff4,copied,0,0
7e67c3735568a2a1,smoking_0505_jpg,train,train,smoking_0505_jpg.rf.dd2d99d17ea2d308939aca594157dae1.jpg,smoking_0505_jpg.rf.dd2d99d17ea2d308939aca594157dae1.jpg,8c80ff86edf29c7a05412793d3d2f71144abaae94afa58ba9a14aac199587c56,8c80ff86edf29c7a05412793d3d2f71144abaae94afa58ba9a14aac199587c56,copied,0,0
7edfe3b713dbda33,IMG_5133,train,train,IMG_5133.JPG,IMG_5133.jpg,77a75af038e1e304d57ed55aa59c2869223ae40b4f302de83e3e395056cb8f56,a4744a8278d983e2740dfe921d781f74dacc0421b4743c1f2a0392540af3c9f9,converted_heic_to_jpeg,1,
7eec32f78fb84127,smoking_0525_jpg,train,train,smoking_0525_jpg.rf.588f0a2d3f9e2d6e5c334cac437bdd53.jpg,smoking_0525_jpg.rf.588f0a2d3f9e2d6e5c334cac437bdd53.jpg,46cad9e7f63ec66e4a8eb06298eb0d0ddb257779c21b534abbfd1199a0e2381d,46cad9e7f63ec66e4a8eb06298eb0d0ddb257779c21b534abbfd1199a0e2381d,copied,0,0
7efa5d6a72da152c,images-17-_jpeg_jpg,train,train,images-17-_jpeg_jpg.rf.9b93f1ad7bc2c64f761f8ad267bd2c69.jpg,images-17-_jpeg_jpg.rf.9b93f1ad7bc2c64f761f8ad267bd2c69.jpg,6ada46859d8fdca94a138f0e56a3aa0e99611167c78cbf6caf15589cfafcda41,6ada46859d8fdca94a138f0e56a3aa0e99611167c78cbf6caf15589cfafcda41,copied,0,1
7f1fe481eef9938a,images-108-_jpg,train,train,images-108-_jpg.rf.292e0821b61fabaadb98c666ceebd197.jpg,images-108-_jpg.rf.292e0821b61fabaadb98c666ceebd197.jpg,a03032634908f01253c821372e7c007041c3a6d268b4057ac78278a2ab39b4e1,a03032634908f01253c821372e7c007041c3a6d268b4057ac78278a2ab39b4e1,copied,0,1
7f3c41af92f74495,smoking_0252_jpg,train,valid,smoking_0252_jpg.rf.f512b6a24d55dd0b68413584f1200f4b.jpg,smoking_0252_jpg.rf.f512b6a24d55dd0b68413584f1200f4b.jpg,5d9ac28444b684773f4bce696bd334c1c736b2dd524bfa267515903ee9d6e9e4,5d9ac28444b684773f4bce696bd334c1c736b2dd524bfa267515903ee9d6e9e4,copied,0,1
7f5ab8acfa5c5869,c00008_jpeg_jpg,valid,test,c00008_jpeg_jpg.rf.058af721101b45f6504caf70442423b1.jpg,c00008_jpeg_jpg.rf.058af721101b45f6504caf70442423b1.jpg,d5d4e0abc825f9101d5426ae812addbf5a1384b2f3f10daa3775fcd3b0511a21,d5d4e0abc825f9101d5426ae812addbf5a1384b2f3f10daa3775fcd3b0511a21,copied,0,2
7f5b75100807b112,ggg269_jpg,test,test,ggg269_jpg.rf.78806cd8becd84b703d10f47f8a96b0f.jpg,ggg269_jpg.rf.78806cd8becd84b703d10f47f8a96b0f.jpg,5c68a8d82fc521d9a02187036b4b791679db67f801b8de8576e5e98e797d5345,5c68a8d82fc521d9a02187036b4b791679db67f801b8de8576e5e98e797d5345,copied,0,2
7f6e7dbadbde9887,1697099878091_JPEG_jpg,valid,valid,1697099878091_JPEG_jpg.rf.4504ab4b1f751d66aee0adf9d846761a.jpg,1697099878091_JPEG_jpg.rf.4504ab4b1f751d66aee0adf9d846761a.jpg,5d9b341782def9d6d417360b4c46126a1f29b446bf5eb7530cb14fc0b22cf5a0,5d9b341782def9d6d417360b4c46126a1f29b446bf5eb7530cb14fc0b22cf5a0,copied,0,0
7f7c5e24a85bc50d,IMG_4521_jpg,valid,train,IMG_4521_jpg.rf.6d59143a1ee51b480a3a0a992b14f9b8.jpg,IMG_4521_jpg.rf.6d59143a1ee51b480a3a0a992b14f9b8.jpg,3eb5a7b58c26d3f5b927975fe7bf95b6db4c629b6f48a9f512bc1b2f0de50897,3eb5a7b58c26d3f5b927975fe7bf95b6db4c629b6f48a9f512bc1b2f0de50897,copied,0,0|1
7fc46b12e36cbf3e,smoking_0325_jpg,valid,train,smoking_0325_jpg.rf.9d0c74d9849741bfd454407e3f92f02d.jpg,smoking_0325_jpg.rf.9d0c74d9849741bfd454407e3f92f02d.jpg,80789646aa44dbc7b17ec1ec61bfe5e7a9eadd889d3614bc0eb74597ccce0932,80789646aa44dbc7b17ec1ec61bfe5e7a9eadd889d3614bc0eb74597ccce0932,copied,0,0
7fd7c00dd5cbaad8,smoking_0746_jpg,valid,train,smoking_0746_jpg.rf.c3bfc1f8284bd979e6b568ff6c9c8e06.jpg,smoking_0746_jpg.rf.c3bfc1f8284bd979e6b568ff6c9c8e06.jpg,de2368f7fb9738d09d3188ab674462e61656e0f1d03fb1a6fc65347e425c72a5,de2368f7fb9738d09d3188ab674462e61656e0f1d03fb1a6fc65347e425c72a5,copied,0,0
800c920ef6d3e075,small-79-_jpg,train,train,small-79-_jpg.rf.2f14681894e30fc007982f5c0ced58dd.jpg,small-79-_jpg.rf.2f14681894e30fc007982f5c0ced58dd.jpg,5bdfc319e13cc0d496e15445da1e44436dcb72fd5957b107a769c5ae0523cd35,5bdfc319e13cc0d496e15445da1e44436dcb72fd5957b107a769c5ae0523cd35,copied,0,1
801a273ae9790ea3,smoking_0185_jpg,valid,valid,smoking_0185_jpg.rf.25eb00fed0ac62c22445577c48f24397.jpg,smoking_0185_jpg.rf.25eb00fed0ac62c22445577c48f24397.jpg,c5f9f69b5c2236ae6597aba8470447de837ae30343c3da1b4c04cfe504404291,c5f9f69b5c2236ae6597aba8470447de837ae30343c3da1b4c04cfe504404291,copied,0,0
802046c09a0d59dc,smoking_0863_jpg,train,train,smoking_0863_jpg.rf.208b54ea4f64a8cc0bf753eb81c878c8.jpg,smoking_0863_jpg.rf.208b54ea4f64a8cc0bf753eb81c878c8.jpg,0722cf148d211c1c8b718e1ee9e75695a8e373286be368a4d4e770c038dd1fe3,0722cf148d211c1c8b718e1ee9e75695a8e373286be368a4d4e770c038dd1fe3,copied,0,0
8045e14a7546e175,bb0091_jpg,train,train,bb0091_jpg.rf.6cd2b6e0edc83969490c76d606585dcd.jpg,bb0091_jpg.rf.6cd2b6e0edc83969490c76d606585dcd.jpg,253ac58292b83f54467c7a874037b6b95bab33b4dbe2647ebb45293ddcd9cde9,253ac58292b83f54467c7a874037b6b95bab33b4dbe2647ebb45293ddcd9cde9,copied,0,2
806141abca420edd,1697099984365_JPEG_jpg,train,train,1697099984365_JPEG_jpg.rf.b7218482c84dc804e795c34491cf5fd0.jpg,1697099984365_JPEG_jpg.rf.b7218482c84dc804e795c34491cf5fd0.jpg,b17bcaf5b728f11dd3ec3242a81525942259f6ab86588fb1a62401d87343cfe0,b17bcaf5b728f11dd3ec3242a81525942259f6ab86588fb1a62401d87343cfe0,copied,0,0
806f029a6a9e6608,07ce2ba2ddf6ee7d_jpg,train,train,07ce2ba2ddf6ee7d_jpg.rf.bc85169191ca3351e5fada0d3d224f0e.jpg,07ce2ba2ddf6ee7d_jpg.rf.bc85169191ca3351e5fada0d3d224f0e.jpg,fc6530d8085459f935c471837899ebf739b5913c216726c727d7063744a44d81,fc6530d8085459f935c471837899ebf739b5913c216726c727d7063744a44d81,copied,1,
809356fef4fbd5b9,1697099984324_JPEG_jpg,train,train,1697099984324_JPEG_jpg.rf.2350e3045c91fa23bc8168dd7e75a901.jpg,1697099984324_JPEG_jpg.rf.2350e3045c91fa23bc8168dd7e75a901.jpg,f695d7e7d76b1c0ea04f4d5276976fc3dfe71f464792471ac534e0e3bf5f025e,f695d7e7d76b1c0ea04f4d5276976fc3dfe71f464792471ac534e0e3bf5f025e,copied,0,0
80982efe7d21f73a,1788a734d8f6488e_jpg,valid,train,1788a734d8f6488e_jpg.rf.6dd37cf0f78530fe114d7005b795acce.jpg,1788a734d8f6488e_jpg.rf.6dd37cf0f78530fe114d7005b795acce.jpg,ee43961148240a6c8ac86d198248ccda60d078d7a83c31bcecb3642f7600d3d3,ee43961148240a6c8ac86d198248ccda60d078d7a83c31bcecb3642f7600d3d3,copied,1,
80ac2151e5518356,smoking_0382_jpg,train,test,smoking_0382_jpg.rf.1a5cdf8125a95528ad57712ddd9e5554.jpg,smoking_0382_jpg.rf.1a5cdf8125a95528ad57712ddd9e5554.jpg,acff6bfd75a1fdcea608c11ce235a5413b8bc6d1d2ac58294d6cfe0f0d6d0be8,acff6bfd75a1fdcea608c11ce235a5413b8bc6d1d2ac58294d6cfe0f0d6d0be8,copied,0,0
80cdfb1d4f2f89b7,smoking_0957_jpg,train,train,smoking_0957_jpg.rf.6df7071c1d3a6b05a39afbd2832f9098.jpg,smoking_0957_jpg.rf.6df7071c1d3a6b05a39afbd2832f9098.jpg,f8c2967a26f9405513a7e0a32f5b88f34021d6c6c4245e0fecc7a86f59137033,f8c2967a26f9405513a7e0a32f5b88f34021d6c6c4245e0fecc7a86f59137033,copied,0,1
80e07e6c4c0a24ea,6_jpg,test,test,6_jpg.rf.9c1d9f7ee00dbb7f38ef0c82cccab997.jpg,6_jpg.rf.9c1d9f7ee00dbb7f38ef0c82cccab997.jpg,93a599d0c48e83ba87802d6c29af678fe85495206fc3ba92a6416f5fcb881efe,93a599d0c48e83ba87802d6c29af678fe85495206fc3ba92a6416f5fcb881efe,copied,0,1
80fa2b57091dce57,3600ddccd8f0daae_jpg,train,train,3600ddccd8f0daae_jpg.rf.4711d261f665a31030fb6b00fc1750af.jpg,3600ddccd8f0daae_jpg.rf.4711d261f665a31030fb6b00fc1750af.jpg,d83ec348c56498dc3f7be9fbe4101c03964b6f658f94c880dd5b9bf6e4fa510a,d83ec348c56498dc3f7be9fbe4101c03964b6f658f94c880dd5b9bf6e4fa510a,copied,1,
8113692ef06f5625,IMG_4329_jpg,train,train,IMG_4329_jpg.rf.5895da37f7319542a12e42c3d02317a7.jpg,IMG_4329_jpg.rf.5895da37f7319542a12e42c3d02317a7.jpg,94ed0e312ee5efb7a8115259ad0fe3a7b06398c75944c6ee5104956c8893b5f2,94ed0e312ee5efb7a8115259ad0fe3a7b06398c75944c6ee5104956c8893b5f2,copied,0,0
8121179664afa229,10_jpg,train,train,10_jpg.rf.45f4814446f819e54457ac72ba8cee9d.jpg,10_jpg.rf.45f4814446f819e54457ac72ba8cee9d.jpg,68f8dea307410bdfceb4bbc84c99e49e91fbeaae34694c371e0ca95789150355,68f8dea307410bdfceb4bbc84c99e49e91fbeaae34694c371e0ca95789150355,copied,0,1
8136704683ac3f49,121ae33899e0f618_jpg,train,train,121ae33899e0f618_jpg.rf.6ecc30414fb1adc7f89f5074233f94ad.jpg,121ae33899e0f618_jpg.rf.6ecc30414fb1adc7f89f5074233f94ad.jpg,62a1bfe11c8010125fc0c469c9ee842860d58887cb11883f04b7d65bdbbcd3af,62a1bfe11c8010125fc0c469c9ee842860d58887cb11883f04b7d65bdbbcd3af,copied,1,
81504cbd0e6a195f,bb0248_jpg,train,train,bb0248_jpg.rf.793a2c6de6d0355df78f5f4a08427e39.jpg,bb0248_jpg.rf.793a2c6de6d0355df78f5f4a08427e39.jpg,71281d37d5f3d77aba91c16307a4af9b25e39d789ea4680c6db6fcb5b73104a0,71281d37d5f3d77aba91c16307a4af9b25e39d789ea4680c6db6fcb5b73104a0,copied,0,2
818fde53000b82a1,smoking_0170_jpg,train,train,smoking_0170_jpg.rf.2bf04d6b8f708ddaeef69a47c5ea2129.jpg,smoking_0170_jpg.rf.2bf04d6b8f708ddaeef69a47c5ea2129.jpg,f921b0bb6ddadc8836b07ec56da540f128adb162e06f8b6144ab209f55cf0249,f921b0bb6ddadc8836b07ec56da540f128adb162e06f8b6144ab209f55cf0249,copied,0,0
81bbe1e251ce9eef,1557a26b46fa5f35_jpg,train,valid,1557a26b46fa5f35_jpg.rf.cb2073476381f1132a46125158bf79ff.jpg,1557a26b46fa5f35_jpg.rf.cb2073476381f1132a46125158bf79ff.jpg,6834ebcc1876c1b1a4b9f49365cbf6e0585ae2df8facc3ea7fdfb0fd4dec9db2,6834ebcc1876c1b1a4b9f49365cbf6e0585ae2df8facc3ea7fdfb0fd4dec9db2,copied,1,
821df53570f72e53,smoking_1029_jpg,train,train,smoking_1029_jpg.rf.7ed694b679dfbd000cc7e4605554acdf.jpg,smoking_1029_jpg.rf.7ed694b679dfbd000cc7e4605554acdf.jpg,1351c6223a7d4b101bb1f5e01cdea2b223f6b04012904b47ffcf291f099143ec,1351c6223a7d4b101bb1f5e01cdea2b223f6b04012904b47ffcf291f099143ec,copied,0,0
82224d3a9d2c948a,smoking_0798_jpg,train,test,smoking_0798_jpg.rf.e9a12f6da5cc1cd44cfc3be7d6f96f50.jpg,smoking_0798_jpg.rf.e9a12f6da5cc1cd44cfc3be7d6f96f50.jpg,12e79bea2c428ab958ed288a5ad7a1046723a6c5a181465ce869aed16ba3e429,12e79bea2c428ab958ed288a5ad7a1046723a6c5a181465ce869aed16ba3e429,copied,0,1
824466fdbb3ed048,3086014ccbfedf3d_jpg,train,train,3086014ccbfedf3d_jpg.rf.3138cc88063e1e8041bf3779bc50a286.jpg,3086014ccbfedf3d_jpg.rf.3138cc88063e1e8041bf3779bc50a286.jpg,9e2aaa328b935670783da4f2a3d7c6986df48990d39b4753b0ecc3a8f02c5c38,9e2aaa328b935670783da4f2a3d7c6986df48990d39b4753b0ecc3a8f02c5c38,copied,1,
82511348daf1e132,smoking_0773_jpg,train,train,smoking_0773_jpg.rf.590570418fdd7107c8be49d49879cbc0.jpg,smoking_0773_jpg.rf.590570418fdd7107c8be49d49879cbc0.jpg,7135c15bd58b522fb5e7ab0e303056be7c918c4f6e67046d3d4e86131cab9779,7135c15bd58b522fb5e7ab0e303056be7c918c4f6e67046d3d4e86131cab9779,copied,0,0
826196c71eb89e6c,1e341d8c8bc925b1_jpg,train,train,1e341d8c8bc925b1_jpg.rf.e52d7274409d6c4ed5d0a800896ae36b.jpg,1e341d8c8bc925b1_jpg.rf.e52d7274409d6c4ed5d0a800896ae36b.jpg,a85e837b19f916c695e250344486d24ada089e033b4cc309f82002910987be99,a85e837b19f916c695e250344486d24ada089e033b4cc309f82002910987be99,copied,1,
82731fdbc2c53429,smoking_0756_jpg,train,valid,smoking_0756_jpg.rf.6acf711cb47c5fb013236ae2e5424e19.jpg,smoking_0756_jpg.rf.6acf711cb47c5fb013236ae2e5424e19.jpg,2de30d5f54ee7abdfada9562624df23b2a03a1cf556663c8441d8a3c99896c44,2de30d5f54ee7abdfada9562624df23b2a03a1cf556663c8441d8a3c99896c44,copied,0,0
829603b9c9471996,smoking_1026_jpg,train,train,smoking_1026_jpg.rf.230fd0eed1af35e498a4d1099c8dc2e3.jpg,smoking_1026_jpg.rf.230fd0eed1af35e498a4d1099c8dc2e3.jpg,967e21553302202f0ca8dbedc4cd3e0ba650497b7ce6facf09c26071a4aaa057,967e21553302202f0ca8dbedc4cd3e0ba650497b7ce6facf09c26071a4aaa057,copied,0,0
82971f9a8f40aafa,122ed8c968bdb7e7_jpg,train,train,122ed8c968bdb7e7_jpg.rf.ebaf8205e7a9d948f31a879fe98fa4fe.jpg,122ed8c968bdb7e7_jpg.rf.ebaf8205e7a9d948f31a879fe98fa4fe.jpg,42e90e6968f815dba03f8a7e1797b85fb347272d4abca42063c9c7f933caaffc,42e90e6968f815dba03f8a7e1797b85fb347272d4abca42063c9c7f933caaffc,copied,1,
829f5c04b8093801,smoking_0084_jpg,train,train,smoking_0084_jpg.rf.e03c1bcf55eda2465f2f29f181d8562b.jpg,smoking_0084_jpg.rf.e03c1bcf55eda2465f2f29f181d8562b.jpg,8070b200691c3e0014c1fe37327d92150cbc66ff46cfb61938ac19c8e8cb5bdd,8070b200691c3e0014c1fe37327d92150cbc66ff46cfb61938ac19c8e8cb5bdd,copied,0,1
82b5a0a8881a7ce4,389ddec10936e87e_jpg,train,test,389ddec10936e87e_jpg.rf.1d215b1a8e6e9addce8e6027d6cd7607.jpg,389ddec10936e87e_jpg.rf.1d215b1a8e6e9addce8e6027d6cd7607.jpg,52a39c1c5fa49c5e70a17d50f0e301f4f518cb59768cd9adb5f0267643ab6036,52a39c1c5fa49c5e70a17d50f0e301f4f518cb59768cd9adb5f0267643ab6036,copied,1,
82d1ff52d8d4ee42,WIN_20220507_21_28_06_Pro_jpg,train,train,WIN_20220507_21_28_06_Pro_jpg.rf.35f4fc60db2dd280c94e010aaca2d199.jpg,WIN_20220507_21_28_06_Pro_jpg.rf.35f4fc60db2dd280c94e010aaca2d199.jpg,5bb2fb17d152ec7126fc86b5c902872decdb1ec96eac8ceb811889a9617d2305,5bb2fb17d152ec7126fc86b5c902872decdb1ec96eac8ceb811889a9617d2305,copied,0,1
82ee89c3b30c1434,c00469_jpg,valid,valid,c00469_jpg.rf.6957799a85807fcd36cfdd6e99fded73.jpg,c00469_jpg.rf.6957799a85807fcd36cfdd6e99fded73.jpg,7425b269c7d0da257393e7be6ae17255b76302aad0c427e002cf3d167ad1967f,7425b269c7d0da257393e7be6ae17255b76302aad0c427e002cf3d167ad1967f,copied,0,2
82f533ebe6e9fc0b,smoking_0517_jpg,train,train,smoking_0517_jpg.rf.180f84c3abb2913b7cde782e620eca80.jpg,smoking_0517_jpg.rf.180f84c3abb2913b7cde782e620eca80.jpg,2d9586a1cac7203345a7d1c22ece13e994ae669caea19c4a2f59be3f15bddb33,2d9586a1cac7203345a7d1c22ece13e994ae669caea19c4a2f59be3f15bddb33,copied,0,0
82f665611eb3eec1,WIN_20220507_21_28_31_Pro_jpg,train,train,WIN_20220507_21_28_31_Pro_jpg.rf.d49852378b4e4fc92ca752f61605dde6.jpg,WIN_20220507_21_28_31_Pro_jpg.rf.d49852378b4e4fc92ca752f61605dde6.jpg,ba7b24d83522369f2ac4d31d40ee5110ee3d5cc29367ffec531c4fa03468e215,ba7b24d83522369f2ac4d31d40ee5110ee3d5cc29367ffec531c4fa03468e215,copied,0,1
82fd2158811ccb91,0ded849413cd1dfc_jpg,train,train,0ded849413cd1dfc_jpg.rf.a1a72e4a1114b5093032b23c6206ecf5.jpg,0ded849413cd1dfc_jpg.rf.a1a72e4a1114b5093032b23c6206ecf5.jpg,57d3109127a1bde4b6fa0cb4f00a57b64c64b8859fbd1c846a9d3f7c5efdbe96,57d3109127a1bde4b6fa0cb4f00a57b64c64b8859fbd1c846a9d3f7c5efdbe96,copied,1,
831d3c1938dcdd91,000261_jpg,valid,train,000261_jpg.rf.95a7f662665ee0facc2fe49025dec0eb.jpg,000261_jpg.rf.95a7f662665ee0facc2fe49025dec0eb.jpg,3c0e6716e0ebacd49e876efed0b7de599b160bf7c889660bb27af149ee2b0047,3c0e6716e0ebacd49e876efed0b7de599b160bf7c889660bb27af149ee2b0047,copied,0,2
833f8e71a7cfd333,09df60b8316739b7_jpg,valid,test,09df60b8316739b7_jpg.rf.994f5503279594d43f4827853acba080.jpg,09df60b8316739b7_jpg.rf.994f5503279594d43f4827853acba080.jpg,574712797e6ac473ab067568088bcb4faf127a14291e96fffbdd22a6764cf3b8,574712797e6ac473ab067568088bcb4faf127a14291e96fffbdd22a6764cf3b8,copied,1,
835658152d8d0d10,195fb3b941973f0d_jpg,train,train,195fb3b941973f0d_jpg.rf.a0da7e02976d0b4d21aa969f7946665d.jpg,195fb3b941973f0d_jpg.rf.a0da7e02976d0b4d21aa969f7946665d.jpg,da3c9f2295315cf79736e5d07c5c152974b6e9261c7973fd74d322ae7a249b99,da3c9f2295315cf79736e5d07c5c152974b6e9261c7973fd74d322ae7a249b99,copied,1,
83a7b25f3552f324,smoking_0298_jpg,train,train,smoking_0298_jpg.rf.6434f4766f6b735ec3afb97754ad9f51.jpg,smoking_0298_jpg.rf.6434f4766f6b735ec3afb97754ad9f51.jpg,2b96cc3730b05bc16caa95e85dd674a504a8d787083a5a8bda73b74282fae4f5,2b96cc3730b05bc16caa95e85dd674a504a8d787083a5a8bda73b74282fae4f5,copied,0,1
83e591415e44525d,155270a7d9f72d0f_jpg,valid,train,155270a7d9f72d0f_jpg.rf.33ba9a23e92a3470b51fe98ffcfb1d06.jpg,155270a7d9f72d0f_jpg.rf.33ba9a23e92a3470b51fe98ffcfb1d06.jpg,7a65c5a056eb8b9807bf7794fb67bf6c2811593efa94d2da7ca2834b3104d5bd,7a65c5a056eb8b9807bf7794fb67bf6c2811593efa94d2da7ca2834b3104d5bd,copied,1,
8403ae568f34046f,bb0391_jpg,train,train,bb0391_jpg.rf.1ed586fbb83fa715b703292ea1b8d71c.jpg,bb0391_jpg.rf.1ed586fbb83fa715b703292ea1b8d71c.jpg,49f1b0fa147a8b6b1d9afdde7eb2336407b9af3ffc45f5c4c9744c0f55ccdffb,49f1b0fa147a8b6b1d9afdde7eb2336407b9af3ffc45f5c4c9744c0f55ccdffb,copied,0,2
849bff3a47e152be,0282d4948723f25b_jpg,train,train,0282d4948723f25b_jpg.rf.d44625f9763703d42251d1ed7c84fe14.jpg,0282d4948723f25b_jpg.rf.d44625f9763703d42251d1ed7c84fe14.jpg,acb8aeda8b82e65d574cf8dd595274ca7848f32e733f8c58b10611f0ad44b21b,acb8aeda8b82e65d574cf8dd595274ca7848f32e733f8c58b10611f0ad44b21b,copied,1,
84a5350b34cd333c,127351f91ea23acf_jpg,train,train,127351f91ea23acf_jpg.rf.3f4406efde49f17dd3a9d6f8ea503a91.jpg,127351f91ea23acf_jpg.rf.3f4406efde49f17dd3a9d6f8ea503a91.jpg,0304701521e43a9d934f3e7f41f935b7c435dddf9100a9bc79e86033487b8bb8,0304701521e43a9d934f3e7f41f935b7c435dddf9100a9bc79e86033487b8bb8,copied,1,
84c85edf57ab07aa,images-17-_jpg,train,train,images-17-_jpg.rf.4ad1aca1ae0638f0a21ffbb08694b4c1.jpg,images-17-_jpg.rf.4ad1aca1ae0638f0a21ffbb08694b4c1.jpg,4f6137470b2e9576db4f0319ed5f9bde50eae0106af3a7c422c0b5b194f48b87,4f6137470b2e9576db4f0319ed5f9bde50eae0106af3a7c422c0b5b194f48b87,copied,0,1
84e442ec3890ce6e,download-1-_jpeg_jpg,train,train,download-1-_jpeg_jpg.rf.aaece9e0a9586f176aecd934deedc414.jpg,download-1-_jpeg_jpg.rf.aaece9e0a9586f176aecd934deedc414.jpg,c92821d7b85d7dc61a6563020770fffa3a1dc749c8b1371e11a5771c3eea811b,c92821d7b85d7dc61a6563020770fffa3a1dc749c8b1371e11a5771c3eea811b,copied,0,1
84e761549f3f0a2f,images-33-_jpg,train,train,images-33-_jpg.rf.89567ed90618694aef3461fb12f4a7ff.jpg,images-33-_jpg.rf.89567ed90618694aef3461fb12f4a7ff.jpg,77f0b34f34d39b61f837075e0790691163408d3682df83ef75538d98366dc93e,77f0b34f34d39b61f837075e0790691163408d3682df83ef75538d98366dc93e,copied,0,1
84f8549e286873ef,smoking_0653_jpg,train,train,smoking_0653_jpg.rf.58e413d78b279f05e99a17304ea21b9e.jpg,smoking_0653_jpg.rf.58e413d78b279f05e99a17304ea21b9e.jpg,b5ab5a92517f11a4ee71ca4923de851ab448c42c78cbe0e0587e6cbfeaa6e792,b5ab5a92517f11a4ee71ca4923de851ab448c42c78cbe0e0587e6cbfeaa6e792,copied,0,0
84fe3bc0334abd14,IMG_4461_jpg,train,train,IMG_4461_jpg.rf.c84894df9108eb57e51d2311809e3a47.jpg,IMG_4461_jpg.rf.c84894df9108eb57e51d2311809e3a47.jpg,a8f3e8c6c2448c574128507eb5b661e741709419c4763e240f864599548407ee,a8f3e8c6c2448c574128507eb5b661e741709419c4763e240f864599548407ee,copied,0,0|1
8501182dea7c21e5,000443_jpg,train,train,000443_jpg.rf.1ba25b4c5c4284f91526c87773e4aae8.jpg,000443_jpg.rf.1ba25b4c5c4284f91526c87773e4aae8.jpg,3846e5459c57f12991d5e770f30e76a25153785eceac1430770fd8ee3d594176,3846e5459c57f12991d5e770f30e76a25153785eceac1430770fd8ee3d594176,copied,0,2
850e06b48c506ff1,smoking_0509_jpg,train,train,smoking_0509_jpg.rf.f3ba9f88adbef88f5735363b17a21946.jpg,smoking_0509_jpg.rf.f3ba9f88adbef88f5735363b17a21946.jpg,a61fae653cd2149d82e6a114210ea0031ab08927d0605cdc63877b6e72db705a,a61fae653cd2149d82e6a114210ea0031ab08927d0605cdc63877b6e72db705a,copied,0,0
851e06375680a541,184843d301b36916_jpg,train,train,184843d301b36916_jpg.rf.d5fc15b1ead6646503ba6daff48ab0ea.jpg,184843d301b36916_jpg.rf.d5fc15b1ead6646503ba6daff48ab0ea.jpg,3665bd770a6c83ec5ee48c1c74697d2d4a8181aec41b86ac8ec94d0325f0c4cd,3665bd770a6c83ec5ee48c1c74697d2d4a8181aec41b86ac8ec94d0325f0c4cd,copied,1,
8532e8cba3c753e3,smoking_0091_jpg,train,test,smoking_0091_jpg.rf.86e0120f447b6b3bce62531c24203f40.jpg,smoking_0091_jpg.rf.86e0120f447b6b3bce62531c24203f40.jpg,c97df28d600c53180ff936b79770ed1759e6df41d3b913fd249c32341d162fec,c97df28d600c53180ff936b79770ed1759e6df41d3b913fd249c32341d162fec,copied,0,0
85399d96991a431d,1697100022553_JPEG_jpg,train,train,1697100022553_JPEG_jpg.rf.4f8002ed636ccc698e1d1f9bdc876461.jpg,1697100022553_JPEG_jpg.rf.4f8002ed636ccc698e1d1f9bdc876461.jpg,008002cbe2a9daebbc851e4b07d274e6686850a478176d41dc0c572ac9621fce,008002cbe2a9daebbc851e4b07d274e6686850a478176d41dc0c572ac9621fce,copied,0,0
856338b5116664d8,smoking_0131_jpg,test,train,smoking_0131_jpg.rf.a3c837a078a4562091afd2f0f3d96f21.jpg,smoking_0131_jpg.rf.a3c837a078a4562091afd2f0f3d96f21.jpg,e408c6a1475e72728e7c5bfbd5d36cc7632b4fe42000a4ebaa483ec7eda45301,e408c6a1475e72728e7c5bfbd5d36cc7632b4fe42000a4ebaa483ec7eda45301,copied,0,0
85683641260ef831,bb0183_jpg,test,valid,bb0183_jpg.rf.80aea2481dcd850552628d6bbd47815d.jpg,bb0183_jpg.rf.80aea2481dcd850552628d6bbd47815d.jpg,531003afc03f43c59018aeb637e19f5805a3b26e1bc7faea6a2a6ce5dbf698bc,531003afc03f43c59018aeb637e19f5805a3b26e1bc7faea6a2a6ce5dbf698bc,copied,0,2
858b20f874c23868,smoking_0086_jpg,valid,valid,smoking_0086_jpg.rf.440bef57f7f2b0ff9ffd6479b04d68de.jpg,smoking_0086_jpg.rf.440bef57f7f2b0ff9ffd6479b04d68de.jpg,8a4ec57b7db809baea5b77ab12de1992db0063b00521696067ac76e797856c34,8a4ec57b7db809baea5b77ab12de1992db0063b00521696067ac76e797856c34,copied,0,0
85bf5d7839ba9c2c,smoking_0367_jpg,train,test,smoking_0367_jpg.rf.7b01ee7932d04313ce5497b565018161.jpg,smoking_0367_jpg.rf.7b01ee7932d04313ce5497b565018161.jpg,be0ceef8d5d4991476f7cfde3a3eef7f7c8066ab5e3901179f9a0fd0df4e5bca,be0ceef8d5d4991476f7cfde3a3eef7f7c8066ab5e3901179f9a0fd0df4e5bca,copied,0,0
85bfe1779e8a42e9,smoking_0431_jpg,train,train,smoking_0431_jpg.rf.d24198d302c8c88f58fc914e60a5c577.jpg,smoking_0431_jpg.rf.d24198d302c8c88f58fc914e60a5c577.jpg,82b2952f367e9e8a258f767f41ccb96d48a01db7020dac95f68d3869bedfb7b3,82b2952f367e9e8a258f767f41ccb96d48a01db7020dac95f68d3869bedfb7b3,copied,0,0
85f848774e866c29,smoking_0782_jpg,valid,train,smoking_0782_jpg.rf.ee7a31082257817c3c2c56cc69b996dc.jpg,smoking_0782_jpg.rf.ee7a31082257817c3c2c56cc69b996dc.jpg,ddf9ddb062f39469595a130695166c7591d8ac6d5e16874a81dcda9c47e49a63,ddf9ddb062f39469595a130695166c7591d8ac6d5e16874a81dcda9c47e49a63,copied,0,0
8635e2e66126f40e,0033495fd6a2e654_jpg,train,train,0033495fd6a2e654_jpg.rf.cc45913e3a2da8d1cb671dc357156aaa.jpg,0033495fd6a2e654_jpg.rf.cc45913e3a2da8d1cb671dc357156aaa.jpg,bd987128d4e38c05f0835dcc0084dac5f174ac7df70009cfe71a0bad24b6f5ab,bd987128d4e38c05f0835dcc0084dac5f174ac7df70009cfe71a0bad24b6f5ab,copied,1,
863e1f5e92d5a5b0,292045607ed49855_jpg,valid,train,292045607ed49855_jpg.rf.700ee34421b28e835104dab3baee36c1.jpg,292045607ed49855_jpg.rf.700ee34421b28e835104dab3baee36c1.jpg,a05d5efe679121ad29f3c3af825a67b9d108920d319a5073d9a5e0edc12610a4,a05d5efe679121ad29f3c3af825a67b9d108920d319a5073d9a5e0edc12610a4,copied,1,
866a516d01b994b5,ggg021_jpg,train,train,ggg021_jpg.rf.3279145a45b563c78095ae9322650af4.jpg,ggg021_jpg.rf.3279145a45b563c78095ae9322650af4.jpg,549bec57ad5d952f21f81c975093cf4b875f1ce11352cc06492f2ee68b37863b,549bec57ad5d952f21f81c975093cf4b875f1ce11352cc06492f2ee68b37863b,copied,0,2
867d427de300d2b5,gg0036_jpg,train,train,gg0036_jpg.rf.0a65a5ea2e5c14cf55d67d72ef7ac81c.jpg,gg0036_jpg.rf.0a65a5ea2e5c14cf55d67d72ef7ac81c.jpg,410783bc3121956718d4396ff9016bad5af4b45239bb6dc02506ddb67a1a35bc,410783bc3121956718d4396ff9016bad5af4b45239bb6dc02506ddb67a1a35bc,copied,0,2
8681bb2282876235,18b0efd2132c81d7_jpg,train,train,18b0efd2132c81d7_jpg.rf.bd9af264c7a3aa373741ae08209fe1b2.jpg,18b0efd2132c81d7_jpg.rf.bd9af264c7a3aa373741ae08209fe1b2.jpg,93e7a8d3fcd8562fe5ef2c246b8c879d59faff8b3c493e4791a4cb5c1da8df25,93e7a8d3fcd8562fe5ef2c246b8c879d59faff8b3c493e4791a4cb5c1da8df25,copied,1,
86cfec8b1a71d698,smoking_0174_jpg,train,train,smoking_0174_jpg.rf.1a7a417ee78c9d8719016cca23a9a1c7.jpg,smoking_0174_jpg.rf.1a7a417ee78c9d8719016cca23a9a1c7.jpg,80e35468559c50155ebfcd0129910e8ffa41808e8d44691f2b908cf31a07e59d,80e35468559c50155ebfcd0129910e8ffa41808e8d44691f2b908cf31a07e59d,copied,0,0
86d0e53c765ec35a,smoking_0376_jpg,train,test,smoking_0376_jpg.rf.c15b8900b2190edca29649b2e7c75ccb.jpg,smoking_0376_jpg.rf.c15b8900b2190edca29649b2e7c75ccb.jpg,a9277ee6f6ab9c65aff7dba404b66345d6c469a83b7657aa6324e69c5e944cdc,a9277ee6f6ab9c65aff7dba404b66345d6c469a83b7657aa6324e69c5e944cdc,copied,0,0
86d2e7e732936582,IMG_4413_jpg,train,train,IMG_4413_jpg.rf.113fee3c5ee0c0b8e04ed4ef0b0bb92a.jpg,IMG_4413_jpg.rf.113fee3c5ee0c0b8e04ed4ef0b0bb92a.jpg,e1464c0c249568e36e1cee07e38ef6359b970e969b5ee05fe6bfe103e06938d8,e1464c0c249568e36e1cee07e38ef6359b970e969b5ee05fe6bfe103e06938d8,copied,0,0
877d588121500bd6,smoking_0452_jpg,test,train,smoking_0452_jpg.rf.74c595e0991ebbc99df09cdeab98bde3.jpg,smoking_0452_jpg.rf.74c595e0991ebbc99df09cdeab98bde3.jpg,6af7bbc20ce15a4b801cf7d834ae7a7e28929f94a7815ff74966b934b65a4eba,6af7bbc20ce15a4b801cf7d834ae7a7e28929f94a7815ff74966b934b65a4eba,copied,0,0
879128fb237aa136,WIN_20220507_21_27_15_Pro_jpg,train,train,WIN_20220507_21_27_15_Pro_jpg.rf.c9ff8fdc00766aac2892427cb3628a2a.jpg,WIN_20220507_21_27_15_Pro_jpg.rf.c9ff8fdc00766aac2892427cb3628a2a.jpg,815209f09e074768369f1d17d4a5ad8ba887b4cfed011afeff9cf4c0e0128766,815209f09e074768369f1d17d4a5ad8ba887b4cfed011afeff9cf4c0e0128766,copied,0,1
87d5e8b29df5ae7f,48a09dc03cc59035_jpg,train,train,48a09dc03cc59035_jpg.rf.e6293d8c13b09147b1f977ca4e809636.jpg,48a09dc03cc59035_jpg.rf.e6293d8c13b09147b1f977ca4e809636.jpg,e241bfaa6f98a1b2c7bc4a091176cc1f1daf1db83c471c06d8f9ec55849add0f,e241bfaa6f98a1b2c7bc4a091176cc1f1daf1db83c471c06d8f9ec55849add0f,copied,1,
87feb6df1739ead0,gg0059_jpg,train,test,gg0059_jpg.rf.1a0b1772a6a189997a2d8c2944769f9f.jpg,gg0059_jpg.rf.1a0b1772a6a189997a2d8c2944769f9f.jpg,afecbc774f5152e13ea18595d6c257bd7900c9284dae1ae4ce645124fd010c21,afecbc774f5152e13ea18595d6c257bd7900c9284dae1ae4ce645124fd010c21,copied,0,2
88032856c2ad3e6c,smoking_0499_jpg,train,train,smoking_0499_jpg.rf.b64bf19a431d7f051f651443b7cdbb30.jpg,smoking_0499_jpg.rf.b64bf19a431d7f051f651443b7cdbb30.jpg,4cc4600728fb4e4d0fdde4f4f038be6e4a9c8247ac3417bec1bf62fee4e7daf4,4cc4600728fb4e4d0fdde4f4f038be6e4a9c8247ac3417bec1bf62fee4e7daf4,copied,0,1
8810f63762288f8b,small-11-_jpg,train,train,small-11-_jpg.rf.1d5c154bc50574998ff5d8a022998f8c.jpg,small-11-_jpg.rf.1d5c154bc50574998ff5d8a022998f8c.jpg,58d5a80569f49996531efd8e646950c4776aadc77134b58b9fc54a8a98572970,58d5a80569f49996531efd8e646950c4776aadc77134b58b9fc54a8a98572970,copied,0,1
881de647908acdb3,c00284_jpg,train,train,c00284_jpg.rf.1309c5370c1be4a080bfcce6a34fa30d.jpg,c00284_jpg.rf.1309c5370c1be4a080bfcce6a34fa30d.jpg,bbd542b218868985323f2703fd398087185e91696eb8138fa31dc55571a0551c,bbd542b218868985323f2703fd398087185e91696eb8138fa31dc55571a0551c,copied,0,2
8827f8c7dbbc4145,0216153c24736514_jpg,train,train,0216153c24736514_jpg.rf.b3f1c153dcb94992356c4ea1b6081c93.jpg,0216153c24736514_jpg.rf.b3f1c153dcb94992356c4ea1b6081c93.jpg,71cc23cc59123cee57d0fa884b116f2db2ae841128a9baac101777bbfd652722,71cc23cc59123cee57d0fa884b116f2db2ae841128a9baac101777bbfd652722,copied,1,
882dfa8c55e8a80d,smoking_0484_jpg,train,valid,smoking_0484_jpg.rf.209e8cf9fbfba427a633a9a91cf478ee.jpg,smoking_0484_jpg.rf.209e8cf9fbfba427a633a9a91cf478ee.jpg,52426359a5ec2255f4f6e4b076200848a9979f44bb237acb104de52db9ba1543,52426359a5ec2255f4f6e4b076200848a9979f44bb237acb104de52db9ba1543,copied,0,0
8838164ada23c74a,smoking_0478_jpg,valid,train,smoking_0478_jpg.rf.8ccd84a63b9e9656a21dfe970538ed22.jpg,smoking_0478_jpg.rf.8ccd84a63b9e9656a21dfe970538ed22.jpg,7cad89ef36711ea732d196390d4d4a2dbc4fa27a9f306e97f6d1136bdd0d4569,7cad89ef36711ea732d196390d4d4a2dbc4fa27a9f306e97f6d1136bdd0d4569,copied,0,0
8853f670360d93b5,IMG_4518_jpg,train,train,IMG_4518_jpg.rf.2881f2ec5f13a573a53a7be6e6ec1886.jpg,IMG_4518_jpg.rf.2881f2ec5f13a573a53a7be6e6ec1886.jpg,6482a289ef6856d5be30b58b2449194ae295ce89ce07312ed843158120bb73c9,6482a289ef6856d5be30b58b2449194ae295ce89ce07312ed843158120bb73c9,copied,1,
88942f28fee402b9,smoking_0724_jpg,test,train,smoking_0724_jpg.rf.b5ee1e438d11526c8830900f4500b4a1.jpg,smoking_0724_jpg.rf.b5ee1e438d11526c8830900f4500b4a1.jpg,fc75f0975895fb3ee248fc441951d6b10b45d167a72c7c2d8b8477bd05992868,fc75f0975895fb3ee248fc441951d6b10b45d167a72c7c2d8b8477bd05992868,copied,0,0
88b3e96689760ec8,09db246c71338346_jpg,valid,train,09db246c71338346_jpg.rf.87340ec3f2b11eb1792041ca72ad42a2.jpg,09db246c71338346_jpg.rf.87340ec3f2b11eb1792041ca72ad42a2.jpg,0f8b6b46da02238b6f13eba813a3d25a66ff611d5d1de888f9202b03b4bb7926,0f8b6b46da02238b6f13eba813a3d25a66ff611d5d1de888f9202b03b4bb7926,copied,1,
88bd24b8c9e74dd8,smoking_0260_jpg,train,train,smoking_0260_jpg.rf.2d2de99e23bdc52318cb4c7dad97c7a9.jpg,smoking_0260_jpg.rf.2d2de99e23bdc52318cb4c7dad97c7a9.jpg,394461f401b803cfd2be284709204552f8025d244bc24b856df7160a899118d8,394461f401b803cfd2be284709204552f8025d244bc24b856df7160a899118d8,copied,0,1
88ca4c9ed8b71189,c00232_jpg,train,train,c00232_jpg.rf.23671ecf7b377074bb8c9ba5f52a8ca1.jpg,c00232_jpg.rf.23671ecf7b377074bb8c9ba5f52a8ca1.jpg,e737cad4a84472d6f11c876b1750ce68224560f23389c4824e2208232550cefd,e737cad4a84472d6f11c876b1750ce68224560f23389c4824e2208232550cefd,copied,0,2
88d2195626434469,bb0136_jpg,train,train,bb0136_jpg.rf.a9637662e5d3b95760966386fbee03ce.jpg,bb0136_jpg.rf.a9637662e5d3b95760966386fbee03ce.jpg,ef3ee1f7e1cac587d784bae8f1d88c860534424635feb09ec633bc85ffbcfba5,ef3ee1f7e1cac587d784bae8f1d88c860534424635feb09ec633bc85ffbcfba5,copied,0,2
8951e7d3ce58a7ef,smoking_0388_jpg,train,train,smoking_0388_jpg.rf.63214bbae7621148ddf261f9cf16c353.jpg,smoking_0388_jpg.rf.63214bbae7621148ddf261f9cf16c353.jpg,0b1d5bba66ffb9c74d7ff4955c14462329d90fd78fb48cc75b033ce1188149f8,0b1d5bba66ffb9c74d7ff4955c14462329d90fd78fb48cc75b033ce1188149f8,copied,0,0
8985935095cbba19,smoking_1066_jpg,test,test,smoking_1066_jpg.rf.ebf4b3170fd2fe6b74503ff42b0b6de3.jpg,smoking_1066_jpg.rf.ebf4b3170fd2fe6b74503ff42b0b6de3.jpg,3fe64f777a41df37aa6ee9096d6de45dd6ce85d6478dc8f494269228dae32cbd,3fe64f777a41df37aa6ee9096d6de45dd6ce85d6478dc8f494269228dae32cbd,copied,0,0
898fba08157f117c,smoking_0317_jpg,train,train,smoking_0317_jpg.rf.c3b0f720a8904c8ab755e8f5021d50bb.jpg,smoking_0317_jpg.rf.c3b0f720a8904c8ab755e8f5021d50bb.jpg,0f43fb3f31f3ca9dfd9748d0f017bffd21c24d42181eafcd8c7f090421585a5c,0f43fb3f31f3ca9dfd9748d0f017bffd21c24d42181eafcd8c7f090421585a5c,copied,0,0
89cbb5f66a2fd278,WIN_20220507_21_27_22_Pro-2-_jpg,train,train,WIN_20220507_21_27_22_Pro-2-_jpg.rf.214a1602685365d2d91d486a75135a8a.jpg,WIN_20220507_21_27_22_Pro-2-_jpg.rf.214a1602685365d2d91d486a75135a8a.jpg,a7ed57a84c916175043ce779c44c046b3c0c2d3184b22c74829d49f9560ee012,a7ed57a84c916175043ce779c44c046b3c0c2d3184b22c74829d49f9560ee012,copied,0,1
89d41ac61ab6ce97,0b3249bd785a9cab_jpg,train,test,0b3249bd785a9cab_jpg.rf.eea14f3a5ec4d427a26e434cf50a73b0.jpg,0b3249bd785a9cab_jpg.rf.eea14f3a5ec4d427a26e434cf50a73b0.jpg,33e364dcf558947bd49b4b919f97691046ecefe4a178b8f2fa5dcb1f786822ac,33e364dcf558947bd49b4b919f97691046ecefe4a178b8f2fa5dcb1f786822ac,copied,1,
89de9df0da341b44,smoking_0201_jpg,train,test,smoking_0201_jpg.rf.d72628e3c801b4678d6b0ced16470f07.jpg,smoking_0201_jpg.rf.d72628e3c801b4678d6b0ced16470f07.jpg,11f80047b57d9570f983b64a31a45e7328798427b83e47348ee16799923da17c,11f80047b57d9570f983b64a31a45e7328798427b83e47348ee16799923da17c,copied,0,0
89ef1323d20f629a,imagdes_jpg,test,test,imagdes_jpg.rf.ba67b34fbf206f08e48e1a4b6727a377.jpg,imagdes_jpg.rf.ba67b34fbf206f08e48e1a4b6727a377.jpg,74dd91155e7eaa63ea6bacd2f2b84bb8d5f75dcd6ba70d16f3aa1f7a295298a1,74dd91155e7eaa63ea6bacd2f2b84bb8d5f75dcd6ba70d16f3aa1f7a295298a1,copied,0,1
89fd24f2c67c248a,a00071-0_jpg,valid,train,a00071-0_jpg.rf.5d6c447e823bd201319f36d767dabe74.jpg,a00071-0_jpg.rf.5d6c447e823bd201319f36d767dabe74.jpg,5e76f107a69a05bbe5831419ec857d904fe0a3415bd0f65c5b75d77cbb2a5bee,5e76f107a69a05bbe5831419ec857d904fe0a3415bd0f65c5b75d77cbb2a5bee,copied,0,2
8a01ac7a062da6b6,images-22-_jpeg_jpg,train,train,images-22-_jpeg_jpg.rf.1d70c4d38333742acd4230a1f172e95e.jpg,images-22-_jpeg_jpg.rf.1d70c4d38333742acd4230a1f172e95e.jpg,4fb7c29c387d0d9591ceadbf7957c7bef4e44f613f4b2353bc573c5c14b47cbc,4fb7c29c387d0d9591ceadbf7957c7bef4e44f613f4b2353bc573c5c14b47cbc,copied,0,1
8a6204c88f72a181,images-97-_jpg,train,train,images-97-_jpg.rf.49c334d302e1eb1dc89c2b5f07136912.jpg,images-97-_jpg.rf.49c334d302e1eb1dc89c2b5f07136912.jpg,99282a42dfe229127f0cc38cc9bd4f4529b927385e1f37b818f513d9b34400b8,99282a42dfe229127f0cc38cc9bd4f4529b927385e1f37b818f513d9b34400b8,copied,0,1
8a83be77f9bf5998,2e14d112a2aead10_jpg,train,train,2e14d112a2aead10_jpg.rf.cf4011340be47cf14f5519511e3327cb.jpg,2e14d112a2aead10_jpg.rf.cf4011340be47cf14f5519511e3327cb.jpg,7b6e0ef8cd9b6f5f0bc633c232ebb3085f0ae1125134a781b18663cf6b2cde3f,7b6e0ef8cd9b6f5f0bc633c232ebb3085f0ae1125134a781b18663cf6b2cde3f,copied,1,
8a943df9894a63eb,04ad21b298cd58cf_jpg,train,train,04ad21b298cd58cf_jpg.rf.67c8d7ceb3c4c3513d2af07a039a8b17.jpg,04ad21b298cd58cf_jpg.rf.67c8d7ceb3c4c3513d2af07a039a8b17.jpg,b42e2aaab2037d7749ca20735629018a58bc648637c3c30229adeacee5a2af37,b42e2aaab2037d7749ca20735629018a58bc648637c3c30229adeacee5a2af37,copied,1,
8b05dea93d136532,smoking_0271_jpg,train,train,smoking_0271_jpg.rf.ff75c322cbd5204f26553705152d9148.jpg,smoking_0271_jpg.rf.ff75c322cbd5204f26553705152d9148.jpg,e6f865873671717151caa2fbe0fd961a42ec5896b078e99b1119860b1f4d4df0,e6f865873671717151caa2fbe0fd961a42ec5896b078e99b1119860b1f4d4df0,copied,0,1
8b13f1e9be51e75a,smoking_0933_jpg,valid,train,smoking_0933_jpg.rf.745aab15ec4db78c277129cf6fbc5bbc.jpg,smoking_0933_jpg.rf.745aab15ec4db78c277129cf6fbc5bbc.jpg,b9c818a8ea39a38f3e7c67c0d049582f1aa1bf1d66813f00ce09969faab256f5,b9c818a8ea39a38f3e7c67c0d049582f1aa1bf1d66813f00ce09969faab256f5,copied,0,0
8b3e7ffb96e4770c,000477_jpg,train,train,000477_jpg.rf.775f4f0a08fdac3fc999bade32aecf56.jpg,000477_jpg.rf.775f4f0a08fdac3fc999bade32aecf56.jpg,f07c5c6767fbc73de085573175ffb373d6cb6499e1cdf8a331a54b0a39cfe512,f07c5c6767fbc73de085573175ffb373d6cb6499e1cdf8a331a54b0a39cfe512,copied,0,2
8b727a8d46117ebe,smoking_0794_jpg,train,train,smoking_0794_jpg.rf.b4d0176c3a455cf396b063afaefe68f3.jpg,smoking_0794_jpg.rf.b4d0176c3a455cf396b063afaefe68f3.jpg,26a02d4767e639ea305c0f115575405ec85a6b6b591831eddd9a1f793e0932b2,26a02d4767e639ea305c0f115575405ec85a6b6b591831eddd9a1f793e0932b2,copied,0,1
8b86759a32bb6ec2,1697100022652_JPEG_jpg,train,train,1697100022652_JPEG_jpg.rf.50c5e8084ed031ee18be245245bc3796.jpg,1697100022652_JPEG_jpg.rf.50c5e8084ed031ee18be245245bc3796.jpg,d90a49133c02f8ffe1a3c760fda8002d5a05a639025b2559f10f01f3b4def866,d90a49133c02f8ffe1a3c760fda8002d5a05a639025b2559f10f01f3b4def866,copied,0,0
8c603543c15f5038,smoking_0426_jpg,valid,train,smoking_0426_jpg.rf.2b315cff5ebde0d46516118a958590ed.jpg,smoking_0426_jpg.rf.2b315cff5ebde0d46516118a958590ed.jpg,57378430c635f454fdf88ed76194b44b188d4d1906b08e065a15b51c5f685c84,57378430c635f454fdf88ed76194b44b188d4d1906b08e065a15b51c5f685c84,copied,0,0
8c7f628d35f1e87b,smoking_0026_jpg,valid,train,smoking_0026_jpg.rf.b27465833b5a3a32049a0e2c7f1b8cce.jpg,smoking_0026_jpg.rf.b27465833b5a3a32049a0e2c7f1b8cce.jpg,d432f4c55f0fd9652bb2b0a487c1475839fd558dc60fdd079ee3eecb07a6f3ba,d432f4c55f0fd9652bb2b0a487c1475839fd558dc60fdd079ee3eecb07a6f3ba,copied,0,0
8cc79eb46e9adee4,WIN_20220507_21_29_21_Pro_jpg,train,train,WIN_20220507_21_29_21_Pro_jpg.rf.7f58151462fc7f3fce6833063e9be8b0.jpg,WIN_20220507_21_29_21_Pro_jpg.rf.7f58151462fc7f3fce6833063e9be8b0.jpg,540fa2f109eaeba35347acc230caf8bd0a175efd7171a80c017e31cd1aeeb41b,540fa2f109eaeba35347acc230caf8bd0a175efd7171a80c017e31cd1aeeb41b,copied,0,1
8ccd78910f2053c1,15957a349f1f5ead_jpg,train,train,15957a349f1f5ead_jpg.rf.63ace7ebdae4642f0e6e40fcd14c5e8e.jpg,15957a349f1f5ead_jpg.rf.63ace7ebdae4642f0e6e40fcd14c5e8e.jpg,cfc582d9c84da26f28ede6c1e311b98e1541f0fe2587ef6e5fc1dcd2a55977bd,cfc582d9c84da26f28ede6c1e311b98e1541f0fe2587ef6e5fc1dcd2a55977bd,copied,1,
8d2e8e83a1d35de2,pexels-photo-5506873_jpeg_jpg,train,train,pexels-photo-5506873_jpeg_jpg.rf.2c1c1a8b31b7011ba1b83ca5c52f05a2.jpg,pexels-photo-5506873_jpeg_jpg.rf.2c1c1a8b31b7011ba1b83ca5c52f05a2.jpg,70c32715791bab2e0bea6cd98722b6d71e77924d79253f430b8e065ad153651b,70c32715791bab2e0bea6cd98722b6d71e77924d79253f430b8e065ad153651b,copied,0,1
8d3ef9d88e368517,smoking_0373_jpg,valid,train,smoking_0373_jpg.rf.4e2866a21c009436184d881a9595b750.jpg,smoking_0373_jpg.rf.4e2866a21c009436184d881a9595b750.jpg,b1f5a62b9abf740f5c923596432e0c06044d7a7756003c0517961b1531be7cb6,b1f5a62b9abf740f5c923596432e0c06044d7a7756003c0517961b1531be7cb6,copied,0,0
8d44e7a69de83ae9,IMG_4563_jpg,train,train,IMG_4563_jpg.rf.3f4d907b83fb48b6fde3011aab09f715.jpg,IMG_4563_jpg.rf.3f4d907b83fb48b6fde3011aab09f715.jpg,3920b29cf06951c9ca26eebe891a1331126fafdf78d2da162c24b61d4fa673ee,3920b29cf06951c9ca26eebe891a1331126fafdf78d2da162c24b61d4fa673ee,copied,1,
8d5d8d3a0df175fe,smoking_0811_jpg,valid,train,smoking_0811_jpg.rf.f6f3fea816ca83dda0694c1be2fed8b4.jpg,smoking_0811_jpg.rf.f6f3fea816ca83dda0694c1be2fed8b4.jpg,e54f6f560720bc3354b7afdd2671942b0a79ec7f70982df9369261536c9f257a,e54f6f560720bc3354b7afdd2671942b0a79ec7f70982df9369261536c9f257a,copied,0,0
8d9462de0ae68520,smoking_0964_jpg,train,train,smoking_0964_jpg.rf.9f0f935e697dff0067323a232bb90ccc.jpg,smoking_0964_jpg.rf.9f0f935e697dff0067323a232bb90ccc.jpg,895277244ba2dcb22a743fbd656a6a0cd8d7027251e5064552389bd74e16df3c,895277244ba2dcb22a743fbd656a6a0cd8d7027251e5064552389bd74e16df3c,copied,0,0
8d9bc6a0306d43de,smoking_0757_jpg,train,train,smoking_0757_jpg.rf.9046d81d86ec60e5024de0cf311f771c.jpg,smoking_0757_jpg.rf.9046d81d86ec60e5024de0cf311f771c.jpg,7721f641ea88dbbcbe68c115311a53800ec5093f7e6504e4ee4caca004fdcbd8,7721f641ea88dbbcbe68c115311a53800ec5093f7e6504e4ee4caca004fdcbd8,copied,0,1
8dcbf0b589e81d4b,small-23-_jpg,train,train,small-23-_jpg.rf.426aad6623dc47130946c72907dfdae7.jpg,small-23-_jpg.rf.426aad6623dc47130946c72907dfdae7.jpg,19e4e91360f1291c2e06bf689c18afc7b85b295cde10b53c0be2f4f2ef3849b4,19e4e91360f1291c2e06bf689c18afc7b85b295cde10b53c0be2f4f2ef3849b4,copied,0,1
8e25a0f6c64bc247,WIN_20220507_21_29_07_Pro_jpg,train,train,WIN_20220507_21_29_07_Pro_jpg.rf.aa43c6b9edc7a4421ae1264ed081d89a.jpg,WIN_20220507_21_29_07_Pro_jpg.rf.aa43c6b9edc7a4421ae1264ed081d89a.jpg,116feb9e251976b82e437df276f3c9dc42dd84e73ee16a098ee814c6e7b9f8ab,116feb9e251976b82e437df276f3c9dc42dd84e73ee16a098ee814c6e7b9f8ab,copied,0,1
8e42c84323af7b2d,3677644f37b6b63b_jpg,train,train,3677644f37b6b63b_jpg.rf.9e7ca9e5e3d14916ed86408337c4b901.jpg,3677644f37b6b63b_jpg.rf.9e7ca9e5e3d14916ed86408337c4b901.jpg,4387fad5d5caa6f5a530658b0afa0e7c7ec86e5fd3a27bac59d677bb7e7d075c,4387fad5d5caa6f5a530658b0afa0e7c7ec86e5fd3a27bac59d677bb7e7d075c,copied,1,
8e74d1c21ced1ae5,smoking_0801_jpg,train,train,smoking_0801_jpg.rf.a28870b1f36358c9e2a4fdd79078c699.jpg,smoking_0801_jpg.rf.a28870b1f36358c9e2a4fdd79078c699.jpg,f448209b7be5e3145f829ed1653864c72e4122030c2e77a8849bc9d8be0b34f0,f448209b7be5e3145f829ed1653864c72e4122030c2e77a8849bc9d8be0b34f0,copied,0,0
8e7ac16fbee2784d,pexels-photo-6204761_jpeg_jpg,train,train,pexels-photo-6204761_jpeg_jpg.rf.af18dde9a051a22e8f070e84368371bf.jpg,pexels-photo-6204761_jpeg_jpg.rf.af18dde9a051a22e8f070e84368371bf.jpg,9ad7a3418219f64a216e61ab3ccfc250abe1959942d94c751b8936c18e199a28,9ad7a3418219f64a216e61ab3ccfc250abe1959942d94c751b8936c18e199a28,copied,0,1
8e95597b82352da6,WIN_20220507_21_28_29_Pro-2-_jpg,train,train,WIN_20220507_21_28_29_Pro-2-_jpg.rf.8bd43aec7d770fb577f7c11f6d2a537b.jpg,WIN_20220507_21_28_29_Pro-2-_jpg.rf.8bd43aec7d770fb577f7c11f6d2a537b.jpg,df7e48f998995cb7a74dbb70c1234398748c2bde98c52f5ca625c2ed044f3ebc,df7e48f998995cb7a74dbb70c1234398748c2bde98c52f5ca625c2ed044f3ebc,copied,0,1
8eb5439d3e58dab7,WIN_20220329_21_28_41_Pro_jpg,train,train,WIN_20220329_21_28_41_Pro_jpg.rf.6a92eb7b1f2b15b6a5dd9b010ace3ff9.jpg,WIN_20220329_21_28_41_Pro_jpg.rf.6a92eb7b1f2b15b6a5dd9b010ace3ff9.jpg,a812292c2d0a92b41479e2bc9d7e1f0f7fb9c93368e5f8baacd66f3c807e240b,a812292c2d0a92b41479e2bc9d7e1f0f7fb9c93368e5f8baacd66f3c807e240b,copied,0,1
8eb6bc0f27908da9,WIN_20220507_21_28_49_Pro_jpg,train,train,WIN_20220507_21_28_49_Pro_jpg.rf.665cd9ad6f2e0914d5b9b3ef6b10a97f.jpg,WIN_20220507_21_28_49_Pro_jpg.rf.665cd9ad6f2e0914d5b9b3ef6b10a97f.jpg,4fa415d8f5982a1be4e72445c9f57ca95a1f12ff5677e88fa92a657b87f3d988,4fa415d8f5982a1be4e72445c9f57ca95a1f12ff5677e88fa92a657b87f3d988,copied,0,1
8f1d032a3f02677d,c00026_jpeg_jpg,train,train,c00026_jpeg_jpg.rf.110e6198d5e7ec8dcaa3399aa43ee32f.jpg,c00026_jpeg_jpg.rf.110e6198d5e7ec8dcaa3399aa43ee32f.jpg,b14ac0d6527ba3ca6e711ef5ec823ed8f608c4c1248840f02e45d2372414d255,b14ac0d6527ba3ca6e711ef5ec823ed8f608c4c1248840f02e45d2372414d255,copied,0,2
8f47576292d4f5b6,WIN_20220507_21_28_55_Pro_jpg,train,train,WIN_20220507_21_28_55_Pro_jpg.rf.6f226940e6d42428b117c21a2f144f89.jpg,WIN_20220507_21_28_55_Pro_jpg.rf.6f226940e6d42428b117c21a2f144f89.jpg,b1fec0698e283f471459b94fb683dd96531899e1c9009024cfd17a4810c4dd24,b1fec0698e283f471459b94fb683dd96531899e1c9009024cfd17a4810c4dd24,copied,0,1
8f5165eed8f32102,bb0393_jpg,train,train,bb0393_jpg.rf.386a76952865780ff603de79d9e0b066.jpg,bb0393_jpg.rf.386a76952865780ff603de79d9e0b066.jpg,d38dc9308ba178c6579cdd33f3184ef0b72526d92b7ce0322736e46d747ee741,d38dc9308ba178c6579cdd33f3184ef0b72526d92b7ce0322736e46d747ee741,copied,0,2
8fa9d6ccd4d8498a,smoking_0839_jpg,train,train,smoking_0839_jpg.rf.34ba2966c9ca6e952550dafa74f4f583.jpg,smoking_0839_jpg.rf.34ba2966c9ca6e952550dafa74f4f583.jpg,add481fa84b7bb887a50d7c971c9296ac9bf0a9080da5efdce264f86dfb6c36c,add481fa84b7bb887a50d7c971c9296ac9bf0a9080da5efdce264f86dfb6c36c,copied,0,0
8fe31c270d3463f1,images-2022-05-07T213519-098-1-_jpg,train,train,images-2022-05-07T213519-098-1-_jpg.rf.2c01703708b0f5ab0ec738c40cc70d2f.jpg,images-2022-05-07T213519-098-1-_jpg.rf.2c01703708b0f5ab0ec738c40cc70d2f.jpg,08571182f2051de30fb5f808904e8883cfb78560c47dd254c7eddf2b95d532ae,08571182f2051de30fb5f808904e8883cfb78560c47dd254c7eddf2b95d532ae,copied,0,1
9049e084ac5ae672,21bce0d614804287_jpg,train,train,21bce0d614804287_jpg.rf.b7473d9a5381ef537422bd167a46701b.jpg,21bce0d614804287_jpg.rf.b7473d9a5381ef537422bd167a46701b.jpg,4587e0a9249b610268543d1199149880084bcb5a80351cf8f6f9d17ff0c1b745,4587e0a9249b610268543d1199149880084bcb5a80351cf8f6f9d17ff0c1b745,copied,1,
906c568fcce2221b,smoking_0255_jpg,train,train,smoking_0255_jpg.rf.1d6bb7bb07d1fea5b8d077af27b61777.jpg,smoking_0255_jpg.rf.1d6bb7bb07d1fea5b8d077af27b61777.jpg,773b147d4261b58ed8a1be1199d9be885ad3e26250ee5264b2d1f7a7e38ece87,773b147d4261b58ed8a1be1199d9be885ad3e26250ee5264b2d1f7a7e38ece87,copied,0,1
90922df797166348,IMG_5821_jpg,train,train,IMG_5821_jpg.rf.c076d8b38c06434dbcae0cb992939d08.jpg,IMG_5821_jpg.rf.c076d8b38c06434dbcae0cb992939d08.jpg,2549870f0a32513652b665428da0f845050c5d99717a38eb97f95dd8bb639585,2549870f0a32513652b665428da0f845050c5d99717a38eb97f95dd8bb639585,copied,0,1
90c57aed8ec001b5,0317e33a6fcacc14_jpg,train,train,0317e33a6fcacc14_jpg.rf.56ec75b8795cca63ad93f63838ec8ede.jpg,0317e33a6fcacc14_jpg.rf.56ec75b8795cca63ad93f63838ec8ede.jpg,73985313626e8abf784190b44ab595803f239c0e2b22e051c2e822caa12f47c3,73985313626e8abf784190b44ab595803f239c0e2b22e051c2e822caa12f47c3,copied,1,
912f55d8fd3b4bd7,smoking_0733_jpg,train,train,smoking_0733_jpg.rf.43197d3b808edb0ec4ff2205a07bb2d5.jpg,smoking_0733_jpg.rf.43197d3b808edb0ec4ff2205a07bb2d5.jpg,3bca8fc40249c7923f550c272e2010d0b9b88f0fd990e5620d0169d0c36937d8,3bca8fc40249c7923f550c272e2010d0b9b88f0fd990e5620d0169d0c36937d8,copied,0,0
9130bba398bd7140,small-26-_jpg,train,train,small-26-_jpg.rf.00f395d7ab3b22e4b5eeac0705c3df45.jpg,small-26-_jpg.rf.00f395d7ab3b22e4b5eeac0705c3df45.jpg,51b0164b8f4531d776b8883b2ee2dbd0059568412c906dfcf7beb96d8ad47049,51b0164b8f4531d776b8883b2ee2dbd0059568412c906dfcf7beb96d8ad47049,copied,0,1
9149a36c9c1ab0c0,bb0205_jpg,valid,valid,bb0205_jpg.rf.bb56fe90b0fb27c97bc53a317f225519.jpg,bb0205_jpg.rf.bb56fe90b0fb27c97bc53a317f225519.jpg,c4f46b426c395a27776ca04d717d00316c9b2aa988ee1d1f4c11ce269690ee19,c4f46b426c395a27776ca04d717d00316c9b2aa988ee1d1f4c11ce269690ee19,copied,0,2
91f4118338e3e8a0,WIN_20220507_21_29_24_Pro_jpg,train,train,WIN_20220507_21_29_24_Pro_jpg.rf.2dd15fcc778193f78ad5e11afeaf68e4.jpg,WIN_20220507_21_29_24_Pro_jpg.rf.2dd15fcc778193f78ad5e11afeaf68e4.jpg,fe2b6e9931daa31fd121fa8c5795280b46a0f46150545f793a40e87d4c8b9971,fe2b6e9931daa31fd121fa8c5795280b46a0f46150545f793a40e87d4c8b9971,copied,0,1
92096581df075a99,smoking_0871_jpg,train,train,smoking_0871_jpg.rf.b50e80c21b7aa4859d2c6b08d8168db9.jpg,smoking_0871_jpg.rf.b50e80c21b7aa4859d2c6b08d8168db9.jpg,826cf625229f10fc5679da5b9759eebfa2862172c7fada1401b7c7223be9dc11,826cf625229f10fc5679da5b9759eebfa2862172c7fada1401b7c7223be9dc11,copied,0,0
920dc6d39b72b79e,smoking_0795_jpg,train,train,smoking_0795_jpg.rf.58cd79f2a20b22439a16e4737797828b.jpg,smoking_0795_jpg.rf.58cd79f2a20b22439a16e4737797828b.jpg,861604093dfc5d6521b9781072138c5b3c1c8f7e898b9367bd7a8b4f10cbacd3,861604093dfc5d6521b9781072138c5b3c1c8f7e898b9367bd7a8b4f10cbacd3,copied,0,0
9230fd8f371dc29c,smoking_1063_jpg,valid,train,smoking_1063_jpg.rf.59ae6c0a3d7ff544ce1c21f184577900.jpg,smoking_1063_jpg.rf.59ae6c0a3d7ff544ce1c21f184577900.jpg,2b3a6ce98b0b14f8a62bb88b81423ddc60695f606d193d2326501ff319a862e1,2b3a6ce98b0b14f8a62bb88b81423ddc60695f606d193d2326501ff319a862e1,copied,0,0
923150b9b40ee0bf,IMG_4378_jpg,train,train,IMG_4378_jpg.rf.8d91e6a1161c7e6d2036cf5edade656c.jpg,IMG_4378_jpg.rf.8d91e6a1161c7e6d2036cf5edade656c.jpg,d3e348861528fd9649a957c8cd026798b9a4a8ce9c7cc6b6dfcc7016d9f530ea,d3e348861528fd9649a957c8cd026798b9a4a8ce9c7cc6b6dfcc7016d9f530ea,copied,0,0
924b86e06edd5cc9,smoking_0328_jpg,train,train,smoking_0328_jpg.rf.4b99b0958d36f86e625a23ecd56201d8.jpg,smoking_0328_jpg.rf.4b99b0958d36f86e625a23ecd56201d8.jpg,6d6ffaa76589311759defb7a2b7ec6117e47ef9aaa02cd89e96d3494717450a7,6d6ffaa76589311759defb7a2b7ec6117e47ef9aaa02cd89e96d3494717450a7,copied,0,0
92671ba44a29f5d4,WIN_20220329_21_30_59_Pro_jpg,valid,train,WIN_20220329_21_30_59_Pro_jpg.rf.6bf6dc8f96878b73365c09cbcf55cf6d.jpg,WIN_20220329_21_30_59_Pro_jpg.rf.6bf6dc8f96878b73365c09cbcf55cf6d.jpg,d5e381bb2dcf66699e8d9a666115d076551742cefc0fdb506cb758485d34961a,d5e381bb2dcf66699e8d9a666115d076551742cefc0fdb506cb758485d34961a,copied,0,1
928165ebaa5da297,35024046f47a9192_jpg,train,train,35024046f47a9192_jpg.rf.5b71e861c7e71680a5349b459d1c9dea.jpg,35024046f47a9192_jpg.rf.5b71e861c7e71680a5349b459d1c9dea.jpg,bf6a092391baf0894cb16bb9a97d77fc4e6a0032963044bdf28c9288de860dc9,bf6a092391baf0894cb16bb9a97d77fc4e6a0032963044bdf28c9288de860dc9,copied,1,
93081cb960bc5cc0,bb0300_jpg,valid,test,bb0300_jpg.rf.fa7547f2da41dbe242f573e6de45c9c7.jpg,bb0300_jpg.rf.fa7547f2da41dbe242f573e6de45c9c7.jpg,9f1f948eab06d791c4c69a245fd4cd94dce34ddce47f040e6dbe26a71223b5a9,9f1f948eab06d791c4c69a245fd4cd94dce34ddce47f040e6dbe26a71223b5a9,copied,0,2
937798eb1095f876,IMG_4531_jpg,train,train,IMG_4531_jpg.rf.495828992af8b63aa1b18276987b3872.jpg,IMG_4531_jpg.rf.495828992af8b63aa1b18276987b3872.jpg,61d53db4d9ff00ff6436737b29599cba26f9a9a1c50ecdfa4476e52a8d5b2ee5,61d53db4d9ff00ff6436737b29599cba26f9a9a1c50ecdfa4476e52a8d5b2ee5,copied,0,0|1
937fff62e5477b46,000436_jpg,train,train,000436_jpg.rf.08fbc67ea57ca028dcafb83d7ee3f844.jpg,000436_jpg.rf.08fbc67ea57ca028dcafb83d7ee3f844.jpg,dfe7e6015fc47838cdd4fe93f0e816069f13e8948ea6d7ecdce81c2b09f959f0,dfe7e6015fc47838cdd4fe93f0e816069f13e8948ea6d7ecdce81c2b09f959f0,copied,0,2
93a0790fc1e07027,small-13-_jpg,train,train,small-13-_jpg.rf.b98f2495e6c3725df861393546d3cb52.jpg,small-13-_jpg.rf.b98f2495e6c3725df861393546d3cb52.jpg,352c6ad81036c1439efbae562edbabef9f3dc394da4b465daf0ed3cfa1e6ecc2,352c6ad81036c1439efbae562edbabef9f3dc394da4b465daf0ed3cfa1e6ecc2,copied,0,1
93d5a84380053c06,download-3-_jpeg_jpg,valid,valid,download-3-_jpeg_jpg.rf.e6f40d54f4f20dbec8cae2aa82ef3245.jpg,download-3-_jpeg_jpg.rf.e6f40d54f4f20dbec8cae2aa82ef3245.jpg,b57ea08ad467a8f09ee58de6b5dcf5c4836c1c20a893e23b053a0168074280ec,b57ea08ad467a8f09ee58de6b5dcf5c4836c1c20a893e23b053a0168074280ec,copied,0,1
940412b65f258440,1767759a493442b5_jpg,train,train,1767759a493442b5_jpg.rf.00826d4b25b6cbb4c274f16d619b74fb.jpg,1767759a493442b5_jpg.rf.00826d4b25b6cbb4c274f16d619b74fb.jpg,1922eedc2f766a6a87e88eb64d4488c9416b8d60c432bcdb64e71baa7fd665ac,1922eedc2f766a6a87e88eb64d4488c9416b8d60c432bcdb64e71baa7fd665ac,copied,1,
9411dd1f53bab445,1697099878154_JPEG_jpg,train,train,1697099878154_JPEG_jpg.rf.19366b8476ffd33abb24274fe5358dac.jpg,1697099878154_JPEG_jpg.rf.19366b8476ffd33abb24274fe5358dac.jpg,ab9f8db43b5e144d6855d14b11060dc8ef2235a0c84be3e8373e90b6456fed6f,ab9f8db43b5e144d6855d14b11060dc8ef2235a0c84be3e8373e90b6456fed6f,copied,0,0
9422f6f009f212ea,1119292f1319d0dd_jpg,train,test,1119292f1319d0dd_jpg.rf.81d3c2128372fa845064c8d180d265c6.jpg,1119292f1319d0dd_jpg.rf.81d3c2128372fa845064c8d180d265c6.jpg,45eee450b085a6c50b4b720d35f7ecbb1aa11b3939fb1b5375cd11f3aeb570c0,45eee450b085a6c50b4b720d35f7ecbb1aa11b3939fb1b5375cd11f3aeb570c0,copied,1,
94625d218974db87,IMG_4377_jpg,train,train,IMG_4377_jpg.rf.240740e96ab68d8f8327cdeb7ecdda2a.jpg,IMG_4377_jpg.rf.240740e96ab68d8f8327cdeb7ecdda2a.jpg,990095ef9dc521ef12c6f5a4c04833d46c5090a396eb2effd16f771fe888caa0,990095ef9dc521ef12c6f5a4c04833d46c5090a396eb2effd16f771fe888caa0,copied,0,0
94692a84b64f6e3a,08454d8e4e8de163_jpg,valid,train,08454d8e4e8de163_jpg.rf.147bb77006432fff0b740019da174995.jpg,08454d8e4e8de163_jpg.rf.147bb77006432fff0b740019da174995.jpg,f4df1a6b9a76a32850fc6bb21917743363462161f0ad41b011c199a80959cb8b,f4df1a6b9a76a32850fc6bb21917743363462161f0ad41b011c199a80959cb8b,copied,1,
94836d86a2ea2ce4,bb0095_jpg,train,train,bb0095_jpg.rf.4f17d1ee1f5ba14edfc7d5bf71989b2d.jpg,bb0095_jpg.rf.4f17d1ee1f5ba14edfc7d5bf71989b2d.jpg,c36858f575c0f8fa7e05f9dfdf97e67a2da16ae566a07a2058b97c28cf601ab7,c36858f575c0f8fa7e05f9dfdf97e67a2da16ae566a07a2058b97c28cf601ab7,copied,0,2
94b049da6eb6964f,WIN_20220507_21_27_54_Pro_jpg,valid,train,WIN_20220507_21_27_54_Pro_jpg.rf.26aa55cb66b6a3db96c44d00318d80d5.jpg,WIN_20220507_21_27_54_Pro_jpg.rf.26aa55cb66b6a3db96c44d00318d80d5.jpg,974a08f0288f9be41a8d1b6cc8955e9a4b0c1e0fcb24b548f29a9c7b3df10bbc,974a08f0288f9be41a8d1b6cc8955e9a4b0c1e0fcb24b548f29a9c7b3df10bbc,copied,0,1
94ee53592d71daa2,smoking_0832_jpg,train,train,smoking_0832_jpg.rf.0400ab442c691b498c05f26670aae8c6.jpg,smoking_0832_jpg.rf.0400ab442c691b498c05f26670aae8c6.jpg,94ce7b00e28cdef10b02772d661545fff9cfd58c5ec7b7e83a0c4b5064a4bbd2,94ce7b00e28cdef10b02772d661545fff9cfd58c5ec7b7e83a0c4b5064a4bbd2,copied,0,1
94eecf1988b1dac0,bb0570_jpg,train,train,bb0570_jpg.rf.296b3a0a2ff64575784c71da8ccfc1b3.jpg,bb0570_jpg.rf.296b3a0a2ff64575784c71da8ccfc1b3.jpg,6b3d51dd241b1882e5ce12c7c76a6687f72d9ad07dc37a87e6df80740fccb2ab,6b3d51dd241b1882e5ce12c7c76a6687f72d9ad07dc37a87e6df80740fccb2ab,copied,0,2
95076e9864fcc067,smoking_0809_jpg,test,train,smoking_0809_jpg.rf.9e803a5aecfb595c9811134981e9a038.jpg,smoking_0809_jpg.rf.9e803a5aecfb595c9811134981e9a038.jpg,20f0693444d418141b14ec4c1d82b83fbe27189602bef98ad049e5d70789b226,20f0693444d418141b14ec4c1d82b83fbe27189602bef98ad049e5d70789b226,copied,0,0
9508ff832d8a6fb5,smoking_1032_jpg,train,test,smoking_1032_jpg.rf.dc1c1bbb0014201bcf2f594f3f24a9cc.jpg,smoking_1032_jpg.rf.dc1c1bbb0014201bcf2f594f3f24a9cc.jpg,1b734cc1ff65a21f29dc194c23d756d7521779e8e21032be71511f21ab8d559f,1b734cc1ff65a21f29dc194c23d756d7521779e8e21032be71511f21ab8d559f,copied,0,0
9523a310370167d9,1697100045380_JPEG_jpg,train,train,1697100045380_JPEG_jpg.rf.084923cd3c3bf9322875a82f3e88c501.jpg,1697100045380_JPEG_jpg.rf.084923cd3c3bf9322875a82f3e88c501.jpg,85e3cd4d5f6632c3c8e744c19bfffd03ce8dd9d754776cb560d8248098cb763f,85e3cd4d5f6632c3c8e744c19bfffd03ce8dd9d754776cb560d8248098cb763f,copied,0,0
9524745e016095c8,smoking_0220_jpg,valid,train,smoking_0220_jpg.rf.80b74067e58ca705bf0de414d9131b54.jpg,smoking_0220_jpg.rf.80b74067e58ca705bf0de414d9131b54.jpg,d4f6b85722b4c9639cd1d689e92220a6aa7471e9a62c4d812e2b512b3410de1f,d4f6b85722b4c9639cd1d689e92220a6aa7471e9a62c4d812e2b512b3410de1f,copied,0,0
952a1ea6f9e6c0b7,1ef88787726e948e_jpg,train,train,1ef88787726e948e_jpg.rf.685db98711dbd596a14a43d277211d46.jpg,1ef88787726e948e_jpg.rf.685db98711dbd596a14a43d277211d46.jpg,aebdddaf2463d0bde4a90e720846587e77614dd7cde8e5d7cbcd18d01dcedf09,aebdddaf2463d0bde4a90e720846587e77614dd7cde8e5d7cbcd18d01dcedf09,copied,1,
9532ed64942f6cf4,131ccb3e931ec983_jpg,train,train,131ccb3e931ec983_jpg.rf.1dd135d22cddcf48fb1bf0e2355df680.jpg,131ccb3e931ec983_jpg.rf.1dd135d22cddcf48fb1bf0e2355df680.jpg,cc68fbc5ea591a4170877c72d2fa6f290ef89e2daf3558ae03f81e4f0f361c76,cc68fbc5ea591a4170877c72d2fa6f290ef89e2daf3558ae03f81e4f0f361c76,copied,1,
9541fe694386a1f2,smoking_0088_jpg,train,train,smoking_0088_jpg.rf.c12360cdd75c15fb3138d14ba3607141.jpg,smoking_0088_jpg.rf.c12360cdd75c15fb3138d14ba3607141.jpg,4487c85bcec59906b9cc788630489632d48ffcce7858a53bc5c4bae2d6c7de26,4487c85bcec59906b9cc788630489632d48ffcce7858a53bc5c4bae2d6c7de26,copied,0,1
95858dd2d48cc97d,smoking_0538_jpg,valid,train,smoking_0538_jpg.rf.b123af7a9956fe774b984b4205f3ff97.jpg,smoking_0538_jpg.rf.b123af7a9956fe774b984b4205f3ff97.jpg,13bc866a7587258e07547aab7d64c70507d4a43a0d19f84b895d73a6ad822c7e,13bc866a7587258e07547aab7d64c70507d4a43a0d19f84b895d73a6ad822c7e,copied,0,0
958cc461b7304619,smoking_0293_jpg,test,train,smoking_0293_jpg.rf.72e69fc82a6e4386bb40d4ef1aaf1e02.jpg,smoking_0293_jpg.rf.72e69fc82a6e4386bb40d4ef1aaf1e02.jpg,69b3256fc657a5e9894529ac0fd016ec38c7ca359a27e0cda15543aaa81cadfd,69b3256fc657a5e9894529ac0fd016ec38c7ca359a27e0cda15543aaa81cadfd,copied,0,0
95d7284373c57b4c,b00181_jpg,train,train,b00181_jpg.rf.1515daaaca4f58a1ab6954e6fe5ef217.jpg,b00181_jpg.rf.1515daaaca4f58a1ab6954e6fe5ef217.jpg,d92ddbca44883e94c37e33ee881a55300e1ac3cc0e5801ed3085a9801645cc60,d92ddbca44883e94c37e33ee881a55300e1ac3cc0e5801ed3085a9801645cc60,copied,0,2
95dfe75287c3065d,1697095266386_JPEG_jpg,train,train,1697095266386_JPEG_jpg.rf.03358717a24e0ca5935e8bff00f23fe5.jpg,1697095266386_JPEG_jpg.rf.03358717a24e0ca5935e8bff00f23fe5.jpg,0706dc3cda3fe41f447466ca7f09c6906eb8928706280c4d90fd53d71a09b60d,0706dc3cda3fe41f447466ca7f09c6906eb8928706280c4d90fd53d71a09b60d,copied,0,0
95f216faefc1a8df,smoking_0526_jpg,train,train,smoking_0526_jpg.rf.430cc0f47fe1e7c80d16f28e193e2010.jpg,smoking_0526_jpg.rf.430cc0f47fe1e7c80d16f28e193e2010.jpg,5591fd6a1e524a2448bb41a26646d2c77c38ffcfb072107826b139b185e22543,5591fd6a1e524a2448bb41a26646d2c77c38ffcfb072107826b139b185e22543,copied,0,0
96502ad36b3fa1fd,IMG_4453_jpg,train,train,IMG_4453_jpg.rf.3f3bd4e4615fa70acd02f49f29fb3b72.jpg,IMG_4453_jpg.rf.3f3bd4e4615fa70acd02f49f29fb3b72.jpg,9dd7f10ede7377876ebd31d2085b8ffd9df9772ae57b39655bbb511ec4a7c2d1,9dd7f10ede7377876ebd31d2085b8ffd9df9772ae57b39655bbb511ec4a7c2d1,copied,0,0|1
96671b08f92fb362,smoking_0181_jpg,train,valid,smoking_0181_jpg.rf.346f411f9f63a2deb118315b5333baf6.jpg,smoking_0181_jpg.rf.346f411f9f63a2deb118315b5333baf6.jpg,cae8952bcb6e3370d21fa56679e838592bb7d6be312a192f379e314ab92d6e30,cae8952bcb6e3370d21fa56679e838592bb7d6be312a192f379e314ab92d6e30,copied,0,0
96c02a86c78a5c8b,025b349875511ef0_jpg,valid,train,025b349875511ef0_jpg.rf.f29c617e80a9336bd66d040aef955a08.jpg,025b349875511ef0_jpg.rf.f29c617e80a9336bd66d040aef955a08.jpg,6f96ef7f8eb1eda51df212a24c38753ae485284e42b3fe76e1212b55a1080564,6f96ef7f8eb1eda51df212a24c38753ae485284e42b3fe76e1212b55a1080564,copied,1,
96e4a29beb7c7376,smoking_0789_jpg,train,train,smoking_0789_jpg.rf.8f3872fea7f2252c3d7c890f4cff3088.jpg,smoking_0789_jpg.rf.8f3872fea7f2252c3d7c890f4cff3088.jpg,a347418560193d54e3262654c9e9dffc89ec4403ffe975695d037f27fff260c9,a347418560193d54e3262654c9e9dffc89ec4403ffe975695d037f27fff260c9,copied,0,0
97098df4a89315a9,302a790a363fbaf5_jpg,valid,train,302a790a363fbaf5_jpg.rf.49d6ba989c0aab388e989bbada7ce1ae.jpg,302a790a363fbaf5_jpg.rf.49d6ba989c0aab388e989bbada7ce1ae.jpg,0b2838c9a84246ecd31c817560d31085a3752ca1d241a0e476d7dac406ba47dd,0b2838c9a84246ecd31c817560d31085a3752ca1d241a0e476d7dac406ba47dd,copied,1,
972bc41ff5d6ad3e,smoking_0822_jpg,train,train,smoking_0822_jpg.rf.27c73cbee55e65d21362faf9cc6d838d.jpg,smoking_0822_jpg.rf.27c73cbee55e65d21362faf9cc6d838d.jpg,2d12bbf475cb248ff15745f391b0488550575e2cf9932b03571e0b7cf02b5b9c,2d12bbf475cb248ff15745f391b0488550575e2cf9932b03571e0b7cf02b5b9c,copied,0,0
9745bc49ad418b7d,000592_jpg,test,test,000592_jpg.rf.c0c6cbf0778982d584b23e0490de3060.jpg,000592_jpg.rf.c0c6cbf0778982d584b23e0490de3060.jpg,c6ecd6f8b6dc713e1ae1657454885c5eac360efdc5faf2e287073d9cca7bc471,c6ecd6f8b6dc713e1ae1657454885c5eac360efdc5faf2e287073d9cca7bc471,copied,0,2
97576f3ab7e343af,smoking_0492_jpg,train,test,smoking_0492_jpg.rf.4703e3092c7d5178efa334e29030d54f.jpg,smoking_0492_jpg.rf.4703e3092c7d5178efa334e29030d54f.jpg,2a2efd519f6b5f3b00b36d226c804938b6e95e8d64fb47a7e164efc556569a07,2a2efd519f6b5f3b00b36d226c804938b6e95e8d64fb47a7e164efc556569a07,copied,0,1
976e1d1b7f47dd34,bb0089_jpg,test,test,bb0089_jpg.rf.78dda7c642ba42209061266f0e585a1b.jpg,bb0089_jpg.rf.78dda7c642ba42209061266f0e585a1b.jpg,a28095d39300ff4e0f52a812c0dfe802343e40cb1ca29f7cedad37982b0aa0a2,a28095d39300ff4e0f52a812c0dfe802343e40cb1ca29f7cedad37982b0aa0a2,copied,0,2
9771d9282ed81734,images-74-_jpg,train,train,images-74-_jpg.rf.4fe761de0366e46f516dcbbd3c8230b3.jpg,images-74-_jpg.rf.4fe761de0366e46f516dcbbd3c8230b3.jpg,9888da23c3a7035b68455fd06b503a971672515a5e24c8d21aa72f8d4c1a8f3b,9888da23c3a7035b68455fd06b503a971672515a5e24c8d21aa72f8d4c1a8f3b,copied,0,1
97812ba70adcad71,0fb49958c0e4c36f_jpg,train,test,0fb49958c0e4c36f_jpg.rf.106acc4f866a1e8f43e9a7f844c8eb7f.jpg,0fb49958c0e4c36f_jpg.rf.106acc4f866a1e8f43e9a7f844c8eb7f.jpg,4a300d48d00caa50ff344f0415844e11e6cd6a7cd815f3a111a2796bb64c2709,4a300d48d00caa50ff344f0415844e11e6cd6a7cd815f3a111a2796bb64c2709,copied,1,
978fdb7c41c684a3,smoking_0765_jpg,train,train,smoking_0765_jpg.rf.8429a9ad87e62e6e4d779b285bcbcd77.jpg,smoking_0765_jpg.rf.8429a9ad87e62e6e4d779b285bcbcd77.jpg,45e611e7adaed2a79d2a9b61ad97429f60a7010ea1f3d924de739fa16d54ae2b,45e611e7adaed2a79d2a9b61ad97429f60a7010ea1f3d924de739fa16d54ae2b,copied,0,1
97b956bece910a1e,WIN_20220507_21_28_33_Pro_jpg,train,train,WIN_20220507_21_28_33_Pro_jpg.rf.182eb9ae9b6456a1d32b2699b3bdfe8d.jpg,WIN_20220507_21_28_33_Pro_jpg.rf.182eb9ae9b6456a1d32b2699b3bdfe8d.jpg,eb55df8e12946e5e1d8db58fd593e2006473eb1feca64ae30f8faf75ba02af38,eb55df8e12946e5e1d8db58fd593e2006473eb1feca64ae30f8faf75ba02af38,copied,0,1
97bbd5c62ccb5364,smoking_0504_jpg,valid,valid,smoking_0504_jpg.rf.97c48cedfd45f479c5d07e21c8f3800e.jpg,smoking_0504_jpg.rf.97c48cedfd45f479c5d07e21c8f3800e.jpg,18616e1253694ce85cfe70a2cbf5b9d43345b4da437d621f7f8940dc579f338a,18616e1253694ce85cfe70a2cbf5b9d43345b4da437d621f7f8940dc579f338a,copied,0,0
97d1a5c91305b8eb,images-34-_jpg,train,train,images-34-_jpg.rf.115cc2c124e641cff34732872f9e526c.jpg,images-34-_jpg.rf.115cc2c124e641cff34732872f9e526c.jpg,dea0da4451d9505829148939d8075d560b96059a04c1e947de55e7e286bba498,dea0da4451d9505829148939d8075d560b96059a04c1e947de55e7e286bba498,copied,0,1
97e308f53be1b3cf,smoking_0856_jpg,train,train,smoking_0856_jpg.rf.bb790bc5872bc3e07c680fc7cc140542.jpg,smoking_0856_jpg.rf.bb790bc5872bc3e07c680fc7cc140542.jpg,0b7cc2dbcf406759bbcdc33729c6ea1391591454e2711c9dba01dba888989210,0b7cc2dbcf406759bbcdc33729c6ea1391591454e2711c9dba01dba888989210,copied,0,0
981ca69411971e5f,00d45be41689a471_jpg,valid,train,00d45be41689a471_jpg.rf.b751b38acc8ab6ab045075a61cf29580.jpg,00d45be41689a471_jpg.rf.b751b38acc8ab6ab045075a61cf29580.jpg,301367ca37edf836bb37aa044e96846a10346a9ef53077bffe2d4c0f2af9599e,301367ca37edf836bb37aa044e96846a10346a9ef53077bffe2d4c0f2af9599e,copied,1,
98318a4b1dfc5a7b,images-1-_jpeg_jpg,valid,train,images-1-_jpeg_jpg.rf.9a4ae90711eacc4951e28a698f805e43.jpg,images-1-_jpeg_jpg.rf.9a4ae90711eacc4951e28a698f805e43.jpg,4a93bf11725bfbfa5d5f6dbb3398c2dd33ef4882accdb04cfe53bea69101977b,4a93bf11725bfbfa5d5f6dbb3398c2dd33ef4882accdb04cfe53bea69101977b,copied,0,1
983a35efe36e1e12,c00290_jpg,test,test,c00290_jpg.rf.7dda2a78479b34b56f117c76fea92c58.jpg,c00290_jpg.rf.7dda2a78479b34b56f117c76fea92c58.jpg,17bcc9f79e6dcecd150d54981f9367e7e8785e948509bc62ae4e8a229255bef1,17bcc9f79e6dcecd150d54981f9367e7e8785e948509bc62ae4e8a229255bef1,copied,0,2
983d5882bcbfc021,006ee549d9e6b683_jpg,valid,valid,006ee549d9e6b683_jpg.rf.5c63818b8b766b6daf7ef5f1ebe3112a.jpg,006ee549d9e6b683_jpg.rf.5c63818b8b766b6daf7ef5f1ebe3112a.jpg,de90bb3fb93ed2f1afa539a5149af9c1b4972d5cecb20798b66f19aca6382337,de90bb3fb93ed2f1afa539a5149af9c1b4972d5cecb20798b66f19aca6382337,copied,1,
983f2ba41af29ca3,2961d8204fb7458e_jpg,train,train,2961d8204fb7458e_jpg.rf.d73cc5e468417ebc596dba845cb7c39f.jpg,2961d8204fb7458e_jpg.rf.d73cc5e468417ebc596dba845cb7c39f.jpg,6a291dfc9e54a2cd973742ffca46f8037d0bd336f90949abfb748f1a7ce038a8,6a291dfc9e54a2cd973742ffca46f8037d0bd336f90949abfb748f1a7ce038a8,copied,1,
9844a020348c53e1,014c08b60ae36aa5_jpg,valid,train,014c08b60ae36aa5_jpg.rf.69a7d016fa893f21582c8443413fe770.jpg,014c08b60ae36aa5_jpg.rf.69a7d016fa893f21582c8443413fe770.jpg,0390c67a2e79abe0e29651385b504248ad48ffabeb99716ee34d02235381d181,0390c67a2e79abe0e29651385b504248ad48ffabeb99716ee34d02235381d181,copied,1,
98851b5b19780a00,images-39-_jpg,train,train,images-39-_jpg.rf.a25a43c7e5fc19f5c1502d8b7a2096b8.jpg,images-39-_jpg.rf.a25a43c7e5fc19f5c1502d8b7a2096b8.jpg,ffdac61c9d331359c3ea6ac061f3799300ade814ad0c642577432c3e8256243b,ffdac61c9d331359c3ea6ac061f3799300ade814ad0c642577432c3e8256243b,copied,0,1
98b3947540d57218,304d274951b8a5a0_jpg,valid,test,304d274951b8a5a0_jpg.rf.531427828cd2eb52fbc3011ba4fbd858.jpg,304d274951b8a5a0_jpg.rf.531427828cd2eb52fbc3011ba4fbd858.jpg,097d5385d498a97b244b7e365c35d783fea3514e22a14a40812e740f20844dec,097d5385d498a97b244b7e365c35d783fea3514e22a14a40812e740f20844dec,copied,1,
98cd50b196044240,2f3f06704c7226b0_jpg,train,train,2f3f06704c7226b0_jpg.rf.0024dfad820b44a1dcbda70043b0aa94.jpg,2f3f06704c7226b0_jpg.rf.0024dfad820b44a1dcbda70043b0aa94.jpg,cebb161feb077b9a8cce921609bedd58c37fd49a9fb255cba722a5b69c4f7c9b,cebb161feb077b9a8cce921609bedd58c37fd49a9fb255cba722a5b69c4f7c9b,copied,1,
98e04a8a85b15af9,09f11d6d7905e639_jpg,train,train,09f11d6d7905e639_jpg.rf.640b6d9929370c7c2c64b7bc50aa6d6c.jpg,09f11d6d7905e639_jpg.rf.640b6d9929370c7c2c64b7bc50aa6d6c.jpg,2175bfbeda0c98f924b74a3a2f760fdf8b72e8261d5664c7447899b36acab03a,2175bfbeda0c98f924b74a3a2f760fdf8b72e8261d5664c7447899b36acab03a,copied,1,
9964357c3a894518,000062_jpg,train,train,000062_jpg.rf.4478994d7c088cf607200d8b80dffb58.jpg,000062_jpg.rf.4478994d7c088cf607200d8b80dffb58.jpg,9599d6903027c2cc52dbe87be4a22884f5182462eed4733df212cce5886261d8,9599d6903027c2cc52dbe87be4a22884f5182462eed4733df212cce5886261d8,copied,0,2
997993bd50756062,IMG_4552_jpg,train,train,IMG_4552_jpg.rf.0920e7fddc7cb93ca158e0129b0c3b9f.jpg,IMG_4552_jpg.rf.0920e7fddc7cb93ca158e0129b0c3b9f.jpg,b3f27d71df4b73febbae189d420f3e301b95ab11044dc73fa43f480130583688,b3f27d71df4b73febbae189d420f3e301b95ab11044dc73fa43f480130583688,copied,1,
9985350cf32c8eae,smoking_0749_jpg,train,train,smoking_0749_jpg.rf.42c3b7bbbfb86ccdb71e5ee066ea8f0e.jpg,smoking_0749_jpg.rf.42c3b7bbbfb86ccdb71e5ee066ea8f0e.jpg,093a80c40adc9f0866d009c9992464601191de02c6d90e410d35fec353184a60,093a80c40adc9f0866d009c9992464601191de02c6d90e410d35fec353184a60,copied,0,1
999036e5a86240e3,2865a795d463ecba_jpg,valid,train,2865a795d463ecba_jpg.rf.637001424cc76511026abc89dde8aa0f.jpg,2865a795d463ecba_jpg.rf.637001424cc76511026abc89dde8aa0f.jpg,458266c0c320e8518fdd144254e46a547235ce72425405cf934b46f89a781f70,458266c0c320e8518fdd144254e46a547235ce72425405cf934b46f89a781f70,copied,1,
99afcf7fea40550f,3110397d2861c66a_jpg,train,valid,3110397d2861c66a_jpg.rf.acdb3a07da9c2957d93eed2e279326fa.jpg,3110397d2861c66a_jpg.rf.acdb3a07da9c2957d93eed2e279326fa.jpg,8284cd982ee033dfc432a6edf1d4e6066936c03e2a98abf624649e67221e249e,8284cd982ee033dfc432a6edf1d4e6066936c03e2a98abf624649e67221e249e,copied,1,
99c5a7090af5df86,IMG_4456_jpg,valid,train,IMG_4456_jpg.rf.514313d78c2db693ed4ebf1455682b3e.jpg,IMG_4456_jpg.rf.514313d78c2db693ed4ebf1455682b3e.jpg,bec4f2aa0282fd84455173efd37c42ee5d8586876151f11c975ccb22a9957f3a,bec4f2aa0282fd84455173efd37c42ee5d8586876151f11c975ccb22a9957f3a,copied,0,0|1
99e04a50cc4f75b9,ggg398_jpg,test,valid,ggg398_jpg.rf.1fc3ebf6852731f20edaa58d9cab26d3.jpg,ggg398_jpg.rf.1fc3ebf6852731f20edaa58d9cab26d3.jpg,efffca3dc7ab8bd19f68351f2fe82a3ab9de379ad7247dc8db6b32fcc74d0c28,efffca3dc7ab8bd19f68351f2fe82a3ab9de379ad7247dc8db6b32fcc74d0c28,copied,0,2
99e7d1dc4c6fb6fd,smoking_0820_jpg,train,train,smoking_0820_jpg.rf.5908d3e43d8f69e54a8e94d665294e2e.jpg,smoking_0820_jpg.rf.5908d3e43d8f69e54a8e94d665294e2e.jpg,07b8162b12a5fd7e85edc50a3f86ff956584635765d25167b2d045a1ea0c7c38,07b8162b12a5fd7e85edc50a3f86ff956584635765d25167b2d045a1ea0c7c38,copied,0,0
99f74de674a585af,smoking_0522_jpg,train,train,smoking_0522_jpg.rf.9a9b90b22a1f38dfbc965565ebdb15d2.jpg,smoking_0522_jpg.rf.9a9b90b22a1f38dfbc965565ebdb15d2.jpg,77765a30306c738f447e18ae2b31bcf719413edae9040e3966d115322a8df6bc,77765a30306c738f447e18ae2b31bcf719413edae9040e3966d115322a8df6bc,copied,0,0
9a09dee8cbf27d2b,images-5-_jpeg_jpg,train,train,images-5-_jpeg_jpg.rf.b4b67e99c7fe36aa0d894508892fda42.jpg,images-5-_jpeg_jpg.rf.b4b67e99c7fe36aa0d894508892fda42.jpg,aa7bc3ec661f8907e638372618dadedefba9a0145333a17c03d615c45f168fdc,aa7bc3ec661f8907e638372618dadedefba9a0145333a17c03d615c45f168fdc,copied,0,1
9a35098a49e71f34,smoking_0669_jpg,valid,train,smoking_0669_jpg.rf.0dea7d64145b891ff5cc58e01d23215d.jpg,smoking_0669_jpg.rf.0dea7d64145b891ff5cc58e01d23215d.jpg,5be9e1b6ca996552cd7b6d2aabbaad017aa3197aad127d5335a800e2a94671a3,5be9e1b6ca996552cd7b6d2aabbaad017aa3197aad127d5335a800e2a94671a3,copied,0,0
9a52a8ca1267f5c3,smoking_0489_jpg,train,train,smoking_0489_jpg.rf.a8cc1d84c8b8902deac1abfb105297f8.jpg,smoking_0489_jpg.rf.a8cc1d84c8b8902deac1abfb105297f8.jpg,b1652a5b4d62c1216df144dcb44927f20cc005fc25ce21c37e19bc31bcc20ffc,b1652a5b4d62c1216df144dcb44927f20cc005fc25ce21c37e19bc31bcc20ffc,copied,0,0
9a5cf62249b12901,c00241_jpg,train,train,c00241_jpg.rf.29867a6251465a40c01b413bcb850e28.jpg,c00241_jpg.rf.29867a6251465a40c01b413bcb850e28.jpg,f8cc328a8c37953124905051fccbbcdc6ba89e635a2fdc9c6b6fd9ae5706ae2b,f8cc328a8c37953124905051fccbbcdc6ba89e635a2fdc9c6b6fd9ae5706ae2b,copied,0,2
9a8a8d1df8003319,images-88-_jpg,valid,train,images-88-_jpg.rf.7a98c5da02563f1a07a096f5c91691ce.jpg,images-88-_jpg.rf.7a98c5da02563f1a07a096f5c91691ce.jpg,09c871c1666158e4a460ab1e0facec2b4caa44dd53202a76c917c0034cfea489,09c871c1666158e4a460ab1e0facec2b4caa44dd53202a76c917c0034cfea489,copied,0,1
9ac20c2bdf23f34c,1e1966149ab9b4bd_jpg,train,train,1e1966149ab9b4bd_jpg.rf.865f5e1a7419b43ebbbc1474b400ec3a.jpg,1e1966149ab9b4bd_jpg.rf.865f5e1a7419b43ebbbc1474b400ec3a.jpg,a469c27a851bdba68614c88c5c988a780b9c1331322d5cce36c1d4511ca79d60,a469c27a851bdba68614c88c5c988a780b9c1331322d5cce36c1d4511ca79d60,copied,1,
9acfb189c3e493b4,1f08204f6f5a0f2f_jpg,train,train,1f08204f6f5a0f2f_jpg.rf.97ae566346db38eec3fee5109be6187e.jpg,1f08204f6f5a0f2f_jpg.rf.97ae566346db38eec3fee5109be6187e.jpg,ab2ad6934561a50f5cbed7ff7b146429928298d173c18c6af7a6dff0b99589d6,ab2ad6934561a50f5cbed7ff7b146429928298d173c18c6af7a6dff0b99589d6,copied,1,
9b2f4ae5f7850753,c00525_jpg,train,train,c00525_jpg.rf.25224141af106fae41b58dce1b109be2.jpg,c00525_jpg.rf.25224141af106fae41b58dce1b109be2.jpg,44a6d20ddcc8350d393f39fb628d6edb08562c33a84ae0f39fe24e1e4ba886f2,44a6d20ddcc8350d393f39fb628d6edb08562c33a84ae0f39fe24e1e4ba886f2,copied,0,2
9b33dd5e61c55046,000117_jpg,train,train,000117_jpg.rf.2e3ae852714dddd47bb19498e348791d.jpg,000117_jpg.rf.2e3ae852714dddd47bb19498e348791d.jpg,428b2db0e67cbda534f4fd827946cb5d4db3cb537a907ccb686b8a0da35a03f3,428b2db0e67cbda534f4fd827946cb5d4db3cb537a907ccb686b8a0da35a03f3,copied,0,2
9b48d9be21531a3c,2a6be848fdd68b34_jpg,train,train,2a6be848fdd68b34_jpg.rf.2bed00ebaa2f938c40c75cb6e8b694ef.jpg,2a6be848fdd68b34_jpg.rf.2bed00ebaa2f938c40c75cb6e8b694ef.jpg,159aa83bd956b0b937c6f2ce8ae712a32923259a261ef8b96d31010fd2edbb8f,159aa83bd956b0b937c6f2ce8ae712a32923259a261ef8b96d31010fd2edbb8f,copied,1,
9b57bb2d75f9cce9,IMG_5085,train,train,IMG_5085.jpg,IMG_5085.jpg,bba380ee386e66ae23171e767bb0db059665ea1f5501ad9b183ac2bbb69436e6,bba380ee386e66ae23171e767bb0db059665ea1f5501ad9b183ac2bbb69436e6,copied,1,
9b8da148e2aa4830,indir-21-_jpg,train,train,indir-21-_jpg.rf.0ca99a339213fbe7d840389e160a7d7d.jpg,indir-21-_jpg.rf.0ca99a339213fbe7d840389e160a7d7d.jpg,61dfa2925479b3a314bf2c6069fb0a1dde24da05a30f8aa1adcc33e18b555b14,61dfa2925479b3a314bf2c6069fb0a1dde24da05a30f8aa1adcc33e18b555b14,copied,0,1
9b98b06a2bd21504,IMG_4434_jpg,train,train,IMG_4434_jpg.rf.24d3f74d53a41d035558dadcb6a4e16c.jpg,IMG_4434_jpg.rf.24d3f74d53a41d035558dadcb6a4e16c.jpg,c20f15c590a069b9ca7a9fce3e5530cd1ab7bfb6d701e7d7839a894e98bcc2cc,c20f15c590a069b9ca7a9fce3e5530cd1ab7bfb6d701e7d7839a894e98bcc2cc,copied,0,0
9b9bcd5663d5e90a,1697095310424_JPEG_jpg,train,test,1697095310424_JPEG_jpg.rf.0e79684a739b332e05add76a74d3f39e.jpg,1697095310424_JPEG_jpg.rf.0e79684a739b332e05add76a74d3f39e.jpg,254021e68f1b9df1122f434bb437ab59154f885836c0cb9734f2e7b70dd20820,254021e68f1b9df1122f434bb437ab59154f885836c0cb9734f2e7b70dd20820,copied,0,0
9ba8c155ee40d0a6,WIN_20220507_23_10_41_Pro_jpg,valid,valid,WIN_20220507_23_10_41_Pro_jpg.rf.fe623435ad2ed0123d835f9d83db817d.jpg,WIN_20220507_23_10_41_Pro_jpg.rf.fe623435ad2ed0123d835f9d83db817d.jpg,2f095aa614a07ceea7e11c78e84b132c395cf548fdc8cf1e919ec0e3f0d2ecf7,2f095aa614a07ceea7e11c78e84b132c395cf548fdc8cf1e919ec0e3f0d2ecf7,copied,0,1
9bad6bb067b44025,bb0651_jpg,train,train,bb0651_jpg.rf.0013c24c0b3a1a6e49a686589145db61.jpg,bb0651_jpg.rf.0013c24c0b3a1a6e49a686589145db61.jpg,263202835e5cc8fe46602ea980757ae641100a92ff498aadcebcb62a455db6a1,263202835e5cc8fe46602ea980757ae641100a92ff498aadcebcb62a455db6a1,copied,0,2
9bb6a3882fd2f87e,smoking_0661_jpg,train,test,smoking_0661_jpg.rf.dcde8d3bd2106b0fe5790aa7848f5a64.jpg,smoking_0661_jpg.rf.dcde8d3bd2106b0fe5790aa7848f5a64.jpg,799a146850a3234ab781d6624297ed76a036502ea36fe0ddaccb50a0bbf52592,799a146850a3234ab781d6624297ed76a036502ea36fe0ddaccb50a0bbf52592,copied,0,0
9bcc0d57dd4acffe,smoking_0473_jpg,train,train,smoking_0473_jpg.rf.04cf0f76f6259dfc722428ed72e736af.jpg,smoking_0473_jpg.rf.04cf0f76f6259dfc722428ed72e736af.jpg,b1f975d6b919069ca3e88d8a64ec4290e97f11a3212469fcbc11ccf24aab7bab,b1f975d6b919069ca3e88d8a64ec4290e97f11a3212469fcbc11ccf24aab7bab,copied,0,0
9bcec5c5be4ab332,smoking_0083_jpg,train,train,smoking_0083_jpg.rf.3601a1cec135cc907633404810dec21a.jpg,smoking_0083_jpg.rf.3601a1cec135cc907633404810dec21a.jpg,90526f0bd663f998c5ffe498f930193736564bed3dfef60292b1d2d428cda76f,90526f0bd663f998c5ffe498f930193736564bed3dfef60292b1d2d428cda76f,copied,0,0
9bdb694dc1e5ed8b,IMG_5112,train,train,IMG_5112.JPG,IMG_5112.jpg,f8bccb992aee90f4681fb5234bdef302d517d3bb6b55ae1d7ac4eec529aedd78,4ab43757268770fd0f8397d1bca2178385381d4c0515846e6bf2e77dcd46c20f,converted_heic_to_jpeg,1,
9c2ff83a91541087,c00141_jpg,train,train,c00141_jpg.rf.379b0372bc20374e9b5b53b71c16b120.jpg,c00141_jpg.rf.379b0372bc20374e9b5b53b71c16b120.jpg,d79b2e4815cafa2feb48b7ce166b4fda8ecc6caab53df06790f36c44a5caa4fd,d79b2e4815cafa2feb48b7ce166b4fda8ecc6caab53df06790f36c44a5caa4fd,copied,0,2
9c3a3f63a8c56c62,000093_png_jpg,train,train,000093_png_jpg.rf.4f74008931711e430e594d5ea1d886e6.jpg,000093_png_jpg.rf.4f74008931711e430e594d5ea1d886e6.jpg,bb59c64bd38eef3af31ec0268d23d4397bbb072897030bdfd8bac70e9de5a9e8,bb59c64bd38eef3af31ec0268d23d4397bbb072897030bdfd8bac70e9de5a9e8,copied,0,2
9c59b6f98acf99dd,0226a4c946361de6_jpg,train,train,0226a4c946361de6_jpg.rf.56b13e0ca303cbaf32621f42736fa7a9.jpg,0226a4c946361de6_jpg.rf.56b13e0ca303cbaf32621f42736fa7a9.jpg,e600eb11c52afe05f6b0a2d1edb7ee636ccb70e30e5f3f2cf3cad88068692c7e,e600eb11c52afe05f6b0a2d1edb7ee636ccb70e30e5f3f2cf3cad88068692c7e,copied,1,
9c5bdec5dcb6fa99,bb0036_jpg,train,train,bb0036_jpg.rf.176ba20e493d5bde4c8dea14cdcd306f.jpg,bb0036_jpg.rf.176ba20e493d5bde4c8dea14cdcd306f.jpg,a762e586e4e440cc41a969b7cb9dc6ad2f24ad2dacf9d1a012446f27c6b91383,a762e586e4e440cc41a969b7cb9dc6ad2f24ad2dacf9d1a012446f27c6b91383,copied,0,2
9c6bcf3d09b078ae,smoking_0560_jpg,train,test,smoking_0560_jpg.rf.f21c8caebc7dbb2fe9f80caad5f241ca.jpg,smoking_0560_jpg.rf.f21c8caebc7dbb2fe9f80caad5f241ca.jpg,e13b0ae23432fc8c59299f243ac6c57fb8b76cc0c5faf8613962504e60089995,e13b0ae23432fc8c59299f243ac6c57fb8b76cc0c5faf8613962504e60089995,copied,0,0
9c8152a3238ebf2b,smoking_0922_jpg,train,train,smoking_0922_jpg.rf.b6c0bb1afc988b47f852a6989c1cc992.jpg,smoking_0922_jpg.rf.b6c0bb1afc988b47f852a6989c1cc992.jpg,bc34d8ccff3ead6d8b82ad3c1cf4d8d1209b7cbcb648d05ccde59fcd7ace28a8,bc34d8ccff3ead6d8b82ad3c1cf4d8d1209b7cbcb648d05ccde59fcd7ace28a8,copied,0,0
9c8fab5876c38376,smoking_0420_jpg,train,train,smoking_0420_jpg.rf.9def0fba316eebc3d348a73e15150368.jpg,smoking_0420_jpg.rf.9def0fba316eebc3d348a73e15150368.jpg,35fd1a81af7e4279f12e1d3ab44604f153f9d19c0128b44dd9a80fd3d1cd24ce,35fd1a81af7e4279f12e1d3ab44604f153f9d19c0128b44dd9a80fd3d1cd24ce,copied,0,0
9c9f2494224b61f0,IMG_4526_jpg,train,train,IMG_4526_jpg.rf.052560082175a7985a66532c81e903cb.jpg,IMG_4526_jpg.rf.052560082175a7985a66532c81e903cb.jpg,3a3ac4bdaa112191591ab4eab8a8ab0d698e24fc6f06dbb1ec9d1378e7ac22ef,3a3ac4bdaa112191591ab4eab8a8ab0d698e24fc6f06dbb1ec9d1378e7ac22ef,copied,0,0|1
9ca444505d2dd80e,IMG_4550_jpg,valid,train,IMG_4550_jpg.rf.0317e86b8dc8294934cc5ff95a3ffb31.jpg,IMG_4550_jpg.rf.0317e86b8dc8294934cc5ff95a3ffb31.jpg,41db17c64f56a9c92f11c9f87f601cc41230c5c0d02c73b7f234ac4e00b754e6,41db17c64f56a9c92f11c9f87f601cc41230c5c0d02c73b7f234ac4e00b754e6,copied,1,
9cc7faf157f1a97b,smoking_1010_jpg,test,train,smoking_1010_jpg.rf.59728701d337643f1bbcfaedc20347fe.jpg,smoking_1010_jpg.rf.59728701d337643f1bbcfaedc20347fe.jpg,38c5ceabb1e5bd6c33ff8112ba328149775380d385ecfd3100b0717f2a2f6c8e,38c5ceabb1e5bd6c33ff8112ba328149775380d385ecfd3100b0717f2a2f6c8e,copied,0,0
9ce14e51db540207,smoking_0800_jpg,train,train,smoking_0800_jpg.rf.70001e4b3ed6f2f9b0f21d114796c85a.jpg,smoking_0800_jpg.rf.70001e4b3ed6f2f9b0f21d114796c85a.jpg,7f003a3842fee64b87bdc0147b4345d86fbb3767701c86db4c76e01e48af7514,7f003a3842fee64b87bdc0147b4345d86fbb3767701c86db4c76e01e48af7514,copied,0,0
9d0be3d661f5e3ff,pexels-photo-7033805_jpeg_jpg,train,train,pexels-photo-7033805_jpeg_jpg.rf.3dbb1514df87f7b4a76a1fd00b4b7cbb.jpg,pexels-photo-7033805_jpeg_jpg.rf.3dbb1514df87f7b4a76a1fd00b4b7cbb.jpg,5dad7ad828ce69fef864b621f826b0a551226e73dad06f5d69fd5266f9e2ad06,5dad7ad828ce69fef864b621f826b0a551226e73dad06f5d69fd5266f9e2ad06,copied,0,1
9d1e18b8f9254b0a,smoking_0671_jpg,train,train,smoking_0671_jpg.rf.4b35bbdf3881ca9f4b82a169932b341c.jpg,smoking_0671_jpg.rf.4b35bbdf3881ca9f4b82a169932b341c.jpg,1edac5b23491b032fa819cf9e2a77946a584220ec8c12494cad5ceeed34f1cff,1edac5b23491b032fa819cf9e2a77946a584220ec8c12494cad5ceeed34f1cff,copied,0,1
9d36043915253dc3,smoking_0223_jpg,train,train,smoking_0223_jpg.rf.72bd2c5b33a8a8538f666725e89b456d.jpg,smoking_0223_jpg.rf.72bd2c5b33a8a8538f666725e89b456d.jpg,b029e2aadd3d5d3beafb2d5e5dadffac26f0603f470de0458d9c6dffe6919335,b029e2aadd3d5d3beafb2d5e5dadffac26f0603f470de0458d9c6dffe6919335,copied,0,1
9d88a99929756c55,smoking_1021_jpg,train,train,smoking_1021_jpg.rf.df0c4c62139f651101a8cff06b40847d.jpg,smoking_1021_jpg.rf.df0c4c62139f651101a8cff06b40847d.jpg,2577663bd84dadccd2e4aece299db2796dd1910f7256c323240024041b612f30,2577663bd84dadccd2e4aece299db2796dd1910f7256c323240024041b612f30,copied,0,0
9d9a2abb9218e011,11f0cad063791de2_jpg,train,train,11f0cad063791de2_jpg.rf.2068cc958d707a6e78e18bf3c3617ae4.jpg,11f0cad063791de2_jpg.rf.2068cc958d707a6e78e18bf3c3617ae4.jpg,5938aa74e18978cb5d44edd505b4179e6bd33a0808112cd2e5947cfa27dfd0d1,5938aa74e18978cb5d44edd505b4179e6bd33a0808112cd2e5947cfa27dfd0d1,copied,1,
9dc02a203d3c730d,WIN_20220329_21_30_01_Pro_jpg,train,train,WIN_20220329_21_30_01_Pro_jpg.rf.059fd45dae5dc7e7c68761de4a736d9e.jpg,WIN_20220329_21_30_01_Pro_jpg.rf.059fd45dae5dc7e7c68761de4a736d9e.jpg,9d985a3e2bddb9cd3086063c2c306bf74949d4ea05199d1f396af3f5b03e344b,9d985a3e2bddb9cd3086063c2c306bf74949d4ea05199d1f396af3f5b03e344b,copied,0,1
9dc0371eed7c2a55,smoking_0372_jpg,train,valid,smoking_0372_jpg.rf.5e1f6721060a6f4238c2e70b8c67cc18.jpg,smoking_0372_jpg.rf.5e1f6721060a6f4238c2e70b8c67cc18.jpg,52031aab4280d111145a833ab6337dc1f7d7a5dfc171d0823121537d169ab4f0,52031aab4280d111145a833ab6337dc1f7d7a5dfc171d0823121537d169ab4f0,copied,0,0
9dc86d84e316740d,images-87-_jpg,train,valid,images-87-_jpg.rf.701f76114b292d2938ba34866ac7ed53.jpg,images-87-_jpg.rf.701f76114b292d2938ba34866ac7ed53.jpg,9f2183a7ae74c3c8b45a35f6e60bc3c66767c7828b4366ec934a50a97a2352b1,9f2183a7ae74c3c8b45a35f6e60bc3c66767c7828b4366ec934a50a97a2352b1,copied,0,1
9de3907712f79ecd,002dc21233e5dbec_jpg,valid,test,002dc21233e5dbec_jpg.rf.e3400b413e2319e71845c62db5c7ae26.jpg,002dc21233e5dbec_jpg.rf.e3400b413e2319e71845c62db5c7ae26.jpg,fdeedb17d7bd52572ef395cb6c16492f6bd53fafc87d3ec432365448b02f08dc,fdeedb17d7bd52572ef395cb6c16492f6bd53fafc87d3ec432365448b02f08dc,copied,1,
9de7bf174b64110d,ggg013_jpeg_jpg,train,train,ggg013_jpeg_jpg.rf.609a25d2c329eca69996aff762251614.jpg,ggg013_jpeg_jpg.rf.609a25d2c329eca69996aff762251614.jpg,a53ecaac16e84ca870100323b68cee15d779b0eaba0cf7edda44d6bfa518a938,a53ecaac16e84ca870100323b68cee15d779b0eaba0cf7edda44d6bfa518a938,copied,0,2
9dec1f503f336dc6,09377382ec04a847_jpg,train,train,09377382ec04a847_jpg.rf.7b8f709fd4428447518d167595f0c357.jpg,09377382ec04a847_jpg.rf.7b8f709fd4428447518d167595f0c357.jpg,c24c448cf4ea940160a43f08479d7e46a884335e59b33ecf264e3142e234de68,c24c448cf4ea940160a43f08479d7e46a884335e59b33ecf264e3142e234de68,copied,1,
9e4d572d24a3a3bf,WIN_20220507_21_28_59_Pro_jpg,valid,train,WIN_20220507_21_28_59_Pro_jpg.rf.362fc6b08aef92950f956789e7743048.jpg,WIN_20220507_21_28_59_Pro_jpg.rf.362fc6b08aef92950f956789e7743048.jpg,8868a0efc37ea93cdb7cc85c53552dfa9db323c4ab8c9d36e7e332ccf1a371b0,8868a0efc37ea93cdb7cc85c53552dfa9db323c4ab8c9d36e7e332ccf1a371b0,copied,0,1
9e5da90e27a7a009,26a8fd8c232d65b6_jpg,train,train,26a8fd8c232d65b6_jpg.rf.f1f159d4d6a2d31f3efb1f2197829033.jpg,26a8fd8c232d65b6_jpg.rf.f1f159d4d6a2d31f3efb1f2197829033.jpg,3cde4e897376c8f80c5c60634dade6f10ae8f81a5f36e3e2efcac0dcd4c4efef,3cde4e897376c8f80c5c60634dade6f10ae8f81a5f36e3e2efcac0dcd4c4efef,copied,1,
9e7b3d7dbdbf91bc,IMG_4437_jpg,train,train,IMG_4437_jpg.rf.04c42f17051f06859dfb5926e28786c4.jpg,IMG_4437_jpg.rf.04c42f17051f06859dfb5926e28786c4.jpg,39b23cdb05ca3ebe67d556e344febc7281568c39f12d692f52abc57a61e41523,39b23cdb05ca3ebe67d556e344febc7281568c39f12d692f52abc57a61e41523,copied,0,0
9e826f90756478cd,smoking_0529_jpg,train,train,smoking_0529_jpg.rf.968d48007a1328bb9b26cac2d925af10.jpg,smoking_0529_jpg.rf.968d48007a1328bb9b26cac2d925af10.jpg,6bf1f5bde296f5c145a7cf20d0a6930fdde28753795626e4d0bc2f29bb0f2c3a,6bf1f5bde296f5c145a7cf20d0a6930fdde28753795626e4d0bc2f29bb0f2c3a,copied,0,0
9eb919c7c99ae2e7,43c1b3f2c9b0be0b_jpg,valid,train,43c1b3f2c9b0be0b_jpg.rf.d706c600aba8c4dcba3369950884a80d.jpg,43c1b3f2c9b0be0b_jpg.rf.d706c600aba8c4dcba3369950884a80d.jpg,a1c0a194233f178e8a774efdec04f5699bb1f86c7efd9a2a6fa1b1dfd7fc32fc,a1c0a194233f178e8a774efdec04f5699bb1f86c7efd9a2a6fa1b1dfd7fc32fc,copied,1,
9eeef3a3487ed633,IMG_4555_jpg,train,valid,IMG_4555_jpg.rf.1f7f7ab4cdfd71cb1e77baa36956e62f.jpg,IMG_4555_jpg.rf.1f7f7ab4cdfd71cb1e77baa36956e62f.jpg,9cb0a3835820f10005f6909c20e7916d51d4bb66a09217461739593d11b033cf,9cb0a3835820f10005f6909c20e7916d51d4bb66a09217461739593d11b033cf,copied,1,
9f1411ebbc6152c3,000362_jpg,valid,test,000362_jpg.rf.4b706bcfcd7a515d1c37913675afd78b.jpg,000362_jpg.rf.4b706bcfcd7a515d1c37913675afd78b.jpg,76c1903c6348b8969aa795e316ba0dcf41984fa9c5ff3856ffce7bdba35672ff,76c1903c6348b8969aa795e316ba0dcf41984fa9c5ff3856ffce7bdba35672ff,copied,0,2
9f33a262bb229792,images-19-_jpeg_jpg,train,train,images-19-_jpeg_jpg.rf.86df415ef3ba00ccc88fd725247581e5.jpg,images-19-_jpeg_jpg.rf.86df415ef3ba00ccc88fd725247581e5.jpg,ce3981613b90708d2e61ffba853f9a26ce7bff58c021160bda7f98578120cff8,ce3981613b90708d2e61ffba853f9a26ce7bff58c021160bda7f98578120cff8,copied,0,1
9f36546691903bc1,smoking_0737_jpg,valid,train,smoking_0737_jpg.rf.3a5f98603405b13d358b85478d8910c8.jpg,smoking_0737_jpg.rf.3a5f98603405b13d358b85478d8910c8.jpg,ea8eababfce0526c7db1813eca3c4227643f3d0df0671c5928cff8117a86c7e4,ea8eababfce0526c7db1813eca3c4227643f3d0df0671c5928cff8117a86c7e4,copied,0,0
9f5824b925879d98,00af4188ffa00525_jpg,valid,train,00af4188ffa00525_jpg.rf.49a1897d02858954580d38990d50a3fb.jpg,00af4188ffa00525_jpg.rf.49a1897d02858954580d38990d50a3fb.jpg,e3cb40793a2a12b0f9adc306268f03335a522c63e4f736d21bd2688d119b90b6,e3cb40793a2a12b0f9adc306268f03335a522c63e4f736d21bd2688d119b90b6,copied,1,
9f694c18b7f85be1,smoking_0337_jpg,train,train,smoking_0337_jpg.rf.439b3be93833ec118f9b5102958f90c7.jpg,smoking_0337_jpg.rf.439b3be93833ec118f9b5102958f90c7.jpg,9552a0c25dd55b2cb95f4f65afe5a165cbaaf046468a27bc906c5d0abc2ee5d8,9552a0c25dd55b2cb95f4f65afe5a165cbaaf046468a27bc906c5d0abc2ee5d8,copied,0,0
9f8942c6a843f404,1228f91ba60aa5af_jpg,valid,valid,1228f91ba60aa5af_jpg.rf.e5b5e65a8c275682e3bd69ec9cbadbd4.jpg,1228f91ba60aa5af_jpg.rf.e5b5e65a8c275682e3bd69ec9cbadbd4.jpg,e19fdf9d8f3b7d27e995d571c781d75aaf3425084d0b87a686a5a25b274535fa,e19fdf9d8f3b7d27e995d571c781d75aaf3425084d0b87a686a5a25b274535fa,copied,1,
9f96d92c2748351b,smoking_1039_jpg,train,train,smoking_1039_jpg.rf.c2fb10497f6e7092e2d7e026ce3facfc.jpg,smoking_1039_jpg.rf.c2fb10497f6e7092e2d7e026ce3facfc.jpg,e0948881c620985bbe97b35104a8e0e3d1f0bcc4346d2c3b09de410edcd0b2cc,e0948881c620985bbe97b35104a8e0e3d1f0bcc4346d2c3b09de410edcd0b2cc,copied,0,0
9fbfbc7e162c837a,smoking_0540_jpg,test,train,smoking_0540_jpg.rf.d1c9bad3d67051a19d1aebdcfb6b6272.jpg,smoking_0540_jpg.rf.d1c9bad3d67051a19d1aebdcfb6b6272.jpg,bed53d18ed07d898765c76bc4040ab797de9f5c48e47a671a17cf6e0b093179d,bed53d18ed07d898765c76bc4040ab797de9f5c48e47a671a17cf6e0b093179d,copied,0,0
9fdc6d1ad0ff8708,c00318_jpg,train,train,c00318_jpg.rf.0bf21f00a0e3fe575d0f49662364679b.jpg,c00318_jpg.rf.0bf21f00a0e3fe575d0f49662364679b.jpg,33b282e47809848106af014549e85f9aed38aa5d08984b28d6d9e35cf8a9aa2f,33b282e47809848106af014549e85f9aed38aa5d08984b28d6d9e35cf8a9aa2f,copied,0,2
a04023a30965351b,WIN_20220507_21_29_24_Pro-2-_jpg,valid,valid,WIN_20220507_21_29_24_Pro-2-_jpg.rf.1d18b0242c65985f46038105e49dbb99.jpg,WIN_20220507_21_29_24_Pro-2-_jpg.rf.1d18b0242c65985f46038105e49dbb99.jpg,2ad5cffae847729b9a7bdae622428a7889902fa5f0d4014b20ece220cd5b975d,2ad5cffae847729b9a7bdae622428a7889902fa5f0d4014b20ece220cd5b975d,copied,0,1
a0503b1e6fb98d7a,smoking_0198_jpg,train,train,smoking_0198_jpg.rf.5bf8890e5a6443bb253cc3d24150a296.jpg,smoking_0198_jpg.rf.5bf8890e5a6443bb253cc3d24150a296.jpg,87a7849817d1b67c5de8a6f0dbe5c9331a568fd4bb1f0ffc8fc6aa5625e07fcc,87a7849817d1b67c5de8a6f0dbe5c9331a568fd4bb1f0ffc8fc6aa5625e07fcc,copied,0,0
a06baa949a60fe82,8_jpg,train,train,8_jpg.rf.68ebd4e393c780f486df236202914aef.jpg,8_jpg.rf.68ebd4e393c780f486df236202914aef.jpg,217017ff5f175d34d8fad0db75618ff7e0eb85dc08e4e63550a7d4b03d741047,217017ff5f175d34d8fad0db75618ff7e0eb85dc08e4e63550a7d4b03d741047,copied,0,1
a0cbd893d6a19799,1697099984249_JPEG_jpg,train,train,1697099984249_JPEG_jpg.rf.253e60aa6e702ef6451260c1491ba06c.jpg,1697099984249_JPEG_jpg.rf.253e60aa6e702ef6451260c1491ba06c.jpg,20c1d972e3a6b3ad2940faf2c3e334a0abc96778017aaf16bf12d557f6fd8a6c,20c1d972e3a6b3ad2940faf2c3e334a0abc96778017aaf16bf12d557f6fd8a6c,copied,0,0
a138f49077da3d1b,IMG_5128,train,train,IMG_5128.JPG,IMG_5128.jpg,72833c8dea51a5d3dff34062a02b1b3802ae979751c306bdc0cbe259d98c722a,10a03db8e2017b8fc295ca256558e51222016a486b4347930f5449db2e344df7,converted_heic_to_jpeg,1,
a1842058e55a5c2e,images-13-_jpg,train,train,images-13-_jpg.rf.3957cf69e50115a43fb4709cf3032592.jpg,images-13-_jpg.rf.3957cf69e50115a43fb4709cf3032592.jpg,6cf526da10793ad83bd3fbe4dd46189b1b6815ac1f1b754619bb1b3d91b2d6ed,6cf526da10793ad83bd3fbe4dd46189b1b6815ac1f1b754619bb1b3d91b2d6ed,copied,0,1
a1ec4e4cc43061a3,bb0163_jpg,train,train,bb0163_jpg.rf.3bc73f486a13b583d8335bed4cc470b2.jpg,bb0163_jpg.rf.3bc73f486a13b583d8335bed4cc470b2.jpg,635097630e613b60edbba862fc86aa662927ec0fec1096d53208cb8d5f5ccb58,635097630e613b60edbba862fc86aa662927ec0fec1096d53208cb8d5f5ccb58,copied,0,2
a20afe4da7847133,images-8-_jpg,train,train,images-8-_jpg.rf.3a17263d1b0c8d8a2bedacd83fed0ece.jpg,images-8-_jpg.rf.3a17263d1b0c8d8a2bedacd83fed0ece.jpg,acd63981379c6055c25221f0e7e9ce1be0db516c7a2212616760b218c94368be,acd63981379c6055c25221f0e7e9ce1be0db516c7a2212616760b218c94368be,copied,0,1
a28987312480f272,small-137-_jpg,train,train,small-137-_jpg.rf.70631652b7b40765277fc12a4d5c5366.jpg,small-137-_jpg.rf.70631652b7b40765277fc12a4d5c5366.jpg,15d4c44d7b2fa3b1d1f0ce6b0ba16d1a5e6239a5124c1c094fd947ae8f08b27a,15d4c44d7b2fa3b1d1f0ce6b0ba16d1a5e6239a5124c1c094fd947ae8f08b27a,copied,0,1
a326e2eefd2abb35,images-61-_jpg,train,train,images-61-_jpg.rf.3c24827f499708c9b3ff4a6407013e69.jpg,images-61-_jpg.rf.3c24827f499708c9b3ff4a6407013e69.jpg,28eb9776ed1fcdf52d9ace3a19786db6fe9b2a98c3268a823c002117db8e3ad1,28eb9776ed1fcdf52d9ace3a19786db6fe9b2a98c3268a823c002117db8e3ad1,copied,0,1
a35395c9dbc03e78,1697099878192_JPEG_jpg,train,train,1697099878192_JPEG_jpg.rf.028ed9179ef4e42def6de37e72c978d6.jpg,1697099878192_JPEG_jpg.rf.028ed9179ef4e42def6de37e72c978d6.jpg,8f62c9961a8a8927958903921df3012a7fde2f9f83d4be4dbef2d7a360c0c8a3,8f62c9961a8a8927958903921df3012a7fde2f9f83d4be4dbef2d7a360c0c8a3,copied,0,0
a3654c40d770d6a6,images-89-_jpg,train,train,images-89-_jpg.rf.733d861c58222f1a2445447db437fb09.jpg,images-89-_jpg.rf.733d861c58222f1a2445447db437fb09.jpg,6d26b7667dc05ed062b2c53028283e1e809ac0b4c660a7b0f4c3be34413983d3,6d26b7667dc05ed062b2c53028283e1e809ac0b4c660a7b0f4c3be34413983d3,copied,0,1
a37754f050b1d253,smoking_0885_jpg,test,train,smoking_0885_jpg.rf.711b28a97ddc820532faa6407814d394.jpg,smoking_0885_jpg.rf.711b28a97ddc820532faa6407814d394.jpg,81c801848eac4a52a4400ad17a91f35690b0104f6a353aebf0a4a0234662e39a,81c801848eac4a52a4400ad17a91f35690b0104f6a353aebf0a4a0234662e39a,copied,0,0
a378018999a06709,0982f1b26b5c8840_jpg,train,train,0982f1b26b5c8840_jpg.rf.bcc934b7ac818433b13999ef7a61fa5e.jpg,0982f1b26b5c8840_jpg.rf.bcc934b7ac818433b13999ef7a61fa5e.jpg,eb0ca2960872e765d83b6a5a92855f9bc26ac6ea5edfad1d3f67a9835a07e6b8,eb0ca2960872e765d83b6a5a92855f9bc26ac6ea5edfad1d3f67a9835a07e6b8,copied,1,
a386156f772ea6fe,456e617806891f1d_jpg,train,train,456e617806891f1d_jpg.rf.fa6aaacccc1211a8576f552c0f4899fb.jpg,456e617806891f1d_jpg.rf.fa6aaacccc1211a8576f552c0f4899fb.jpg,9091b0c20ca1de3ddaa4d955c53a7f57a8466df6d4d53e60337cb94ef9a7585b,9091b0c20ca1de3ddaa4d955c53a7f57a8466df6d4d53e60337cb94ef9a7585b,copied,1,
a3b370d194dfb5e0,images-42-_jpg,train,train,images-42-_jpg.rf.2a9a968ad733f718def73c2a211a00ef.jpg,images-42-_jpg.rf.2a9a968ad733f718def73c2a211a00ef.jpg,f1368e91222c00da8e476779f207ffff0f647f6258a0d32d1f014f7630db6577,f1368e91222c00da8e476779f207ffff0f647f6258a0d32d1f014f7630db6577,copied,0,1
a3fd9b592f5db777,smoking_0446_jpg,train,train,smoking_0446_jpg.rf.32297a8d6559eba9bbc6380c6a2df941.jpg,smoking_0446_jpg.rf.32297a8d6559eba9bbc6380c6a2df941.jpg,d5825185b4af9b8309fa66963a8abb4291b5f07e625ee79159b693f9515eff81,d5825185b4af9b8309fa66963a8abb4291b5f07e625ee79159b693f9515eff81,copied,0,0
a444ec23b4fef079,c00054_jpg,train,train,c00054_jpg.rf.8075e4e44cf778be13bd41b699412a7c.jpg,c00054_jpg.rf.8075e4e44cf778be13bd41b699412a7c.jpg,50a06fa76f3b0ffb2fa49421bb147f6d14f0febd6295aa06cba7f12aef653295,50a06fa76f3b0ffb2fa49421bb147f6d14f0febd6295aa06cba7f12aef653295,copied,0,2
a4652c6efd5b48f0,1697099897333_JPEG_jpg,train,train,1697099897333_JPEG_jpg.rf.4734e00229669524e44bcaec66de00a4.jpg,1697099897333_JPEG_jpg.rf.4734e00229669524e44bcaec66de00a4.jpg,1c3ec7bcb4d0e59723d437b50d8af9fd425d416ae2006b5f805d9d5e07c103bd,1c3ec7bcb4d0e59723d437b50d8af9fd425d416ae2006b5f805d9d5e07c103bd,copied,0,0
a47730b6a5992fa6,smoking_0597_jpg,train,train,smoking_0597_jpg.rf.633792ef14f330ad5d7893b47ebf5b58.jpg,smoking_0597_jpg.rf.633792ef14f330ad5d7893b47ebf5b58.jpg,23f4a4a4c9a29b30af889dfe1d67bd0aeddf24313652d31c789a00030264e3ff,23f4a4a4c9a29b30af889dfe1d67bd0aeddf24313652d31c789a00030264e3ff,copied,0,0
a4bff50fe83d6612,smoking_0467_jpg,train,train,smoking_0467_jpg.rf.ac461c29f620a4a5c0e3796570503cdd.jpg,smoking_0467_jpg.rf.ac461c29f620a4a5c0e3796570503cdd.jpg,da07aaed782d2813cf97489b35412dff483b29905221fbf558b6aa8b066b4eec,da07aaed782d2813cf97489b35412dff483b29905221fbf558b6aa8b066b4eec,copied,0,0
a547e93281037a9c,smoking_0280_jpg,train,train,smoking_0280_jpg.rf.8b208cec019953898d035cf0cf6f5098.jpg,smoking_0280_jpg.rf.8b208cec019953898d035cf0cf6f5098.jpg,4f8fe28a8a3b69b23fccc306d4a4ff23bb8bc018360e485c835b6da2e3ea16b3,4f8fe28a8a3b69b23fccc306d4a4ff23bb8bc018360e485c835b6da2e3ea16b3,copied,0,0
a579454996233f88,01ec86c7b31cbd73_jpg,train,train,01ec86c7b31cbd73_jpg.rf.79569ccbf835acaa538f3aae7ae9f609.jpg,01ec86c7b31cbd73_jpg.rf.79569ccbf835acaa538f3aae7ae9f609.jpg,d7757213d55ed370d425f9cd429727cf0c3ae91fd1262526df27d211b17849f8,d7757213d55ed370d425f9cd429727cf0c3ae91fd1262526df27d211b17849f8,copied,1,
a5878ab93cddecbb,smoking_0774_jpg,train,train,smoking_0774_jpg.rf.2fb153256b142e08a7630c5bd872bd9d.jpg,smoking_0774_jpg.rf.2fb153256b142e08a7630c5bd872bd9d.jpg,6a5b8ee8532341802219a0ff60b5f1b5b6c0ce259bf4460f06b88dc52043becb,6a5b8ee8532341802219a0ff60b5f1b5b6c0ce259bf4460f06b88dc52043becb,copied,0,1
a596a3e1f830d600,images-24-_jpg,train,train,images-24-_jpg.rf.3ed1df2595f4224ee2b036ac8b002ace.jpg,images-24-_jpg.rf.3ed1df2595f4224ee2b036ac8b002ace.jpg,010fa08ed0449322fa1f3fb6a5fe57e96ecd1c6d338aaf9013829f529adcffc0,010fa08ed0449322fa1f3fb6a5fe57e96ecd1c6d338aaf9013829f529adcffc0,copied,0,1
a5e741056febb118,IMG_4545_jpg,train,train,IMG_4545_jpg.rf.044717341953cdf5f207b8a71098864b.jpg,IMG_4545_jpg.rf.044717341953cdf5f207b8a71098864b.jpg,65aa36c6150d5ccb9fcb447b7876dc246b976fbeb804aa0463a7d4413772c941,65aa36c6150d5ccb9fcb447b7876dc246b976fbeb804aa0463a7d4413772c941,copied,0,0|1
a612bb97a8b87bb8,smoking_0600_jpg,train,train,smoking_0600_jpg.rf.d1a1256b2c57f0df8ebad388e867039b.jpg,smoking_0600_jpg.rf.d1a1256b2c57f0df8ebad388e867039b.jpg,25cae8b9e53c2d63e5013eb7aeb2fd71477f3f518292d9742a4ce42d3b130913,25cae8b9e53c2d63e5013eb7aeb2fd71477f3f518292d9742a4ce42d3b130913,copied,0,0
a6149a2ba16ffa04,smoking_0194_jpg,valid,test,smoking_0194_jpg.rf.94ebbce909b95a3fac6a09412d2b0783.jpg,smoking_0194_jpg.rf.94ebbce909b95a3fac6a09412d2b0783.jpg,1669d4a9e96c3ded391dae09f4e262261876095db6ca7bd3379b8f44aa152d2d,1669d4a9e96c3ded391dae09f4e262261876095db6ca7bd3379b8f44aa152d2d,copied,0,0
a634903c233c9cd3,smoking_0269_jpg,train,valid,smoking_0269_jpg.rf.2c99059e63fa6b899a042cad6d81b6bd.jpg,smoking_0269_jpg.rf.2c99059e63fa6b899a042cad6d81b6bd.jpg,1e8cd4b49e082f0324ff0e734f5d036aa9e3464cf6fd6c1643efcfd5e86b8ed6,1e8cd4b49e082f0324ff0e734f5d036aa9e3464cf6fd6c1643efcfd5e86b8ed6,copied,0,0
a6468e5d4e41bad1,WIN_20220329_21_29_37_Pro_jpg,train,train,WIN_20220329_21_29_37_Pro_jpg.rf.5fa2701c0c3a0f39aee898ca6de40c85.jpg,WIN_20220329_21_29_37_Pro_jpg.rf.5fa2701c0c3a0f39aee898ca6de40c85.jpg,6e5a7ee949616a75bee67570c4c08a87e615807ec108d4f822fd226504b58271,6e5a7ee949616a75bee67570c4c08a87e615807ec108d4f822fd226504b58271,copied,0,1
a67c584427711c2d,bb0052_jpg,train,train,bb0052_jpg.rf.02d47e05f52510b7362c5c7f105eaf1e.jpg,bb0052_jpg.rf.02d47e05f52510b7362c5c7f105eaf1e.jpg,a6b6dd398abf535c62f8383e3edc1d374de0df1dac9a1245d70da938de046d1b,a6b6dd398abf535c62f8383e3edc1d374de0df1dac9a1245d70da938de046d1b,copied,0,2
a69b80d321bec6ae,images-20-_jpeg_jpg,valid,train,images-20-_jpeg_jpg.rf.b14af56a7bae13203b320aa7ac3747ce.jpg,images-20-_jpeg_jpg.rf.b14af56a7bae13203b320aa7ac3747ce.jpg,d8eae89a0916bac1547ab3ddf100e87506d55764865f4cd76ffe7170fda94c62,d8eae89a0916bac1547ab3ddf100e87506d55764865f4cd76ffe7170fda94c62,copied,0,1
a6b23766c842894d,IMG_5820_jpg,train,train,IMG_5820_jpg.rf.160e5eddc9a1b4a7e0d83b493051c3cd.jpg,IMG_5820_jpg.rf.160e5eddc9a1b4a7e0d83b493051c3cd.jpg,6ed18009ad2a39b813fddb4fc5cb719e4aff1d05f95298e227b9b6c9598ffca1,6ed18009ad2a39b813fddb4fc5cb719e4aff1d05f95298e227b9b6c9598ffca1,copied,0,1
a6bedb9734850b7a,images-18-_jpg,train,valid,images-18-_jpg.rf.dd08701d5947845e5372b698c3d83ad2.jpg,images-18-_jpg.rf.dd08701d5947845e5372b698c3d83ad2.jpg,3e7b2cbcde9f75e91fb4c7585f5386f4044efba781d51e52fb9dc24b17e2e562,3e7b2cbcde9f75e91fb4c7585f5386f4044efba781d51e52fb9dc24b17e2e562,copied,0,1
a6c266bba38674eb,smoking_0389_jpg,valid,train,smoking_0389_jpg.rf.cc933f9445c3e0a910071de61985c18a.jpg,smoking_0389_jpg.rf.cc933f9445c3e0a910071de61985c18a.jpg,dbc44e71fc64a091e264a7a73c0047b8c5ebf68bc14b102ba26f41a1267994be,dbc44e71fc64a091e264a7a73c0047b8c5ebf68bc14b102ba26f41a1267994be,copied,0,0
a6e23fe619d91d58,smoking_0813_jpg,valid,train,smoking_0813_jpg.rf.32f22501787aa1455f16741ef09eb753.jpg,smoking_0813_jpg.rf.32f22501787aa1455f16741ef09eb753.jpg,414c8de7682a5154ff3f6969fc2b3188d8e792e2c7e0ca9dc58489a5a7d17727,414c8de7682a5154ff3f6969fc2b3188d8e792e2c7e0ca9dc58489a5a7d17727,copied,0,0
a708e1c017b7d6a7,images-57-_jpg,train,train,images-57-_jpg.rf.0c30055e281a1e45ef50da6105b3b384.jpg,images-57-_jpg.rf.0c30055e281a1e45ef50da6105b3b384.jpg,f83f36db8eb5a57bb51f0c3d62da3e613f178b0861d611f618975e8db19319a0,f83f36db8eb5a57bb51f0c3d62da3e613f178b0861d611f618975e8db19319a0,copied,0,1
a71617cc508055b5,smoking_0130_jpg,valid,valid,smoking_0130_jpg.rf.9b0e87cbe5407f7fbe739d27fea01302.jpg,smoking_0130_jpg.rf.9b0e87cbe5407f7fbe739d27fea01302.jpg,d5e2e0a0523b50266a4aa183fe5dd797b2891069873d331739cd0ffc1fbba0ff,d5e2e0a0523b50266a4aa183fe5dd797b2891069873d331739cd0ffc1fbba0ff,copied,0,0
a7351aff8d89eae9,smoking_0539_jpg,train,train,smoking_0539_jpg.rf.f2d3b7e6ea913b0763fc282fe4b5bb55.jpg,smoking_0539_jpg.rf.f2d3b7e6ea913b0763fc282fe4b5bb55.jpg,668c199c78dd14dbe5edc633df42599b91ce304ae9d77939f63c6522a474eb2a,668c199c78dd14dbe5edc633df42599b91ce304ae9d77939f63c6522a474eb2a,copied,0,0
a739527661318e63,smoking_0333_jpg,test,train,smoking_0333_jpg.rf.8c25eeaf89061ad892cd4d5979362a8c.jpg,smoking_0333_jpg.rf.8c25eeaf89061ad892cd4d5979362a8c.jpg,2f680d751aaef7c129bc74925058f4e85bdc4609504a68a72fef6aaf42ffcab0,2f680d751aaef7c129bc74925058f4e85bdc4609504a68a72fef6aaf42ffcab0,copied,0,0
a747809facda2f9d,smoking_0731_jpg,train,train,smoking_0731_jpg.rf.b9a48d0d4dc2db2e29109a54f32d0b7d.jpg,smoking_0731_jpg.rf.b9a48d0d4dc2db2e29109a54f32d0b7d.jpg,435e39dadea7e4f72279b052acd5e454775350c068a91ce2327006af7006e48c,435e39dadea7e4f72279b052acd5e454775350c068a91ce2327006af7006e48c,copied,0,0
a7987f3cb9bb01f4,001867288a417465_jpg,train,train,001867288a417465_jpg.rf.e0cc6a32b18cb09d91ef779241177dfa.jpg,001867288a417465_jpg.rf.e0cc6a32b18cb09d91ef779241177dfa.jpg,7022bfe9269cdda22f18372d06777a5f6f5a20aef20b222fd7eafc5d90197c27,7022bfe9269cdda22f18372d06777a5f6f5a20aef20b222fd7eafc5d90197c27,copied,1,
a80489d5ef27e630,smoking_0512_jpg,valid,train,smoking_0512_jpg.rf.621dd54ec65df237c557296cb9b8b43b.jpg,smoking_0512_jpg.rf.621dd54ec65df237c557296cb9b8b43b.jpg,de95f77b9f84ba859f71c1e3943b8150f90c37102b217611f70fdfde03293921,de95f77b9f84ba859f71c1e3943b8150f90c37102b217611f70fdfde03293921,copied,0,0
a82f588b3b82579d,3e6c01a42e1559b2_jpg,train,test,3e6c01a42e1559b2_jpg.rf.2d530f9535ef38133a162f718065c34e.jpg,3e6c01a42e1559b2_jpg.rf.2d530f9535ef38133a162f718065c34e.jpg,dca7e2944c352b48c27023b9662f1f6aaf9b98481c15d2d9a63a49b8c28e1885,dca7e2944c352b48c27023b9662f1f6aaf9b98481c15d2d9a63a49b8c28e1885,copied,1,
a861179feeaf5230,406cec80ff318f92_jpg,train,valid,406cec80ff318f92_jpg.rf.7e253b067d8ae1f072b1f9d44f70e508.jpg,406cec80ff318f92_jpg.rf.7e253b067d8ae1f072b1f9d44f70e508.jpg,fc2eb3655970a839882d25ede6127d5813b0e5e0b3e028f210482fe166c9ff4b,fc2eb3655970a839882d25ede6127d5813b0e5e0b3e028f210482fe166c9ff4b,copied,1,
a8a9ed5eb11f70fe,iaaages_jpg,test,test,iaaages_jpg.rf.399faff2feef0ff513b36aef5e1df450.jpg,iaaages_jpg.rf.399faff2feef0ff513b36aef5e1df450.jpg,1733bc23651ca55febf6d8a9ddd356d61a35016d209a460a14850502f4f25340,1733bc23651ca55febf6d8a9ddd356d61a35016d209a460a14850502f4f25340,copied,0,1
a8cfbf3def58cb6b,smoking_0979_jpg,train,train,smoking_0979_jpg.rf.113f33e59b693c14d26c1c5e715c9403.jpg,smoking_0979_jpg.rf.113f33e59b693c14d26c1c5e715c9403.jpg,37656af23e5cf623cae90095f9f2696e075427fba1ada4acbf5f696c152c643c,37656af23e5cf623cae90095f9f2696e075427fba1ada4acbf5f696c152c643c,copied,0,0
a8d02e379766efd6,smoking_0469_jpg,train,train,smoking_0469_jpg.rf.2a2186baa54f714dc0de2007081ef8d2.jpg,smoking_0469_jpg.rf.2a2186baa54f714dc0de2007081ef8d2.jpg,a3ac81fded7eae8048a54420a911a24d96b65f7ea3bf26b06710f024e022c2da,a3ac81fded7eae8048a54420a911a24d96b65f7ea3bf26b06710f024e022c2da,copied,0,0
a8f71c7f54279dae,smoking_0523_jpg,train,valid,smoking_0523_jpg.rf.579299572b20040de1261ba27e1d9715.jpg,smoking_0523_jpg.rf.579299572b20040de1261ba27e1d9715.jpg,730cb77a73e710db0e751e7fe54789a0871d486fe3a642eebe39f2f6bd7ecbbb,730cb77a73e710db0e751e7fe54789a0871d486fe3a642eebe39f2f6bd7ecbbb,copied,0,0
a8f9bcb22a3372ee,1ab08e9a62592e65_jpg,train,train,1ab08e9a62592e65_jpg.rf.f23d9de645ea6f00636ab22fb7248862.jpg,1ab08e9a62592e65_jpg.rf.f23d9de645ea6f00636ab22fb7248862.jpg,4231d217fb43177cddd628f2ade6dee7a71ccec0ee193b5393d0e1342fa2f18e,4231d217fb43177cddd628f2ade6dee7a71ccec0ee193b5393d0e1342fa2f18e,copied,1,
a904b602c3ca5d7f,gg0041_jpg,train,train,gg0041_jpg.rf.29ef7e8028283213774a6bf2e8fe5840.jpg,gg0041_jpg.rf.29ef7e8028283213774a6bf2e8fe5840.jpg,ba34ba96b5248b92510043e1d4fcf282be82a46e72b50d5edeb3cea576922702,ba34ba96b5248b92510043e1d4fcf282be82a46e72b50d5edeb3cea576922702,copied,0,2
a92f780b1ea8c7ab,WIN_20220329_21_29_39_Pro_jpg,valid,train,WIN_20220329_21_29_39_Pro_jpg.rf.6af47eed7a7904b5102f3c7bad7efa5d.jpg,WIN_20220329_21_29_39_Pro_jpg.rf.6af47eed7a7904b5102f3c7bad7efa5d.jpg,dac6dd655d2fcb92291ad5e3c0f0ebec6c8040af81fe6d22cdb7ecff842aba13,dac6dd655d2fcb92291ad5e3c0f0ebec6c8040af81fe6d22cdb7ecff842aba13,copied,0,1
a933e09449d04d62,smoking_0714_jpg,train,train,smoking_0714_jpg.rf.9396058848b9dd0825da6fb2d34be4eb.jpg,smoking_0714_jpg.rf.9396058848b9dd0825da6fb2d34be4eb.jpg,0420f42c51a9671d6db662b751282f17e6a11494d5dcc43b1587d4eac23732b5,0420f42c51a9671d6db662b751282f17e6a11494d5dcc43b1587d4eac23732b5,copied,0,1
a93bf75e3745f9cc,48e125543d90b68d_jpg,train,train,48e125543d90b68d_jpg.rf.f6ce0e0416dffc85625f44ed88a32d48.jpg,48e125543d90b68d_jpg.rf.f6ce0e0416dffc85625f44ed88a32d48.jpg,b2036bca1c77739417911a47472c77259c5339b413e772abb2af6a12cd62feb9,b2036bca1c77739417911a47472c77259c5339b413e772abb2af6a12cd62feb9,copied,1,
a93cbc34531370bd,images-5-_jpg,valid,valid,images-5-_jpg.rf.394380944d0c5a9dfd1c1b45e58d612d.jpg,images-5-_jpg.rf.394380944d0c5a9dfd1c1b45e58d612d.jpg,1734bd0edec36fc16e2d9108ae2737a12fe559750fd8f86b3ea1a76e27a8420b,1734bd0edec36fc16e2d9108ae2737a12fe559750fd8f86b3ea1a76e27a8420b,copied,0,1
a9436ff7215c501f,b00223_jpg,train,train,b00223_jpg.rf.42afbdd97974cae47c3f8603ed0de906.jpg,b00223_jpg.rf.42afbdd97974cae47c3f8603ed0de906.jpg,24928e2df9c480f4f6a713cebacba0599895d7c71b9483f9ce0df3e856fb08c8,24928e2df9c480f4f6a713cebacba0599895d7c71b9483f9ce0df3e856fb08c8,copied,0,2
a9cacce326dd6f80,IMG_5771_JPG,train,valid,IMG_5771_JPG.rf.efa5f5d9aba9d2e131afb65c1d911f30.jpg,IMG_5771_JPG.rf.efa5f5d9aba9d2e131afb65c1d911f30.jpg,9985156586d80cab2a44904f2d47d51142304723dc0047eb208107e2d76932d0,9985156586d80cab2a44904f2d47d51142304723dc0047eb208107e2d76932d0,copied,0,1
a9eff02be5eb4f87,smoking_0727_jpg,train,train,smoking_0727_jpg.rf.ddfafc3f25b47dc05816c5886db4269c.jpg,smoking_0727_jpg.rf.ddfafc3f25b47dc05816c5886db4269c.jpg,6c0b7583c1f0c655a72b94efc475f0a8dba470d17f3d6ea3533c69bc06ef4f82,6c0b7583c1f0c655a72b94efc475f0a8dba470d17f3d6ea3533c69bc06ef4f82,copied,0,0
aa3363ba89211557,smoking_0441_jpg,test,valid,smoking_0441_jpg.rf.f0de13e4b8a613fbd868b97b3e7cd273.jpg,smoking_0441_jpg.rf.f0de13e4b8a613fbd868b97b3e7cd273.jpg,3052b5b421854986a1d5d22a8b6ffdfdc764fe61e6491a9786ee35f151eec45e,3052b5b421854986a1d5d22a8b6ffdfdc764fe61e6491a9786ee35f151eec45e,copied,0,0
aa58436d7803b859,smoking_1093_jpg,train,train,smoking_1093_jpg.rf.acc0d0103a9dce44f46a0352f6d22856.jpg,smoking_1093_jpg.rf.acc0d0103a9dce44f46a0352f6d22856.jpg,72d52fa77585e4e6926b6ba137d7b1a0cd492e40c0b590a99332ad8dec488c8f,72d52fa77585e4e6926b6ba137d7b1a0cd492e40c0b590a99332ad8dec488c8f,copied,0,0
aa5e0d5c3e267ce0,smoking_0055_jpg,valid,train,smoking_0055_jpg.rf.71f07f8ea1c8c541d87c9a0b84035dab.jpg,smoking_0055_jpg.rf.71f07f8ea1c8c541d87c9a0b84035dab.jpg,8e4d44911eed931003163550bc26e02b83b0c021a766982810a0f183c6a6f403,8e4d44911eed931003163550bc26e02b83b0c021a766982810a0f183c6a6f403,copied,0,0
aa6ecebe862a003e,smoking_0141_jpg,train,train,smoking_0141_jpg.rf.17cddc17ec85f6fcbee2f641e6e46097.jpg,smoking_0141_jpg.rf.17cddc17ec85f6fcbee2f641e6e46097.jpg,6e5abef706aa4b899d0ab4a2257cc2a1fcd8573b1e54fd141f0c612342d5e142,6e5abef706aa4b899d0ab4a2257cc2a1fcd8573b1e54fd141f0c612342d5e142,copied,0,0
aa93583bede1e676,smoking_0199_jpg,train,valid,smoking_0199_jpg.rf.35aab8c0879e9927cdf08b6da18519f5.jpg,smoking_0199_jpg.rf.35aab8c0879e9927cdf08b6da18519f5.jpg,3d72a2985089066da58f9b4f95d01e0e8f1529d4066337445704bd5ec6835e75,3d72a2985089066da58f9b4f95d01e0e8f1529d4066337445704bd5ec6835e75,copied,0,1
ab1f64ea47caaf8a,smoking_0226_jpg,train,train,smoking_0226_jpg.rf.61109f645feb43d491405ebeb8b816cc.jpg,smoking_0226_jpg.rf.61109f645feb43d491405ebeb8b816cc.jpg,b565d11272e14ee738f2b5e971f6f1acb20df06feabe27e38d31cdcdbe47538d,b565d11272e14ee738f2b5e971f6f1acb20df06feabe27e38d31cdcdbe47538d,copied,0,0
ab32c9a72302b74c,smoking_0812_jpg,train,train,smoking_0812_jpg.rf.1479cf2ce1505754439b0046e4369b08.jpg,smoking_0812_jpg.rf.1479cf2ce1505754439b0046e4369b08.jpg,db73a3a171d48e4b1bfea7ef622630aef4e052586f0e765881e18c5459496898,db73a3a171d48e4b1bfea7ef622630aef4e052586f0e765881e18c5459496898,copied,0,0
ab6de8f46531985b,indir-14-_jpg,valid,test,indir-14-_jpg.rf.46af5c0d975a31c6bc3e07da2a1b7af6.jpg,indir-14-_jpg.rf.46af5c0d975a31c6bc3e07da2a1b7af6.jpg,dd4a205709674681dc3909005ebeb3ff215e418cad5d19d6cb880388b73c7b27,dd4a205709674681dc3909005ebeb3ff215e418cad5d19d6cb880388b73c7b27,copied,0,1
ab7b2af603fd14a2,2f1e932d0cfc0626_jpg,train,train,2f1e932d0cfc0626_jpg.rf.5f988b1c1331935ade7dd6e4d41200b1.jpg,2f1e932d0cfc0626_jpg.rf.5f988b1c1331935ade7dd6e4d41200b1.jpg,785fd9b3e1e5c40ab6cb059c63b72593479cb7f66325ca6e54590d270fd78828,785fd9b3e1e5c40ab6cb059c63b72593479cb7f66325ca6e54590d270fd78828,copied,1,
ab7b498cadeb9402,bb0297_jpg,valid,valid,bb0297_jpg.rf.4ef8ddb59b20bf65c039d7aff689e43f.jpg,bb0297_jpg.rf.4ef8ddb59b20bf65c039d7aff689e43f.jpg,032c3126f177b25d82998287f7caba96b089ddaafdbca898a01409b5f25e5aa5,032c3126f177b25d82998287f7caba96b089ddaafdbca898a01409b5f25e5aa5,copied,0,2
abbbeeb6bb9fadcc,smoking_0471_jpg,train,train,smoking_0471_jpg.rf.d154e784390e4e4b5fa861839be4e5f1.jpg,smoking_0471_jpg.rf.d154e784390e4e4b5fa861839be4e5f1.jpg,5f709ec0a1d17252fab22efee20d350d70f9aa5460c9005b41ee0f3845597bd1,5f709ec0a1d17252fab22efee20d350d70f9aa5460c9005b41ee0f3845597bd1,copied,0,0
abc2bb4e27830023,smoking_0349_jpg,test,train,smoking_0349_jpg.rf.56285399daffa3ac07adc6e2be76fbae.jpg,smoking_0349_jpg.rf.56285399daffa3ac07adc6e2be76fbae.jpg,b8377e78c45369a2804783344a30c303bd466939092667090485f36261437154,b8377e78c45369a2804783344a30c303bd466939092667090485f36261437154,copied,0,0
abd379591b73b27d,WIN_20220507_21_27_19_Pro_jpg,train,train,WIN_20220507_21_27_19_Pro_jpg.rf.6f9b2d18e8bd6cdd5aec59d4c52cf6d9.jpg,WIN_20220507_21_27_19_Pro_jpg.rf.6f9b2d18e8bd6cdd5aec59d4c52cf6d9.jpg,de92f99e0758e79e804a8aaa5a043e090047a72662b64b0b4ea743cd4d185b53,de92f99e0758e79e804a8aaa5a043e090047a72662b64b0b4ea743cd4d185b53,copied,0,1
abe41eca3a5a8dbe,c00467_jpeg_jpg,train,train,c00467_jpeg_jpg.rf.1d02fabb2298708f6baccf1b1ded70f6.jpg,c00467_jpeg_jpg.rf.1d02fabb2298708f6baccf1b1ded70f6.jpg,72fbd03ad7834c9b0c0f7cba9afa4925bccd84d87e11409534a4cbb4ad09a32d,72fbd03ad7834c9b0c0f7cba9afa4925bccd84d87e11409534a4cbb4ad09a32d,copied,0,2
abf1a78f8f7b894d,smoking_0464_jpg,test,train,smoking_0464_jpg.rf.f2c363923be8c065ef2b780cb1e8bd5d.jpg,smoking_0464_jpg.rf.f2c363923be8c065ef2b780cb1e8bd5d.jpg,84bfe9c6aef3fb2e56f4ad6a91e33a0b5066dd4b17f115f6e61850eacad399f5,84bfe9c6aef3fb2e56f4ad6a91e33a0b5066dd4b17f115f6e61850eacad399f5,copied,0,0
ac07e82246a64be1,bb0420_jpg,test,train,bb0420_jpg.rf.8917fc18282659aae9b4d8a9fbd23f18.jpg,bb0420_jpg.rf.8917fc18282659aae9b4d8a9fbd23f18.jpg,d037076aad48bbe382924a3de63fc7e22c73ed1f46cf668e960726b8f7e20198,d037076aad48bbe382924a3de63fc7e22c73ed1f46cf668e960726b8f7e20198,copied,0,2
ac1f42b0aaacbb2e,images-10-_jpeg_jpg,valid,train,images-10-_jpeg_jpg.rf.46b2d2db81ea5c871e9453cc8d86e5d6.jpg,images-10-_jpeg_jpg.rf.46b2d2db81ea5c871e9453cc8d86e5d6.jpg,d4d391bbc16f25b0bbd87689c9a2a13baca1dc697d720851557b7109e97c3852,d4d391bbc16f25b0bbd87689c9a2a13baca1dc697d720851557b7109e97c3852,copied,0,1
ac2e2014a7db93e0,smoking_0080_jpg,test,train,smoking_0080_jpg.rf.11f74e96d27c12a89454e11318893129.jpg,smoking_0080_jpg.rf.11f74e96d27c12a89454e11318893129.jpg,92c71d7736a4993a16b86b52deb579303074fefa788be21f43f53cd696f956f3,92c71d7736a4993a16b86b52deb579303074fefa788be21f43f53cd696f956f3,copied,0,0
ac548bc92d8a235e,smoking_0246_jpg,valid,train,smoking_0246_jpg.rf.d2618c77bd9813611ad626a769574a20.jpg,smoking_0246_jpg.rf.d2618c77bd9813611ad626a769574a20.jpg,5fde939ae13d5ee0e9c08cb822bd63fdfb03e4a7e5850559c5f3cd7d8d76ad05,5fde939ae13d5ee0e9c08cb822bd63fdfb03e4a7e5850559c5f3cd7d8d76ad05,copied,0,0
ac73a3abe2d2fef1,smoking_0748_jpg,valid,train,smoking_0748_jpg.rf.abb78603031287f9d129fa05af747bf9.jpg,smoking_0748_jpg.rf.abb78603031287f9d129fa05af747bf9.jpg,f16ea21adac75525217b2d38b4b43cf21cc1f6f0658474ca5c559a8a150498bb,f16ea21adac75525217b2d38b4b43cf21cc1f6f0658474ca5c559a8a150498bb,copied,0,0
ac8e5e1a27928835,smoking_0660_jpg,train,test,smoking_0660_jpg.rf.ccedde3cfda76cfa3c305d847bbe2a4e.jpg,smoking_0660_jpg.rf.ccedde3cfda76cfa3c305d847bbe2a4e.jpg,0ebc97fd89005c9c906676444eeab3c50ac001e9098dd64d3a0dedba085657de,0ebc97fd89005c9c906676444eeab3c50ac001e9098dd64d3a0dedba085657de,copied,0,1
ac9f399f2fe90926,1697099878247_JPEG_jpg,valid,test,1697099878247_JPEG_jpg.rf.102b50ef630d9d6885ff1a06b9370a76.jpg,1697099878247_JPEG_jpg.rf.102b50ef630d9d6885ff1a06b9370a76.jpg,a178d4e99d1463c0bc4526c30bd0ad30d36483c5c59a3c270b77f692e59ca5a4,a178d4e99d1463c0bc4526c30bd0ad30d36483c5c59a3c270b77f692e59ca5a4,copied,0,0
acdb44af163ff875,smoking_0052_jpg,valid,valid,smoking_0052_jpg.rf.80e98eae2fbe20c4cd88237e6367e8e3.jpg,smoking_0052_jpg.rf.80e98eae2fbe20c4cd88237e6367e8e3.jpg,60b0bb02df1bf4fb121f400c14a9b1944bd0095b5ceca429a5d07f51a5aaa309,60b0bb02df1bf4fb121f400c14a9b1944bd0095b5ceca429a5d07f51a5aaa309,copied,0,0
acdeb4f58c2bba8c,images-101-_jpg,train,train,images-101-_jpg.rf.3a11c0c3368e7ab17e09cb6837ce7086.jpg,images-101-_jpg.rf.3a11c0c3368e7ab17e09cb6837ce7086.jpg,917d0cae83390482bc7a51614e90482665a53d8097bee5f81dae963eb54e65b0,917d0cae83390482bc7a51614e90482665a53d8097bee5f81dae963eb54e65b0,copied,0,1
acdf36f76df0dfd6,000001_jpg,train,train,000001_jpg.rf.349c17ea1c2f92ecf3b8a0102583a64b.jpg,000001_jpg.rf.349c17ea1c2f92ecf3b8a0102583a64b.jpg,ee23283a676a7ea93d6e9c1608c5a88346105f5cb845d68c06d6db45f0279f6d,ee23283a676a7ea93d6e9c1608c5a88346105f5cb845d68c06d6db45f0279f6d,copied,0,2
ace333192a4f392b,WIN_20220507_21_27_18_Pro_jpg,train,train,WIN_20220507_21_27_18_Pro_jpg.rf.bd1f01a0662ef71797ad5ce7ec0b5700.jpg,WIN_20220507_21_27_18_Pro_jpg.rf.bd1f01a0662ef71797ad5ce7ec0b5700.jpg,657b49e58b58bcb4c65bb02c3bec1c3b525cbb74eb7bc253ff53efcba2a30d70,657b49e58b58bcb4c65bb02c3bec1c3b525cbb74eb7bc253ff53efcba2a30d70,copied,0,1
ad05527691817fe2,images-2-_jpeg_jpg,train,train,images-2-_jpeg_jpg.rf.8d5baf8aade6a72cb89fecf4960a9dc8.jpg,images-2-_jpeg_jpg.rf.8d5baf8aade6a72cb89fecf4960a9dc8.jpg,c4b365738043aa1b16bedb671a54b23f53193a88182e2ed5387385d0dd374780,c4b365738043aa1b16bedb671a54b23f53193a88182e2ed5387385d0dd374780,copied,0,1
ad0fe38e81f51130,smoking_0646_jpg,valid,train,smoking_0646_jpg.rf.bd398e5e2e31d46efe6b7f74104eb15e.jpg,smoking_0646_jpg.rf.bd398e5e2e31d46efe6b7f74104eb15e.jpg,c9caa845e5646950a72f53ffbbb515852430be492096d9c2a97dc1f67d9cd2ed,c9caa845e5646950a72f53ffbbb515852430be492096d9c2a97dc1f67d9cd2ed,copied,0,0
ad40e4d6adc1164a,smoking_0867_jpg,train,train,smoking_0867_jpg.rf.0a64b938ea2951c81daf62040a5ac7fd.jpg,smoking_0867_jpg.rf.0a64b938ea2951c81daf62040a5ac7fd.jpg,22ce261c7e95ad88fe8595d02f24187d42f243876de0dd6ec3a3d4cfc0981af4,22ce261c7e95ad88fe8595d02f24187d42f243876de0dd6ec3a3d4cfc0981af4,copied,0,0
ad569900a36c1fab,images-29-_jpg,train,valid,images-29-_jpg.rf.c381514653bd69a4fd484afa8548c68e.jpg,images-29-_jpg.rf.c381514653bd69a4fd484afa8548c68e.jpg,e11bf2e6b2c557ea4f108ca45a96c815a360496516965dcae29c87a9d5e8cc9d,e11bf2e6b2c557ea4f108ca45a96c815a360496516965dcae29c87a9d5e8cc9d,copied,0,1
ad75013029ef4a4b,IMG_4436_jpg,train,train,IMG_4436_jpg.rf.07a9e0877e73f8f4ae58103f67a9e7fc.jpg,IMG_4436_jpg.rf.07a9e0877e73f8f4ae58103f67a9e7fc.jpg,83cbff55ee3b6a231aca2fada8b89545d7005a5dcee8db1effb9678f61e4ec10,83cbff55ee3b6a231aca2fada8b89545d7005a5dcee8db1effb9678f61e4ec10,copied,0,0
ad9d43545af7be75,pexels-photo-340876_jpg,valid,test,pexels-photo-340876_jpg.rf.b1a253cf0fe2db2ac67d0b62582903bf.jpg,pexels-photo-340876_jpg.rf.b1a253cf0fe2db2ac67d0b62582903bf.jpg,8f5acb231d8d6f24853cbb69c1bbc661eeb3dfa46bd1c4aee0ebd710c9ee0da8,8f5acb231d8d6f24853cbb69c1bbc661eeb3dfa46bd1c4aee0ebd710c9ee0da8,copied,0,1
ada15b38651dc253,WIN_20220329_21_29_02_Pro_jpg,train,train,WIN_20220329_21_29_02_Pro_jpg.rf.9b54d8b500265a07410126e77c086c80.jpg,WIN_20220329_21_29_02_Pro_jpg.rf.9b54d8b500265a07410126e77c086c80.jpg,4902f4533bccd1ebd0da99cbe955f8b97e48c5ef28c268f4ec872bebc7c346ba,4902f4533bccd1ebd0da99cbe955f8b97e48c5ef28c268f4ec872bebc7c346ba,copied,0,1
adc4b1228c3cd53c,4b6303e55379d86f_jpg,train,test,4b6303e55379d86f_jpg.rf.9239aea37109f4f54cec43d500ba992d.jpg,4b6303e55379d86f_jpg.rf.9239aea37109f4f54cec43d500ba992d.jpg,12a5310e7d0c7236879f8bd05442b916af0ad763c5969d421df71019e45dbae8,12a5310e7d0c7236879f8bd05442b916af0ad763c5969d421df71019e45dbae8,copied,1,
add15110be7c35b8,c00329_jpg,train,train,c00329_jpg.rf.0eace105ca1f38351ffc31e580fe65bd.jpg,c00329_jpg.rf.0eace105ca1f38351ffc31e580fe65bd.jpg,47be23fb8580c9569426a06bf60eadcb66f86ee58db752145b191d341e3b5b7e,47be23fb8580c9569426a06bf60eadcb66f86ee58db752145b191d341e3b5b7e,copied,0,2
ae17a7dff2f1e851,143cfe6995fca437_jpg,train,test,143cfe6995fca437_jpg.rf.cad17977a63cc2953f85f6c0f0cb81b0.jpg,143cfe6995fca437_jpg.rf.cad17977a63cc2953f85f6c0f0cb81b0.jpg,8d1212a7f2b9d7a09b96e77d6a58d03ada7c23b6013d063d96527ded4e4be099,8d1212a7f2b9d7a09b96e77d6a58d03ada7c23b6013d063d96527ded4e4be099,copied,1,
ae57b18928ae5fdb,images-85-_jpg,train,train,images-85-_jpg.rf.6d60be7b06ccd37905459efcc73d516f.jpg,images-85-_jpg.rf.6d60be7b06ccd37905459efcc73d516f.jpg,85aab731ba39d026822a1fdb352e78ff513cbd4ef2c0adaa9ed41b99468cf219,85aab731ba39d026822a1fdb352e78ff513cbd4ef2c0adaa9ed41b99468cf219,copied,0,1
aeb6b4991394edc5,c00465_jpg,train,train,c00465_jpg.rf.2f27730b962a77187f4261abd61c49b4.jpg,c00465_jpg.rf.2f27730b962a77187f4261abd61c49b4.jpg,75203c68ed8f4c54ec6e3ccc5e1776350ec55fe8c2a7d3d884d45ecafcd7c1f2,75203c68ed8f4c54ec6e3ccc5e1776350ec55fe8c2a7d3d884d45ecafcd7c1f2,copied,0,2
aeb74787a8170084,29debbe0aef09f6d_jpg,train,train,29debbe0aef09f6d_jpg.rf.a67bb63575e6162547f01e259832dfc7.jpg,29debbe0aef09f6d_jpg.rf.a67bb63575e6162547f01e259832dfc7.jpg,bf52aa64fe26089c0dec12a2a4909d83e8248b3f7481df0009687ca6f4097828,bf52aa64fe26089c0dec12a2a4909d83e8248b3f7481df0009687ca6f4097828,copied,1,
af32ad7733ad1f51,IMG_5134,train,train,IMG_5134.JPG,IMG_5134.jpg,2bc657e434379d7c580d31c9df2d4e1f7cbe14c1e56ab931825abd7ba0a6d960,153752330d3bbff7fd8e9a64fe2f3de95d8ced18772aa523095594201f363bab,converted_heic_to_jpeg,1,
af4b5dbf58029bbd,24a8d4acbb6d2690_jpg,train,train,24a8d4acbb6d2690_jpg.rf.7c730505b3a407e20914c85b152b218b.jpg,24a8d4acbb6d2690_jpg.rf.7c730505b3a407e20914c85b152b218b.jpg,8d6ed588d0faaaead2a12f3bccabc9dc8a0bc6ca30ee41b8b392a8c25c98a200,8d6ed588d0faaaead2a12f3bccabc9dc8a0bc6ca30ee41b8b392a8c25c98a200,copied,1,
af7fe5f7fd4f7165,2_jpg,train,train,2_jpg.rf.336d1bd7aa855c60f03580c0881b1c75.jpg,2_jpg.rf.336d1bd7aa855c60f03580c0881b1c75.jpg,a91612173bf240e6d91718621c91714e071ccb8b6809889abdf97242bf8d5e7f,a91612173bf240e6d91718621c91714e071ccb8b6809889abdf97242bf8d5e7f,copied,0,1
af9a7d49f7177ece,32779dfc868ee3a1_jpg,train,train,32779dfc868ee3a1_jpg.rf.49ff806afca9920f74b79f32d67af103.jpg,32779dfc868ee3a1_jpg.rf.49ff806afca9920f74b79f32d67af103.jpg,dfe785be50e9d4ef56c2cdd2b47b0b5df31a9ad068778457107b0c97c772a861,dfe785be50e9d4ef56c2cdd2b47b0b5df31a9ad068778457107b0c97c772a861,copied,1,
afad778f5478b13f,1f3cbc9d742a310c_jpg,train,train,1f3cbc9d742a310c_jpg.rf.f87505c557c247a0aec51e7599695553.jpg,1f3cbc9d742a310c_jpg.rf.f87505c557c247a0aec51e7599695553.jpg,6e4276912d997581484b8704e982f86dfeeeb56d157a329c567c818fb10da272,6e4276912d997581484b8704e982f86dfeeeb56d157a329c567c818fb10da272,copied,1,
afca2b8ac2e0866e,smoking_0106_jpg,train,train,smoking_0106_jpg.rf.eeee53136422aa27d8213c57f886eacb.jpg,smoking_0106_jpg.rf.eeee53136422aa27d8213c57f886eacb.jpg,f5be3c5be41c61548bbcfb19431b74281c33b66a6cc309461a781d6bfc428fe7,f5be3c5be41c61548bbcfb19431b74281c33b66a6cc309461a781d6bfc428fe7,copied,0,0
afd2e8e94ae5956b,1358377add674ae3_jpg,train,train,1358377add674ae3_jpg.rf.9f74587821a009913d2ed54e71207b87.jpg,1358377add674ae3_jpg.rf.9f74587821a009913d2ed54e71207b87.jpg,b838817a955e9370afcf462ccf90074aadbb900831d198f9b8576d5c15da0f7a,b838817a955e9370afcf462ccf90074aadbb900831d198f9b8576d5c15da0f7a,copied,1,
b02a45f1896ecb36,images-51-_jpg,train,train,images-51-_jpg.rf.25e5dd32e628c6ca35792751793caf89.jpg,images-51-_jpg.rf.25e5dd32e628c6ca35792751793caf89.jpg,edc7290d32eafc7d648a2cac27082f1b42f7b8f6f2f5f3cd665f48a268e928ef,edc7290d32eafc7d648a2cac27082f1b42f7b8f6f2f5f3cd665f48a268e928ef,copied,0,1
b03bbe9e6a7f6d3f,smoking_0874_jpg,train,train,smoking_0874_jpg.rf.2b34f863bf4b7ed42c1b58c7ed43984c.jpg,smoking_0874_jpg.rf.2b34f863bf4b7ed42c1b58c7ed43984c.jpg,9183ae440efe6d47b111ba1d9ee30a374177d51510738758b9a33e4ecbc0e513,9183ae440efe6d47b111ba1d9ee30a374177d51510738758b9a33e4ecbc0e513,copied,0,1
b04ce31cc7f3968c,b0f744d1-Smoke38_jpg,test,train,b0f744d1-Smoke38_jpg.rf.e8a27450e1df2914dedab30840a72b3d.jpg,b0f744d1-Smoke38_jpg.rf.e8a27450e1df2914dedab30840a72b3d.jpg,6a73589330d8fe7d5de7a6a1a46dbabc2c5a93ef96aebc2fd70215a931910909,6a73589330d8fe7d5de7a6a1a46dbabc2c5a93ef96aebc2fd70215a931910909,copied,0,0
b06be08bf584d850,000044_jpeg_jpg,train,train,000044_jpeg_jpg.rf.579e540362086c7206a29dfc876f254e.jpg,000044_jpeg_jpg.rf.579e540362086c7206a29dfc876f254e.jpg,2583c8e9ac8006de5dd65173774d3274ab66c14bd8d038d69b78618c5712b784,2583c8e9ac8006de5dd65173774d3274ab66c14bd8d038d69b78618c5712b784,copied,0,0|2
b07ca457c7ac7eef,images-12-_jpg,train,valid,images-12-_jpg.rf.ac6f173771e5e7ede4291997eea876d7.jpg,images-12-_jpg.rf.ac6f173771e5e7ede4291997eea876d7.jpg,dcf321fd8b7f752f1456991ac5dda67409093b29fb5b15a6742ea9078b4115f1,dcf321fd8b7f752f1456991ac5dda67409093b29fb5b15a6742ea9078b4115f1,copied,0,1
b09215f53920f442,smoking_0821_jpg,valid,test,smoking_0821_jpg.rf.3cc2e75d5906f54c7eb5954e011d28b7.jpg,smoking_0821_jpg.rf.3cc2e75d5906f54c7eb5954e011d28b7.jpg,0275e21f8a8116e5291dbd08e62a204884df9604be9c15029ce8cc8a463ca7d8,0275e21f8a8116e5291dbd08e62a204884df9604be9c15029ce8cc8a463ca7d8,copied,0,0
b0b1ad8a63684f5a,15515b4f80dc1ad4_jpg,train,train,15515b4f80dc1ad4_jpg.rf.377d7e30553cb37ea141fd64d1594535.jpg,15515b4f80dc1ad4_jpg.rf.377d7e30553cb37ea141fd64d1594535.jpg,e0bf40d6790e09e4dbc31f4fe4b42dde598e595caf278aadd5400ab88618d64d,e0bf40d6790e09e4dbc31f4fe4b42dde598e595caf278aadd5400ab88618d64d,copied,1,
b0c78580560c18e7,IMG_4343_jpg,train,train,IMG_4343_jpg.rf.0d1dc6910ee1a8b44f60cd4a37136633.jpg,IMG_4343_jpg.rf.0d1dc6910ee1a8b44f60cd4a37136633.jpg,c812832538d325f9f788acc198f9f9ad8d8920c373bab333913957b76acb271b,c812832538d325f9f788acc198f9f9ad8d8920c373bab333913957b76acb271b,copied,0,0
b0fcfe644c937e9c,WIN_20220329_21_30_02_Pro_jpg,train,train,WIN_20220329_21_30_02_Pro_jpg.rf.3ce5dcdb03be8f1f53071d7a27e4a732.jpg,WIN_20220329_21_30_02_Pro_jpg.rf.3ce5dcdb03be8f1f53071d7a27e4a732.jpg,4fd3784ead786f492539cf377abbfe0f55f41b3bf5900aebeba9a0bed861547f,4fd3784ead786f492539cf377abbfe0f55f41b3bf5900aebeba9a0bed861547f,copied,0,1
b1321bf3170dc6e4,00118eeac8c3325b_jpg,train,train,00118eeac8c3325b_jpg.rf.e4b75b7d7ff958f05d5312f9c01c0370.jpg,00118eeac8c3325b_jpg.rf.e4b75b7d7ff958f05d5312f9c01c0370.jpg,b338df51912ce0aba54fb1e62b04d34f96aeb4bb0bb911de76c1e98776206f0c,b338df51912ce0aba54fb1e62b04d34f96aeb4bb0bb911de76c1e98776206f0c,copied,1,
b133089488ed3b3c,0217b37f7370630d_jpg,valid,test,0217b37f7370630d_jpg.rf.cbeb3fcdef1e0e8618fe0c5143b9f359.jpg,0217b37f7370630d_jpg.rf.cbeb3fcdef1e0e8618fe0c5143b9f359.jpg,ec3103faf47b00e733aaeef58ba6c702cb7c9a9341a20376b8179a16b30d2cd7,ec3103faf47b00e733aaeef58ba6c702cb7c9a9341a20376b8179a16b30d2cd7,copied,1,
b1352162d5414300,smoking_1080_jpg,train,train,smoking_1080_jpg.rf.bfa446ea87fda7898c4504929042af5f.jpg,smoking_1080_jpg.rf.bfa446ea87fda7898c4504929042af5f.jpg,769db91b62361f56f2da84ee73d91c43126338f42b8e36d8544c9df9683f6d2e,769db91b62361f56f2da84ee73d91c43126338f42b8e36d8544c9df9683f6d2e,copied,0,0
b1357eda08290cd4,smoking_0497_jpg,valid,train,smoking_0497_jpg.rf.c11a54b5f6223b55c3463459ea06703a.jpg,smoking_0497_jpg.rf.c11a54b5f6223b55c3463459ea06703a.jpg,071957b987b9e7d163c4903c2efc93cb80b497e04db4be718edbef920765c083,071957b987b9e7d163c4903c2efc93cb80b497e04db4be718edbef920765c083,copied,0,0
b17056abd0a2fe5b,IMG_5772_JPG,valid,train,IMG_5772_JPG.rf.cd3d7bfc6b309c7c8dc0de32f6f8844b.jpg,IMG_5772_JPG.rf.cd3d7bfc6b309c7c8dc0de32f6f8844b.jpg,a49230b65cb241c2214cc1219b4f431be9d24bdfece3e4d28bac996d6e4c7060,a49230b65cb241c2214cc1219b4f431be9d24bdfece3e4d28bac996d6e4c7060,copied,0,1
b17eca976a8d697e,bb0488_jpg,train,train,bb0488_jpg.rf.697b4111524e6a21d4ee2ca3e701e25d.jpg,bb0488_jpg.rf.697b4111524e6a21d4ee2ca3e701e25d.jpg,4609376e66877c15265f2a60330b5cc12de45e44f1771d25033fe821da35750d,4609376e66877c15265f2a60330b5cc12de45e44f1771d25033fe821da35750d,copied,0,2
b18995fbd0d92020,11_jpg,train,train,11_jpg.rf.55fb0c35e4ec4aa736db487d3eafa813.jpg,11_jpg.rf.55fb0c35e4ec4aa736db487d3eafa813.jpg,d67bbf6e2089bc64c0d8eaf5b8794460a8d2887dd37fa77d5d0e320d2420f4bb,d67bbf6e2089bc64c0d8eaf5b8794460a8d2887dd37fa77d5d0e320d2420f4bb,copied,0,1
b18c68010dbd98bf,WIN_20220507_21_29_25_Pro_jpg,valid,valid,WIN_20220507_21_29_25_Pro_jpg.rf.4d8cee748d062be29365669ca61725c6.jpg,WIN_20220507_21_29_25_Pro_jpg.rf.4d8cee748d062be29365669ca61725c6.jpg,37de217c8c3144e77db9e65c78c16c6aeb45e344a433a049649b3162f1aeda88,37de217c8c3144e77db9e65c78c16c6aeb45e344a433a049649b3162f1aeda88,copied,0,1
b1ae1617c5cf2358,bb0600_jpg,train,test,bb0600_jpg.rf.137eb442a52ffb1dde6ad5c2841a0d3b.jpg,bb0600_jpg.rf.137eb442a52ffb1dde6ad5c2841a0d3b.jpg,803ca024392f0241e2a7bf65a18bbc0aa03e773773d299dbaeadee620f499e19,803ca024392f0241e2a7bf65a18bbc0aa03e773773d299dbaeadee620f499e19,copied,0,2
b1bc7952e9457a88,000178_jpg,train,train,000178_jpg.rf.8166e9d1e0f116a182da802923ef74c2.jpg,000178_jpg.rf.8166e9d1e0f116a182da802923ef74c2.jpg,2b36298342923dbe71f6518cbec2945ddbb93be6e424cfa41f94c6b2a1e26131,2b36298342923dbe71f6518cbec2945ddbb93be6e424cfa41f94c6b2a1e26131,copied,0,2
b1c4af66375111a7,1ad2952f6f8fdf47_jpg,train,train,1ad2952f6f8fdf47_jpg.rf.65f727a60e60a89a02c49b886369d30f.jpg,1ad2952f6f8fdf47_jpg.rf.65f727a60e60a89a02c49b886369d30f.jpg,8f6bdc329452e3ed95153963df2588b4808e9e6b3ed0b36fc4dd8afb52dd2123,8f6bdc329452e3ed95153963df2588b4808e9e6b3ed0b36fc4dd8afb52dd2123,copied,1,
b1db878928177d5c,smoking_0474_jpg,train,train,smoking_0474_jpg.rf.8ed18e5baf524b5795b28c74943b3c09.jpg,smoking_0474_jpg.rf.8ed18e5baf524b5795b28c74943b3c09.jpg,d4786990ed7c4ecf232965e49e0e8e00f3de4cce40de8f788418ee909fa63a68,d4786990ed7c4ecf232965e49e0e8e00f3de4cce40de8f788418ee909fa63a68,copied,0,1
b1dc89b9a1d7aa9c,IMG_4561_jpg,train,train,IMG_4561_jpg.rf.3f57d0876954254db9444ae1e0ccf661.jpg,IMG_4561_jpg.rf.3f57d0876954254db9444ae1e0ccf661.jpg,effb3b508a4256c0f02844a1df16e620060edb2a153e9c47bde32201e07448e1,effb3b508a4256c0f02844a1df16e620060edb2a153e9c47bde32201e07448e1,copied,1,
b1f6142509cf9160,smoking_0810_jpg,train,train,smoking_0810_jpg.rf.bb117af9eaa144da9359d17b20969d07.jpg,smoking_0810_jpg.rf.bb117af9eaa144da9359d17b20969d07.jpg,ebd03453192b974daeac62417fbb7a35ab727f7db6c4712a5360722e0ea4f1de,ebd03453192b974daeac62417fbb7a35ab727f7db6c4712a5360722e0ea4f1de,copied,0,0
b207ec320b20b62f,IMG_5135,valid,train,IMG_5135.JPG,IMG_5135.jpg,410f2909362460972c5590a5d66a5fbbc7ac55936ab7317dc9aa566696ebd97c,72285e563b0c9b5c26d7bc841f535832e85e7fd45aed95965a1a2181019ea278,converted_heic_to_jpeg,1,
b2186fadac502a14,smoking_0742_jpg,train,valid,smoking_0742_jpg.rf.9c178f2adc8fd9586324d3f091f12db7.jpg,smoking_0742_jpg.rf.9c178f2adc8fd9586324d3f091f12db7.jpg,251c523aabfee2c6cf7e99cec665544e7efa38274e620f6f5894d766bc5862ed,251c523aabfee2c6cf7e99cec665544e7efa38274e620f6f5894d766bc5862ed,copied,0,0
b23c03d11fd91742,IMG_5126,train,train,IMG_5126.JPG,IMG_5126.jpg,46eba108205cfc0bd301886f45c92a71adf9375624133fb2e7e58b548e41dfc1,e617d77a2b38fd28bf6a65ab931e4a7ccd221115a7b717c0a1490a13400ec9f1,converted_heic_to_jpeg,1,
b2595fcece971529,127f891a35f3fcf7_jpg,train,train,127f891a35f3fcf7_jpg.rf.c266e164a7e7198e24f933e8847099b8.jpg,127f891a35f3fcf7_jpg.rf.c266e164a7e7198e24f933e8847099b8.jpg,8d65567f4c42e52a0cb9f29ba0115978f14725abc54db2ad0463f015bb8e0dba,8d65567f4c42e52a0cb9f29ba0115978f14725abc54db2ad0463f015bb8e0dba,copied,1,
b29f2f5f96f9b407,smoking_0036_jpg,train,test,smoking_0036_jpg.rf.8a74cf6e9f41c091e2a69311533b5e23.jpg,smoking_0036_jpg.rf.8a74cf6e9f41c091e2a69311533b5e23.jpg,5fba4a452688dba10e1c067e7fe40a4d4128ed0f6d58dc46c3aceefb0d1a0947,5fba4a452688dba10e1c067e7fe40a4d4128ed0f6d58dc46c3aceefb0d1a0947,copied,0,0
b2bb2751779d481f,IMG_4386_jpg,train,train,IMG_4386_jpg.rf.634a5cda9effad1d422a21a2c6c381f3.jpg,IMG_4386_jpg.rf.634a5cda9effad1d422a21a2c6c381f3.jpg,bb1e4ba7f659a6939607439b2843d8c58b07e31e516588e611f5317f7320b204,bb1e4ba7f659a6939607439b2843d8c58b07e31e516588e611f5317f7320b204,copied,0,0
b2e60c049874933a,0075ba55bbacfe2c_jpg,train,train,0075ba55bbacfe2c_jpg.rf.86a1bc9705a5ed9251c18450e906f045.jpg,0075ba55bbacfe2c_jpg.rf.86a1bc9705a5ed9251c18450e906f045.jpg,85793611eab8e48ad52faff01be79f66bcec8d7a680b477ba84ada7affdbc893,85793611eab8e48ad52faff01be79f66bcec8d7a680b477ba84ada7affdbc893,copied,1,
b30289c206e20681,c00014_png_jpg,train,train,c00014_png_jpg.rf.26f0cd4d5a93bbd87d3d1fd22bfe65c1.jpg,c00014_png_jpg.rf.26f0cd4d5a93bbd87d3d1fd22bfe65c1.jpg,731efd2f80ba8be971a675fc2e4f3f7a399bcc81b40889da363c1e1fb99d8148,731efd2f80ba8be971a675fc2e4f3f7a399bcc81b40889da363c1e1fb99d8148,copied,0,2
b37f615674c7c0f8,imddages_jpg,test,test,imddages_jpg.rf.696aca020b84b9559c083cbd6c5e2851.jpg,imddages_jpg.rf.696aca020b84b9559c083cbd6c5e2851.jpg,a53f9648539956c47a580a7bf00b7818c3de505ad540a90a265225cf5857d08d,a53f9648539956c47a580a7bf00b7818c3de505ad540a90a265225cf5857d08d,copied,0,1
b386c7cee54ceab2,smoking_0447_jpg,train,train,smoking_0447_jpg.rf.1b5bc94d6f13d03347e049b896dcc0d5.jpg,smoking_0447_jpg.rf.1b5bc94d6f13d03347e049b896dcc0d5.jpg,48b738c2e4898749098639e51b4c3b65b264f7946ee0868af3f859b22ab35e01,48b738c2e4898749098639e51b4c3b65b264f7946ee0868af3f859b22ab35e01,copied,0,0
b389466ceee62701,smoking_0521_jpg,train,valid,smoking_0521_jpg.rf.6450c4665bc5bf5fe3f6f3a2ebf1a156.jpg,smoking_0521_jpg.rf.6450c4665bc5bf5fe3f6f3a2ebf1a156.jpg,6b8f985b1ee70a77799039c0ad6284cb00a74f1c4275d0fd1c60f7f04e5799c7,6b8f985b1ee70a77799039c0ad6284cb00a74f1c4275d0fd1c60f7f04e5799c7,copied,0,0
b390d89df83836d6,IMG_4539_jpg,train,train,IMG_4539_jpg.rf.113184675928a4b9eecd4954c349ec47.jpg,IMG_4539_jpg.rf.113184675928a4b9eecd4954c349ec47.jpg,c50b6344fb4195b2c391c002f0819e68776283ba7efe02f9a8d4945efc5f3c82,c50b6344fb4195b2c391c002f0819e68776283ba7efe02f9a8d4945efc5f3c82,copied,0,0|1
b3ed05d7873c1e81,smoking_0694_jpg,train,train,smoking_0694_jpg.rf.e98948e4183561af92e273fd99beb367.jpg,smoking_0694_jpg.rf.e98948e4183561af92e273fd99beb367.jpg,3fb261a159eddeaea7ad0a2fbf6a46bff932f41dea18bb442b8d3b72967d3403,3fb261a159eddeaea7ad0a2fbf6a46bff932f41dea18bb442b8d3b72967d3403,copied,0,0
b3faacb2e77b3569,smoking_0712_jpg,train,train,smoking_0712_jpg.rf.ee0b758dae4fcd68fa759d54b4e8f693.jpg,smoking_0712_jpg.rf.ee0b758dae4fcd68fa759d54b4e8f693.jpg,5f31acec81ac2ef5bcdeef168a8514394ff56db275340c50b26229a3ae0a8dca,5f31acec81ac2ef5bcdeef168a8514394ff56db275340c50b26229a3ae0a8dca,copied,0,1
b43cf2696b00e685,WIN_20220507_21_28_39_Pro_jpg,train,train,WIN_20220507_21_28_39_Pro_jpg.rf.6e3861534d6ea9fde7d2c1a656c38667.jpg,WIN_20220507_21_28_39_Pro_jpg.rf.6e3861534d6ea9fde7d2c1a656c38667.jpg,a98397cb37c000004b469b19d9662633ca34e83e72c0f921e4c219abdf9e64f6,a98397cb37c000004b469b19d9662633ca34e83e72c0f921e4c219abdf9e64f6,copied,0,1
b4482073ef15dda6,smoking_0999_jpg,train,train,smoking_0999_jpg.rf.e411062aad87c4062d8dc9470631f31f.jpg,smoking_0999_jpg.rf.e411062aad87c4062d8dc9470631f31f.jpg,46d693698244db9b7f9a4c717332f432cecd87bc2e5c323bf58ea3b795e55e93,46d693698244db9b7f9a4c717332f432cecd87bc2e5c323bf58ea3b795e55e93,copied,0,0
b4aa09f4e4f98eb6,smoking_0383_jpg,train,train,smoking_0383_jpg.rf.52a0b8c8006f2d32e922252e5142f066.jpg,smoking_0383_jpg.rf.52a0b8c8006f2d32e922252e5142f066.jpg,10f9403e3c854b905013bfde848cbfd577ed9b934024cea7a7e57bec7707498a,10f9403e3c854b905013bfde848cbfd577ed9b934024cea7a7e57bec7707498a,copied,0,1
b4cfc4d753b8c7f3,WIN_20220329_21_29_50_Pro_jpg,train,valid,WIN_20220329_21_29_50_Pro_jpg.rf.ad42cd28e4ca2326c50eb3d9b87db16e.jpg,WIN_20220329_21_29_50_Pro_jpg.rf.ad42cd28e4ca2326c50eb3d9b87db16e.jpg,28d5004db9ec7bd4838036e82fc005a1dab3ccddaef2be3954c5187e8cca5179,28d5004db9ec7bd4838036e82fc005a1dab3ccddaef2be3954c5187e8cca5179,copied,0,1
b4d5f35543b85ed0,smoking_0533_jpg,valid,train,smoking_0533_jpg.rf.e30be7ff2d79cf1ef02120659cceedfa.jpg,smoking_0533_jpg.rf.e30be7ff2d79cf1ef02120659cceedfa.jpg,5726e65ab3b1679233ff080dccf36210ba02e06f7ddfa09df722308b20b2eb79,5726e65ab3b1679233ff080dccf36210ba02e06f7ddfa09df722308b20b2eb79,copied,0,0
b5264b7bbd1273c7,IMG_4380_jpg,train,valid,IMG_4380_jpg.rf.552dcc11262d0226c61ac08d9eb28287.jpg,IMG_4380_jpg.rf.552dcc11262d0226c61ac08d9eb28287.jpg,9a27f790c081201d27e718aa9424959d76f416828ea68cd8b4aff9c032890e39,9a27f790c081201d27e718aa9424959d76f416828ea68cd8b4aff9c032890e39,copied,0,0
b528c2f33a115a05,bb0124_jpg,train,train,bb0124_jpg.rf.7b0e6abf5f7b7aae234580bf1c512747.jpg,bb0124_jpg.rf.7b0e6abf5f7b7aae234580bf1c512747.jpg,f429a0d4d4d4f6531bfd1504cae2728bfdaefe8672085ac9a23b2fe916ea8b37,f429a0d4d4d4f6531bfd1504cae2728bfdaefe8672085ac9a23b2fe916ea8b37,copied,0,2
b53f440c6529ca73,0f0980d661aae782_jpg,train,train,0f0980d661aae782_jpg.rf.1ff1494ecaa11d42d09339fc58fa8a41.jpg,0f0980d661aae782_jpg.rf.1ff1494ecaa11d42d09339fc58fa8a41.jpg,46542ae85cb49def89a66cf4981b3446b30df2c3c70b5c6bcb086a293cff7164,46542ae85cb49def89a66cf4981b3446b30df2c3c70b5c6bcb086a293cff7164,copied,1,
b55b2b9a3655ef92,1e2a01fa5c0541d7_jpg,train,valid,1e2a01fa5c0541d7_jpg.rf.9cef6743cfef9847243bd6b146ec5640.jpg,1e2a01fa5c0541d7_jpg.rf.9cef6743cfef9847243bd6b146ec5640.jpg,df24e7fce9f42e255e9aff39eea5c7802403ce3856d3264a61bacd7d957a00e0,df24e7fce9f42e255e9aff39eea5c7802403ce3856d3264a61bacd7d957a00e0,copied,1,
b5601c854e4d627e,f377ab5b-Smoke57_jpg,test,train,f377ab5b-Smoke57_jpg.rf.e0b8eb9ffdc844bdbb9b2ae484941e7a.jpg,f377ab5b-Smoke57_jpg.rf.e0b8eb9ffdc844bdbb9b2ae484941e7a.jpg,2a0e9a3502e6e6df4f5f5c0ac216293fd2cb791241ebcc6481f0cf56678b3d31,2a0e9a3502e6e6df4f5f5c0ac216293fd2cb791241ebcc6481f0cf56678b3d31,copied,0,0
b5779569692ad40e,2ae6d5b897fcc0e0_jpg,train,train,2ae6d5b897fcc0e0_jpg.rf.c919b252877d5a081307a48c925fe796.jpg,2ae6d5b897fcc0e0_jpg.rf.c919b252877d5a081307a48c925fe796.jpg,478dcd078bfe78f4d8bf6d75bb41f91bdbd6b4b3ce16035c8b20ccbdfd340b2e,478dcd078bfe78f4d8bf6d75bb41f91bdbd6b4b3ce16035c8b20ccbdfd340b2e,copied,1,
b580aace9f19bb35,images-43-_jpg,train,train,images-43-_jpg.rf.079305667cb47a48ab4979f8820d0f2b.jpg,images-43-_jpg.rf.079305667cb47a48ab4979f8820d0f2b.jpg,4c093c4dc37cf4e5e9044d0ca8443ba861dda72f2ab062faf7dbbfea0f014e5b,4c093c4dc37cf4e5e9044d0ca8443ba861dda72f2ab062faf7dbbfea0f014e5b,copied,0,1
b58a24b0cf0945d2,lighter-6526557__340_jpg,train,train,lighter-6526557__340_jpg.rf.71d86b971c289af9f1833cde1834a296.jpg,lighter-6526557__340_jpg.rf.71d86b971c289af9f1833cde1834a296.jpg,c86b7b67fb4fe70d9c34378e58111cdb22402d48fbb843628b9014ed7f821adc,c86b7b67fb4fe70d9c34378e58111cdb22402d48fbb843628b9014ed7f821adc,copied,0,1
b5a94459f1ec5b05,smoking_1058_jpg,valid,train,smoking_1058_jpg.rf.97c630ae7047feb82de9f0994bdd1911.jpg,smoking_1058_jpg.rf.97c630ae7047feb82de9f0994bdd1911.jpg,5eddfc7d1b721a53b58359120c712011c63e81cb0e5bb5904684e43f92aeb2c0,5eddfc7d1b721a53b58359120c712011c63e81cb0e5bb5904684e43f92aeb2c0,copied,0,0
b6017d6cedd7a49f,000281_jpg,train,train,000281_jpg.rf.1fba4fee77a030e8797926ae59408f85.jpg,000281_jpg.rf.1fba4fee77a030e8797926ae59408f85.jpg,ec9f0bc342bfaa3bb368d077d7935d6d403819b18a9d403c6b00e8461f3d9469,ec9f0bc342bfaa3bb368d077d7935d6d403819b18a9d403c6b00e8461f3d9469,copied,0,2
b60738e52d7d84f4,1_jpg,train,train,1_jpg.rf.81f3cc4488be4f8be691a7174a9d0201.jpg,1_jpg.rf.81f3cc4488be4f8be691a7174a9d0201.jpg,525e97e0a1b17d05d4ea9d44897b02fb0826ccbaf99450e6669804374d9e2cb3,525e97e0a1b17d05d4ea9d44897b02fb0826ccbaf99450e6669804374d9e2cb3,copied,0,1
b60c1054b05751c7,0a7bcba01651ba11_jpg,train,train,0a7bcba01651ba11_jpg.rf.874699793307d8a1775f576fa08bc5a4.jpg,0a7bcba01651ba11_jpg.rf.874699793307d8a1775f576fa08bc5a4.jpg,ebc28f2943d9b18faf7b4051713f3c77a9a431eb0e7dd791a9b15ea57ec7a29a,ebc28f2943d9b18faf7b4051713f3c77a9a431eb0e7dd791a9b15ea57ec7a29a,copied,1,
b693ca1ce6969b7e,WIN_20220507_23_10_44_Pro_jpg,train,train,WIN_20220507_23_10_44_Pro_jpg.rf.0a9162d065d4fad24add139cdd132019.jpg,WIN_20220507_23_10_44_Pro_jpg.rf.0a9162d065d4fad24add139cdd132019.jpg,2fadb34e3418fe3df565c6b921c751d00a9b8a14eaa062811660595115025e62,2fadb34e3418fe3df565c6b921c751d00a9b8a14eaa062811660595115025e62,copied,0,1
b6ecc646df7bb5f9,smoking_1051_jpg,train,train,smoking_1051_jpg.rf.2fad4f52ffcfc5d286d306fd14772a08.jpg,smoking_1051_jpg.rf.2fad4f52ffcfc5d286d306fd14772a08.jpg,a889b16b3c2fb14c145442695155bed883bad6958d583e7705aa5051fff8a649,a889b16b3c2fb14c145442695155bed883bad6958d583e7705aa5051fff8a649,copied,0,0
b6ff72bb76f20d7c,smoking_0309_jpg,train,train,smoking_0309_jpg.rf.2405f876a8b66cc3d549d9ccce599eac.jpg,smoking_0309_jpg.rf.2405f876a8b66cc3d549d9ccce599eac.jpg,2e6bae9836184242365621aae9159ceba0565cd9d28e3c1bcccbd9f2a5f5a4a3,2e6bae9836184242365621aae9159ceba0565cd9d28e3c1bcccbd9f2a5f5a4a3,copied,0,0
b70dd15c1506147d,c00035_jpg,train,train,c00035_jpg.rf.1554f2f2d19bfafcd43791c4a4aa3178.jpg,c00035_jpg.rf.1554f2f2d19bfafcd43791c4a4aa3178.jpg,cc5219dfbe5edb7dfce89d889d3b5bfa4bbce5fabce714f10233edcf347d6bcc,cc5219dfbe5edb7dfce89d889d3b5bfa4bbce5fabce714f10233edcf347d6bcc,copied,0,2
b77cc8059e76d855,smoking_0336_jpg,train,train,smoking_0336_jpg.rf.33fdedb6e88b686519801e92ebfd76a6.jpg,smoking_0336_jpg.rf.33fdedb6e88b686519801e92ebfd76a6.jpg,7fed3d7158fa24dba809cec5f018f485f7a21992fc97a11101137959a044c781,7fed3d7158fa24dba809cec5f018f485f7a21992fc97a11101137959a044c781,copied,0,0
b7abb6f22dead06c,small-62-_jpg,train,train,small-62-_jpg.rf.4370821b1dbd06b8aba1bb23b1521c43.jpg,small-62-_jpg.rf.4370821b1dbd06b8aba1bb23b1521c43.jpg,dfb5b3ae3f612130e5f7b6efce35b1e0a7cb2ad92c7a601b064e429b5cdf8eb9,dfb5b3ae3f612130e5f7b6efce35b1e0a7cb2ad92c7a601b064e429b5cdf8eb9,copied,0,1
b7abfaacd708a903,167d753390794c23_jpg,train,test,167d753390794c23_jpg.rf.ea69bda2cd98056c869f7ddab374eb8e.jpg,167d753390794c23_jpg.rf.ea69bda2cd98056c869f7ddab374eb8e.jpg,b682664fbf769a2e6b4f1cee8bb7c56c6f0e81d221a473d9e120e719ea383f40,b682664fbf769a2e6b4f1cee8bb7c56c6f0e81d221a473d9e120e719ea383f40,copied,1,
b7d68e663bf35945,smoking_0778_jpg,train,train,smoking_0778_jpg.rf.e50296d488bcab68a6cdcf738b656459.jpg,smoking_0778_jpg.rf.e50296d488bcab68a6cdcf738b656459.jpg,20e1716cab7f97b2f605c3349c6177f0a8fe7e20e8353ff41d53eeaba0d3cd01,20e1716cab7f97b2f605c3349c6177f0a8fe7e20e8353ff41d53eeaba0d3cd01,copied,0,1
b7dfb2df2a06684e,a00127-0_jpg,train,train,a00127-0_jpg.rf.8104c869cc0507e2b8ebd0c90aa027aa.jpg,a00127-0_jpg.rf.8104c869cc0507e2b8ebd0c90aa027aa.jpg,c79c6b99fcc5d5aba7a9e32e571226d565ea3da5187ca705c41cd78513a98f68,c79c6b99fcc5d5aba7a9e32e571226d565ea3da5187ca705c41cd78513a98f68,copied,0,2
b8090374482060fa,WIN_20220507_20_59_10_Pro_jpg,train,train,WIN_20220507_20_59_10_Pro_jpg.rf.40d2d7d5ab2cd2cdb761daecc98181fc.jpg,WIN_20220507_20_59_10_Pro_jpg.rf.40d2d7d5ab2cd2cdb761daecc98181fc.jpg,ed8b00883a38b05fe2b19fedc9d3b8782c18b4812d62ae0f25307ccd3e64c6db,ed8b00883a38b05fe2b19fedc9d3b8782c18b4812d62ae0f25307ccd3e64c6db,copied,0,1
b80cd269b8ac9529,1e8bcd87fe45d03b_jpg,train,valid,1e8bcd87fe45d03b_jpg.rf.b286ddaf2fa314fcbd59a085cf66d679.jpg,1e8bcd87fe45d03b_jpg.rf.b286ddaf2fa314fcbd59a085cf66d679.jpg,ce575cd46cc498f419ba790dc33ad582387609dc2c1ca7b6a9201ec88ffcae08,ce575cd46cc498f419ba790dc33ad582387609dc2c1ca7b6a9201ec88ffcae08,copied,1,
b82847805661b8b2,1697100022686_JPEG_jpg,train,train,1697100022686_JPEG_jpg.rf.0bc15bbfdad5f5a5fffeb53dce3e8f7c.jpg,1697100022686_JPEG_jpg.rf.0bc15bbfdad5f5a5fffeb53dce3e8f7c.jpg,a256586c364a36122846c55a151523685d59ab30e3d74e6f626156071c5f8626,a256586c364a36122846c55a151523685d59ab30e3d74e6f626156071c5f8626,copied,0,0
b83c81227de49538,smoking_0816_jpg,valid,valid,smoking_0816_jpg.rf.cc758f3bf1b0a8917d331a56230e580a.jpg,smoking_0816_jpg.rf.cc758f3bf1b0a8917d331a56230e580a.jpg,f6087d2587bfc1700539de726a9343021f432118333d6489e0d9831505d7bfd0,f6087d2587bfc1700539de726a9343021f432118333d6489e0d9831505d7bfd0,copied,0,0
b86035fff690f172,0a7ec11b28a9c966_jpg,train,test,0a7ec11b28a9c966_jpg.rf.783f005748eb7d953959f0df6892ae8e.jpg,0a7ec11b28a9c966_jpg.rf.783f005748eb7d953959f0df6892ae8e.jpg,c554cee816bd6473163917ea1250db6d181d9d74cecb32bb97216dbe884e9420,c554cee816bd6473163917ea1250db6d181d9d74cecb32bb97216dbe884e9420,copied,1,
b88e275eb5b4b2b7,WIN_20220507_21_28_44_Pro_jpg,train,train,WIN_20220507_21_28_44_Pro_jpg.rf.7dcf31285205bcdb46a25303c0794981.jpg,WIN_20220507_21_28_44_Pro_jpg.rf.7dcf31285205bcdb46a25303c0794981.jpg,518589954e8fffe3d7a4f89af3642657aa0f26b185cdebee97682d0622f06df8,518589954e8fffe3d7a4f89af3642657aa0f26b185cdebee97682d0622f06df8,copied,0,1
b897700decb1a019,smoking_0064_jpg,train,train,smoking_0064_jpg.rf.05223ac40e8894a811baa9a72f6a1a59.jpg,smoking_0064_jpg.rf.05223ac40e8894a811baa9a72f6a1a59.jpg,4dc155e2b084854b31772f3d009c631598b843aae6d8454a30b962c2e2ca30ff,4dc155e2b084854b31772f3d009c631598b843aae6d8454a30b962c2e2ca30ff,copied,0,0
b897f8bd6f1ae401,a0009-0-0_jpg,train,train,a0009-0-0_jpg.rf.d20acd57f3396cec4669635e31d0f40f.jpg,a0009-0-0_jpg.rf.d20acd57f3396cec4669635e31d0f40f.jpg,d4725223d7ad84f75c464087fa2ce6e3f4cd10286c1e1f7dbcda192f09669b4f,d4725223d7ad84f75c464087fa2ce6e3f4cd10286c1e1f7dbcda192f09669b4f,copied,0,2
b8a55ba444f92f5b,smoking_0184_jpg,train,train,smoking_0184_jpg.rf.4e3036722bad7a620c2ec77240fe891a.jpg,smoking_0184_jpg.rf.4e3036722bad7a620c2ec77240fe891a.jpg,2191091366acfc6bf35ec2942864cb439fa432c573bc4a1833a8d1adb9a7ab46,2191091366acfc6bf35ec2942864cb439fa432c573bc4a1833a8d1adb9a7ab46,copied,0,0
b8ab70581c20ab09,smoking_0254_jpg,train,train,smoking_0254_jpg.rf.97b84b3135bb9c92f1650ebfcacfb0d0.jpg,smoking_0254_jpg.rf.97b84b3135bb9c92f1650ebfcacfb0d0.jpg,7c6303b0194c64ea1c26abbdced14fe77d33347475512afc2af7a3ce46e96e35,7c6303b0194c64ea1c26abbdced14fe77d33347475512afc2af7a3ce46e96e35,copied,0,0
b8b79c7a79bbe3db,49c9a12cac79f8c3_jpg,train,train,49c9a12cac79f8c3_jpg.rf.f0361a60b3fe9015a46d05b6770dfc0f.jpg,49c9a12cac79f8c3_jpg.rf.f0361a60b3fe9015a46d05b6770dfc0f.jpg,06f6abdb94a15d96c005a5e560f03aa74038ea16b362179742057bf34bc49835,06f6abdb94a15d96c005a5e560f03aa74038ea16b362179742057bf34bc49835,copied,1,
b8e21fac91410ef9,083ead1336ec4762_jpg,train,train,083ead1336ec4762_jpg.rf.33e541809ac20c38dd43bb87a138ffe6.jpg,083ead1336ec4762_jpg.rf.33e541809ac20c38dd43bb87a138ffe6.jpg,8d4956fe3d869b442e66d1570cba459aa1eaa33d8acbc888bd7f90f5359b94bf,8d4956fe3d869b442e66d1570cba459aa1eaa33d8acbc888bd7f90f5359b94bf,copied,1,
b8ee5991bdc39b33,smoking_0851_jpg,train,train,smoking_0851_jpg.rf.6ec8bf8f1525d49f5b2e488251e8df78.jpg,smoking_0851_jpg.rf.6ec8bf8f1525d49f5b2e488251e8df78.jpg,d07016402caaf5aa89117c87f6b39022eb147de2f21b59de8d17f09656137823,d07016402caaf5aa89117c87f6b39022eb147de2f21b59de8d17f09656137823,copied,0,0
b97094c716b48a64,smoking_0850_jpg,test,train,smoking_0850_jpg.rf.57ea965facf0fc5a5f100f9b4684a1f3.jpg,smoking_0850_jpg.rf.57ea965facf0fc5a5f100f9b4684a1f3.jpg,0c5995038911255502122a0f92c56421a0cff9e99dfe207a6ba39184f38be385,0c5995038911255502122a0f92c56421a0cff9e99dfe207a6ba39184f38be385,copied,0,0
b9af347745bb6a02,smoking_0450_jpg,train,train,smoking_0450_jpg.rf.033a1bc1e5a1cefe80e4d78f89351684.jpg,smoking_0450_jpg.rf.033a1bc1e5a1cefe80e4d78f89351684.jpg,12d94acd240d10c39461b9a34a0895aed24b5ffb8ac147ff0e86ca3b5224ee97,12d94acd240d10c39461b9a34a0895aed24b5ffb8ac147ff0e86ca3b5224ee97,copied,0,0
b9bc094fdb3d7977,smoking_1022_jpg,train,train,smoking_1022_jpg.rf.305a20b54d71aead061a3c8d5f0b54d0.jpg,smoking_1022_jpg.rf.305a20b54d71aead061a3c8d5f0b54d0.jpg,a6b2db63df08dd5cd363e7fecef520d4d5c2a40b9186bbb843ad85bd11d408b9,a6b2db63df08dd5cd363e7fecef520d4d5c2a40b9186bbb843ad85bd11d408b9,copied,0,0
b9cb37998cf066f4,1697100070975_JPEG_jpg,train,train,1697100070975_JPEG_jpg.rf.1579cbe95fbc8965d45536eb74679749.jpg,1697100070975_JPEG_jpg.rf.1579cbe95fbc8965d45536eb74679749.jpg,d4ddaacf8608553aea7bce7ab9fe4fb17b28d4733bcebf48aad494a1c607cddd,d4ddaacf8608553aea7bce7ab9fe4fb17b28d4733bcebf48aad494a1c607cddd,copied,0,0
ba01438f85ceda51,c00043_jpg,train,train,c00043_jpg.rf.24a89eeaae0394972a77276a87111479.jpg,c00043_jpg.rf.24a89eeaae0394972a77276a87111479.jpg,1cc63a5402d018096d4478cde895f5c200d620cccf24365166952804f5a501b8,1cc63a5402d018096d4478cde895f5c200d620cccf24365166952804f5a501b8,copied,0,2
ba3af8a27f360a87,1966a1a207639cd0_jpg,train,train,1966a1a207639cd0_jpg.rf.2da2ca7090899f0b8da48182b7509534.jpg,1966a1a207639cd0_jpg.rf.2da2ca7090899f0b8da48182b7509534.jpg,663194451d1c92e470e1aca7cb0df445bf47eb53a65199cf488570f173ae7d09,663194451d1c92e470e1aca7cb0df445bf47eb53a65199cf488570f173ae7d09,copied,1,
ba4a607a1f0ede7e,IMG_4450_jpg,train,train,IMG_4450_jpg.rf.0549a6c843b4aae133fc3b8ff7b14f8f.jpg,IMG_4450_jpg.rf.0549a6c843b4aae133fc3b8ff7b14f8f.jpg,8cdc53e7106acdfc844e5d4009c4ba2f300f5e9bc7cedac8a8b91e9576f064a5,8cdc53e7106acdfc844e5d4009c4ba2f300f5e9bc7cedac8a8b91e9576f064a5,copied,1,
ba6c0d6f4c9326de,small-71-_jpg,train,valid,small-71-_jpg.rf.86a3d37f1c90a88cbe910971c031a994.jpg,small-71-_jpg.rf.86a3d37f1c90a88cbe910971c031a994.jpg,fa924652337bf0330b585cb1acd3b785e5bf0bcecb4b5901ac10ee000e5ceabc,fa924652337bf0330b585cb1acd3b785e5bf0bcecb4b5901ac10ee000e5ceabc,copied,0,1
ba733aa311dab8a1,smoking_0344_jpg,valid,train,smoking_0344_jpg.rf.bf88f62377ff5e95101ce42d0305c5d3.jpg,smoking_0344_jpg.rf.bf88f62377ff5e95101ce42d0305c5d3.jpg,57aa277b1da3ededd99a5899526aaa014d5da6b7a6cc29be39f292d2a2ebc1b0,57aa277b1da3ededd99a5899526aaa014d5da6b7a6cc29be39f292d2a2ebc1b0,copied,0,0
bace076b35c66b67,images-9-_jpeg_jpg,train,train,images-9-_jpeg_jpg.rf.6157e3e81b3f8ffa90feee8016592cf7.jpg,images-9-_jpeg_jpg.rf.6157e3e81b3f8ffa90feee8016592cf7.jpg,42072fecf83f7ffe0a5daebf4fd35add344f6a8d08ec8ca4b6ef66878d022a7c,42072fecf83f7ffe0a5daebf4fd35add344f6a8d08ec8ca4b6ef66878d022a7c,copied,0,1
badcc0f927fbde67,WIN_20220507_21_28_40_Pro_jpg,train,train,WIN_20220507_21_28_40_Pro_jpg.rf.db9dd39aead675bdc99a8e87519b34ed.jpg,WIN_20220507_21_28_40_Pro_jpg.rf.db9dd39aead675bdc99a8e87519b34ed.jpg,a05d41d40d2548b16023d90d2acbe381f928edee1c817a05012d8ba0f2ad88d6,a05d41d40d2548b16023d90d2acbe381f928edee1c817a05012d8ba0f2ad88d6,copied,0,1
bb1aef7c790f6aa1,images-60-_jpg,valid,test,images-60-_jpg.rf.d5b294e7b838016837d5efcc64b6ddfd.jpg,images-60-_jpg.rf.d5b294e7b838016837d5efcc64b6ddfd.jpg,ae5620aa93af765b345eac1f035664acbc872116c50b7e0cf080afc136f1f7e5,ae5620aa93af765b345eac1f035664acbc872116c50b7e0cf080afc136f1f7e5,copied,0,1
bb6848a1c816fdd5,smoking_0483_jpg,train,valid,smoking_0483_jpg.rf.8b22380a5084c9c90775103f1774c5c6.jpg,smoking_0483_jpg.rf.8b22380a5084c9c90775103f1774c5c6.jpg,a6b99f646dddc0324d5adc9388f5e4935591d8663d58faba63fbaf801ffe4a14,a6b99f646dddc0324d5adc9388f5e4935591d8663d58faba63fbaf801ffe4a14,copied,0,0
bb71f8f2c1daff0e,gg0126_jpeg_jpg,test,test,gg0126_jpeg_jpg.rf.a03fb238836d66524bb6077b7cb91935.jpg,gg0126_jpeg_jpg.rf.a03fb238836d66524bb6077b7cb91935.jpg,54db647da6d7a0e8a858209d89eec53720915876595a174548bf242614816b3c,54db647da6d7a0e8a858209d89eec53720915876595a174548bf242614816b3c,copied,0,2
bbbd1c567cc948a8,smoking_1008_jpg,train,valid,smoking_1008_jpg.rf.d78ebefe4486fabfdeaf9f050ae2a8e1.jpg,smoking_1008_jpg.rf.d78ebefe4486fabfdeaf9f050ae2a8e1.jpg,819bd486c3e62b2b476e2c297be5cda9992d5971029ef2cd1873a31817e9956f,819bd486c3e62b2b476e2c297be5cda9992d5971029ef2cd1873a31817e9956f,copied,0,0
bc05c3734cc32d54,smoking_0229_jpg,train,train,smoking_0229_jpg.rf.71748ad2cde5e080b81e8e24ae78c08e.jpg,smoking_0229_jpg.rf.71748ad2cde5e080b81e8e24ae78c08e.jpg,f80ae8f9115bdd9f40969331fda776330d01b92d7499472ad762e3ee905d0d3f,f80ae8f9115bdd9f40969331fda776330d01b92d7499472ad762e3ee905d0d3f,copied,0,1
bc136145eea95938,gg0031_jpg,train,train,gg0031_jpg.rf.05ba7494c56d68b0e2d92f1b4bcd3efd.jpg,gg0031_jpg.rf.05ba7494c56d68b0e2d92f1b4bcd3efd.jpg,ae7dafb824c572d370da6c4439b0a502de96f1641e36d1be2760da001c21e177,ae7dafb824c572d370da6c4439b0a502de96f1641e36d1be2760da001c21e177,copied,0,2
bc3bde57d2059c43,09b983e3e5b3192b_jpg,train,valid,09b983e3e5b3192b_jpg.rf.823930cbccc94eca2841929e6cc0659b.jpg,09b983e3e5b3192b_jpg.rf.823930cbccc94eca2841929e6cc0659b.jpg,d9e737044b659dec307cb15af4c287df36eb34df9fc1ea09389795996e304286,d9e737044b659dec307cb15af4c287df36eb34df9fc1ea09389795996e304286,copied,1,
bc3e2d70c08a37e6,bb0568_jpg,train,train,bb0568_jpg.rf.146ce9eeb40b238c83a05315f7cca83b.jpg,bb0568_jpg.rf.146ce9eeb40b238c83a05315f7cca83b.jpg,6384c9c340292d661198abc7c96a138284574210119264571d4d24a522528c3b,6384c9c340292d661198abc7c96a138284574210119264571d4d24a522528c3b,copied,0,2
bc7e019dbc66023d,smoking_0880_jpg,train,valid,smoking_0880_jpg.rf.361f9f410dede114de663c2f536bf7ec.jpg,smoking_0880_jpg.rf.361f9f410dede114de663c2f536bf7ec.jpg,55c0d6e3abad9f8e889a1e8c33556b09dedf43da67aba7773cc35d7a70d744c1,55c0d6e3abad9f8e889a1e8c33556b09dedf43da67aba7773cc35d7a70d744c1,copied,0,0
bcd207e137015a1a,smoking_0021_jpg,test,train,smoking_0021_jpg.rf.cac7adb8f310505e31fc9f9329273187.jpg,smoking_0021_jpg.rf.cac7adb8f310505e31fc9f9329273187.jpg,efe89dfd3b16d4e4dd4226f5eac9a3563a7a0db62f11de0b0d63b6b64bfdca4d,efe89dfd3b16d4e4dd4226f5eac9a3563a7a0db62f11de0b0d63b6b64bfdca4d,copied,0,0
bcd3e77477196270,IMG_4525_jpg,train,train,IMG_4525_jpg.rf.ae7fb5d4f236857beff91e5f040f539f.jpg,IMG_4525_jpg.rf.ae7fb5d4f236857beff91e5f040f539f.jpg,193c0a7f8392a9affe57ec1a4b8e5a81738cd04a2b6f6755e5f216db1a14991a,193c0a7f8392a9affe57ec1a4b8e5a81738cd04a2b6f6755e5f216db1a14991a,copied,0,0|1
bd39a077b82ba0ff,smoking_1114_jpg,test,test,smoking_1114_jpg.rf.9149bcedee20ad6644c4679ffbf058cc.jpg,smoking_1114_jpg.rf.9149bcedee20ad6644c4679ffbf058cc.jpg,361ea227ceedd341d269e19449b6a5f8ba1adc2af4567f8fc5a9c0f083e2c401,361ea227ceedd341d269e19449b6a5f8ba1adc2af4567f8fc5a9c0f083e2c401,copied,0,0
bd4041a3f93652b7,smoking_0506_jpg,train,train,smoking_0506_jpg.rf.8195e2da473f03fc6d57b3cad6f95f30.jpg,smoking_0506_jpg.rf.8195e2da473f03fc6d57b3cad6f95f30.jpg,e5c658ff06d29c266ec8b04f907c9a26cc62be051210f80f512255a8b61d05a4,e5c658ff06d29c266ec8b04f907c9a26cc62be051210f80f512255a8b61d05a4,copied,0,0
bd4cb9c34664180d,smoking_0921_jpg,train,train,smoking_0921_jpg.rf.68437b09047c7d312f38ea3a1f8b0e81.jpg,smoking_0921_jpg.rf.68437b09047c7d312f38ea3a1f8b0e81.jpg,c6af34dc06c636c1715bcd2fcc5746235240cd54b42a9c3b13408009cdec7e4f,c6af34dc06c636c1715bcd2fcc5746235240cd54b42a9c3b13408009cdec7e4f,copied,0,0
bd4ec45b2a536c25,WIN_20220507_21_29_00_Pro-2-_jpg,train,train,WIN_20220507_21_29_00_Pro-2-_jpg.rf.5dcd9a10fb63076691de9938a1f60701.jpg,WIN_20220507_21_29_00_Pro-2-_jpg.rf.5dcd9a10fb63076691de9938a1f60701.jpg,ea6bc70338e40c8233cc695d4442501acc6690c51a18a7fd9983593d023ef98e,ea6bc70338e40c8233cc695d4442501acc6690c51a18a7fd9983593d023ef98e,copied,0,1
bd89fe2359ed8f31,smoking_1074_jpg,train,train,smoking_1074_jpg.rf.eaf18308de368a1696e3f92a0d0a281c.jpg,smoking_1074_jpg.rf.eaf18308de368a1696e3f92a0d0a281c.jpg,3d0fe6204245cb61d96df108791d1affbaf7dd2caaf88c91996768702df9669f,3d0fe6204245cb61d96df108791d1affbaf7dd2caaf88c91996768702df9669f,copied,0,0
bdb03f0f739c3676,ggg108_jpg,valid,valid,ggg108_jpg.rf.9e3bd89fddb9d875c1471cbfd623deb4.jpg,ggg108_jpg.rf.9e3bd89fddb9d875c1471cbfd623deb4.jpg,68c3196336d4b9956b364587a191a0354a553b1af40ddd7cb71c6d32996be2f5,68c3196336d4b9956b364587a191a0354a553b1af40ddd7cb71c6d32996be2f5,copied,0,2
bdb747dbca527121,106828a294e2af0b_jpg,valid,train,106828a294e2af0b_jpg.rf.5a064de388574b61d5a69b301367b304.jpg,106828a294e2af0b_jpg.rf.5a064de388574b61d5a69b301367b304.jpg,163b0364ee7370e3fd548d3cb2feb67721f0725ec38800324042e44a174b440b,163b0364ee7370e3fd548d3cb2feb67721f0725ec38800324042e44a174b440b,copied,1,
bddd75818cb9708d,03dee3ad60e03742_jpg,train,valid,03dee3ad60e03742_jpg.rf.dc01eab3eda74e8a4705d7dc8ee9f28a.jpg,03dee3ad60e03742_jpg.rf.dc01eab3eda74e8a4705d7dc8ee9f28a.jpg,64f8edc5119bafc73892d97c7e0af88817863d59d2f85cf6a5afd1b0e1d623d0,64f8edc5119bafc73892d97c7e0af88817863d59d2f85cf6a5afd1b0e1d623d0,copied,1,
bdfa52d2f77255f2,smoking_0384_jpg,train,train,smoking_0384_jpg.rf.584ea5732cba817b3f1841818d1b161c.jpg,smoking_0384_jpg.rf.584ea5732cba817b3f1841818d1b161c.jpg,8226a30bab3d81dcb1ecb8f1d61f58ab7d1877d90de7e05e71591edb6b65f4c6,8226a30bab3d81dcb1ecb8f1d61f58ab7d1877d90de7e05e71591edb6b65f4c6,copied,0,1
be0458190250ce81,smoking_0053_jpg,train,train,smoking_0053_jpg.rf.f9cb4cdc1f6fcbb29fbd0e2eb43e1567.jpg,smoking_0053_jpg.rf.f9cb4cdc1f6fcbb29fbd0e2eb43e1567.jpg,46ec7f029ddf4304a60eb939748068c55c52aa38061829c8f4e4a6d8e27023f1,46ec7f029ddf4304a60eb939748068c55c52aa38061829c8f4e4a6d8e27023f1,copied,0,0
be04a39cbbf55a31,c00209_jpg,train,train,c00209_jpg.rf.09208b8d0e3ebf76d641be1cb9a674d6.jpg,c00209_jpg.rf.09208b8d0e3ebf76d641be1cb9a674d6.jpg,58947d5189ed3da170b7225658978d3b16ad105980329451d2b2038f72ac1f34,58947d5189ed3da170b7225658978d3b16ad105980329451d2b2038f72ac1f34,copied,0,2
be355e298a1c831f,1697099949085_JPEG_jpg,train,train,1697099949085_JPEG_jpg.rf.f012a75bed3fe1b0baacc99d18a44f77.jpg,1697099949085_JPEG_jpg.rf.f012a75bed3fe1b0baacc99d18a44f77.jpg,180196b57d2dadbc3e372918705f0a681275cc3ae58e0f4d80aa30cd5cf5fa8b,180196b57d2dadbc3e372918705f0a681275cc3ae58e0f4d80aa30cd5cf5fa8b,copied,0,0
be382e882a9f9553,0171f8cade2e9f34_jpg,train,train,0171f8cade2e9f34_jpg.rf.8a16447908789e7b91764a2d90e9fa8b.jpg,0171f8cade2e9f34_jpg.rf.8a16447908789e7b91764a2d90e9fa8b.jpg,28ea1c03e516cdce0871a955ec46f5b39170f308777fd46798bb4991743a6e63,28ea1c03e516cdce0871a955ec46f5b39170f308777fd46798bb4991743a6e63,copied,1,
be3d6503f5001057,2f9e97922f3b80f8_jpg,train,train,2f9e97922f3b80f8_jpg.rf.b2c1d80a70a968853283eca4453e5ee7.jpg,2f9e97922f3b80f8_jpg.rf.b2c1d80a70a968853283eca4453e5ee7.jpg,346d58ce7197ed08edaef3c7ad52a1022079873ed654750492243b6567f96550,346d58ce7197ed08edaef3c7ad52a1022079873ed654750492243b6567f96550,copied,1,
be732b071aa936b7,small-123-_jpg,train,train,small-123-_jpg.rf.be2b532efacfcba57063e9142abd4fd7.jpg,small-123-_jpg.rf.be2b532efacfcba57063e9142abd4fd7.jpg,a4f430cadbe54426d3212c973dd618be31c924e1b93da883447cf7c36d30ae87,a4f430cadbe54426d3212c973dd618be31c924e1b93da883447cf7c36d30ae87,copied,0,1
becdb0042f2b9d18,lighter-1812864__340_jpg,train,train,lighter-1812864__340_jpg.rf.29df4b1ac7b3b1da489aef860ffba577.jpg,lighter-1812864__340_jpg.rf.29df4b1ac7b3b1da489aef860ffba577.jpg,88758dd14d23894fa889c266ea3b65c73ddd07aeb9e7ac536a6b34e587040b7c,88758dd14d23894fa889c266ea3b65c73ddd07aeb9e7ac536a6b34e587040b7c,copied,0,1
becdb83b4ffd3ee6,inddir_jpg,train,train,inddir_jpg.rf.7940f204bc7a6a09121d5549b726dd1c.jpg,inddir_jpg.rf.7940f204bc7a6a09121d5549b726dd1c.jpg,62f558c9aafd1c06c2b80fe0e137653aeba0135d7d415cc23aa3d0d2b7832e28,62f558c9aafd1c06c2b80fe0e137653aeba0135d7d415cc23aa3d0d2b7832e28,copied,0,1
beda0df803be1a44,smoking_0735_jpg,train,train,smoking_0735_jpg.rf.c604b46eca044f85b6effe04b188f449.jpg,smoking_0735_jpg.rf.c604b46eca044f85b6effe04b188f449.jpg,8947f266643959a20591466a60c92d6d5fd7149d2e52dcb74715bf85abda55db,8947f266643959a20591466a60c92d6d5fd7149d2e52dcb74715bf85abda55db,copied,0,1
beda1ef68581c89b,images-82-_jpg,train,train,images-82-_jpg.rf.0c77f0ceb0254d1e1dc3994618a84fef.jpg,images-82-_jpg.rf.0c77f0ceb0254d1e1dc3994618a84fef.jpg,e42759326337d953b50b56747f79c5a34f5b80d119f6831521dda80030f14c4a,e42759326337d953b50b56747f79c5a34f5b80d119f6831521dda80030f14c4a,copied,0,1
bedb7ecb2db171a1,IMG_5097,train,train,IMG_5097.JPG,IMG_5097.jpg,36c934ddc4df36878f6c866c877a169110857818d08ff719b958972684a46273,3f3338bca3dd0a243b22f02ea3a1ddba7b5fdd9cd6ce0f06284aa1892875aacb,converted_heic_to_jpeg,1,
bf9ede6a27ea6220,smoking_0511_jpg,train,test,smoking_0511_jpg.rf.be677eb2517214d2c355721cb5ee0a23.jpg,smoking_0511_jpg.rf.be677eb2517214d2c355721cb5ee0a23.jpg,3b0b35d2cadb761503cd2568dee00b10b585a9ddfdeb8181e56d07e86a59e2b6,3b0b35d2cadb761503cd2568dee00b10b585a9ddfdeb8181e56d07e86a59e2b6,copied,0,0
bff0bf721a6689b8,lighter-3877433__340_jpg,train,train,lighter-3877433__340_jpg.rf.c0ee6d75fb9d4b96c8e5d5015bc26b22.jpg,lighter-3877433__340_jpg.rf.c0ee6d75fb9d4b96c8e5d5015bc26b22.jpg,9ab1229fd2a0443d13fcc177c27cc61af870733bf4c9f88e0a0b2052fbb0499b,9ab1229fd2a0443d13fcc177c27cc61af870733bf4c9f88e0a0b2052fbb0499b,copied,0,1
bff41dd9a5deff2f,smoking_1061_jpg,train,train,smoking_1061_jpg.rf.f8bbd2667139d09d27179e698bcb3a63.jpg,smoking_1061_jpg.rf.f8bbd2667139d09d27179e698bcb3a63.jpg,8dd60b5b5a4e420fdc907fecb77bb13f0057d26b80bc444b0ebe4a2e44a651a7,8dd60b5b5a4e420fdc907fecb77bb13f0057d26b80bc444b0ebe4a2e44a651a7,copied,0,0
c00979e5ae52d4e1,bb0665_jpg,valid,test,bb0665_jpg.rf.d40657b6aec2c3305ee41655e398e744.jpg,bb0665_jpg.rf.d40657b6aec2c3305ee41655e398e744.jpg,44221ffb527dbc74f1de22ab561a8757e3f8d79cb571d1e9a71433e8f8dfc53c,44221ffb527dbc74f1de22ab561a8757e3f8d79cb571d1e9a71433e8f8dfc53c,copied,0,2
c01c6d82d0cc7c16,017b2035921f3bf2_jpg,train,train,017b2035921f3bf2_jpg.rf.6da7336cbd9fe11f45dac48167549c33.jpg,017b2035921f3bf2_jpg.rf.6da7336cbd9fe11f45dac48167549c33.jpg,51438666fff8db7eb2cf6cd224dc320ff374a5e8eaa3efd44ff7f8adb95deebe,51438666fff8db7eb2cf6cd224dc320ff374a5e8eaa3efd44ff7f8adb95deebe,copied,1,
c02b21b20b3de8c6,smoking_1014_jpg,valid,train,smoking_1014_jpg.rf.4a47f815ba5822f53055c72134a5325c.jpg,smoking_1014_jpg.rf.4a47f815ba5822f53055c72134a5325c.jpg,3f640d7e4a273eb140763fab0a75c28712c5fb4460eaf5e7dd8a96434ea03a76,3f640d7e4a273eb140763fab0a75c28712c5fb4460eaf5e7dd8a96434ea03a76,copied,0,0
c04c0c0a30602be0,images-46-_jpg,train,train,images-46-_jpg.rf.0dbc740226bbd1f26e555bf66a2e8880.jpg,images-46-_jpg.rf.0dbc740226bbd1f26e555bf66a2e8880.jpg,448e322b08f3a677f38f426c4e2dc22966213c4174f07e16570003131f477c96,448e322b08f3a677f38f426c4e2dc22966213c4174f07e16570003131f477c96,copied,0,1
c0673ea19a25698d,smoking_0144_jpg,train,train,smoking_0144_jpg.rf.d99f3478d75d64edae0f7fffa978ac63.jpg,smoking_0144_jpg.rf.d99f3478d75d64edae0f7fffa978ac63.jpg,308224867a1baefea709f0b44e2a3dd4d11aa2bda86d8a320c3d387eff6cefbb,308224867a1baefea709f0b44e2a3dd4d11aa2bda86d8a320c3d387eff6cefbb,copied,0,0
c06c975302c16e6a,smoking_0237_jpg,test,train,smoking_0237_jpg.rf.9f82546ec535eec2604b0d36a6ba77a2.jpg,smoking_0237_jpg.rf.9f82546ec535eec2604b0d36a6ba77a2.jpg,302fc1305adeeb03f38c68f1abaa05f46a3e7ec56fd6c4fee6c6cdb38aa3c9dd,302fc1305adeeb03f38c68f1abaa05f46a3e7ec56fd6c4fee6c6cdb38aa3c9dd,copied,0,0
c0a5582c1b159146,WIN_20220329_21_28_44_Pro_jpg,train,train,WIN_20220329_21_28_44_Pro_jpg.rf.9113c2b18e50fbb52ef5ba75c6dd0a52.jpg,WIN_20220329_21_28_44_Pro_jpg.rf.9113c2b18e50fbb52ef5ba75c6dd0a52.jpg,1f4eb162b215f3d9c9b6bcf0b2094288e8c35c081c3c739b9ce6429ba0e33361,1f4eb162b215f3d9c9b6bcf0b2094288e8c35c081c3c739b9ce6429ba0e33361,copied,0,1
c0abd09b1f5bbec4,IMG_4498_jpg,valid,valid,IMG_4498_jpg.rf.64d0e89cdd59567ba87feba0dcc4f4c7.jpg,IMG_4498_jpg.rf.64d0e89cdd59567ba87feba0dcc4f4c7.jpg,a233d8dfd998d93029570ab1409a0ac01bc0e767740a2ed10c64300f5ac40978,a233d8dfd998d93029570ab1409a0ac01bc0e767740a2ed10c64300f5ac40978,copied,0,0|1
c0b50ff2e017a846,000496_jpg,train,train,000496_jpg.rf.1c4c6872501296303c7dc8767ddfc7a4.jpg,000496_jpg.rf.1c4c6872501296303c7dc8767ddfc7a4.jpg,b71776d75c7b927fc79144d3ae2cca3e9efd1c9cf67baea9ebc9ba9ccc54b342,b71776d75c7b927fc79144d3ae2cca3e9efd1c9cf67baea9ebc9ba9ccc54b342,copied,0,2
c11683626b681ad0,IMG_4556_jpg,valid,train,IMG_4556_jpg.rf.57fa2af3139b2c4fa61c120e33f6deba.jpg,IMG_4556_jpg.rf.57fa2af3139b2c4fa61c120e33f6deba.jpg,9885290f9af0eb098c9fedd168474a46554974bdd671fdc44041b313e20638c3,9885290f9af0eb098c9fedd168474a46554974bdd671fdc44041b313e20638c3,copied,1,
c14adea63d403f85,IMG_4562_jpg,train,train,IMG_4562_jpg.rf.0dbb0680a5e4e68b7fc1bc578fc0d48a.jpg,IMG_4562_jpg.rf.0dbb0680a5e4e68b7fc1bc578fc0d48a.jpg,6589d11c21ee06b5d4c21a3525ef9ac77f7d50c00198093700f7ddcdf32b4334,6589d11c21ee06b5d4c21a3525ef9ac77f7d50c00198093700f7ddcdf32b4334,copied,1,
c15ba5b72c60ec67,smoking_0403_jpg,train,train,smoking_0403_jpg.rf.d83a80d6625052fe2652010fd11f3b09.jpg,smoking_0403_jpg.rf.d83a80d6625052fe2652010fd11f3b09.jpg,a2738a398c1f31d295d994f1495040c30a3d5a46d5bfaacba2950c47688405d0,a2738a398c1f31d295d994f1495040c30a3d5a46d5bfaacba2950c47688405d0,copied,0,0
c1954bb7bf654ee6,bb0686_jpg,train,train,bb0686_jpg.rf.070872ad68b0f3478206691d0f62ee67.jpg,bb0686_jpg.rf.070872ad68b0f3478206691d0f62ee67.jpg,d993e7dfa093a4a6f73105ecd4825868a533ce33c8b6bf79990cd195ab6dd59e,d993e7dfa093a4a6f73105ecd4825868a533ce33c8b6bf79990cd195ab6dd59e,copied,0,2
c1a9d42c9989c121,indir-15-_jpg,train,train,indir-15-_jpg.rf.1e286310f8f76a2e66df3c09e520f866.jpg,indir-15-_jpg.rf.1e286310f8f76a2e66df3c09e520f866.jpg,ffa1216293a2935c77dc4f81d777fe029c62d52ec132412420171cb271791c5f,ffa1216293a2935c77dc4f81d777fe029c62d52ec132412420171cb271791c5f,copied,0,1
c1cbbabcf97b4f30,25a8269469b0e152_jpg,train,train,25a8269469b0e152_jpg.rf.7d2746f315d27a49a67ceee58446d737.jpg,25a8269469b0e152_jpg.rf.7d2746f315d27a49a67ceee58446d737.jpg,c2aa46aaed427a3e0c7abe603e7d4839a4abd98773251de08a70d7bc52412f66,c2aa46aaed427a3e0c7abe603e7d4839a4abd98773251de08a70d7bc52412f66,copied,1,
c2120e75766e4701,small-125-_jpg,train,train,small-125-_jpg.rf.9b2d09bf332b6d3c45d9611481523ba9.jpg,small-125-_jpg.rf.9b2d09bf332b6d3c45d9611481523ba9.jpg,671ad04d351a5765333fa0e5c0de584884f0df90ef0a7a5152a9d596cbe924ba,671ad04d351a5765333fa0e5c0de584884f0df90ef0a7a5152a9d596cbe924ba,copied,0,1
c236532e5ae44e69,images-100-_jpg,train,train,images-100-_jpg.rf.5b7dd09ab93bf78adc84696a3005ee96.jpg,images-100-_jpg.rf.5b7dd09ab93bf78adc84696a3005ee96.jpg,7eeb2b20b892dcd4a643e26e1d06bc7bc1692e095261becc5ba73674f7ffa141,7eeb2b20b892dcd4a643e26e1d06bc7bc1692e095261becc5ba73674f7ffa141,copied,0,1
c243aac86d09e199,IMG_4448_jpg,train,train,IMG_4448_jpg.rf.17495d54fc65a7f69d4743ec197d1555.jpg,IMG_4448_jpg.rf.17495d54fc65a7f69d4743ec197d1555.jpg,fb49bfe39b7086f0b3f58008f319b2093e9d340d9a14ca059690f6cc29bb3c18,fb49bfe39b7086f0b3f58008f319b2093e9d340d9a14ca059690f6cc29bb3c18,copied,0,0
c25615e3e035d491,smoking_0791_jpg,train,train,smoking_0791_jpg.rf.3a0c1e9db47aab6faee942bf5aa23967.jpg,smoking_0791_jpg.rf.3a0c1e9db47aab6faee942bf5aa23967.jpg,0159f849df4d863a330045b3ee34144bf9f61bc1f3f162db13874f828b15032f,0159f849df4d863a330045b3ee34144bf9f61bc1f3f162db13874f828b15032f,copied,0,0
c279d18244178ee5,3ad64765be1f9e68_jpg,train,test,3ad64765be1f9e68_jpg.rf.58a99b2c79eb5572ac29e8bcae0b2405.jpg,3ad64765be1f9e68_jpg.rf.58a99b2c79eb5572ac29e8bcae0b2405.jpg,041532868de7f549886124720afab9528db95c07dac56205cf6eb8f6a81a810c,041532868de7f549886124720afab9528db95c07dac56205cf6eb8f6a81a810c,copied,1,
c2c974d4a0336f5b,IMG_4546_jpg,train,train,IMG_4546_jpg.rf.26bd030fcaeee71abd87023f7fedbe56.jpg,IMG_4546_jpg.rf.26bd030fcaeee71abd87023f7fedbe56.jpg,272e619d559d74f3d3a8c7f58b09aa1dc1304fc88c056afad679cbdffb6b9131,272e619d559d74f3d3a8c7f58b09aa1dc1304fc88c056afad679cbdffb6b9131,copied,0,0|1
c308b5cf1b03f262,smoking_0932_jpg,train,test,smoking_0932_jpg.rf.fa6d74faae35b4f84fc93d0c74550686.jpg,smoking_0932_jpg.rf.fa6d74faae35b4f84fc93d0c74550686.jpg,a564bfcf83fbb04107912f6a87f5e65677b6e81d2dfadc7a4b54fe5b9ed88162,a564bfcf83fbb04107912f6a87f5e65677b6e81d2dfadc7a4b54fe5b9ed88162,copied,0,0
c3347716b7bed6b6,WIN_20220507_21_29_23_Pro_jpg,train,train,WIN_20220507_21_29_23_Pro_jpg.rf.e13c363fe8c7168c968f06a3887fc9af.jpg,WIN_20220507_21_29_23_Pro_jpg.rf.e13c363fe8c7168c968f06a3887fc9af.jpg,9f598d887345842bbddbfc35b5926946d60d61fb747ff1718cc4a39c117f5876,9f598d887345842bbddbfc35b5926946d60d61fb747ff1718cc4a39c117f5876,copied,0,1
c354b526e1dec025,000780_jpg,valid,valid,000780_jpg.rf.0ca22974264e8ab3ac051b7839f5cf61.jpg,000780_jpg.rf.0ca22974264e8ab3ac051b7839f5cf61.jpg,42dd0b08d6e820fd1e9b8ce2b64e4d3f800ac396f3777dbb54b23ef09afa8d8e,42dd0b08d6e820fd1e9b8ce2b64e4d3f800ac396f3777dbb54b23ef09afa8d8e,copied,0,2
c36d882a0060d739,smoking_0698_jpg,train,train,smoking_0698_jpg.rf.6c2a5efa76a86a21ef428b58556007fe.jpg,smoking_0698_jpg.rf.6c2a5efa76a86a21ef428b58556007fe.jpg,c27a84bdee4039912a3428527d9bcf0797b1e2eb57535aeaab23bc4e59516d24,c27a84bdee4039912a3428527d9bcf0797b1e2eb57535aeaab23bc4e59516d24,copied,0,1
c37f2987541c7efd,smoking_0103_jpg,train,train,smoking_0103_jpg.rf.7f2fd501fd9c11fa5e98b65321b5a0b9.jpg,smoking_0103_jpg.rf.7f2fd501fd9c11fa5e98b65321b5a0b9.jpg,b4044b6c961717d9b21664110772ddc81ffa229848b3dde4adfd62680a4f7f60,b4044b6c961717d9b21664110772ddc81ffa229848b3dde4adfd62680a4f7f60,copied,0,1
c39c05604487f6dd,IMG_5132,valid,train,IMG_5132.JPG,IMG_5132.jpg,f2564412fddda35605ebe824407403145837cd233f10cf628523b570c1e8a729,bc43a6fbbb964dce8b505fcb8721ae3403a36ad964968a7693a74420c38e4223,converted_heic_to_jpeg,1,
c3d98199fb5fd3c9,smoking_0549_jpg,train,train,smoking_0549_jpg.rf.da339a43343b35be3e154cce4ad6343e.jpg,smoking_0549_jpg.rf.da339a43343b35be3e154cce4ad6343e.jpg,ab6472f012b1cd12b73ec6ee8c2d4f470371c4814c734b36d2949f40a6845e78,ab6472f012b1cd12b73ec6ee8c2d4f470371c4814c734b36d2949f40a6845e78,copied,0,0
c3e3b1d141f9e5f0,smoking_0281_jpg,train,train,smoking_0281_jpg.rf.023467a42611a8ae763c4d50d39c29d0.jpg,smoking_0281_jpg.rf.023467a42611a8ae763c4d50d39c29d0.jpg,25b23830cf5bdd069767c08b93427015f918e84d80a886aca23d8f748e58659b,25b23830cf5bdd069767c08b93427015f918e84d80a886aca23d8f748e58659b,copied,0,0
c402415e0f49254b,WIN_20220507_21_27_55_Pro_jpg,train,train,WIN_20220507_21_27_55_Pro_jpg.rf.952e0f69280cd88ed2e4729d82ea51b7.jpg,WIN_20220507_21_27_55_Pro_jpg.rf.952e0f69280cd88ed2e4729d82ea51b7.jpg,9b53e5439c6b304ccc96ea2b66c40cb3f8c40b3705eee0340734f5f7662e5ef8,9b53e5439c6b304ccc96ea2b66c40cb3f8c40b3705eee0340734f5f7662e5ef8,copied,0,1
c4287f3939738e31,smoking_0928_jpg,train,train,smoking_0928_jpg.rf.0d7a2afd635a6a4781dc19128964ee35.jpg,smoking_0928_jpg.rf.0d7a2afd635a6a4781dc19128964ee35.jpg,2ba0b81698f8f6227aee4fdfd145b13cf186d12c5e80b9291592ca5f754ecd82,2ba0b81698f8f6227aee4fdfd145b13cf186d12c5e80b9291592ca5f754ecd82,copied,0,0
c48bcecc1af07a21,c00127_jpg,train,train,c00127_jpg.rf.137f8d8d832e6199536b21af3cfac5cb.jpg,c00127_jpg.rf.137f8d8d832e6199536b21af3cfac5cb.jpg,fa3fdcb471eb138b0b2f32d5432d20371f65d4f9911c73895703aac33be6b57b,fa3fdcb471eb138b0b2f32d5432d20371f65d4f9911c73895703aac33be6b57b,copied,0,2
c4cb279e93b9446b,imaaddaaddadages-3-_jpg,valid,test,imaaddaaddadages-3-_jpg.rf.57d0b0f52e8eb6bfa45b27afe413d2ba.jpg,imaaddaaddadages-3-_jpg.rf.57d0b0f52e8eb6bfa45b27afe413d2ba.jpg,521f68d8a9d11e87fa366ecd63d810ee4ad66e36e1d37c0abc7202525b5ee607,521f68d8a9d11e87fa366ecd63d810ee4ad66e36e1d37c0abc7202525b5ee607,copied,0,1
c503b527fe13df13,43c81748-Smoke44_jpg,test,train,43c81748-Smoke44_jpg.rf.487da5e52a156356736bfd315724c1d0.jpg,43c81748-Smoke44_jpg.rf.487da5e52a156356736bfd315724c1d0.jpg,52a1670a9c4482625004dd0015960902921dd65c976631c09b33888abf87033e,52a1670a9c4482625004dd0015960902921dd65c976631c09b33888abf87033e,copied,0,0
c52e8a8c05dcc925,3c966eb3b4384eb8_jpg,valid,train,3c966eb3b4384eb8_jpg.rf.cdbd363e36a080f14b1b743c7ee3eb63.jpg,3c966eb3b4384eb8_jpg.rf.cdbd363e36a080f14b1b743c7ee3eb63.jpg,0304a7585eaab34fd0cbb6ce1e966ff05b59fb0af67b280af918d04eca637154,0304a7585eaab34fd0cbb6ce1e966ff05b59fb0af67b280af918d04eca637154,copied,1,
c530f33096f9aef5,smoking_0658_jpg,train,train,smoking_0658_jpg.rf.af08cc442b92407ed1016753d7202294.jpg,smoking_0658_jpg.rf.af08cc442b92407ed1016753d7202294.jpg,ba66e8c8dbd9f3e7919156a327e1deab1a68025a8ca96fb94731578305e5aa5e,ba66e8c8dbd9f3e7919156a327e1deab1a68025a8ca96fb94731578305e5aa5e,copied,0,0
c531d547785c646f,smoking_0286_jpg,valid,train,smoking_0286_jpg.rf.129ed80e845357cd9810511d1caebef9.jpg,smoking_0286_jpg.rf.129ed80e845357cd9810511d1caebef9.jpg,3e3b210d65791df26d9a112b1519bc26c886edca341ac676eff36f1cf870ab4d,3e3b210d65791df26d9a112b1519bc26c886edca341ac676eff36f1cf870ab4d,copied,0,0
c54f18b2b468c81c,13_jpg,train,train,13_jpg.rf.306518dec7013cd465a677415eca7a7e.jpg,13_jpg.rf.306518dec7013cd465a677415eca7a7e.jpg,9cabfe7984ba91ab59c806a0939b688e3701eab49b410e776790716386c5a4f5,9cabfe7984ba91ab59c806a0939b688e3701eab49b410e776790716386c5a4f5,copied,0,1
c5d7949e247e4f20,WIN_20220329_21_30_58_Pro_jpg,train,train,WIN_20220329_21_30_58_Pro_jpg.rf.ff070c7b940dc19b72314169575cb60d.jpg,WIN_20220329_21_30_58_Pro_jpg.rf.ff070c7b940dc19b72314169575cb60d.jpg,2720892d34655f8937a7422858a689b125d1ba2ea057d246cb88783c82fcc4ef,2720892d34655f8937a7422858a689b125d1ba2ea057d246cb88783c82fcc4ef,copied,0,1
c60478202ffee17f,c00047_jpg,train,train,c00047_jpg.rf.859d506bbd3dbaf6ad77a4a1beebe48f.jpg,c00047_jpg.rf.859d506bbd3dbaf6ad77a4a1beebe48f.jpg,e00a1665c39e33148ac7d8698e3b2910f8105011dac9e34ea32065cd82e17f7a,e00a1665c39e33148ac7d8698e3b2910f8105011dac9e34ea32065cd82e17f7a,copied,0,2
c61e23feb7a7ff3d,WIN_20220507_23_10_45_Pro-2-_jpg,train,train,WIN_20220507_23_10_45_Pro-2-_jpg.rf.29b6beca8877b6cede7fa79c0cd8184b.jpg,WIN_20220507_23_10_45_Pro-2-_jpg.rf.29b6beca8877b6cede7fa79c0cd8184b.jpg,686529cea080ddff2d0057738707bc7cb467bc9990b5430f6697f1767a3a673e,686529cea080ddff2d0057738707bc7cb467bc9990b5430f6697f1767a3a673e,copied,0,1
c6270e775e3b663c,download-5-_jpeg_jpg,train,train,download-5-_jpeg_jpg.rf.aae2a26def7016ecdc34dfc74206690f.jpg,download-5-_jpeg_jpg.rf.aae2a26def7016ecdc34dfc74206690f.jpg,0da5b68a17757756e3e2bb91e03c1a08d05e1c825bc0f1af949c2186c4b7ea39,0da5b68a17757756e3e2bb91e03c1a08d05e1c825bc0f1af949c2186c4b7ea39,copied,0,1
c6303d0bdb30d4d8,19403300479c0138_jpg,train,train,19403300479c0138_jpg.rf.ac86a242e545c0daa85e4c86ef0ceaa7.jpg,19403300479c0138_jpg.rf.ac86a242e545c0daa85e4c86ef0ceaa7.jpg,7cb07c12cb1fb0e0103a07f1f9a6f08137e5bdb805ea581894e0d1dfb4429966,7cb07c12cb1fb0e0103a07f1f9a6f08137e5bdb805ea581894e0d1dfb4429966,copied,1,
c6384be4e68b0114,smoking_1099_jpg,valid,test,smoking_1099_jpg.rf.e56de27d6e00da2ee5437d19d6deeba1.jpg,smoking_1099_jpg.rf.e56de27d6e00da2ee5437d19d6deeba1.jpg,1d5fd4337442bc662505df2b473f8d101a13779150901a26f5f533fca61005e2,1d5fd4337442bc662505df2b473f8d101a13779150901a26f5f533fca61005e2,copied,0,0
c63db9bc71568024,smoking_0153_jpg,train,train,smoking_0153_jpg.rf.46911031b3e8aff51674e6c0e9aa8fe2.jpg,smoking_0153_jpg.rf.46911031b3e8aff51674e6c0e9aa8fe2.jpg,ac28bd43d80dffb636e95ec563f575c46a7f2bf5a907772132b94fba8318497b,ac28bd43d80dffb636e95ec563f575c46a7f2bf5a907772132b94fba8318497b,copied,0,0
c642b12ca057ca61,2fd744a0d773a342_jpg,train,train,2fd744a0d773a342_jpg.rf.6873f416abbc07c233099df446692bed.jpg,2fd744a0d773a342_jpg.rf.6873f416abbc07c233099df446692bed.jpg,1d6a41871e6862adacc572db42cfeb77ae9308a0f65c60d3adb71e6c78af0152,1d6a41871e6862adacc572db42cfeb77ae9308a0f65c60d3adb71e6c78af0152,copied,1,
c67514272629716d,smoking_0019_jpg,train,train,smoking_0019_jpg.rf.461e94a1cc1d86d682fb678858b551d4.jpg,smoking_0019_jpg.rf.461e94a1cc1d86d682fb678858b551d4.jpg,8389e6c40a507660f6f8397d4784b78a86f8f91a58a774f7ad0856086ce052e6,8389e6c40a507660f6f8397d4784b78a86f8f91a58a774f7ad0856086ce052e6,copied,0,1
c6897a0d42bc2e5b,smoking_0143_jpg,test,test,smoking_0143_jpg.rf.45f63e437d3d15d9e7d74a5d5b94c60a.jpg,smoking_0143_jpg.rf.45f63e437d3d15d9e7d74a5d5b94c60a.jpg,75959e0169b03ab6847fb26605af73970259efadadfa7d87d5e84dfe14a1ee77,75959e0169b03ab6847fb26605af73970259efadadfa7d87d5e84dfe14a1ee77,copied,0,0
c6967ee15c0231e7,WIN_20220507_21_28_47_Pro_jpg,train,train,WIN_20220507_21_28_47_Pro_jpg.rf.377ef47737c3adad4f40a8964547ed01.jpg,WIN_20220507_21_28_47_Pro_jpg.rf.377ef47737c3adad4f40a8964547ed01.jpg,08959d56df2510610c7e7a4db0c5858ce959441edcfbcd92d94ee266fe332936,08959d56df2510610c7e7a4db0c5858ce959441edcfbcd92d94ee266fe332936,copied,0,1
c6bfc09336198aeb,WIN_20220507_23_10_50_Pro_jpg,train,train,WIN_20220507_23_10_50_Pro_jpg.rf.39e5bc023074c805182bbb3509770856.jpg,WIN_20220507_23_10_50_Pro_jpg.rf.39e5bc023074c805182bbb3509770856.jpg,ef2481a0fd70499fb8bcbba55ececaa12d9445cf33a76bf013248aab60baf2c6,ef2481a0fd70499fb8bcbba55ececaa12d9445cf33a76bf013248aab60baf2c6,copied,0,1
c714c5fac4c7b141,smoking_0154_jpg,train,valid,smoking_0154_jpg.rf.a065ddc7beb175c422437966ffea440f.jpg,smoking_0154_jpg.rf.a065ddc7beb175c422437966ffea440f.jpg,4a5f47f45b766dfbe4481def2275c41a46834886111e81366394138f65d47efd,4a5f47f45b766dfbe4481def2275c41a46834886111e81366394138f65d47efd,copied,0,0
c72f88727ff038d9,smoking_0307_jpg,test,test,smoking_0307_jpg.rf.03bb4e37ea823836358832729de68f02.jpg,smoking_0307_jpg.rf.03bb4e37ea823836358832729de68f02.jpg,c2fa5daf2982d2dbb23f2b1034166e56c41e15127a66a80f46c1c0d2aed53402,c2fa5daf2982d2dbb23f2b1034166e56c41e15127a66a80f46c1c0d2aed53402,copied,0,0
c74a6ced33683357,bb0562_jpg,valid,train,bb0562_jpg.rf.860aa09261e35871fc2bf92898f1e40a.jpg,bb0562_jpg.rf.860aa09261e35871fc2bf92898f1e40a.jpg,a8330fb9c13fa7f7977a4c61fe245a668d1593eabb9c67316063c25b993c521a,a8330fb9c13fa7f7977a4c61fe245a668d1593eabb9c67316063c25b993c521a,copied,0,2
c762397a4175a348,213aaf56171dde56_jpg,valid,train,213aaf56171dde56_jpg.rf.ce3aad0fe711c9ca97790d2753bd9f28.jpg,213aaf56171dde56_jpg.rf.ce3aad0fe711c9ca97790d2753bd9f28.jpg,1c48f2662f8e73de88a46c903ba53768fdf2cd4f1723dd390e2087fe77de006d,1c48f2662f8e73de88a46c903ba53768fdf2cd4f1723dd390e2087fe77de006d,copied,1,
c77afd2644aaf47a,smoking_1124_jpg,train,valid,smoking_1124_jpg.rf.849f41f1cc432108b75362a23a281bab.jpg,smoking_1124_jpg.rf.849f41f1cc432108b75362a23a281bab.jpg,14f7c9d03d10e82b35738f619e53f72689bb263f19e9c4b702414c20f4e21899,14f7c9d03d10e82b35738f619e53f72689bb263f19e9c4b702414c20f4e21899,copied,0,1
c7ee0a86070209dc,smoking_0247_jpg,train,train,smoking_0247_jpg.rf.87fea6895557b9f3ebd6b9040527aecf.jpg,smoking_0247_jpg.rf.87fea6895557b9f3ebd6b9040527aecf.jpg,7e9346959464febd209b675b798e45fc939cbd2b0ea01ed53c4fa55677a68ac5,7e9346959464febd209b675b798e45fc939cbd2b0ea01ed53c4fa55677a68ac5,copied,0,0
c8069eee9f308696,IMG_4416_jpg,valid,train,IMG_4416_jpg.rf.8d5775093d06d12ee99930fd6277fe02.jpg,IMG_4416_jpg.rf.8d5775093d06d12ee99930fd6277fe02.jpg,eba2beccb84d7395bed0e9673f592ea5f722e36f3e1808413f12fd44ae05544a,eba2beccb84d7395bed0e9673f592ea5f722e36f3e1808413f12fd44ae05544a,copied,0,0
c8148aad170c001c,0d5b09fcc17cd61b_jpg,train,train,0d5b09fcc17cd61b_jpg.rf.3d4d46033a522d1e8bc27d4f83b0dc82.jpg,0d5b09fcc17cd61b_jpg.rf.3d4d46033a522d1e8bc27d4f83b0dc82.jpg,0a0751b55cafc519601c83528d5b45c7c0f2856e62477a1858e3d44c1ed8b023,0a0751b55cafc519601c83528d5b45c7c0f2856e62477a1858e3d44c1ed8b023,copied,1,
c81bed800d21c6fc,smoking_0302_jpg,valid,train,smoking_0302_jpg.rf.e38e3686ba66b1fdaf3512650d2fdaa6.jpg,smoking_0302_jpg.rf.e38e3686ba66b1fdaf3512650d2fdaa6.jpg,ca2a142c52cbb7ae9d5fd22d5661bc7fd34787ba48c34e8f1fcd0e21af84021b,ca2a142c52cbb7ae9d5fd22d5661bc7fd34787ba48c34e8f1fcd0e21af84021b,copied,0,0
c81e75b82465e5fd,000301_jpg,train,train,000301_jpg.rf.0b1ada93aca6bd10942236216ccdfa4e.jpg,000301_jpg.rf.0b1ada93aca6bd10942236216ccdfa4e.jpg,dc4e8a3511519564646538f5d4d7f1614dd1dc886a45ead7a4fa2610c9bbbab8,dc4e8a3511519564646538f5d4d7f1614dd1dc886a45ead7a4fa2610c9bbbab8,copied,0,2
c83cc004d10ba4d5,137cc3e2e8bc913f_jpg,train,train,137cc3e2e8bc913f_jpg.rf.613a525fdfb2267eb587f3d66346d1ce.jpg,137cc3e2e8bc913f_jpg.rf.613a525fdfb2267eb587f3d66346d1ce.jpg,662d1e2092eedd291a40cf1a044ec1207f638ed9b0b5e8222b63a60497913fbc,662d1e2092eedd291a40cf1a044ec1207f638ed9b0b5e8222b63a60497913fbc,copied,1,
c894b6bed2b63041,15aad606065febfb_jpg,train,train,15aad606065febfb_jpg.rf.3b18b95fb8f1e5231c5c6dfbec76aaa3.jpg,15aad606065febfb_jpg.rf.3b18b95fb8f1e5231c5c6dfbec76aaa3.jpg,d185705b3520f51f5d5db5bff5492437fa7bdc53a26aca15b873730952fec600,d185705b3520f51f5d5db5bff5492437fa7bdc53a26aca15b873730952fec600,copied,1,
c8bc4ae850f3493f,images-44-_jpg,train,train,images-44-_jpg.rf.04c94a22b89c1cdbdebcef6fbe41edac.jpg,images-44-_jpg.rf.04c94a22b89c1cdbdebcef6fbe41edac.jpg,6c7590445ed296cbd136059a6f559c7a89abff10024095f90a1235ae2ebb58bf,6c7590445ed296cbd136059a6f559c7a89abff10024095f90a1235ae2ebb58bf,copied,0,1
c8c0b929fb49b313,1697095267826_JPEG_jpg,train,train,1697095267826_JPEG_jpg.rf.016a9277ae119b6ef8eaeeb2ce0e3dbf.jpg,1697095267826_JPEG_jpg.rf.016a9277ae119b6ef8eaeeb2ce0e3dbf.jpg,5433d833060417ea1e9002e7dc2571afbec059706dd0bb10e4402de8464b0f3f,5433d833060417ea1e9002e7dc2571afbec059706dd0bb10e4402de8464b0f3f,copied,0,0
c8dd4595f3372bdc,49f6e5fe36ba43ab_jpg,train,valid,49f6e5fe36ba43ab_jpg.rf.bdb2315e5b8205e306a62d4624fec4bc.jpg,49f6e5fe36ba43ab_jpg.rf.bdb2315e5b8205e306a62d4624fec4bc.jpg,cb446cae8a71f63d25d1b1b6cfd4dddfdb0f09587bd478dcac69cfdea0f12a3f,cb446cae8a71f63d25d1b1b6cfd4dddfdb0f09587bd478dcac69cfdea0f12a3f,copied,1,
c8ea8da481a587c0,smoking_0956_jpg,train,train,smoking_0956_jpg.rf.6002b72db9909e44e709271c7b209178.jpg,smoking_0956_jpg.rf.6002b72db9909e44e709271c7b209178.jpg,b1d77d535620ef7a5a8ce9d2c4966d20d288b7df9274a9bddff17d9148ec8e87,b1d77d535620ef7a5a8ce9d2c4966d20d288b7df9274a9bddff17d9148ec8e87,copied,0,1
c9a994636b5913b1,WIN_20220329_21_29_00_Pro_jpg,train,train,WIN_20220329_21_29_00_Pro_jpg.rf.277780b30ba7dbb1c80a1d80ab5fbf89.jpg,WIN_20220329_21_29_00_Pro_jpg.rf.277780b30ba7dbb1c80a1d80ab5fbf89.jpg,4e206814960ba2ec40626727005f17f42f4864c215bdac39d1dd9601d42258c1,4e206814960ba2ec40626727005f17f42f4864c215bdac39d1dd9601d42258c1,copied,0,1
c9eae42da9eef66c,images-72-_jpg,valid,test,images-72-_jpg.rf.40395529b65f4ed274795670b5b6fae9.jpg,images-72-_jpg.rf.40395529b65f4ed274795670b5b6fae9.jpg,da58f41e666977dff143f652e62b32f25393a5c5f59e02d845c5f3a83ce94643,da58f41e666977dff143f652e62b32f25393a5c5f59e02d845c5f3a83ce94643,copied,0,1
c9fc366e36ebd1c6,IMG_5822_jpg,train,train,IMG_5822_jpg.rf.4c2492eee769b40492a96f8435b0ebe2.jpg,IMG_5822_jpg.rf.4c2492eee769b40492a96f8435b0ebe2.jpg,36c014acb11a150d2baae73afea8ed197f46a7ca57d8c57c9e68df15c2532079,36c014acb11a150d2baae73afea8ed197f46a7ca57d8c57c9e68df15c2532079,copied,0,1
ca2e0cc5f3abcf47,WIN_20220507_23_10_49_Pro_jpg,valid,valid,WIN_20220507_23_10_49_Pro_jpg.rf.b5ce62b56bb1e0a6eafbdf2e4cacdfe4.jpg,WIN_20220507_23_10_49_Pro_jpg.rf.b5ce62b56bb1e0a6eafbdf2e4cacdfe4.jpg,1c8ee6273f2fc32ae0b4a137571c88fc4195ac2ac50228acdbf652c7286d5227,1c8ee6273f2fc32ae0b4a137571c88fc4195ac2ac50228acdbf652c7286d5227,copied,0,1
ca2fa2d6fc1ccb1e,smoking_0470_jpg,train,valid,smoking_0470_jpg.rf.b8b262b98d1036a96490ea8f229b3f14.jpg,smoking_0470_jpg.rf.b8b262b98d1036a96490ea8f229b3f14.jpg,5f42561fdaf249823d54bb08e8c09387d73f1893e673111e2fa254db4f0d7639,5f42561fdaf249823d54bb08e8c09387d73f1893e673111e2fa254db4f0d7639,copied,0,0
ca4bb76668312fc1,ggg059_jpg,valid,train,ggg059_jpg.rf.a69bc5e0fe153f4a8b9fbce8ff9e1b78.jpg,ggg059_jpg.rf.a69bc5e0fe153f4a8b9fbce8ff9e1b78.jpg,38e5216767e14484fed034ab091b1253320a31425e5cc846024d788d87f4bd1c,38e5216767e14484fed034ab091b1253320a31425e5cc846024d788d87f4bd1c,copied,0,2
ca6dafc30960e70c,smoking_0142_jpg,valid,train,smoking_0142_jpg.rf.7de6e91a623c409df398f280965e1502.jpg,smoking_0142_jpg.rf.7de6e91a623c409df398f280965e1502.jpg,72dd27445dfa5a4e6168597e85a06683a69c55ae7ee43f620f422c779b520b44,72dd27445dfa5a4e6168597e85a06683a69c55ae7ee43f620f422c779b520b44,copied,0,0
caebc9b40fe414a9,smoking_0755_jpg,train,test,smoking_0755_jpg.rf.203d7f016665193e3b398b7f2e588f2e.jpg,smoking_0755_jpg.rf.203d7f016665193e3b398b7f2e588f2e.jpg,cce6fb90b859a28a14a2b70533baf2580cd68a8c4628e39898c09c4c14e281f3,cce6fb90b859a28a14a2b70533baf2580cd68a8c4628e39898c09c4c14e281f3,copied,0,0
cb04ecf35ec3c9e2,IMG_4342_jpg,valid,train,IMG_4342_jpg.rf.3f3153f65ea62fba798542a782f05682.jpg,IMG_4342_jpg.rf.3f3153f65ea62fba798542a782f05682.jpg,c5e5337b17962a2d0c9d3d131b04a1060f0ada1044c5a9e9173a912c76797588,c5e5337b17962a2d0c9d3d131b04a1060f0ada1044c5a9e9173a912c76797588,copied,0,0
cb8020dc90d10d85,smoking_0048_jpg,train,train,smoking_0048_jpg.rf.07a56f828aaa97747effcbd4de284d24.jpg,smoking_0048_jpg.rf.07a56f828aaa97747effcbd4de284d24.jpg,7edcb21f288acfee48d99cec28610f9dbcc704584d15d7534958ae6621c725ad,7edcb21f288acfee48d99cec28610f9dbcc704584d15d7534958ae6621c725ad,copied,0,0
cb8b74d3b516a83c,000190_jpg,train,train,000190_jpg.rf.00d2bfe2761a459ed4cf00cd6af62a6e.jpg,000190_jpg.rf.00d2bfe2761a459ed4cf00cd6af62a6e.jpg,48ae82bffa4108951de47f5471eeb6ae57477e6a5b2f6f510d9575207b70d4fe,48ae82bffa4108951de47f5471eeb6ae57477e6a5b2f6f510d9575207b70d4fe,copied,0,2
cbcda7a521ebee72,smoking_0423_jpg,train,train,smoking_0423_jpg.rf.e2cd0b92e05d10db4dc15a500646ed7f.jpg,smoking_0423_jpg.rf.e2cd0b92e05d10db4dc15a500646ed7f.jpg,337e9c1e0a9c1570a6c15092bd9484bce2e9a8c28ef4d0abc8e71fc507324791,337e9c1e0a9c1570a6c15092bd9484bce2e9a8c28ef4d0abc8e71fc507324791,copied,0,1
cbe2f3c4a38eac53,IMG_4330_jpg,train,train,IMG_4330_jpg.rf.2ef05862b9786d5d6a00e6ee42df2e64.jpg,IMG_4330_jpg.rf.2ef05862b9786d5d6a00e6ee42df2e64.jpg,57b83f7c78752ed657f49c1a7ef7d353eb65bef1e0a3f9ab47a394276267531b,57b83f7c78752ed657f49c1a7ef7d353eb65bef1e0a3f9ab47a394276267531b,copied,0,0
cbe3a61074be8110,1697099948749_JPEG_jpg,valid,valid,1697099948749_JPEG_jpg.rf.5fb0f0db571a5dbe9ed259bd30a53be3.jpg,1697099948749_JPEG_jpg.rf.5fb0f0db571a5dbe9ed259bd30a53be3.jpg,26d0ccd36287d5c9f0628ddb938a68dc22a82050328351081bf616d0e187a479,26d0ccd36287d5c9f0628ddb938a68dc22a82050328351081bf616d0e187a479,copied,0,0
cc3c73050d6e83a3,1697099897818_JPEG_jpg,train,train,1697099897818_JPEG_jpg.rf.7c4e61b09d4f3177f0a7f6b4aeff880d.jpg,1697099897818_JPEG_jpg.rf.7c4e61b09d4f3177f0a7f6b4aeff880d.jpg,174e54a294c553a8ae7fa4ce88d56a60e1f21421a4ed17692a113c8d66fc2416,174e54a294c553a8ae7fa4ce88d56a60e1f21421a4ed17692a113c8d66fc2416,copied,0,0
cc4036d6bf1596f1,0ae16d1f7c52557d_jpg,train,train,0ae16d1f7c52557d_jpg.rf.c3ad38f369a71671d9a16903b622b2f8.jpg,0ae16d1f7c52557d_jpg.rf.c3ad38f369a71671d9a16903b622b2f8.jpg,8df4205a8023bb66d4d0c4fbd3478d2e7a3f2e6fcb3e1c33ef9c3940aadec9e9,8df4205a8023bb66d4d0c4fbd3478d2e7a3f2e6fcb3e1c33ef9c3940aadec9e9,copied,1,
cc73c8839a7dc81c,smoking_0424_jpg,train,train,smoking_0424_jpg.rf.f9b9b6d6b14dcda4da6add100fe5c4a7.jpg,smoking_0424_jpg.rf.f9b9b6d6b14dcda4da6add100fe5c4a7.jpg,44099daab86200140c541a11972a1041b0d64e37a953093148a378ac0a5b4156,44099daab86200140c541a11972a1041b0d64e37a953093148a378ac0a5b4156,copied,0,0
cce32801a4657755,3f0fc156baf0f856_jpg,train,valid,3f0fc156baf0f856_jpg.rf.c4e20cb081b9265cba0d7d8d98b186d0.jpg,3f0fc156baf0f856_jpg.rf.c4e20cb081b9265cba0d7d8d98b186d0.jpg,f7412f4ab88d89c05522eb688af3382e5b29bb3f16a39c22b8454860cd7db3f8,f7412f4ab88d89c05522eb688af3382e5b29bb3f16a39c22b8454860cd7db3f8,copied,1,
ccecd98b9fd03767,bb0628_jpg,train,train,bb0628_jpg.rf.1c5dfe43323a4d35685537b35cfaa5ff.jpg,bb0628_jpg.rf.1c5dfe43323a4d35685537b35cfaa5ff.jpg,1d610be81d3e79db882a23888f3d0ef0cbc371235f926eca116670e7eb1946df,1d610be81d3e79db882a23888f3d0ef0cbc371235f926eca116670e7eb1946df,copied,0,2
cd3b9161f5e42c01,IMG_4459_jpg,train,train,IMG_4459_jpg.rf.4892d1248372c0e84ba4a77cbc1e1f0d.jpg,IMG_4459_jpg.rf.4892d1248372c0e84ba4a77cbc1e1f0d.jpg,5f47266c7afaa1e08dd15e660bcb287c414aac19c931f14cde0ca81de669a599,5f47266c7afaa1e08dd15e660bcb287c414aac19c931f14cde0ca81de669a599,copied,0,0|1
cd5a52471a6f3e1b,smoking_0299_jpg,train,train,smoking_0299_jpg.rf.057bd1b0ddfcd26361320ce68579b6da.jpg,smoking_0299_jpg.rf.057bd1b0ddfcd26361320ce68579b6da.jpg,678b5d0e77e710597c373029a8e51db05e258a37e7d78e3e757f8d6b8ebdadc0,678b5d0e77e710597c373029a8e51db05e258a37e7d78e3e757f8d6b8ebdadc0,copied,0,1
cd7187802b73bb72,2004184ffb1729ca_jpg,valid,valid,2004184ffb1729ca_jpg.rf.6de94d5aa0416f7828954cff585f62df.jpg,2004184ffb1729ca_jpg.rf.6de94d5aa0416f7828954cff585f62df.jpg,79224431831979381220ff7d0ab7a8f2b206802ab4a0e7e3567470437f793842,79224431831979381220ff7d0ab7a8f2b206802ab4a0e7e3567470437f793842,copied,1,
cd97fa49ebc0ddc0,000251_jpeg_jpg,test,test,000251_jpeg_jpg.rf.b8223e6bb165ecbc7597721ca098a4e9.jpg,000251_jpeg_jpg.rf.b8223e6bb165ecbc7597721ca098a4e9.jpg,7a360bb86b1ef1704f70c643f87e4ebd1135925d17847aba405f4a42fd417944,7a360bb86b1ef1704f70c643f87e4ebd1135925d17847aba405f4a42fd417944,copied,0,2
cdc887d037d61cee,1697100045444_JPEG_jpg,valid,valid,1697100045444_JPEG_jpg.rf.1418d3b3b5f74d83c3d57315cacb3296.jpg,1697100045444_JPEG_jpg.rf.1418d3b3b5f74d83c3d57315cacb3296.jpg,d1dadebee59c0128c23394c0026ebfd037704628e7708850ca899914fe375d4f,d1dadebee59c0128c23394c0026ebfd037704628e7708850ca899914fe375d4f,copied,0,0
cde10ec510fbf642,30eacf9735b3b48d_jpg,valid,valid,30eacf9735b3b48d_jpg.rf.704a0b3d8db431c33108db20735ac2d1.jpg,30eacf9735b3b48d_jpg.rf.704a0b3d8db431c33108db20735ac2d1.jpg,58f8091b770965ac39d9ac57890f437ee24061285e3d182ad3bbf77333b6b2d6,58f8091b770965ac39d9ac57890f437ee24061285e3d182ad3bbf77333b6b2d6,copied,1,
ce0b2f497f0b2e74,01c7967ec302aa33_jpg,valid,train,01c7967ec302aa33_jpg.rf.fc49ee848e97c713982b7126033afa66.jpg,01c7967ec302aa33_jpg.rf.fc49ee848e97c713982b7126033afa66.jpg,0105f2540bf3c0c119273a6986e31cff22bb3d771d65334a938bc52c7bc1cfcb,0105f2540bf3c0c119273a6986e31cff22bb3d771d65334a938bc52c7bc1cfcb,copied,1,
ce10d4b42cdb2b32,1697100043696_JPEG_jpg,train,train,1697100043696_JPEG_jpg.rf.cd3b07883d14c508a3ee725d5aaa59f0.jpg,1697100043696_JPEG_jpg.rf.cd3b07883d14c508a3ee725d5aaa59f0.jpg,8086e0935678841574cfb03af5a578579127508e6635593ff1278400e4e35823,8086e0935678841574cfb03af5a578579127508e6635593ff1278400e4e35823,copied,0,0
ce24a457586dd7c5,gg0005_jpg,train,train,gg0005_jpg.rf.467b606d34cc21b1106adc4731305191.jpg,gg0005_jpg.rf.467b606d34cc21b1106adc4731305191.jpg,6efe58f238c272eae80134f8cdf57b987258724f7dc781e15c484d6b0fbda5da,6efe58f238c272eae80134f8cdf57b987258724f7dc781e15c484d6b0fbda5da,copied,0,2
ce54987f71fc1b75,24db1f1341871217_jpg,train,train,24db1f1341871217_jpg.rf.b5b680171958f2d0b7f7b3e4f56c8302.jpg,24db1f1341871217_jpg.rf.b5b680171958f2d0b7f7b3e4f56c8302.jpg,c4cf788532736e65b32498d213e67741a216522aa419382239336ae44507fefe,c4cf788532736e65b32498d213e67741a216522aa419382239336ae44507fefe,copied,1,
ce5abe4f18fb0757,1697099948768_JPEG_jpg,train,train,1697099948768_JPEG_jpg.rf.2403dc3261bee6bf30ac6ba96915079e.jpg,1697099948768_JPEG_jpg.rf.2403dc3261bee6bf30ac6ba96915079e.jpg,a9bfd990a50949046d849b20ee274870e66fd4fcc9f89bf1fcd37053992a565a,a9bfd990a50949046d849b20ee274870e66fd4fcc9f89bf1fcd37053992a565a,copied,0,0
ce7c4ee0572c3ba0,63a267f99b93593646485fce711fe459_jpg,train,train,63a267f99b93593646485fce711fe459_jpg.rf.57bcb827dc17534637e4b86cf31d88aa.jpg,63a267f99b93593646485fce711fe459_jpg.rf.57bcb827dc17534637e4b86cf31d88aa.jpg,9c1419003d82f089aa43f8287b0d9cbbecb49d9445e6f89a3f833a11a073ab30,9c1419003d82f089aa43f8287b0d9cbbecb49d9445e6f89a3f833a11a073ab30,copied,0,0
ce8bc4b761dd217f,000070_jpg,train,train,000070_jpg.rf.2584b85ec4925b0394c49ecdaa104924.jpg,000070_jpg.rf.2584b85ec4925b0394c49ecdaa104924.jpg,a71d56cf9c7d8ef2b42a95acba3dc8c82970eae2a130723cfd88d2ccbef046a8,a71d56cf9c7d8ef2b42a95acba3dc8c82970eae2a130723cfd88d2ccbef046a8,copied,0,2
ce8d46c6934696a5,images-94-_jpg,train,test,images-94-_jpg.rf.a6c430ddc9dfa1314ebc3cdb6300c131.jpg,images-94-_jpg.rf.a6c430ddc9dfa1314ebc3cdb6300c131.jpg,bd6ace907ba8f67c7ee6d7d157f032e8cb60675041bd09d920532cff5bf13dcd,bd6ace907ba8f67c7ee6d7d157f032e8cb60675041bd09d920532cff5bf13dcd,copied,0,1
ce8dae898a37c9f6,smoking_0027_jpg,valid,valid,smoking_0027_jpg.rf.e9ca6e21eeb34c0fbe4c71ce886173aa.jpg,smoking_0027_jpg.rf.e9ca6e21eeb34c0fbe4c71ce886173aa.jpg,45cf2e34769b92b09826792f5d946c4ceda3c6c9cfbd283fc926e613d8b24670,45cf2e34769b92b09826792f5d946c4ceda3c6c9cfbd283fc926e613d8b24670,copied,0,0
cec7311a0242f25b,ggg078_jpg,valid,valid,ggg078_jpg.rf.3540db4e8536b0bc5422561a6ef7f400.jpg,ggg078_jpg.rf.3540db4e8536b0bc5422561a6ef7f400.jpg,2baeb960ddbfdb92e7b8c70d67d6996c51a267f3d50049988e0522b662282786,2baeb960ddbfdb92e7b8c70d67d6996c51a267f3d50049988e0522b662282786,copied,0,2
ced74b652179b631,smoking_0758_jpg,test,train,smoking_0758_jpg.rf.363a29d8040006edc15e9253f10d7b68.jpg,smoking_0758_jpg.rf.363a29d8040006edc15e9253f10d7b68.jpg,827112f5352a073f6d5846aef125b3e0ea5ef985d930b85f1103ee1abbb94ae9,827112f5352a073f6d5846aef125b3e0ea5ef985d930b85f1103ee1abbb94ae9,copied,0,0
cef00a0528838d89,smoking_0163_jpg,train,valid,smoking_0163_jpg.rf.867cdae937fe000d5c956ed115b3e041.jpg,smoking_0163_jpg.rf.867cdae937fe000d5c956ed115b3e041.jpg,9757e8b51c1ea0f31a25aef8b5f0dfdc31e7f03f50653d005f101db2fbf0a38f,9757e8b51c1ea0f31a25aef8b5f0dfdc31e7f03f50653d005f101db2fbf0a38f,copied,0,0
cef5c910d4c101af,smoking_1077_jpg,valid,train,smoking_1077_jpg.rf.33d7cbb70e28f7a48a9a1b761d672761.jpg,smoking_1077_jpg.rf.33d7cbb70e28f7a48a9a1b761d672761.jpg,f9578672e5040cfefa04fe7647305f6933a49d351e1f5e596ebef4583ada3a55,f9578672e5040cfefa04fe7647305f6933a49d351e1f5e596ebef4583ada3a55,copied,0,0
cf22909ac908caed,WIN_20220507_21_29_03_Pro-2-_jpg,train,train,WIN_20220507_21_29_03_Pro-2-_jpg.rf.2e0b61c4e736bff3fc18450d6bd04955.jpg,WIN_20220507_21_29_03_Pro-2-_jpg.rf.2e0b61c4e736bff3fc18450d6bd04955.jpg,86aea2bd5321eb1362a1ec48866c8ee9dc09c2e1e6bc78296fe14b5634fc33f8,86aea2bd5321eb1362a1ec48866c8ee9dc09c2e1e6bc78296fe14b5634fc33f8,copied,0,1
cf3874652fcd2736,WIN_20220329_21_28_54_Pro_jpg,train,train,WIN_20220329_21_28_54_Pro_jpg.rf.909a72d1612df6824fd05d0d42bf0ebf.jpg,WIN_20220329_21_28_54_Pro_jpg.rf.909a72d1612df6824fd05d0d42bf0ebf.jpg,9d4628118a4b0d963bdf12241c7dbaeda038f160cc8938f9bfb85e3a586d37c4,9d4628118a4b0d963bdf12241c7dbaeda038f160cc8938f9bfb85e3a586d37c4,copied,0,1
cf48cfdbdc11dd1c,smoking_1098_jpg,train,train,smoking_1098_jpg.rf.d54dd9ebaed341e5c4d88fcdf7d143c2.jpg,smoking_1098_jpg.rf.d54dd9ebaed341e5c4d88fcdf7d143c2.jpg,f57ca0a46e7d96b56f41c460f6349140c945f7005c6aa272427ba9cdd5ebbf51,f57ca0a46e7d96b56f41c460f6349140c945f7005c6aa272427ba9cdd5ebbf51,copied,0,1
cf913d0c68f15dc6,28646f01791ea64e_jpg,train,train,28646f01791ea64e_jpg.rf.7ef1c16b753cd83f0decfc181429280c.jpg,28646f01791ea64e_jpg.rf.7ef1c16b753cd83f0decfc181429280c.jpg,c134e674edcbb898a29db17615ee70e7e26d29692630bd4e8aba22e296858484,c134e674edcbb898a29db17615ee70e7e26d29692630bd4e8aba22e296858484,copied,1,
cfc0637ea2090349,01d4654f253d6d04_jpg,train,test,01d4654f253d6d04_jpg.rf.33e01ecce739b3aef8eb19e3c57f505f.jpg,01d4654f253d6d04_jpg.rf.33e01ecce739b3aef8eb19e3c57f505f.jpg,0f85776dc3f9fcfe89b0c17f2ab473733a85adae4b262fe97c629529682d293b,0f85776dc3f9fcfe89b0c17f2ab473733a85adae4b262fe97c629529682d293b,copied,1,
cfdd4370b1dd3261,gg0219_jpeg_jpg,valid,valid,gg0219_jpeg_jpg.rf.045cc8fc4a6bb287fd189ee5ad2ae5bc.jpg,gg0219_jpeg_jpg.rf.045cc8fc4a6bb287fd189ee5ad2ae5bc.jpg,f55f43f837b82c379ad7123e1de6604184a94ced2ae34d5c70191d674dc4731c,f55f43f837b82c379ad7123e1de6604184a94ced2ae34d5c70191d674dc4731c,copied,0,2
cfdf294681a36555,smoking_0139_jpg,train,train,smoking_0139_jpg.rf.f2db33dd74e52b037f7cd09cac208f8b.jpg,smoking_0139_jpg.rf.f2db33dd74e52b037f7cd09cac208f8b.jpg,6904fd8ee7aed5fd04610f58643998cc671e822241ec4d8d60ba8f050a410608,6904fd8ee7aed5fd04610f58643998cc671e822241ec4d8d60ba8f050a410608,copied,0,0
cfe97eefe7817bc3,ggg004_jpg,valid,valid,ggg004_jpg.rf.4c658721382f298ac9371acc895f3c71.jpg,ggg004_jpg.rf.4c658721382f298ac9371acc895f3c71.jpg,a781aaab91034b5f42d518f42135b0923bbbe410169f75c1385755a7ab3413bf,a781aaab91034b5f42d518f42135b0923bbbe410169f75c1385755a7ab3413bf,copied,0,2
d01312778a7b781b,smoking_0046_jpg,train,valid,smoking_0046_jpg.rf.ae1cfe3415067c24a6ed68cda10cf72c.jpg,smoking_0046_jpg.rf.ae1cfe3415067c24a6ed68cda10cf72c.jpg,6e9586a62bd74fc6d8988aec83ed157d3eb07b170440705e705061221f8c00f5,6e9586a62bd74fc6d8988aec83ed157d3eb07b170440705e705061221f8c00f5,copied,0,0
d02436e2343ff294,smoking_0124_jpg,train,train,smoking_0124_jpg.rf.86552802c7b463ada54fbaa909f5853a.jpg,smoking_0124_jpg.rf.86552802c7b463ada54fbaa909f5853a.jpg,b083d4832d4d662bc89006f351cbe03b2dfb79680795d1c28e2ed678e27d1375,b083d4832d4d662bc89006f351cbe03b2dfb79680795d1c28e2ed678e27d1375,copied,0,0
d0425f82ea36af8c,c00273_jpg,train,train,c00273_jpg.rf.030b75ec3e7048b66e1501f7fbda90b3.jpg,c00273_jpg.rf.030b75ec3e7048b66e1501f7fbda90b3.jpg,d5bdf24e0a4ce327f5dcb04c96341ef9ada35d01de255c09bb1075dfb416ee86,d5bdf24e0a4ce327f5dcb04c96341ef9ada35d01de255c09bb1075dfb416ee86,copied,0,2
d04bb680367c9e33,3ce537bd7745286f_jpg,train,train,3ce537bd7745286f_jpg.rf.c01075d124d4505c304df80370552266.jpg,3ce537bd7745286f_jpg.rf.c01075d124d4505c304df80370552266.jpg,a151b0bd5d95dc8e1fa3db3eadfbd49edfa3686b012adad011889a69a9ea81b7,a151b0bd5d95dc8e1fa3db3eadfbd49edfa3686b012adad011889a69a9ea81b7,copied,1,
d04d4a98811ff594,smoking_0981_jpg,test,train,smoking_0981_jpg.rf.2284bb973f565fd899b6073062ec65fc.jpg,smoking_0981_jpg.rf.2284bb973f565fd899b6073062ec65fc.jpg,981a5c14e8a19c109a4e764008f981470adf5170901484e3b9a5ae2a3856d148,981a5c14e8a19c109a4e764008f981470adf5170901484e3b9a5ae2a3856d148,copied,0,0
d07b0cf609a9279d,000160_jpg,train,train,000160_jpg.rf.3f27d280bf20132d1f0e7ab04c7e852c.jpg,000160_jpg.rf.3f27d280bf20132d1f0e7ab04c7e852c.jpg,8388ac48c63bfa5e54cc59afdc9c288e5354e235ade01c77d42692e98b0bee5f,8388ac48c63bfa5e54cc59afdc9c288e5354e235ade01c77d42692e98b0bee5f,copied,0,2
d0b5d4a56de154fb,000152_jpg,test,train,000152_jpg.rf.33f261e8acef307dd8475c64106eeb50.jpg,000152_jpg.rf.33f261e8acef307dd8475c64106eeb50.jpg,a6f275867eb00429663e99d1142a7da6816eff13dfaa7df01f4d697611cf6b26,a6f275867eb00429663e99d1142a7da6816eff13dfaa7df01f4d697611cf6b26,copied,0,2
d0b95a027ef738fe,1697099983327_JPEG_jpg,train,train,1697099983327_JPEG_jpg.rf.609d878e570a60df6739bcf2bf010985.jpg,1697099983327_JPEG_jpg.rf.609d878e570a60df6739bcf2bf010985.jpg,453d042023aa0e0b59a82aa5e5ed0d8750dc504e9b49a01e3814454f48320b82,453d042023aa0e0b59a82aa5e5ed0d8750dc504e9b49a01e3814454f48320b82,copied,0,0
d0c25ce81c0cd64b,000535_jpg,train,train,000535_jpg.rf.1c7f33794bfe4c22413ee07a7ce266df.jpg,000535_jpg.rf.1c7f33794bfe4c22413ee07a7ce266df.jpg,eec201071589442fbeda921d82c06be84f19ef33845a4091ff9abbbdcb67e4d7,eec201071589442fbeda921d82c06be84f19ef33845a4091ff9abbbdcb67e4d7,copied,0,2
d0d6b2c7c618543e,1697099879130_JPEG_jpg,train,train,1697099879130_JPEG_jpg.rf.253b663e1ef37fb6b11db4d0d62fcb68.jpg,1697099879130_JPEG_jpg.rf.253b663e1ef37fb6b11db4d0d62fcb68.jpg,81075d24d4f850f8bc6af30b7fb10f52cbd7f6031b00f0a1954f575693aad9f1,81075d24d4f850f8bc6af30b7fb10f52cbd7f6031b00f0a1954f575693aad9f1,copied,0,0
d0da52a17d2e2f07,smoking_0630_jpg,train,train,smoking_0630_jpg.rf.90bc333706cb7913bd4213ccec38df56.jpg,smoking_0630_jpg.rf.90bc333706cb7913bd4213ccec38df56.jpg,4bd59ff4a448e7b9332de80bcb035af418e28f28c4e8aadc97672884aa591b98,4bd59ff4a448e7b9332de80bcb035af418e28f28c4e8aadc97672884aa591b98,copied,0,0
d0f16bae44f0d529,0ce89b06c1c4cdb9_jpg,train,train,0ce89b06c1c4cdb9_jpg.rf.2ab40fec32363e753aa0038b476886ba.jpg,0ce89b06c1c4cdb9_jpg.rf.2ab40fec32363e753aa0038b476886ba.jpg,fecd52cebfaa9a13984d1870a5b25311b5775d4f8d5116fff67175c7b7d0268f,fecd52cebfaa9a13984d1870a5b25311b5775d4f8d5116fff67175c7b7d0268f,copied,1,
d0fe046e3db80a18,smoking_1113_jpg,train,train,smoking_1113_jpg.rf.2ec7794920dd8aa6bb859bf50231bb68.jpg,smoking_1113_jpg.rf.2ec7794920dd8aa6bb859bf50231bb68.jpg,59402a146266c2228c987e1c89808cf5ca0cd517e294d4ba0a8082349a813c65,59402a146266c2228c987e1c89808cf5ca0cd517e294d4ba0a8082349a813c65,copied,0,0
d149358b2136bb71,smoking_0807_jpg,train,train,smoking_0807_jpg.rf.67cf3340c50e74cb37f2b540fa28995c.jpg,smoking_0807_jpg.rf.67cf3340c50e74cb37f2b540fa28995c.jpg,a061812ee66758f99f9e911297b614a6608daaf36d9c754bbaee20a8be3ef13f,a061812ee66758f99f9e911297b614a6608daaf36d9c754bbaee20a8be3ef13f,copied,0,0
d160ef39926ede05,32cc1457ae738134_jpg,train,train,32cc1457ae738134_jpg.rf.83283b5f803cbdb4a0d26603ebc1a8cd.jpg,32cc1457ae738134_jpg.rf.83283b5f803cbdb4a0d26603ebc1a8cd.jpg,3722e3d91b9c3aaef07cbc2e9c43b17876e96afe81d9850b9efacfc51bcc812c,3722e3d91b9c3aaef07cbc2e9c43b17876e96afe81d9850b9efacfc51bcc812c,copied,1,
d17ede4a077871a7,4d3490517805fe6f_jpg,train,train,4d3490517805fe6f_jpg.rf.c9ca2d4331587668d1e34dada043cec3.jpg,4d3490517805fe6f_jpg.rf.c9ca2d4331587668d1e34dada043cec3.jpg,ce315cb06bd43ec52b06741b8d934333d2561495978233cf0127f0e52aa5b911,ce315cb06bd43ec52b06741b8d934333d2561495978233cf0127f0e52aa5b911,copied,1,
d17faa06b8ef6504,0a5eba0d5ded7adb_jpg,train,test,0a5eba0d5ded7adb_jpg.rf.161450c460a57996bd5dc4c8875cc010.jpg,0a5eba0d5ded7adb_jpg.rf.161450c460a57996bd5dc4c8875cc010.jpg,52d63907fa13715ee54a95578caed31c14ee6cabc38b39cb4a41f29a42dd8d54,52d63907fa13715ee54a95578caed31c14ee6cabc38b39cb4a41f29a42dd8d54,copied,1,
d1856614e70075c5,smoking_1007_jpg,train,valid,smoking_1007_jpg.rf.b6f24ea68bb914e78c454ed60cf04924.jpg,smoking_1007_jpg.rf.b6f24ea68bb914e78c454ed60cf04924.jpg,93191cf46409fc04637e324d5b542b5f8a0acdfb26ba1d47de9e69367ac8324b,93191cf46409fc04637e324d5b542b5f8a0acdfb26ba1d47de9e69367ac8324b,copied,0,0
d18cf2b7bca05e9f,smoking_0417_jpg,valid,test,smoking_0417_jpg.rf.180a1ccc7d7dffb7ddf0ed02a9912177.jpg,smoking_0417_jpg.rf.180a1ccc7d7dffb7ddf0ed02a9912177.jpg,4dbca72d4fec22e8fe591f4967e78cc61f6292020dd452e20068f789de96a741,4dbca72d4fec22e8fe591f4967e78cc61f6292020dd452e20068f789de96a741,copied,0,0
d19b473797fe5203,WIN_20220507_21_28_45_Pro_jpg,train,train,WIN_20220507_21_28_45_Pro_jpg.rf.c9e4793bb8cf09bc06af69d9bf15a086.jpg,WIN_20220507_21_28_45_Pro_jpg.rf.c9e4793bb8cf09bc06af69d9bf15a086.jpg,32eab77112f001b68f86cdd8408e38fb7acb7bbd7a66396d6f590ba9524d367f,32eab77112f001b68f86cdd8408e38fb7acb7bbd7a66396d6f590ba9524d367f,copied,0,1
d1a38b8be0f9ad1b,bb0448_jpg,test,test,bb0448_jpg.rf.c31d8ea516578bcae8d4d0459cdeb82b.jpg,bb0448_jpg.rf.c31d8ea516578bcae8d4d0459cdeb82b.jpg,de4b2eb2a903d3a2325b5248920df7eed6b3470eadda5a9f7823b4c8c5fb154f,de4b2eb2a903d3a2325b5248920df7eed6b3470eadda5a9f7823b4c8c5fb154f,copied,0,2
d1d1b60d21b6f3fd,15b1182dda3be694_jpg,train,train,15b1182dda3be694_jpg.rf.8d79a82928442bf79775fa5d7ca89914.jpg,15b1182dda3be694_jpg.rf.8d79a82928442bf79775fa5d7ca89914.jpg,a81a539c88b28f3d06c6a06d6a7b6ce0e957439c8cfdcdb9e8e40284a38b39b6,a81a539c88b28f3d06c6a06d6a7b6ce0e957439c8cfdcdb9e8e40284a38b39b6,copied,1,
d21a21ee0cbec4b6,06547dbd5006ab2e_jpg,valid,train,06547dbd5006ab2e_jpg.rf.abd6f599acb4ca2d8027eae530dea9a9.jpg,06547dbd5006ab2e_jpg.rf.abd6f599acb4ca2d8027eae530dea9a9.jpg,3bd6f7538e92ec1063751024b7dbfb7adb29618c1d21f77e3374e8b19a944858,3bd6f7538e92ec1063751024b7dbfb7adb29618c1d21f77e3374e8b19a944858,copied,1,
d22f18942ce91ad9,000032_jpg,train,train,000032_jpg.rf.02de90e49c588a880ede2df67fbf974a.jpg,000032_jpg.rf.02de90e49c588a880ede2df67fbf974a.jpg,c5ec3f0dd9ad3b2af02b3104cb859c92621e7397f9d95659f4d317775204240f,c5ec3f0dd9ad3b2af02b3104cb859c92621e7397f9d95659f4d317775204240f,copied,0,2
d25e8630d66c05cf,smoking_0234_jpg,train,train,smoking_0234_jpg.rf.56abc57f312b4af61eb213517ca91f08.jpg,smoking_0234_jpg.rf.56abc57f312b4af61eb213517ca91f08.jpg,b394aaaad7b498a8090710bb1309a872a8da71b986c33bb3af66a146669b202d,b394aaaad7b498a8090710bb1309a872a8da71b986c33bb3af66a146669b202d,copied,0,1
d290a22208cdec6d,4d742c0d722001fe_jpg,train,train,4d742c0d722001fe_jpg.rf.968c70c2e01f9dfe624360dbbbfb62fd.jpg,4d742c0d722001fe_jpg.rf.968c70c2e01f9dfe624360dbbbfb62fd.jpg,b69ad0544967224e5613cc3de15b33d8a2e9662541a474aae30e16ff64d42dba,b69ad0544967224e5613cc3de15b33d8a2e9662541a474aae30e16ff64d42dba,copied,1,
d2996f0d471fa709,smoking_0707_jpg,train,train,smoking_0707_jpg.rf.6feee1ce71a973b3df7ffb1d0c6038cc.jpg,smoking_0707_jpg.rf.6feee1ce71a973b3df7ffb1d0c6038cc.jpg,f8021f5e2c5e11aa19fdd212012dc11690199a1f282a607bcb2f88544255698f,f8021f5e2c5e11aa19fdd212012dc11690199a1f282a607bcb2f88544255698f,copied,0,0
d349bae40d14a702,images-98-_jpg,train,train,images-98-_jpg.rf.07121a899b4df9283a27e817c15fa77c.jpg,images-98-_jpg.rf.07121a899b4df9283a27e817c15fa77c.jpg,f771204c7e0ad4f995864c8fbdc91b46023c9d5668b8f7256ae23fccd84e5aae,f771204c7e0ad4f995864c8fbdc91b46023c9d5668b8f7256ae23fccd84e5aae,copied,0,1
d34db6e42e91fd12,smoking_0599_jpg,train,train,smoking_0599_jpg.rf.c4b0b4c27268ba56f41420fdb4abc693.jpg,smoking_0599_jpg.rf.c4b0b4c27268ba56f41420fdb4abc693.jpg,3fe0ea47c9e499a5878c078a6f5988b7d67308b749d6d0aabf45c5974f043965,3fe0ea47c9e499a5878c078a6f5988b7d67308b749d6d0aabf45c5974f043965,copied,0,1
d351e753a7d4e42f,smoking_0272_jpg,train,train,smoking_0272_jpg.rf.aee54365270ca78f5cb68c9145fca4d2.jpg,smoking_0272_jpg.rf.aee54365270ca78f5cb68c9145fca4d2.jpg,9b61ede5638530b2f2b896862460b1af46d63fc0b3d16360b8a64038784ef882,9b61ede5638530b2f2b896862460b1af46d63fc0b3d16360b8a64038784ef882,copied,0,1
d354b3aae1016b9e,c00305_jpeg_jpg,train,train,c00305_jpeg_jpg.rf.3e889e6bfd77a7b0c35fca80acda4ed1.jpg,c00305_jpeg_jpg.rf.3e889e6bfd77a7b0c35fca80acda4ed1.jpg,20b6da629d105b5987493dcd77c0e1c3d1cc48faddba4c7e1213877992e47b4e,20b6da629d105b5987493dcd77c0e1c3d1cc48faddba4c7e1213877992e47b4e,copied,0,2
d35a056cf7000d67,00ae4925aa2e84d3_jpg,train,train,00ae4925aa2e84d3_jpg.rf.4bbfc2fa52e1c19b41050c3532c23feb.jpg,00ae4925aa2e84d3_jpg.rf.4bbfc2fa52e1c19b41050c3532c23feb.jpg,0b3ca1858b9fcfcbf3ad04fe7e2b1f84ab02e1b5b4df58c0d03ad8f3110b9b1f,0b3ca1858b9fcfcbf3ad04fe7e2b1f84ab02e1b5b4df58c0d03ad8f3110b9b1f,copied,1,
d35f43fcac712023,smoking_0015_jpg,train,train,smoking_0015_jpg.rf.7fbe88c899b25cff4487e09779dedc6e.jpg,smoking_0015_jpg.rf.7fbe88c899b25cff4487e09779dedc6e.jpg,3abe7775e5cd5fe37e0433b059927019c6c6fbcbe08e4651f4e578bf2245f73f,3abe7775e5cd5fe37e0433b059927019c6c6fbcbe08e4651f4e578bf2245f73f,copied,0,1
d383edad69466611,000176_jpg,train,train,000176_jpg.rf.1c62f22b9f0fbb38d87a366c12373e52.jpg,000176_jpg.rf.1c62f22b9f0fbb38d87a366c12373e52.jpg,b07e5e67d2b8f178c66e22d2d852e083261c90d1d2114da6b5f525fd3afb66e4,b07e5e67d2b8f178c66e22d2d852e083261c90d1d2114da6b5f525fd3afb66e4,copied,0,2
d3ac05c7b32d186f,WIN_20220507_23_10_35_Pro_jpg,valid,train,WIN_20220507_23_10_35_Pro_jpg.rf.cdd262502cd8fd54a5ee4bd101e7d517.jpg,WIN_20220507_23_10_35_Pro_jpg.rf.cdd262502cd8fd54a5ee4bd101e7d517.jpg,f6bc011a2242ca25ff8790199ba0c3d874a896efc411a8edc33cd56d8cd7bc33,f6bc011a2242ca25ff8790199ba0c3d874a896efc411a8edc33cd56d8cd7bc33,copied,0,1
d408313a717f2e5b,1697099948795_JPEG_jpg,train,train,1697099948795_JPEG_jpg.rf.0896a5875e8c0557c1bfc10230bbb243.jpg,1697099948795_JPEG_jpg.rf.0896a5875e8c0557c1bfc10230bbb243.jpg,17e365f00b6b97b2527ebe080ccb2d066fe4f87769fa2ff2f0bde1df21ffbebf,17e365f00b6b97b2527ebe080ccb2d066fe4f87769fa2ff2f0bde1df21ffbebf,copied,0,0
d41b9b2fc898c6b6,bb0280_jpg,train,train,bb0280_jpg.rf.83ebebe0d8ef14f5895a73ceff3feb2e.jpg,bb0280_jpg.rf.83ebebe0d8ef14f5895a73ceff3feb2e.jpg,7e47d472f0532bd54a47e03e8a8960225e8fc979333b1ad34e6a64fe9d183f51,7e47d472f0532bd54a47e03e8a8960225e8fc979333b1ad34e6a64fe9d183f51,copied,0,2
d43a94068c92b8ab,1697100071032_JPEG_jpg,train,train,1697100071032_JPEG_jpg.rf.3cfda4c39f282648512b994d25cb07d9.jpg,1697100071032_JPEG_jpg.rf.3cfda4c39f282648512b994d25cb07d9.jpg,1364ba68c156b3758e60241fa5573daa2637dc34f8452aaaaa5c1fd25b0618fc,1364ba68c156b3758e60241fa5573daa2637dc34f8452aaaaa5c1fd25b0618fc,copied,0,0
d4410b9367e915bc,smoking_1038_jpg,train,train,smoking_1038_jpg.rf.2c19313e04882c5065efad770cf554bb.jpg,smoking_1038_jpg.rf.2c19313e04882c5065efad770cf554bb.jpg,8c2f1ced1cc52d3801f712c849c89cc2993fa38a4ea01f16dd6874aac939361d,8c2f1ced1cc52d3801f712c849c89cc2993fa38a4ea01f16dd6874aac939361d,copied,0,0
d495e82c2f9949eb,smoking_0257_jpg,test,train,smoking_0257_jpg.rf.b810f6a0d8aacd8f88e4e7c8c988d0bc.jpg,smoking_0257_jpg.rf.b810f6a0d8aacd8f88e4e7c8c988d0bc.jpg,ffafd853555076f9c2a092c7516cf19d3c92876d0bb1e4b4da76606c04d3898d,ffafd853555076f9c2a092c7516cf19d3c92876d0bb1e4b4da76606c04d3898d,copied,0,0
d49b10ca598c4a7b,smoking_1123_jpg,test,test,smoking_1123_jpg.rf.fb3d72fb57112ebecd97be1054187130.jpg,smoking_1123_jpg.rf.fb3d72fb57112ebecd97be1054187130.jpg,8f21d1e90a327a306cf61d5a18b5294152874331e10dc33512a31a934de21388,8f21d1e90a327a306cf61d5a18b5294152874331e10dc33512a31a934de21388,copied,0,0
d4cefa98148be8b9,smoking_0186_jpg,train,train,smoking_0186_jpg.rf.2f0179f5465c1cecdb06344071351d5b.jpg,smoking_0186_jpg.rf.2f0179f5465c1cecdb06344071351d5b.jpg,8d4358c4a929ae0018cfa2551c889a41856d57a3836a14c31ac15e1732012ab8,8d4358c4a929ae0018cfa2551c889a41856d57a3836a14c31ac15e1732012ab8,copied,0,1
d4f99bd4436860f6,images-19-_jpg,train,train,images-19-_jpg.rf.bb68f36850dfbb520e5a643ab30e1596.jpg,images-19-_jpg.rf.bb68f36850dfbb520e5a643ab30e1596.jpg,776ea7c0d952b3de9a9b613a4922ce0eabb01892b4b7655b02f11ed1b7dfa94c,776ea7c0d952b3de9a9b613a4922ce0eabb01892b4b7655b02f11ed1b7dfa94c,copied,0,1
d52b548b96846e16,small-29-_jpg,train,test,small-29-_jpg.rf.d764b585c1ddc33ad467032c685a13f3.jpg,small-29-_jpg.rf.d764b585c1ddc33ad467032c685a13f3.jpg,9dc0d5a3ee4dd1ae8788cdd703bf75f32ff7ad5796b324ca5bffa36e796228e2,9dc0d5a3ee4dd1ae8788cdd703bf75f32ff7ad5796b324ca5bffa36e796228e2,copied,0,1
d530f679793e6b6b,b00188_jpg,train,train,b00188_jpg.rf.db1fc312dbf644cb1d28c842b0b35be5.jpg,b00188_jpg.rf.db1fc312dbf644cb1d28c842b0b35be5.jpg,4c90b359e14970504ebdff7813a0c0459186eda110a89e15c263a519f8b74d3e,4c90b359e14970504ebdff7813a0c0459186eda110a89e15c263a519f8b74d3e,copied,0,2
d561ba3efd5315b1,images-21-_jpg,train,train,images-21-_jpg.rf.25aaeb8f4036a404939d4ad27a9218a9.jpg,images-21-_jpg.rf.25aaeb8f4036a404939d4ad27a9218a9.jpg,5336aae8b90152086bfa149ad988693922cadd8bc2a6cc4c0f2531b87614418f,5336aae8b90152086bfa149ad988693922cadd8bc2a6cc4c0f2531b87614418f,copied,0,1
d5678a7bd79085a7,c00529_jpg,test,test,c00529_jpg.rf.03d5e62c3dd5e6013481948b43e9686f.jpg,c00529_jpg.rf.03d5e62c3dd5e6013481948b43e9686f.jpg,f8ffcca41b3ab2f8ea05326089866fa14e08dd8ebd8e79e4b518adabb4085561,f8ffcca41b3ab2f8ea05326089866fa14e08dd8ebd8e79e4b518adabb4085561,copied,0,2
d5aa696e9e417288,WIN_20220507_23_10_45_Pro_jpg,train,train,WIN_20220507_23_10_45_Pro_jpg.rf.517ffa112afbb470974c0ca65fa8245a.jpg,WIN_20220507_23_10_45_Pro_jpg.rf.517ffa112afbb470974c0ca65fa8245a.jpg,7303a7987593f808fd34e7228eb8ace31dc679c45ebd49de901f80bd40b6361a,7303a7987593f808fd34e7228eb8ace31dc679c45ebd49de901f80bd40b6361a,copied,0,1
d5acb1b4a620d547,IMG_4422_jpg,valid,train,IMG_4422_jpg.rf.d0a94a422191831bb08aba0a80c5b1c7.jpg,IMG_4422_jpg.rf.d0a94a422191831bb08aba0a80c5b1c7.jpg,54df6daa99266358359bb3cbcd827132851eba044bce5b6a8a7a96cb76ca673e,54df6daa99266358359bb3cbcd827132851eba044bce5b6a8a7a96cb76ca673e,copied,0,0
d5c555f5e1a83ccc,3a42b66921ca612e_jpg,train,train,3a42b66921ca612e_jpg.rf.b3b00e6fb3f0e82e779d675185820043.jpg,3a42b66921ca612e_jpg.rf.b3b00e6fb3f0e82e779d675185820043.jpg,f18fe08130394d484b2ddbbc589f16309f2325d7229d521f6083184c5c486e46,f18fe08130394d484b2ddbbc589f16309f2325d7229d521f6083184c5c486e46,copied,1,
d5c5edeb19a50a61,000069_jpeg_jpg,train,train,000069_jpeg_jpg.rf.0906de81dc371b8df0022b907280652c.jpg,000069_jpeg_jpg.rf.0906de81dc371b8df0022b907280652c.jpg,6c4bdd6754d38643a2f8d630f022f2ecd51de080dd3d19eff459f06f3ec9f146,6c4bdd6754d38643a2f8d630f022f2ecd51de080dd3d19eff459f06f3ec9f146,copied,0,2
d5e76400935b7cc9,smoking_0546_jpg,train,train,smoking_0546_jpg.rf.cc64138e3afbf9a73e15b6ab2018a027.jpg,smoking_0546_jpg.rf.cc64138e3afbf9a73e15b6ab2018a027.jpg,efb6dd292424d745423cbde40edb22dabfcf7d8b93ea69536960eeb64c73dd73,efb6dd292424d745423cbde40edb22dabfcf7d8b93ea69536960eeb64c73dd73,copied,0,0
d5f8160370561bbb,smoking_0440_jpg,train,train,smoking_0440_jpg.rf.c9ffe203488007bb85b17a8e5fcc2379.jpg,smoking_0440_jpg.rf.c9ffe203488007bb85b17a8e5fcc2379.jpg,9cddabd5594f90b865aacef126e40cd4d3ebb3c2ec5be5eff1e5030a349a95f1,9cddabd5594f90b865aacef126e40cd4d3ebb3c2ec5be5eff1e5030a349a95f1,copied,0,0
d60854f5b415a9de,smoking_0359_jpg,valid,train,smoking_0359_jpg.rf.578a5e3cc1aa2acc9be130d9b264d773.jpg,smoking_0359_jpg.rf.578a5e3cc1aa2acc9be130d9b264d773.jpg,42ef137ce1b6462bf1d709afecac674ee4617c3bd4825ebb09c79383d12c0a35,42ef137ce1b6462bf1d709afecac674ee4617c3bd4825ebb09c79383d12c0a35,copied,0,0
d62ae896cbec4ef0,smoking_0310_jpg,train,train,smoking_0310_jpg.rf.194bc3954d387aa565a31de2321ade67.jpg,smoking_0310_jpg.rf.194bc3954d387aa565a31de2321ade67.jpg,ac3a1a4e4e970c1b085acf6a33af86a474beedd4f07cafa4be7ff7651b5a4591,ac3a1a4e4e970c1b085acf6a33af86a474beedd4f07cafa4be7ff7651b5a4591,copied,0,0
d62d53fba2615fe1,IMG_4389_jpg,train,train,IMG_4389_jpg.rf.07744e051a1750283ed31a22836516de.jpg,IMG_4389_jpg.rf.07744e051a1750283ed31a22836516de.jpg,792252c2bf767d8a680059f6c8cf6b0ff99853613945cc48f0f14aa17fba8195,792252c2bf767d8a680059f6c8cf6b0ff99853613945cc48f0f14aa17fba8195,copied,0,0
d637708ba22c3d7a,c00061_jpg,train,train,c00061_jpg.rf.769388ee2101b20ab77a405c99f2a092.jpg,c00061_jpg.rf.769388ee2101b20ab77a405c99f2a092.jpg,42685490897b0a5339b870e884aa8ed425b5f25e11545d47be7c6ed5c95cbe2e,42685490897b0a5339b870e884aa8ed425b5f25e11545d47be7c6ed5c95cbe2e,copied,0,2
d649a578a9ea02b4,IMG_4366_jpg,train,train,IMG_4366_jpg.rf.074941e8de690a88f45455c9ad8ea59e.jpg,IMG_4366_jpg.rf.074941e8de690a88f45455c9ad8ea59e.jpg,5fb68e2d7c30024d0e7e1b1877d784805825a48c8995bdd93a08ec3afc5c2c9c,5fb68e2d7c30024d0e7e1b1877d784805825a48c8995bdd93a08ec3afc5c2c9c,copied,0,0
d668d2af1235dbac,smoking_0401_jpg,train,train,smoking_0401_jpg.rf.80f474ec69fb67c466036d88908d9678.jpg,smoking_0401_jpg.rf.80f474ec69fb67c466036d88908d9678.jpg,f755946e0e066a08de825544fc556922bcb40dd0268f1baf5e8a0ed7bf2dda3a,f755946e0e066a08de825544fc556922bcb40dd0268f1baf5e8a0ed7bf2dda3a,copied,0,0
d6bd42012de89be8,smoking_0495_jpg,train,train,smoking_0495_jpg.rf.25ae21e06a124391019f957d8b973e0d.jpg,smoking_0495_jpg.rf.25ae21e06a124391019f957d8b973e0d.jpg,94709f87b4773cbb892acf0f243ab400808b02539ec9dd75796ddf213fc65d5e,94709f87b4773cbb892acf0f243ab400808b02539ec9dd75796ddf213fc65d5e,copied,0,0
d708e5443e8d64e5,smoking_0458_jpg,train,valid,smoking_0458_jpg.rf.b80873691701abb78b5843f423108b9b.jpg,smoking_0458_jpg.rf.b80873691701abb78b5843f423108b9b.jpg,f30ec082dfd10f685e5b8c565c563c96d46c39fd743767b48b6d7d9bc4151efc,f30ec082dfd10f685e5b8c565c563c96d46c39fd743767b48b6d7d9bc4151efc,copied,0,1
d70e20b996dbaaf9,1c2c4a3cdb8b66ac_jpg,train,valid,1c2c4a3cdb8b66ac_jpg.rf.5c382654b75cd75a31729b566f61e282.jpg,1c2c4a3cdb8b66ac_jpg.rf.5c382654b75cd75a31729b566f61e282.jpg,5b91f327d639f4071e2ec6baa213c33578aa6032ad81abb3a85de7a3e0ec5afb,5b91f327d639f4071e2ec6baa213c33578aa6032ad81abb3a85de7a3e0ec5afb,copied,1,
d7266331da68cc02,IMG_4460_jpg,train,train,IMG_4460_jpg.rf.6e9851de1d9dcf1b19908d5ff767c594.jpg,IMG_4460_jpg.rf.6e9851de1d9dcf1b19908d5ff767c594.jpg,79a02ddadfaf3650915a4d4a4ddcbd1293bf2ac59c124e10dc541a3f789f6fa0,79a02ddadfaf3650915a4d4a4ddcbd1293bf2ac59c124e10dc541a3f789f6fa0,copied,0,0|1
d74c4b2a39bb42e8,smoking_0279_jpg,train,train,smoking_0279_jpg.rf.43dc71e266d39e1b5e274de3ee94dae8.jpg,smoking_0279_jpg.rf.43dc71e266d39e1b5e274de3ee94dae8.jpg,6b29bfa02e4470767372cbe7b5399b276bfc14c52424cbbdccbc021e1c15b8fa,6b29bfa02e4470767372cbe7b5399b276bfc14c52424cbbdccbc021e1c15b8fa,copied,0,0
d7535d0618350355,smoking_0574_jpg,test,train,smoking_0574_jpg.rf.1f5281b2794c10a087f9f1705df6eab7.jpg,smoking_0574_jpg.rf.1f5281b2794c10a087f9f1705df6eab7.jpg,e22b3e50b4cfc38ed9f419c89d4123e2866ced89f35ff12857439977a80f966b,e22b3e50b4cfc38ed9f419c89d4123e2866ced89f35ff12857439977a80f966b,copied,0,0
d7a448a075251245,0dd54210eb6bec4a_jpg,train,train,0dd54210eb6bec4a_jpg.rf.f6bfe4d133295c4f0c9e3a08e80c885c.jpg,0dd54210eb6bec4a_jpg.rf.f6bfe4d133295c4f0c9e3a08e80c885c.jpg,7e83aac8217bc58049e374ff7b1c9a581a955071a3d61a05a379bd743286131c,7e83aac8217bc58049e374ff7b1c9a581a955071a3d61a05a379bd743286131c,copied,1,
d7accf6dfb4fe32c,c00228_jpg,train,train,c00228_jpg.rf.22b02111995b88c5f04fe9cd6d1cdceb.jpg,c00228_jpg.rf.22b02111995b88c5f04fe9cd6d1cdceb.jpg,898d0fffee5870d6f304c8ff3c4cdcae19030204762758aae320f6b26bd8167d,898d0fffee5870d6f304c8ff3c4cdcae19030204762758aae320f6b26bd8167d,copied,0,2
d7b55d886b1e021f,images-35-_jpg,valid,test,images-35-_jpg.rf.698f0e0c80610d642d124ed487c99c6c.jpg,images-35-_jpg.rf.698f0e0c80610d642d124ed487c99c6c.jpg,637ccbdf9e057133138a3d4e281788884d1468332ed24e1ba1d6109393039bf6,637ccbdf9e057133138a3d4e281788884d1468332ed24e1ba1d6109393039bf6,copied,0,1
d7c67114692330fb,017e18d8e9942fb4_jpg,train,train,017e18d8e9942fb4_jpg.rf.4c299651740cdb32d3a34e05faac506a.jpg,017e18d8e9942fb4_jpg.rf.4c299651740cdb32d3a34e05faac506a.jpg,5a9cb88536b50c1e446274289eab3d9c12e90549381ed595645690b3026a0b4b,5a9cb88536b50c1e446274289eab3d9c12e90549381ed595645690b3026a0b4b,copied,1,
d7e1f98923692cd0,1697099984284_JPEG_jpg,train,train,1697099984284_JPEG_jpg.rf.161e0e2f3f1e38351b12238609e8f49f.jpg,1697099984284_JPEG_jpg.rf.161e0e2f3f1e38351b12238609e8f49f.jpg,c32d9329ea9a5b57250473d08491abf3194921191fc80c550ef5d1ce8feaf369,c32d9329ea9a5b57250473d08491abf3194921191fc80c550ef5d1ce8feaf369,copied,0,0
d7e7dc67b279ec16,WIN_20220329_21_30_52_Pro_jpg,train,train,WIN_20220329_21_30_52_Pro_jpg.rf.49202ba19b4dcbb0134c14fc1372603c.jpg,WIN_20220329_21_30_52_Pro_jpg.rf.49202ba19b4dcbb0134c14fc1372603c.jpg,9e382f75f026996bfeca4937058652cb09656351a6003906721087e4cc631eb1,9e382f75f026996bfeca4937058652cb09656351a6003906721087e4cc631eb1,copied,0,1
d882900a571b3cfb,smoking_0804_jpg,valid,train,smoking_0804_jpg.rf.6aad80a1c6cfac43dff14c9b72b1b7fc.jpg,smoking_0804_jpg.rf.6aad80a1c6cfac43dff14c9b72b1b7fc.jpg,fec6c73067d73dae4b0af98493f23cd70b1b28c63d12f6b5f74e98208db4c8ac,fec6c73067d73dae4b0af98493f23cd70b1b28c63d12f6b5f74e98208db4c8ac,copied,0,0
d8900d1fe540ed9a,images-41-_jpg,train,train,images-41-_jpg.rf.ad9a4959ab0f036ba497b052e5c61723.jpg,images-41-_jpg.rf.ad9a4959ab0f036ba497b052e5c61723.jpg,1607fffc33116e3d0b059b819052017d85dcd6292fe78ad676c5051fa47c6312,1607fffc33116e3d0b059b819052017d85dcd6292fe78ad676c5051fa47c6312,copied,0,1
d8d2a83c07b97cd1,smoking_0001_jpg,test,train,smoking_0001_jpg.rf.182f12dec26ee68291406afcedec598a.jpg,smoking_0001_jpg.rf.182f12dec26ee68291406afcedec598a.jpg,67e771bdb069892a6675e7661687cbb12e9f73e98f1b7f2ad80b90b2571ec351,67e771bdb069892a6675e7661687cbb12e9f73e98f1b7f2ad80b90b2571ec351,copied,0,0
d8d4dc58142eb7a6,1697099948629_JPEG_jpg,train,train,1697099948629_JPEG_jpg.rf.2f81903a434475f905247cc17604b1db.jpg,1697099948629_JPEG_jpg.rf.2f81903a434475f905247cc17604b1db.jpg,5f93b7404c0b402be23d13a63791df230eeee98daae13275ffb6ae405b59f498,5f93b7404c0b402be23d13a63791df230eeee98daae13275ffb6ae405b59f498,copied,0,0
d90b4ebba6e77657,smoking_0729_jpg,train,valid,smoking_0729_jpg.rf.f7c71640d2fbb8ebde75821802e8a780.jpg,smoking_0729_jpg.rf.f7c71640d2fbb8ebde75821802e8a780.jpg,249d8da42f19b09ebe8802277ecc598f0c64f97c6511d99b747e10dcccd78944,249d8da42f19b09ebe8802277ecc598f0c64f97c6511d99b747e10dcccd78944,copied,0,1
d910cbbba913e5fb,18f0501e00761a79_jpg,train,train,18f0501e00761a79_jpg.rf.6bad87f444ed9b5f0104a838acb739fe.jpg,18f0501e00761a79_jpg.rf.6bad87f444ed9b5f0104a838acb739fe.jpg,6ee13a05bc691de364def8945c00c95ecc551b4f29b5cafd6b2a532b5dfe1fba,6ee13a05bc691de364def8945c00c95ecc551b4f29b5cafd6b2a532b5dfe1fba,copied,1,
d96583c7e7d04497,images-55-_jpg,train,train,images-55-_jpg.rf.499b1a3d79a83235d2e07c551dfd27c0.jpg,images-55-_jpg.rf.499b1a3d79a83235d2e07c551dfd27c0.jpg,210626daf479f5b3ad95ab80de3e21fe60ecb5388e518f3542e737d40cca3dbc,210626daf479f5b3ad95ab80de3e21fe60ecb5388e518f3542e737d40cca3dbc,copied,0,1
d97ad5f5667935cb,images-2022-05-07T213602-380_jpg,test,valid,images-2022-05-07T213602-380_jpg.rf.a36daec25edf3a1d4a0f99131a6c045b.jpg,images-2022-05-07T213602-380_jpg.rf.a36daec25edf3a1d4a0f99131a6c045b.jpg,154b90eba1ab517f7c72fca896ebf8059ae6a3a2c64e23a77ab92d72e1b45b35,154b90eba1ab517f7c72fca896ebf8059ae6a3a2c64e23a77ab92d72e1b45b35,copied,0,1
d9866f878f03bd55,small-15-_jpg,valid,test,small-15-_jpg.rf.b5e0e43a0cb1387d3418aa5190591ce0.jpg,small-15-_jpg.rf.b5e0e43a0cb1387d3418aa5190591ce0.jpg,130b1a869b36506bb66fa48b368ac74dc47e65067e73cd6b302b8d9a67520366,130b1a869b36506bb66fa48b368ac74dc47e65067e73cd6b302b8d9a67520366,copied,0,1
d9a0135aa3a276dc,IMG_4337_jpg,train,train,IMG_4337_jpg.rf.0e6d3cd086dffe5e7f722f6ee9f32212.jpg,IMG_4337_jpg.rf.0e6d3cd086dffe5e7f722f6ee9f32212.jpg,d92277a3c5f0e00a9661a812cfe8523a9f838c04b15130aa1caa851b3fefd0f2,d92277a3c5f0e00a9661a812cfe8523a9f838c04b15130aa1caa851b3fefd0f2,copied,0,0
d9dbeb05c558c867,bb0143_jpg,valid,valid,bb0143_jpg.rf.a7563d307869db1af020d61243cc7329.jpg,bb0143_jpg.rf.a7563d307869db1af020d61243cc7329.jpg,828b2b811fb96babf4a91173e0e0c1c0f2c4f4220c81b0668166e6fab65fa9f3,828b2b811fb96babf4a91173e0e0c1c0f2c4f4220c81b0668166e6fab65fa9f3,copied,0,2
da22362013991e9e,WIN_20220507_21_28_29_Pro_jpg,train,train,WIN_20220507_21_28_29_Pro_jpg.rf.3408aaff3d5720d34777a6ebb43a2f17.jpg,WIN_20220507_21_28_29_Pro_jpg.rf.3408aaff3d5720d34777a6ebb43a2f17.jpg,265e1d197eb0b9241cec566803b9355d11972ff7591a6816661d16cabd96030c,265e1d197eb0b9241cec566803b9355d11972ff7591a6816661d16cabd96030c,copied,0,1
da37be182788edbc,IMG_4447_jpg,train,train,IMG_4447_jpg.rf.28f57d78b9b0d9f835b8a648774e3453.jpg,IMG_4447_jpg.rf.28f57d78b9b0d9f835b8a648774e3453.jpg,7cc6ea958279e13b77328d47df2a113dc21e7d97d449a1166cfeb566faecdf5f,7cc6ea958279e13b77328d47df2a113dc21e7d97d449a1166cfeb566faecdf5f,copied,0,0
da3a41dd8353b78f,WIN_20220329_21_30_56_Pro_jpg,train,train,WIN_20220329_21_30_56_Pro_jpg.rf.257ef9ffbebf3e866ff2880e2b5fd719.jpg,WIN_20220329_21_30_56_Pro_jpg.rf.257ef9ffbebf3e866ff2880e2b5fd719.jpg,ef8df85cae499bd7731a75bd359a746f816864593204067edd30255a384ea1fc,ef8df85cae499bd7731a75bd359a746f816864593204067edd30255a384ea1fc,copied,0,1
da63a09362cff59e,3de924820607da36_jpg,train,train,3de924820607da36_jpg.rf.8d5f9064d8625d111e660b210c939057.jpg,3de924820607da36_jpg.rf.8d5f9064d8625d111e660b210c939057.jpg,4ee778aa72cbbdfaf66e6a2bd682e71d8819dec9ea8872ea1fb9898600205c1f,4ee778aa72cbbdfaf66e6a2bd682e71d8819dec9ea8872ea1fb9898600205c1f,copied,1,
da786afb252e9a36,IMG_4388_jpg,train,valid,IMG_4388_jpg.rf.18f042a7d7ab71e0deaaf20b11248bd7.jpg,IMG_4388_jpg.rf.18f042a7d7ab71e0deaaf20b11248bd7.jpg,b9f1025077d730821f04e601fac240c8078553d99b89007cb71116de5c9b94c7,b9f1025077d730821f04e601fac240c8078553d99b89007cb71116de5c9b94c7,copied,0,0
daa0d85f4c6c0dbd,smoking_0632_jpg,test,train,smoking_0632_jpg.rf.3ac6bb3191c0be27e7817912eaa4c07c.jpg,smoking_0632_jpg.rf.3ac6bb3191c0be27e7817912eaa4c07c.jpg,5ed9d59c4ecac71f4c63bc3af21db7d8528b1eff269043b55ab34c3d745faf9d,5ed9d59c4ecac71f4c63bc3af21db7d8528b1eff269043b55ab34c3d745faf9d,copied,0,0
daa36dd5ddf0c608,images-3-_jpg,train,train,images-3-_jpg.rf.77355c753c98a9d9741715b8f16671b3.jpg,images-3-_jpg.rf.77355c753c98a9d9741715b8f16671b3.jpg,17f33d66cdd0d393b125944974b064852d92a7d0e902f12931e7c93047e1bb62,17f33d66cdd0d393b125944974b064852d92a7d0e902f12931e7c93047e1bb62,copied,0,1
daea89e9332387c9,062001477cbc9d98_jpg,train,train,062001477cbc9d98_jpg.rf.77f7ce37808d7441d1e8df95ac6640b5.jpg,062001477cbc9d98_jpg.rf.77f7ce37808d7441d1e8df95ac6640b5.jpg,a8a45d53cb40ce652f3f9769109f1543cd8eb9ac8416925b95ec4a581c8caf26,a8a45d53cb40ce652f3f9769109f1543cd8eb9ac8416925b95ec4a581c8caf26,copied,1,
db2a98c23ca29e55,000126_jpg,train,train,000126_jpg.rf.1c311b66160943e747f97d9a2612dbb8.jpg,000126_jpg.rf.1c311b66160943e747f97d9a2612dbb8.jpg,53d951390809ec17ebc67341a2aabe0512c9a9c4a1baeabd2c0a7cb2dc8cefe8,53d951390809ec17ebc67341a2aabe0512c9a9c4a1baeabd2c0a7cb2dc8cefe8,copied,0,2
db45b6dcea49317a,0162b5a5fda1a5fe_jpg,train,test,0162b5a5fda1a5fe_jpg.rf.7e9340308867123f5356c630e630eb7f.jpg,0162b5a5fda1a5fe_jpg.rf.7e9340308867123f5356c630e630eb7f.jpg,8a6a5c82d58ac197ddc9d154d806db844eac880b1be438d421721b3d9f5175bc,8a6a5c82d58ac197ddc9d154d806db844eac880b1be438d421721b3d9f5175bc,copied,1,
db4f64462f78d06f,257bad0be89116c9_jpg,train,train,257bad0be89116c9_jpg.rf.d2366cc2eb2ae2e2927a9f95ce39c8ed.jpg,257bad0be89116c9_jpg.rf.d2366cc2eb2ae2e2927a9f95ce39c8ed.jpg,1e0189f8208cfd0a60f9f8735ef7101cd6805728628d94bf5e3384491e39f02a,1e0189f8208cfd0a60f9f8735ef7101cd6805728628d94bf5e3384491e39f02a,copied,1,
db9e6edaa3648678,IMG_4544_jpg,train,train,IMG_4544_jpg.rf.18748e066f59e142f249239646081ce2.jpg,IMG_4544_jpg.rf.18748e066f59e142f249239646081ce2.jpg,13ee95d3e5a33a13fe8abd250f6df3754c049dd782b8e89ce3cf7be83e951892,13ee95d3e5a33a13fe8abd250f6df3754c049dd782b8e89ce3cf7be83e951892,copied,0,0|1
dba9adc84067ac48,c00257_jpg,train,train,c00257_jpg.rf.36cc8dbb9cac07d81c852f68038eb813.jpg,c00257_jpg.rf.36cc8dbb9cac07d81c852f68038eb813.jpg,4a29a23586859bc62e92f589f8d226bba90d70317d42cedde906b104a6cd9e9c,4a29a23586859bc62e92f589f8d226bba90d70317d42cedde906b104a6cd9e9c,copied,0,2
dba9c8bf111c6141,smoking_0622_jpg,train,train,smoking_0622_jpg.rf.2c08ec43542f78c139bf90892e641044.jpg,smoking_0622_jpg.rf.2c08ec43542f78c139bf90892e641044.jpg,41f8957daf5d86cde8197d3a7bf19c9f0c47065fd424b466932fee9a1c41c72c,41f8957daf5d86cde8197d3a7bf19c9f0c47065fd424b466932fee9a1c41c72c,copied,0,0
dbb01aa755f4e248,smoking_0432_jpg,valid,train,smoking_0432_jpg.rf.38312c9b226f12398954effd6463837d.jpg,smoking_0432_jpg.rf.38312c9b226f12398954effd6463837d.jpg,606bd3934067e108c6697239f7a80bb8f070aa6e5d6ec391ab93e860410ace6e,606bd3934067e108c6697239f7a80bb8f070aa6e5d6ec391ab93e860410ace6e,copied,0,0
dbb6e9c1ab294b2b,IMG_4522_jpg,train,train,IMG_4522_jpg.rf.025b75bc8427b6cc0c74005faad366f2.jpg,IMG_4522_jpg.rf.025b75bc8427b6cc0c74005faad366f2.jpg,47677cccbd55aa7cb9bf3306fdccc1e75e4fcf3b88322a3b50a7f7402364be16,47677cccbd55aa7cb9bf3306fdccc1e75e4fcf3b88322a3b50a7f7402364be16,copied,0,0|1
dbd725aae069c8cd,M_00955_png_jpg,train,train,M_00955_png_jpg.rf.4ae17515bcfab78482e608fd2d668a11.jpg,M_00955_png_jpg.rf.4ae17515bcfab78482e608fd2d668a11.jpg,ae57116332b6d9cb3a9fa5cbcfc178dd0494ee9b4d894b2f48ca5189ccf9e95a,ae57116332b6d9cb3a9fa5cbcfc178dd0494ee9b4d894b2f48ca5189ccf9e95a,copied,0,2
dbda18009a5516d1,smoking_0829_jpg,train,valid,smoking_0829_jpg.rf.b888c6a213101c5e9f32cfa63083a708.jpg,smoking_0829_jpg.rf.b888c6a213101c5e9f32cfa63083a708.jpg,373dda393e6e9bb2a2b46dd188c7d3e9a69ec15297744d05baac1dc328eb414d,373dda393e6e9bb2a2b46dd188c7d3e9a69ec15297744d05baac1dc328eb414d,copied,0,0
dbdf7f54400706ce,smoking_0595_jpg,train,train,smoking_0595_jpg.rf.eefb56731912713be93e440ea492c2a5.jpg,smoking_0595_jpg.rf.eefb56731912713be93e440ea492c2a5.jpg,d6f71dda2d7c3a401dcb2471d391e04339befb8f083d3e7627cd6612217e85a1,d6f71dda2d7c3a401dcb2471d391e04339befb8f083d3e7627cd6612217e85a1,copied,0,0
dbf455fec5ac8d6c,pexels-photo-1461811_jpeg_jpg,train,valid,pexels-photo-1461811_jpeg_jpg.rf.ad5c472f5f63dcfb475896c6bcacbfd8.jpg,pexels-photo-1461811_jpeg_jpg.rf.ad5c472f5f63dcfb475896c6bcacbfd8.jpg,5697e8b523e577fbd80eb8609907075ea4e3edb53ad6337f11588762da535fa1,5697e8b523e577fbd80eb8609907075ea4e3edb53ad6337f11588762da535fa1,copied,0,1
dc2ebb3db428c5b4,48e05c6cf497de77_jpg,train,train,48e05c6cf497de77_jpg.rf.b5a08a1ec84d9dba2553efcb6572cbd1.jpg,48e05c6cf497de77_jpg.rf.b5a08a1ec84d9dba2553efcb6572cbd1.jpg,1bcd67b4d6b4d4adb119f2358f7b917618add09da727c9e31b7191c62b0a9deb,1bcd67b4d6b4d4adb119f2358f7b917618add09da727c9e31b7191c62b0a9deb,copied,1,
dc7e6081f51a8a39,indir-11-_jpg,train,train,indir-11-_jpg.rf.186358922c53e23a260396de6d43692f.jpg,indir-11-_jpg.rf.186358922c53e23a260396de6d43692f.jpg,a8b35b3aaf6f6abe27eb478eeff872d4385f0122c63b5ce09199f1b5198f935c,a8b35b3aaf6f6abe27eb478eeff872d4385f0122c63b5ce09199f1b5198f935c,copied,0,1
dcb934cf9ca65591,bb0200_jpg,valid,train,bb0200_jpg.rf.5b66044866d00d48c430ed9710831e37.jpg,bb0200_jpg.rf.5b66044866d00d48c430ed9710831e37.jpg,fffcc1b43ef1b29f23421739c224519080ca2914209440962464eeaaf2453eb0,fffcc1b43ef1b29f23421739c224519080ca2914209440962464eeaaf2453eb0,copied,0,2
dcbd14a8a75ba384,WIN_20220507_21_27_23_Pro_jpg,train,train,WIN_20220507_21_27_23_Pro_jpg.rf.8e986965e340ae9c4e4058ca247848d9.jpg,WIN_20220507_21_27_23_Pro_jpg.rf.8e986965e340ae9c4e4058ca247848d9.jpg,1b8a83d2ea2dc317d144bb3ffe830678d8a756198b1132bbe3c4e823818ab496,1b8a83d2ea2dc317d144bb3ffe830678d8a756198b1132bbe3c4e823818ab496,copied,0,1
dccbd14a3c97ed67,smoking_0168_jpg,train,train,smoking_0168_jpg.rf.f602e326a26a11a79968ec2eaaa5f5f7.jpg,smoking_0168_jpg.rf.f602e326a26a11a79968ec2eaaa5f5f7.jpg,7f85e11630f96d2774e7feb1c5225aff22c3d01111e976fe13700ecdb6684289,7f85e11630f96d2774e7feb1c5225aff22c3d01111e976fe13700ecdb6684289,copied,0,0
dcd19a8adc55c19e,smoking_0341_jpg,valid,train,smoking_0341_jpg.rf.716d2b829ba3d867823cb1e8fb8a2ec9.jpg,smoking_0341_jpg.rf.716d2b829ba3d867823cb1e8fb8a2ec9.jpg,58fb0ae80d95e425eb4a4cf8a67927170d213c506906a8dc1ad8953c3e868035,58fb0ae80d95e425eb4a4cf8a67927170d213c506906a8dc1ad8953c3e868035,copied,0,0
dcdfe6dbe7730df3,smoking_0941_jpg,train,train,smoking_0941_jpg.rf.8fd762619e20ee21f577e96deb86d214.jpg,smoking_0941_jpg.rf.8fd762619e20ee21f577e96deb86d214.jpg,a13ea84e2fb2330556cc777613527a2f9384cb832b196f8186e3a70b1a94c913,a13ea84e2fb2330556cc777613527a2f9384cb832b196f8186e3a70b1a94c913,copied,0,0
dce9c485c7679dbe,smoking_0214_jpg,train,test,smoking_0214_jpg.rf.18deb0f4368d9865944877a2e05d11b5.jpg,smoking_0214_jpg.rf.18deb0f4368d9865944877a2e05d11b5.jpg,92a72910bfa3fbd040524713c095e0c8cc20e3f3b0b0169101d95c509d8f17dd,92a72910bfa3fbd040524713c095e0c8cc20e3f3b0b0169101d95c509d8f17dd,copied,0,0
dcf5736ac767dd93,bb0382_jpg,valid,test,bb0382_jpg.rf.52ccbbb8b5739db03d8454b6229a57c0.jpg,bb0382_jpg.rf.52ccbbb8b5739db03d8454b6229a57c0.jpg,4037fa63d2bef320d38f4fab7fb8c1084f576e13fe0f842f7ca9775a5adb55f0,4037fa63d2bef320d38f4fab7fb8c1084f576e13fe0f842f7ca9775a5adb55f0,copied,0,2
dcfbabe53ed0b690,smoking_1056_jpg,train,train,smoking_1056_jpg.rf.a8b2e8b262a28a7cfb85c7a5a02eef89.jpg,smoking_1056_jpg.rf.a8b2e8b262a28a7cfb85c7a5a02eef89.jpg,4328dc33f3fad0a0015170cf8154bd96b6857b95eef30453378bd6b3aab3a21c,4328dc33f3fad0a0015170cf8154bd96b6857b95eef30453378bd6b3aab3a21c,copied,0,0
dd3951c0e22f5011,IMG_5120,train,train,IMG_5120.JPG,IMG_5120.jpg,582a604af0599900443038801119c5cfba09f7ab7b2ddc1eff3afc2daa2e0455,7e674ef9280f42122b8ba96b65b830d18177db19bfe3a308ed895b244d2aeed9,converted_heic_to_jpeg,1,
dd4c7597916592d7,M_00943_png_jpg,valid,valid,M_00943_png_jpg.rf.734f0f2bbd1f7427ba4a6efd0b7e5a18.jpg,M_00943_png_jpg.rf.734f0f2bbd1f7427ba4a6efd0b7e5a18.jpg,bbd891b576d21f9d33583be09f1a9e31fd4ee1d93fb5fbda04499565a7ef2432,bbd891b576d21f9d33583be09f1a9e31fd4ee1d93fb5fbda04499565a7ef2432,copied,0,2
ddba12eb1bdd53e8,0707d708745a4f57_jpg,train,train,0707d708745a4f57_jpg.rf.c9b13bfd8dd842c55ae931de52b09948.jpg,0707d708745a4f57_jpg.rf.c9b13bfd8dd842c55ae931de52b09948.jpg,51851e7c29a658b3872340e17a44feca31e4b9e0a1f0f91c8c27ad8d257ecfb6,51851e7c29a658b3872340e17a44feca31e4b9e0a1f0f91c8c27ad8d257ecfb6,copied,1,
dde6e03faeb2e477,bb0404_jpg,train,train,bb0404_jpg.rf.052466fc0be56d45f1eb78b01208ee0f.jpg,bb0404_jpg.rf.052466fc0be56d45f1eb78b01208ee0f.jpg,cc3c950f32bedd501109942ec87b2fde1f5fb1111cf7b3f01bf4b0eadcbefe92,cc3c950f32bedd501109942ec87b2fde1f5fb1111cf7b3f01bf4b0eadcbefe92,copied,0,2
de4e4ddcc993005c,ggg041_jpg,valid,train,ggg041_jpg.rf.37fb99244c8856c291af9f1f2513f7e6.jpg,ggg041_jpg.rf.37fb99244c8856c291af9f1f2513f7e6.jpg,4ab5bc2aeac77ab9205be37579f2c2046547122cb58e5ac01588b7d982db7f6b,4ab5bc2aeac77ab9205be37579f2c2046547122cb58e5ac01588b7d982db7f6b,copied,0,2
de5ead70488efc9a,images-91-_jpg,train,train,images-91-_jpg.rf.e5aca9a7141d78dde1d0149a34776168.jpg,images-91-_jpg.rf.e5aca9a7141d78dde1d0149a34776168.jpg,97d96bd0eca7d8cbada6a125e28d86817bf2c4851f38aacd8babd0f6ca3a530d,97d96bd0eca7d8cbada6a125e28d86817bf2c4851f38aacd8babd0f6ca3a530d,copied,0,1
de74f3752178d97b,WIN_20220507_21_27_17_Pro_jpg,train,train,WIN_20220507_21_27_17_Pro_jpg.rf.76ef27a4885a40dfad177ab2a7ee2aa9.jpg,WIN_20220507_21_27_17_Pro_jpg.rf.76ef27a4885a40dfad177ab2a7ee2aa9.jpg,a78e07b217da35d616dc9c2498b7f12d2d8303edfbc118d18694c45e4da1dfdb,a78e07b217da35d616dc9c2498b7f12d2d8303edfbc118d18694c45e4da1dfdb,copied,0,1
de7b34f6ed9beb92,smoking_0865_jpg,train,train,smoking_0865_jpg.rf.f1327930498fcc4896c999c9347d02d4.jpg,smoking_0865_jpg.rf.f1327930498fcc4896c999c9347d02d4.jpg,0439f25307b396c537ca6dcf042522b1bbb10332f91b5f1317134dcda1010e65,0439f25307b396c537ca6dcf042522b1bbb10332f91b5f1317134dcda1010e65,copied,0,0
decf888b60b4e7f8,1bdb51aa8819789b_jpg,train,train,1bdb51aa8819789b_jpg.rf.1bb21ab205f146aefbccbfcb7b40a7e1.jpg,1bdb51aa8819789b_jpg.rf.1bb21ab205f146aefbccbfcb7b40a7e1.jpg,65f79da9621e5b8599bed9786d89083065ea4506b92dc8c3313a7a4a49aa3b71,65f79da9621e5b8599bed9786d89083065ea4506b92dc8c3313a7a4a49aa3b71,copied,1,
dee50332087267cd,0217e0cf615c4dd8_jpg,train,train,0217e0cf615c4dd8_jpg.rf.e7d1d2a6f1854874bee9bd40874aa46c.jpg,0217e0cf615c4dd8_jpg.rf.e7d1d2a6f1854874bee9bd40874aa46c.jpg,2a94ed32bdaa87ca858a3292807a5eb3bddb30403b1b78c77e87e80f0730bb23,2a94ed32bdaa87ca858a3292807a5eb3bddb30403b1b78c77e87e80f0730bb23,copied,1,
def800435a3d52ab,1697100070899_JPEG_jpg,train,train,1697100070899_JPEG_jpg.rf.275d45752e00ec4b891ba16bf822a6fd.jpg,1697100070899_JPEG_jpg.rf.275d45752e00ec4b891ba16bf822a6fd.jpg,99454c9c2aa95145c40eb55066095e7f5e0d8479361ff5b9c1d1af6e64ca3da0,99454c9c2aa95145c40eb55066095e7f5e0d8479361ff5b9c1d1af6e64ca3da0,copied,0,0
df1f147bdf7c9be6,0abc2ffe7cb78100_jpg,train,train,0abc2ffe7cb78100_jpg.rf.dda78175339aa6e21f9f39725cb21730.jpg,0abc2ffe7cb78100_jpg.rf.dda78175339aa6e21f9f39725cb21730.jpg,140787c70d584800d705ca7e3695c78b8957053796d4c3eecb7f9279c37e7111,140787c70d584800d705ca7e3695c78b8957053796d4c3eecb7f9279c37e7111,copied,1,
df35b9d1809c016e,smoking_0997_jpg,train,train,smoking_0997_jpg.rf.3496cdd83096c20b6e46fdea2ed968a4.jpg,smoking_0997_jpg.rf.3496cdd83096c20b6e46fdea2ed968a4.jpg,49ac34f44468ad92d78e34f06f56c0da366c13f8fe24a65c7e51416e763cc7d1,49ac34f44468ad92d78e34f06f56c0da366c13f8fe24a65c7e51416e763cc7d1,copied,0,1
df3c78d133a2da19,images-3-_jpeg_jpg,valid,train,images-3-_jpeg_jpg.rf.7662418954dc68b14dc93265fbf1855d.jpg,images-3-_jpeg_jpg.rf.7662418954dc68b14dc93265fbf1855d.jpg,ecb59d8d30755fd5c00fef8a80308ef52eaceb9c7c674f3a053ba33e0fb619b0,ecb59d8d30755fd5c00fef8a80308ef52eaceb9c7c674f3a053ba33e0fb619b0,copied,0,1
df6ee810a81789f4,smoking_0408_jpg,test,train,smoking_0408_jpg.rf.a79ac4b6bee53495ac78616fe639e393.jpg,smoking_0408_jpg.rf.a79ac4b6bee53495ac78616fe639e393.jpg,c09c50d49832bf208c636d0e75dfb0adc7475a228781270a273fed4d6129a06c,c09c50d49832bf208c636d0e75dfb0adc7475a228781270a273fed4d6129a06c,copied,0,0
e06012d54f496118,4946f6a2c1e93a7f_jpg,train,train,4946f6a2c1e93a7f_jpg.rf.f625d2e3e4ae428aba7bcb4b55c50065.jpg,4946f6a2c1e93a7f_jpg.rf.f625d2e3e4ae428aba7bcb4b55c50065.jpg,173309c4b8c54aaf4f1ebafd17cb4b789b214d451dfc6e16253fbaf2fea9a365,173309c4b8c54aaf4f1ebafd17cb4b789b214d451dfc6e16253fbaf2fea9a365,copied,1,
e068d6f2b2b504d1,smoking_0674_jpg,train,test,smoking_0674_jpg.rf.839fa6de99d1ae7c34b1fa44a6ae2e31.jpg,smoking_0674_jpg.rf.839fa6de99d1ae7c34b1fa44a6ae2e31.jpg,75e48305861149b19263d65e9f5ae517f16f74a92c9b82702295438d5fc9e6ca,75e48305861149b19263d65e9f5ae517f16f74a92c9b82702295438d5fc9e6ca,copied,0,0
e0733723df228be1,smoking_0711_jpg,valid,train,smoking_0711_jpg.rf.dc1002a4ac17a5b5776552b3c5557258.jpg,smoking_0711_jpg.rf.dc1002a4ac17a5b5776552b3c5557258.jpg,ac444aa9cadb4ce632c481512d1abbc8209df6b724e8bb84410b965936ff6f9e,ac444aa9cadb4ce632c481512d1abbc8209df6b724e8bb84410b965936ff6f9e,copied,0,0
e077f49fc671967d,35fe252571f52926_jpg,train,train,35fe252571f52926_jpg.rf.3a0d1ee94b16602647a099fe0dd08db2.jpg,35fe252571f52926_jpg.rf.3a0d1ee94b16602647a099fe0dd08db2.jpg,c36705e0a0c5157b23b464cef9ca58e98ab930d0244dcc57f6737f28b1006d78,c36705e0a0c5157b23b464cef9ca58e98ab930d0244dcc57f6737f28b1006d78,copied,1,
e0c59551940ef641,smoking_0688_jpg,train,valid,smoking_0688_jpg.rf.244569f1434ab78ba929f5174a35b34f.jpg,smoking_0688_jpg.rf.244569f1434ab78ba929f5174a35b34f.jpg,d5d7f41761d2b3b9b411d81edeb65a9c2a3f4d8e4a5cfd3dcad38d4367cb1387,d5d7f41761d2b3b9b411d81edeb65a9c2a3f4d8e4a5cfd3dcad38d4367cb1387,copied,0,1
e0dd9707dfcca900,bb0170_jpg,train,train,bb0170_jpg.rf.37983fd9e38cf4a6c2f560c1f3a89582.jpg,bb0170_jpg.rf.37983fd9e38cf4a6c2f560c1f3a89582.jpg,005b8f64afd802e99846b2940c08f79a3c9589b208fd7baa0a3a826238909071,005b8f64afd802e99846b2940c08f79a3c9589b208fd7baa0a3a826238909071,copied,0,2
e12b6e172e7947d3,IMG_5101,train,train,IMG_5101.JPG,IMG_5101.jpg,9e1d5b9289c9339f94f4492b06a0f7494573558b6e733e24c15e55f8cb20ec01,0882e14dac5049b824f0fe34318d8e7ed6434fd9f6b97654f7b8bf836c03fe2f,converted_heic_to_jpeg,1,
e13e2c2e8d5046be,smoking_0192_jpg,train,train,smoking_0192_jpg.rf.cb9d77470ec9c2783986b4276a4d37e0.jpg,smoking_0192_jpg.rf.cb9d77470ec9c2783986b4276a4d37e0.jpg,a92d512478ecaf24b8e78499e9eace89d8ec6cb895448c650e77b5315ef48888,a92d512478ecaf24b8e78499e9eace89d8ec6cb895448c650e77b5315ef48888,copied,0,0
e13eb571a34af2fa,smoking_0686_jpg,train,train,smoking_0686_jpg.rf.7fe1bc85650ef4f86bc3bc9eead88abe.jpg,smoking_0686_jpg.rf.7fe1bc85650ef4f86bc3bc9eead88abe.jpg,ed0862e2b93c8fb19cc8b320c854bf04394ac746a1e25e0611a4d7e19422b4f6,ed0862e2b93c8fb19cc8b320c854bf04394ac746a1e25e0611a4d7e19422b4f6,copied,0,0
e14c3a2e2af630e3,gg0077_jpg,train,train,gg0077_jpg.rf.12ecad6c9e139eab2a8641659815b16a.jpg,gg0077_jpg.rf.12ecad6c9e139eab2a8641659815b16a.jpg,56e6dbb3307078d991232baa9355f4eb741a63b38ef7919acc1b01e8d0ed72ab,56e6dbb3307078d991232baa9355f4eb741a63b38ef7919acc1b01e8d0ed72ab,copied,0,2
e18ddf3441e67723,299497ae652f152a_jpg,valid,train,299497ae652f152a_jpg.rf.c6768568c8350a399ce16d381c62891e.jpg,299497ae652f152a_jpg.rf.c6768568c8350a399ce16d381c62891e.jpg,3d9828f51889d4e37373556730c0b99112c06a822af8ce17fd2b499f82540b93,3d9828f51889d4e37373556730c0b99112c06a822af8ce17fd2b499f82540b93,copied,1,
e1910058e33b30ab,images-23-_jpg,train,train,images-23-_jpg.rf.1143f3a0d0d83aed9c9732078dc89523.jpg,images-23-_jpg.rf.1143f3a0d0d83aed9c9732078dc89523.jpg,99a822211846a5b77c7ec169fe81bf24aceb0894bb330bd172f0b8013257c66a,99a822211846a5b77c7ec169fe81bf24aceb0894bb330bd172f0b8013257c66a,copied,0,1
e199be276c2ce196,0f4154270d8a6f3e_jpg,train,valid,0f4154270d8a6f3e_jpg.rf.cfc2de3b12454a794aec274c5ef2edb6.jpg,0f4154270d8a6f3e_jpg.rf.cfc2de3b12454a794aec274c5ef2edb6.jpg,d3b29866dd71d5f1ec312b647b7d05416a18b6207c75b4e156df9bf4846ac31b,d3b29866dd71d5f1ec312b647b7d05416a18b6207c75b4e156df9bf4846ac31b,copied,1,
e1b5c554f89180b3,smoking_1120_jpg,train,train,smoking_1120_jpg.rf.128f4102330290555088208542decb15.jpg,smoking_1120_jpg.rf.128f4102330290555088208542decb15.jpg,66d7d073dd03ee62d94a83c050e918d5cdef76f405f4a8b031b5deaba27af8bd,66d7d073dd03ee62d94a83c050e918d5cdef76f405f4a8b031b5deaba27af8bd,copied,0,0
e1b6b98383068c7f,WIN_20220329_21_29_42_Pro_jpg,train,train,WIN_20220329_21_29_42_Pro_jpg.rf.844362b326187817c9bbbefa2b9a22d8.jpg,WIN_20220329_21_29_42_Pro_jpg.rf.844362b326187817c9bbbefa2b9a22d8.jpg,a63be98c5e45c1e1f8b14c04db44e507a816114a180809e5049bc994edb10af6,a63be98c5e45c1e1f8b14c04db44e507a816114a180809e5049bc994edb10af6,copied,0,1
e1cb4115b5ef2fa6,WIN_20220507_20_59_13_Pro_jpg,valid,valid,WIN_20220507_20_59_13_Pro_jpg.rf.7012b98604517736f7ca8c63d4eedd95.jpg,WIN_20220507_20_59_13_Pro_jpg.rf.7012b98604517736f7ca8c63d4eedd95.jpg,5595952e094c9d7977c2ba5b66908877406c77c7f943993a212936089b8dee3d,5595952e094c9d7977c2ba5b66908877406c77c7f943993a212936089b8dee3d,copied,0,1
e1dd87c5c8b50abd,smoking_0216_jpg,train,test,smoking_0216_jpg.rf.e11299a7049c0845bbd124d4809c0289.jpg,smoking_0216_jpg.rf.e11299a7049c0845bbd124d4809c0289.jpg,89cfd5aadd78322b37f71e39f058459414afcdfadcaaae3fca3d7d45bd5c3dd1,89cfd5aadd78322b37f71e39f058459414afcdfadcaaae3fca3d7d45bd5c3dd1,copied,0,0
e216d15627ab68bc,00c70af06636411f_jpg,train,train,00c70af06636411f_jpg.rf.bfc59603366d1bbc8fa6c47d4a0bb194.jpg,00c70af06636411f_jpg.rf.bfc59603366d1bbc8fa6c47d4a0bb194.jpg,1e7d5ecf1d838e59b57d03e1483f7b226f48770465ca0fca3dc5701b817ac747,1e7d5ecf1d838e59b57d03e1483f7b226f48770465ca0fca3dc5701b817ac747,copied,1,
e26eb80bf519f62b,18746eb1d55b016b_jpg,valid,train,18746eb1d55b016b_jpg.rf.d4f22ac5cb9db400bbbed1992df89da1.jpg,18746eb1d55b016b_jpg.rf.d4f22ac5cb9db400bbbed1992df89da1.jpg,ce93e99503a2bdeefd8d5305967ef5c6b98390aafc2741213b2ea3ee5a534716,ce93e99503a2bdeefd8d5305967ef5c6b98390aafc2741213b2ea3ee5a534716,copied,1,
e3160798b347cd9c,images-2022-05-07T213519-098-9-_jpg,train,train,images-2022-05-07T213519-098-9-_jpg.rf.5dd277f8e485ead65e3097e96b27d5b4.jpg,images-2022-05-07T213519-098-9-_jpg.rf.5dd277f8e485ead65e3097e96b27d5b4.jpg,6875fccc5a0f2604b780b215239a1b15b90e04e015732e2930e94715b1583b41,6875fccc5a0f2604b780b215239a1b15b90e04e015732e2930e94715b1583b41,copied,0,1
e339221ed86e5bd3,3e992b0fa9645106_jpg,train,train,3e992b0fa9645106_jpg.rf.1702a86d5e7eecc365f8ad5ca4e8e7fd.jpg,3e992b0fa9645106_jpg.rf.1702a86d5e7eecc365f8ad5ca4e8e7fd.jpg,5702da320be3c5539397fb8ec0509cb510d5feedd58791cd45f0ca13ad90f373,5702da320be3c5539397fb8ec0509cb510d5feedd58791cd45f0ca13ad90f373,copied,1,
e36f141f4e168d84,IMG_4354_jpg,train,train,IMG_4354_jpg.rf.04f4e02f017d006b123495fc71d0fbf7.jpg,IMG_4354_jpg.rf.04f4e02f017d006b123495fc71d0fbf7.jpg,7d3714a8044fa411e3287a35af6365d9d6c6c3afde28a080f37b6028d75f4866,7d3714a8044fa411e3287a35af6365d9d6c6c3afde28a080f37b6028d75f4866,copied,0,0
e38d9bb09f81d4b5,smoking_0906_jpg,train,train,smoking_0906_jpg.rf.7bd56e27c3bfe35b6bef8cb35c05cbeb.jpg,smoking_0906_jpg.rf.7bd56e27c3bfe35b6bef8cb35c05cbeb.jpg,18603f5823972725785938f3fb180f2059ca5ee52b5bfce65615697e36c67877,18603f5823972725785938f3fb180f2059ca5ee52b5bfce65615697e36c67877,copied,0,0
e443fd2a9397fa44,smoking_0073_jpg,train,train,smoking_0073_jpg.rf.cac2a5bfc9f500cefd0413f9205ab274.jpg,smoking_0073_jpg.rf.cac2a5bfc9f500cefd0413f9205ab274.jpg,95af65794da4690ab43b6064425bb04ae3b8f949cfdfa3499cf89db7d4c7a091,95af65794da4690ab43b6064425bb04ae3b8f949cfdfa3499cf89db7d4c7a091,copied,0,0
e4565b9d298d0ba5,smoking_0032_jpg,train,train,smoking_0032_jpg.rf.8270b32a31fb38ba46f49d2c3afaa2a2.jpg,smoking_0032_jpg.rf.8270b32a31fb38ba46f49d2c3afaa2a2.jpg,e3836cc505b43ca64381e2fce12974db6be789cc4e7f581e0f90dcfac04e946f,e3836cc505b43ca64381e2fce12974db6be789cc4e7f581e0f90dcfac04e946f,copied,0,0
e47e67cc99824258,smoking_0779_jpg,train,train,smoking_0779_jpg.rf.d015a578ddadbe63e88e97fe9eb69199.jpg,smoking_0779_jpg.rf.d015a578ddadbe63e88e97fe9eb69199.jpg,724cf99de682515ca9c80b45ec4228ed3e4baa42c33a4088ea68263abed61d2f,724cf99de682515ca9c80b45ec4228ed3e4baa42c33a4088ea68263abed61d2f,copied,0,1
e49e95c5a300ca88,smoking_0717_jpg,train,train,smoking_0717_jpg.rf.f0c07e8d40bea8d37f3ee00ba04bdeaf.jpg,smoking_0717_jpg.rf.f0c07e8d40bea8d37f3ee00ba04bdeaf.jpg,33ac9520d3145bb42daa009e4688ecc9503c5473ca09c54fbfb220afe5378135,33ac9520d3145bb42daa009e4688ecc9503c5473ca09c54fbfb220afe5378135,copied,0,0
e4c967006f7f3d9f,smoking_0835_jpg,train,train,smoking_0835_jpg.rf.5a10d51a37cdc084192cd65530eb3c61.jpg,smoking_0835_jpg.rf.5a10d51a37cdc084192cd65530eb3c61.jpg,39567cb7bc3089f9a0c16945683e597fbcfc1e6c40626f98afa15e0c79cffcf3,39567cb7bc3089f9a0c16945683e597fbcfc1e6c40626f98afa15e0c79cffcf3,copied,0,0
e4cc3b1037ea2071,smoking_0569_jpg,train,train,smoking_0569_jpg.rf.5f5b3fd8dd7d6241b3f5d523333fbfbd.jpg,smoking_0569_jpg.rf.5f5b3fd8dd7d6241b3f5d523333fbfbd.jpg,28ae35aee8fce1e2aa994d7dd3db9fad9afaeef5166b8aa4f49ed00e3823ec6a,28ae35aee8fce1e2aa994d7dd3db9fad9afaeef5166b8aa4f49ed00e3823ec6a,copied,0,1
e4d6509cead789f9,images-14-_jpg,valid,test,images-14-_jpg.rf.996bde677c5474974380088480c125e5.jpg,images-14-_jpg.rf.996bde677c5474974380088480c125e5.jpg,1e3eae6127890821e82efc394ade8b9f465731b073b600c41ae0357c0b9c56a1,1e3eae6127890821e82efc394ade8b9f465731b073b600c41ae0357c0b9c56a1,copied,0,1
e4ea89cea8b74885,WIN_20220329_21_30_00_Pro_jpg,train,train,WIN_20220329_21_30_00_Pro_jpg.rf.850d9a69e63ea9c2f3908750cfd335ec.jpg,WIN_20220329_21_30_00_Pro_jpg.rf.850d9a69e63ea9c2f3908750cfd335ec.jpg,e2ac03f8e6eecccf76b4f50f1190fd604589912e7ac1153842b6fe1f8be033d7,e2ac03f8e6eecccf76b4f50f1190fd604589912e7ac1153842b6fe1f8be033d7,copied,0,1
e51413a61ee510fe,smoking_0291_jpg,train,valid,smoking_0291_jpg.rf.3b791e7b21caf9cd4ca4c22c5875f6f5.jpg,smoking_0291_jpg.rf.3b791e7b21caf9cd4ca4c22c5875f6f5.jpg,b4cc836d7429bd43ea03346021f5a376cdef663cf33c8a96ca2e331430eaf6a0,b4cc836d7429bd43ea03346021f5a376cdef663cf33c8a96ca2e331430eaf6a0,copied,0,0
e535c7a2d028be6a,bb0612_jpg,train,valid,bb0612_jpg.rf.988ce3530260cf375658086fb3ac46b5.jpg,bb0612_jpg.rf.988ce3530260cf375658086fb3ac46b5.jpg,5898a75eaf0fef5218529308f8eeb22b81af6249632673d1726ce95debeb608c,5898a75eaf0fef5218529308f8eeb22b81af6249632673d1726ce95debeb608c,copied,0,2
e577628aa2d2e6b8,008cc7a1536896df_jpg,train,test,008cc7a1536896df_jpg.rf.c6bd0adf2d79d89980f47ec6425306c0.jpg,008cc7a1536896df_jpg.rf.c6bd0adf2d79d89980f47ec6425306c0.jpg,5919a4e9227b40dd9ad21364ea9a2f78bfe46990d5078a71391fc30cf3afbf60,5919a4e9227b40dd9ad21364ea9a2f78bfe46990d5078a71391fc30cf3afbf60,copied,1,
e59688b3641e7bfe,0154fa7e562b3f92_jpg,train,train,0154fa7e562b3f92_jpg.rf.a2f49f686f628e7a1100dc329f019981.jpg,0154fa7e562b3f92_jpg.rf.a2f49f686f628e7a1100dc329f019981.jpg,b4895915f0713618029bf1dae6ab5194f8be420e7a71922987010cdd767a6a12,b4895915f0713618029bf1dae6ab5194f8be420e7a71922987010cdd767a6a12,copied,1,
e5b664629888611c,22b3bb6249757621_jpg,valid,valid,22b3bb6249757621_jpg.rf.d4d9559cb6e10eb9abf8e6d665752637.jpg,22b3bb6249757621_jpg.rf.d4d9559cb6e10eb9abf8e6d665752637.jpg,5964d5ae634f51c63e0cb52201eeed579591278e8d38c37f8ab5d37aab58ccc3,5964d5ae634f51c63e0cb52201eeed579591278e8d38c37f8ab5d37aab58ccc3,copied,1,
e5d7200be698197e,download-6-_jpeg_jpg,train,train,download-6-_jpeg_jpg.rf.d8f59aeb7a2459dd657a5306470f5482.jpg,download-6-_jpeg_jpg.rf.d8f59aeb7a2459dd657a5306470f5482.jpg,1486cf5c6a5e924aac41b3eecbdab5a88dd453881b6f2554eec1c03285ca766d,1486cf5c6a5e924aac41b3eecbdab5a88dd453881b6f2554eec1c03285ca766d,copied,0,1
e5f984502dc428b4,000629_jpg,train,train,000629_jpg.rf.db2d4979a2c1b0b8835280e534ec1ad2.jpg,000629_jpg.rf.db2d4979a2c1b0b8835280e534ec1ad2.jpg,033ef7891a5edc9899aa813534d031ede3d4d73bbd0b122116eb621da1d7220b,033ef7891a5edc9899aa813534d031ede3d4d73bbd0b122116eb621da1d7220b,copied,0,2
e5fe69084ea0734e,small-111-_jpg,train,train,small-111-_jpg.rf.77f5040df10fee651ac6c11c833f93a3.jpg,small-111-_jpg.rf.77f5040df10fee651ac6c11c833f93a3.jpg,b0b0acddae7f1ce6b83e9efd8689b8720d78d9b6e39949651ee2fa1a96c8573f,b0b0acddae7f1ce6b83e9efd8689b8720d78d9b6e39949651ee2fa1a96c8573f,copied,0,1
e6273d993d4ef80c,WIN_20220329_21_28_59_Pro_jpg,train,train,WIN_20220329_21_28_59_Pro_jpg.rf.16906528a030b58fac265be63861b4c5.jpg,WIN_20220329_21_28_59_Pro_jpg.rf.16906528a030b58fac265be63861b4c5.jpg,1f8353552d1364f05f9c8e3d44718a9e372c0fc73e2dfbc8ac6e2cfdbc11af9b,1f8353552d1364f05f9c8e3d44718a9e372c0fc73e2dfbc8ac6e2cfdbc11af9b,copied,0,1
e64b09d8fd88a2b0,1697095267864_JPEG_jpg,valid,train,1697095267864_JPEG_jpg.rf.11438aae4928f12ca1f4d42c196bf321.jpg,1697095267864_JPEG_jpg.rf.11438aae4928f12ca1f4d42c196bf321.jpg,856b9d91403e9a017be606bc0453b67ac30db8c98741562700f35e471bb16b4c,856b9d91403e9a017be606bc0453b67ac30db8c98741562700f35e471bb16b4c,copied,0,0
e65ea4362e1c7dd1,0c3325faaed3bc97_jpg,valid,train,0c3325faaed3bc97_jpg.rf.d6057dfc12c41ab32f3b4ea74092774e.jpg,0c3325faaed3bc97_jpg.rf.d6057dfc12c41ab32f3b4ea74092774e.jpg,c7bf0c7f707b1ea16dc3512343611a89860cec6ea41bae440591341f3bdeed49,c7bf0c7f707b1ea16dc3512343611a89860cec6ea41bae440591341f3bdeed49,copied,1,
e6b1d1a5f6cd0c4e,000180_jpg,train,train,000180_jpg.rf.695078cc61289cc58a80f4dfef67ce0f.jpg,000180_jpg.rf.695078cc61289cc58a80f4dfef67ce0f.jpg,d4ebba2fe2f01704c680f55e799b9b598fba9327cea0b0b23dee90d74b753965,d4ebba2fe2f01704c680f55e799b9b598fba9327cea0b0b23dee90d74b753965,copied,0,2
e6d27b34aefcb139,smoking_0722_jpg,train,train,smoking_0722_jpg.rf.71f08bcc261608e54fb2ede053dac536.jpg,smoking_0722_jpg.rf.71f08bcc261608e54fb2ede053dac536.jpg,769a0a13c3e6f8d8d9a070bb3612a7fd666155941433d3571162ed9c3d6aa8d2,769a0a13c3e6f8d8d9a070bb3612a7fd666155941433d3571162ed9c3d6aa8d2,copied,0,1
e6d8418076169dfe,smoking_0558_jpg,train,train,smoking_0558_jpg.rf.c37bf1ad31a97f5b871ac6a6e06738aa.jpg,smoking_0558_jpg.rf.c37bf1ad31a97f5b871ac6a6e06738aa.jpg,032610bf73c5811adaa8968b0b6d86d2c5d33f9a0711033a9f8f70c2ef29cf66,032610bf73c5811adaa8968b0b6d86d2c5d33f9a0711033a9f8f70c2ef29cf66,copied,0,1
e6d8b1c3e3ef5a25,smoking_0759_jpg,test,train,smoking_0759_jpg.rf.3ca57aa9f1a27561f7a9d92c81585377.jpg,smoking_0759_jpg.rf.3ca57aa9f1a27561f7a9d92c81585377.jpg,5e499395e5f418b980c1f17aa7e008c8966e1c811131a5f9ce41ca2d8cf4a2ff,5e499395e5f418b980c1f17aa7e008c8966e1c811131a5f9ce41ca2d8cf4a2ff,copied,0,0
e6e76926bcfd7bce,smoking_1046_jpg,train,train,smoking_1046_jpg.rf.2f6420bd00d60a9e269b4e2b64cadf37.jpg,smoking_1046_jpg.rf.2f6420bd00d60a9e269b4e2b64cadf37.jpg,35db53721d65e6b77375eb43f6ad7f88334c98e857d4cbed79fc8f844bf6c8de,35db53721d65e6b77375eb43f6ad7f88334c98e857d4cbed79fc8f844bf6c8de,copied,0,0
e6e8390a38bd6ef2,IMG_4542_jpg,train,train,IMG_4542_jpg.rf.6e4d176becbac3687bd0f3e10d51a39d.jpg,IMG_4542_jpg.rf.6e4d176becbac3687bd0f3e10d51a39d.jpg,bd893988eed244e13498b53fd58407db3fafdecb26f9a9a9e94a78a40b52c265,bd893988eed244e13498b53fd58407db3fafdecb26f9a9a9e94a78a40b52c265,copied,0,0|1
e6f2f68273f968aa,000291_jpg,train,train,000291_jpg.rf.5cf3ffcacfa39a4209a6adfeddf333cf.jpg,000291_jpg.rf.5cf3ffcacfa39a4209a6adfeddf333cf.jpg,8410f153573f690aeb0d783e21ac945cad9499623b1be263ac0f2d972701ecf3,8410f153573f690aeb0d783e21ac945cad9499623b1be263ac0f2d972701ecf3,copied,0,2
e6fc4ec6b8294857,bb0146_jpg,train,train,bb0146_jpg.rf.72825b3adf93fe1a3ec4093ea53556f7.jpg,bb0146_jpg.rf.72825b3adf93fe1a3ec4093ea53556f7.jpg,b46cd69f3b16b88a11d1197a0d3aff264aa9924b94c99a4e99628e4684d0a499,b46cd69f3b16b88a11d1197a0d3aff264aa9924b94c99a4e99628e4684d0a499,copied,0,2
e73be5d7dbcdcaec,smoking_0109_jpg,valid,train,smoking_0109_jpg.rf.cfd6eee2b6f9d5c72f50f6a8ef392e04.jpg,smoking_0109_jpg.rf.cfd6eee2b6f9d5c72f50f6a8ef392e04.jpg,8e59cbf1aeda0e870b486f14179462aad6cbcdcca13c626939f0341fefa9bc3a,8e59cbf1aeda0e870b486f14179462aad6cbcdcca13c626939f0341fefa9bc3a,copied,0,0
e74c130b00fa45ef,smoking_0905_jpg,train,train,smoking_0905_jpg.rf.d0e70ca3415f3860a0e03377793fe3a2.jpg,smoking_0905_jpg.rf.d0e70ca3415f3860a0e03377793fe3a2.jpg,f0b356c5b8453f39ca6ed106e5ae58c7d158a9a115db40c6eab30ae679eb1fde,f0b356c5b8453f39ca6ed106e5ae58c7d158a9a115db40c6eab30ae679eb1fde,copied,0,1
e76edeafac613333,smoking_0496_jpg,train,train,smoking_0496_jpg.rf.56a6120683900f8ae54ae7241128a7ed.jpg,smoking_0496_jpg.rf.56a6120683900f8ae54ae7241128a7ed.jpg,c4f43dbfd29a031f4867db673446e470d56d268f29628d01da43d02c6c57ef0d,c4f43dbfd29a031f4867db673446e470d56d268f29628d01da43d02c6c57ef0d,copied,0,0
e7a84db52a48e46b,imagddaes_jpg,train,train,imagddaes_jpg.rf.57fb937de9bba47dc64142ca3f69b8e5.jpg,imagddaes_jpg.rf.57fb937de9bba47dc64142ca3f69b8e5.jpg,7cee9631cdea1ccfc4e1eee3f14278dc52693604cf828752d8255bd140c6f134,7cee9631cdea1ccfc4e1eee3f14278dc52693604cf828752d8255bd140c6f134,copied,0,1
e7b04bb34e223e59,WIN_20220329_21_29_59_Pro_jpg,train,train,WIN_20220329_21_29_59_Pro_jpg.rf.49e5d5356fc261ab0aca149c66cb5338.jpg,WIN_20220329_21_29_59_Pro_jpg.rf.49e5d5356fc261ab0aca149c66cb5338.jpg,568ff98d04dcf09f1768e7a321905b46287916f73ecfb525da312a6db6fe8063,568ff98d04dcf09f1768e7a321905b46287916f73ecfb525da312a6db6fe8063,copied,0,1
e7cb353ed3775568,smoking_0101_jpg,train,train,smoking_0101_jpg.rf.ddec722f471d0f26bed3cf808d81b0b6.jpg,smoking_0101_jpg.rf.ddec722f471d0f26bed3cf808d81b0b6.jpg,e3dd653ae2c00b6613502de89ad040e61a22035730ee8b9ea0382447ca137869,e3dd653ae2c00b6613502de89ad040e61a22035730ee8b9ea0382447ca137869,copied,0,0
e7fe66ba983ec52e,b00231_jpg,train,valid,b00231_jpg.rf.248fa047db6ab431ee72f3c71d2ac685.jpg,b00231_jpg.rf.248fa047db6ab431ee72f3c71d2ac685.jpg,e5978ec56d75f8fcec5e0cc385d3e862e10100a72be0c3c4926318b41ee05c4f,e5978ec56d75f8fcec5e0cc385d3e862e10100a72be0c3c4926318b41ee05c4f,copied,0,2
e8037183755b46f8,32841eedbab38e93_jpg,train,train,32841eedbab38e93_jpg.rf.021e93ce9aba5333d2413d17a7f8af99.jpg,32841eedbab38e93_jpg.rf.021e93ce9aba5333d2413d17a7f8af99.jpg,8f4fa95baf2045b74a734622f3aaeb6ef21ece03d10dd9eb6633c62efef5938c,8f4fa95baf2045b74a734622f3aaeb6ef21ece03d10dd9eb6633c62efef5938c,copied,1,
e80c51c5646b39cf,smoking_0950_jpg,train,train,smoking_0950_jpg.rf.b2963854d764fc5eeba0aca7f044dd6d.jpg,smoking_0950_jpg.rf.b2963854d764fc5eeba0aca7f044dd6d.jpg,0fea2e032a0afdc10d7ee6d0de9e1a81b8730d4bdfdf59daa8b3553fa7b2cb43,0fea2e032a0afdc10d7ee6d0de9e1a81b8730d4bdfdf59daa8b3553fa7b2cb43,copied,0,1
e81a930dc1b4c8fa,WIN_20220507_21_27_14_Pro_jpg,train,train,WIN_20220507_21_27_14_Pro_jpg.rf.726b1ca9e1cb0f6fa44ce4e734bdd8a4.jpg,WIN_20220507_21_27_14_Pro_jpg.rf.726b1ca9e1cb0f6fa44ce4e734bdd8a4.jpg,347a1110de6a878a76772ec3250b8f57f42dc075c901a96daa5c6f345b9a2281,347a1110de6a878a76772ec3250b8f57f42dc075c901a96daa5c6f345b9a2281,copied,0,1
e83c68ebc76cfdc9,smoking_0987_jpg,valid,train,smoking_0987_jpg.rf.0ffefb25b843f7ffac5827bcc0604c0d.jpg,smoking_0987_jpg.rf.0ffefb25b843f7ffac5827bcc0604c0d.jpg,bc9c3a66be15b025436ecd09029fd247c8f30e10d14dd6d2ec7d1981ffb60f8b,bc9c3a66be15b025436ecd09029fd247c8f30e10d14dd6d2ec7d1981ffb60f8b,copied,0,0
e8852bbd5cdc8856,smoking_0236_jpg,train,train,smoking_0236_jpg.rf.1923a63f524932a240b61d34ad817b9a.jpg,smoking_0236_jpg.rf.1923a63f524932a240b61d34ad817b9a.jpg,a083e9a0f47baa7418741a628234cef528a76c8ce4fda152b72d660e74cee82d,a083e9a0f47baa7418741a628234cef528a76c8ce4fda152b72d660e74cee82d,copied,0,0
e8a3782cd5904d9e,indir-20-_jpg,train,train,indir-20-_jpg.rf.71db184ab290505a0c67b2135497940e.jpg,indir-20-_jpg.rf.71db184ab290505a0c67b2135497940e.jpg,c30020476862e9de188c9d4c0a8c27e40fb47b890636da6add8216c093718cca,c30020476862e9de188c9d4c0a8c27e40fb47b890636da6add8216c093718cca,copied,0,1
e8b29a6e78aaf3d1,smoking_0099_jpg,train,valid,smoking_0099_jpg.rf.777e85fec554b58fa06b20b41ef13736.jpg,smoking_0099_jpg.rf.777e85fec554b58fa06b20b41ef13736.jpg,aa80c312fecae80336fa27ecb16489a3090b8f97597cfeb3459ef9dd3dd3efd7,aa80c312fecae80336fa27ecb16489a3090b8f97597cfeb3459ef9dd3dd3efd7,copied,0,0
e8c6a5b053b6a769,images-14-_jpeg_jpg,train,train,images-14-_jpeg_jpg.rf.20177f9d16d417ba75cf22fc63d35819.jpg,images-14-_jpeg_jpg.rf.20177f9d16d417ba75cf22fc63d35819.jpg,7a6b3ac38f2b2a1e675e93eb67d2b714fd10ca80846cc0d2434a803bc5af70df,7a6b3ac38f2b2a1e675e93eb67d2b714fd10ca80846cc0d2434a803bc5af70df,copied,0,1
e8d9833cefaeb158,images-58-_jpg,train,train,images-58-_jpg.rf.070fbc4728109a63126926924bf56a57.jpg,images-58-_jpg.rf.070fbc4728109a63126926924bf56a57.jpg,d80960911172772214cace77d2ab9edb73a0b7ec9a524c4324c59dcd52b46e4e,d80960911172772214cace77d2ab9edb73a0b7ec9a524c4324c59dcd52b46e4e,copied,0,1
e8fcbf1bc1e1269f,IMG_5089,valid,train,IMG_5089.JPG,IMG_5089.jpg,27b5cfeb5f596c66aa9096aadb989744b4bfe8ffea1f9d95b5b2b4c93d0dfe05,83732f5df8b4fc28dcf0f8e2cdfaccc89b382571bc0e9602db726e5f5582ed50,converted_heic_to_jpeg,1,
e979ec6342383f4f,images-16-_jpg,train,train,images-16-_jpg.rf.4b88cfe7b624b5b869fce03e78e6d345.jpg,images-16-_jpg.rf.4b88cfe7b624b5b869fce03e78e6d345.jpg,28dd7ed37a46c13e30100069788cd0fba47b96dd7558053596c917e49a0d6297,28dd7ed37a46c13e30100069788cd0fba47b96dd7558053596c917e49a0d6297,copied,0,1
e9aa2d54eda1f8ce,images-10-_jpg,train,train,images-10-_jpg.rf.6bec5f0f83dfa8470dab5c7d5c8cbace.jpg,images-10-_jpg.rf.6bec5f0f83dfa8470dab5c7d5c8cbace.jpg,1a468a8f6b38183ad1eb0f0d3e706598ecf8ae5c2e40b646694147684ba382aa,1a468a8f6b38183ad1eb0f0d3e706598ecf8ae5c2e40b646694147684ba382aa,copied,0,1
e9b6bcef38bf0514,25b03cb3cef864c9_jpg,valid,train,25b03cb3cef864c9_jpg.rf.761dce92cbf4f0b5ad1fa9ad225e28bf.jpg,25b03cb3cef864c9_jpg.rf.761dce92cbf4f0b5ad1fa9ad225e28bf.jpg,a1d8a8e03d56162343db08f23019565091b87aa6907725edcf35e9e861322ec4,a1d8a8e03d56162343db08f23019565091b87aa6907725edcf35e9e861322ec4,copied,1,
e9ccb4da8b2d3845,IMG_4444_jpg,train,train,IMG_4444_jpg.rf.b85a2babb05f13880db017ba44776547.jpg,IMG_4444_jpg.rf.b85a2babb05f13880db017ba44776547.jpg,78b419d57004325f4762554135c788c14769c7ec8f15cfa0a802c7065545e306,78b419d57004325f4762554135c788c14769c7ec8f15cfa0a802c7065545e306,copied,0,0
e9db08abce8fcdb9,bb0564_jpg,train,train,bb0564_jpg.rf.14d3bcde94ed7db0428a785039e9668f.jpg,bb0564_jpg.rf.14d3bcde94ed7db0428a785039e9668f.jpg,87773ebf461a703e97ddc968c0324c79730fc0a9f84377b06d788ce4ff4548de,87773ebf461a703e97ddc968c0324c79730fc0a9f84377b06d788ce4ff4548de,copied,0,2
ea0315ce238aeea2,2212f9790608f634_jpg,train,train,2212f9790608f634_jpg.rf.0a805f763aca10d21204e6469e8045fb.jpg,2212f9790608f634_jpg.rf.0a805f763aca10d21204e6469e8045fb.jpg,8188c3a5a0bb22c892def858f51c0daef961715ddd3fd630cd8f9cbc611807c8,8188c3a5a0bb22c892def858f51c0daef961715ddd3fd630cd8f9cbc611807c8,copied,1,
ea1393774bb8db8b,bb0355_jpg,train,train,bb0355_jpg.rf.a0ec691d4eac2472708258354a875b61.jpg,bb0355_jpg.rf.a0ec691d4eac2472708258354a875b61.jpg,225b6593e876e310af987277dd2ec08f722feb8913b1043f994bf203a9dd2a5d,225b6593e876e310af987277dd2ec08f722feb8913b1043f994bf203a9dd2a5d,copied,0,2
ea19654e9b107c1a,smoking_0425_jpg,valid,train,smoking_0425_jpg.rf.cd7ac96d75deca3d73c81687d16cb8b6.jpg,smoking_0425_jpg.rf.cd7ac96d75deca3d73c81687d16cb8b6.jpg,54a4a4064a91dd67fcc42e4e20d55c10888dc04467afadaaf40072d124a18ea0,54a4a4064a91dd67fcc42e4e20d55c10888dc04467afadaaf40072d124a18ea0,copied,0,0
ea260bdb85ec9de2,IMG_4344_jpg,train,train,IMG_4344_jpg.rf.0b87f85df9d40dedd9fc798391a8aceb.jpg,IMG_4344_jpg.rf.0b87f85df9d40dedd9fc798391a8aceb.jpg,cb7466d04d981fd07637ecf150108238606b817f260e01c667999328ac954a58,cb7466d04d981fd07637ecf150108238606b817f260e01c667999328ac954a58,copied,0,0
ea3db75e96f44b70,images-110-_jpg,test,test,images-110-_jpg.rf.1f23af24a7653f90590defffd1219b7d.jpg,images-110-_jpg.rf.1f23af24a7653f90590defffd1219b7d.jpg,82e1607d894b171df980b2166ad435c18b5ae337f76a27cbed18963159c219ad,82e1607d894b171df980b2166ad435c18b5ae337f76a27cbed18963159c219ad,copied,0,1
ea5984dad8b655b1,smoking_0855_jpg,train,train,smoking_0855_jpg.rf.a49a47645739c529714d40bb74c3c64d.jpg,smoking_0855_jpg.rf.a49a47645739c529714d40bb74c3c64d.jpg,dc685036f38ec31369d442f882fd646e9a48707c0aeb4d5582e0f3553680447a,dc685036f38ec31369d442f882fd646e9a48707c0aeb4d5582e0f3553680447a,copied,0,1
ea8e888a52f372d0,smoking_0416_jpg,train,test,smoking_0416_jpg.rf.8a4a1397559e41833db2a43b0781aafb.jpg,smoking_0416_jpg.rf.8a4a1397559e41833db2a43b0781aafb.jpg,db77f7a66e42c22b7707704f371401b160c1f5d6d725be64ac69c411d8674645,db77f7a66e42c22b7707704f371401b160c1f5d6d725be64ac69c411d8674645,copied,0,0
ea925ddc9e459219,smoking_1048_jpg,valid,train,smoking_1048_jpg.rf.7c6c2a812f1d1100a288bf1c93e4f3f1.jpg,smoking_1048_jpg.rf.7c6c2a812f1d1100a288bf1c93e4f3f1.jpg,cbfa32ce3232fd84a919e345e98736c627ca5ead55d6996e6e0d3a35f1e3bd37,cbfa32ce3232fd84a919e345e98736c627ca5ead55d6996e6e0d3a35f1e3bd37,copied,0,0
ea9b959392f758af,106766f97ac83201_jpg,train,train,106766f97ac83201_jpg.rf.92583fb7e77d2180c82246ae31db1e20.jpg,106766f97ac83201_jpg.rf.92583fb7e77d2180c82246ae31db1e20.jpg,81a1b6d633def4b7814bdf43a9e345aed8f2620ced52cc66d897fadc7a96a238,81a1b6d633def4b7814bdf43a9e345aed8f2620ced52cc66d897fadc7a96a238,copied,1,
eab01c8fc6d96ef9,WIN_20220507_21_28_38_Pro_jpg,train,train,WIN_20220507_21_28_38_Pro_jpg.rf.87749572918d158fc900b118c48765ad.jpg,WIN_20220507_21_28_38_Pro_jpg.rf.87749572918d158fc900b118c48765ad.jpg,cb0e005d3243094e18ee006a36f8828474982b9995544265129fbf53f234afbd,cb0e005d3243094e18ee006a36f8828474982b9995544265129fbf53f234afbd,copied,0,1
eaf3761dc8249d42,images-45-_jpg,train,train,images-45-_jpg.rf.0bf397f55bac2405783b4319a6019f30.jpg,images-45-_jpg.rf.0bf397f55bac2405783b4319a6019f30.jpg,d29a7b6f5821c531e05f2cc7fd48a54a5357d0771cbd659012f013840b8edcca,d29a7b6f5821c531e05f2cc7fd48a54a5357d0771cbd659012f013840b8edcca,copied,0,1
eb260bcd236c8804,smoking_0238_jpg,valid,train,smoking_0238_jpg.rf.db6af09b3010e3e83a56dbba0b100dc3.jpg,smoking_0238_jpg.rf.db6af09b3010e3e83a56dbba0b100dc3.jpg,d1463b226a2309413e5e7b87b5920016c600ab4dd9af7251ee57fa0f1537e79a,d1463b226a2309413e5e7b87b5920016c600ab4dd9af7251ee57fa0f1537e79a,copied,0,0
eb84e3924bd9b791,IMG_4381_jpg,valid,train,IMG_4381_jpg.rf.5ae88268e791dd14cb276dc395c8f26d.jpg,IMG_4381_jpg.rf.5ae88268e791dd14cb276dc395c8f26d.jpg,0d6f92185b92850f178d6fc5937bfb15e7bdfa8558c4c32c0a1af83e6a0c06b7,0d6f92185b92850f178d6fc5937bfb15e7bdfa8558c4c32c0a1af83e6a0c06b7,copied,0,0
ebbb7704e7a2e70e,smoking_0884_jpg,train,train,smoking_0884_jpg.rf.3e5261f23b9aa7e26f1a894ad0e0f37b.jpg,smoking_0884_jpg.rf.3e5261f23b9aa7e26f1a894ad0e0f37b.jpg,e42a63fb784fc89bb46fe92202c6710855d766997489ba282b714ff4fc943699,e42a63fb784fc89bb46fe92202c6710855d766997489ba282b714ff4fc943699,copied,0,1
ebe03f6d8eb2fa5a,smoking_1125_jpg,train,train,smoking_1125_jpg.rf.4bfc28913379e8d6f39a69a260aa601e.jpg,smoking_1125_jpg.rf.4bfc28913379e8d6f39a69a260aa601e.jpg,84cca9c2053429ae726aaab5a7a9c176b7189b9a7de4c6be5f084415ed955309,84cca9c2053429ae726aaab5a7a9c176b7189b9a7de4c6be5f084415ed955309,copied,0,0
ebf6d797215f1f54,smoking_1079_jpg,train,train,smoking_1079_jpg.rf.56e3e27681178a4e5f9231ac5cd141df.jpg,smoking_1079_jpg.rf.56e3e27681178a4e5f9231ac5cd141df.jpg,4f162070ede84fd21d0496cf3a29ba5e107ad7a943e730ee53041a69a3153861,4f162070ede84fd21d0496cf3a29ba5e107ad7a943e730ee53041a69a3153861,copied,0,1
ec034abc19d06012,092bbf8aca1bb2d6_jpg,train,train,092bbf8aca1bb2d6_jpg.rf.baafc1f5272cea05bf17109a21fd0ec2.jpg,092bbf8aca1bb2d6_jpg.rf.baafc1f5272cea05bf17109a21fd0ec2.jpg,0c21123e9c8c173a82d948a33c99cc309cfef2d1f2fe58b4160f959978eb18ef,0c21123e9c8c173a82d948a33c99cc309cfef2d1f2fe58b4160f959978eb18ef,copied,1,
ec38d1697d37d06e,smoking_0781_jpg,train,train,smoking_0781_jpg.rf.8821ab2f15ca44cd485300831f27e48c.jpg,smoking_0781_jpg.rf.8821ab2f15ca44cd485300831f27e48c.jpg,66bc323ee5eb6dba0d632b0599556da5bcafe8fad7249d0e2ae6fd449242f547,66bc323ee5eb6dba0d632b0599556da5bcafe8fad7249d0e2ae6fd449242f547,copied,0,0
ec4b4056ce2f384b,037928f436eb68b7_jpg,valid,train,037928f436eb68b7_jpg.rf.470f2ef6f1ba9f80a75a3b52f26497a6.jpg,037928f436eb68b7_jpg.rf.470f2ef6f1ba9f80a75a3b52f26497a6.jpg,1e9aa8d38d25c3883aaf708c37d98c6df331b00c3fc32693646f4f35bd5be870,1e9aa8d38d25c3883aaf708c37d98c6df331b00c3fc32693646f4f35bd5be870,copied,1,
ed136786896f7de3,images-90-_jpg,train,train,images-90-_jpg.rf.297e4c695f28480a50330dd0c4b843a0.jpg,images-90-_jpg.rf.297e4c695f28480a50330dd0c4b843a0.jpg,0cee0c9a4227dd9fecde81336c67f5cdbeee482e0b391feb05ca09b24270a775,0cee0c9a4227dd9fecde81336c67f5cdbeee482e0b391feb05ca09b24270a775,copied,0,1
ed3c858f1107bec6,IMG_4375_jpg,train,train,IMG_4375_jpg.rf.801da4036ddf96ac7955c6b7b4da5a97.jpg,IMG_4375_jpg.rf.801da4036ddf96ac7955c6b7b4da5a97.jpg,cb04f72c8e32e4bf7b178f3b57f99a918e7916c38fe99a59a523c8fe22982e0e,cb04f72c8e32e4bf7b178f3b57f99a918e7916c38fe99a59a523c8fe22982e0e,copied,0,0
ed53c003096a967c,smoking_0588_jpg,train,train,smoking_0588_jpg.rf.42638c9e854ae70328d2ec3f09599b28.jpg,smoking_0588_jpg.rf.42638c9e854ae70328d2ec3f09599b28.jpg,ed1162470e735daefd1372a70ea921355d2bc45f23c64694b0ca9ce387d7d6c1,ed1162470e735daefd1372a70ea921355d2bc45f23c64694b0ca9ce387d7d6c1,copied,0,1
ed776bc6cba8d009,smoking_0137_jpg,valid,train,smoking_0137_jpg.rf.f3a9ae1189f1a6a6d554d90810603427.jpg,smoking_0137_jpg.rf.f3a9ae1189f1a6a6d554d90810603427.jpg,133758f045b0a71fd4a6129d6e90784c6891c657d204725d8f19061b32c7bf29,133758f045b0a71fd4a6129d6e90784c6891c657d204725d8f19061b32c7bf29,copied,0,0
ed82cc56f0392e78,download-2-_jpeg_jpg,valid,test,download-2-_jpeg_jpg.rf.39b2bdd6242ba1c002d06388018d643f.jpg,download-2-_jpeg_jpg.rf.39b2bdd6242ba1c002d06388018d643f.jpg,7871cd1c7436f5f8a0fc8f1f04ed8686872475dd411fb377ec0da6c84f513bb8,7871cd1c7436f5f8a0fc8f1f04ed8686872475dd411fb377ec0da6c84f513bb8,copied,0,1
edc6265f37767fa5,1666f29600afc575_jpg,valid,train,1666f29600afc575_jpg.rf.fedc7fecbd7dae28be442a4cbf0110c5.jpg,1666f29600afc575_jpg.rf.fedc7fecbd7dae28be442a4cbf0110c5.jpg,4d2ed052c7b9bae06dd3ca99e838bdc378064ae2611a1da94e4cc413fcc809bb,4d2ed052c7b9bae06dd3ca99e838bdc378064ae2611a1da94e4cc413fcc809bb,copied,1,
ee37fd2e3352b304,smoking_0709_jpg,train,train,smoking_0709_jpg.rf.029828d441178e48eee5bd467643a803.jpg,smoking_0709_jpg.rf.029828d441178e48eee5bd467643a803.jpg,9d6bc5d3d19430bba6b26a88919d3ee9d28bcff60eefb49883f6ad83d71a3852,9d6bc5d3d19430bba6b26a88919d3ee9d28bcff60eefb49883f6ad83d71a3852,copied,0,0
ee4ba1d35fa121b4,smoking_1017_jpg,test,train,smoking_1017_jpg.rf.a37065e95d738bd9637527f884a5a567.jpg,smoking_1017_jpg.rf.a37065e95d738bd9637527f884a5a567.jpg,a617408fc0764470775a40b5cf31c20b02f03693e52645469bd5e720625e97a6,a617408fc0764470775a40b5cf31c20b02f03693e52645469bd5e720625e97a6,copied,0,0
ee52fae1a3eee197,7_jpg,train,train,7_jpg.rf.20adc8785fb8645bbbedecbd2a67eeb5.jpg,7_jpg.rf.20adc8785fb8645bbbedecbd2a67eeb5.jpg,4e2e2f4d466a9de0daeb6f4052a5b4799c6f1fe508ae3c8872650301492b7c35,4e2e2f4d466a9de0daeb6f4052a5b4799c6f1fe508ae3c8872650301492b7c35,copied,0,1
ee9af3b8848ba739,1697099983234_JPEG_jpg,train,train,1697099983234_JPEG_jpg.rf.28fe7f713e3d42e23eec20f12f4958db.jpg,1697099983234_JPEG_jpg.rf.28fe7f713e3d42e23eec20f12f4958db.jpg,d9ffe3710ef381bf7cb1dd1e67c55175c72b9355dcc56b20359101b34ca70100,d9ffe3710ef381bf7cb1dd1e67c55175c72b9355dcc56b20359101b34ca70100,copied,0,0
eed02db8a1c859b4,WIN_20220329_21_30_50_Pro_jpg,valid,train,WIN_20220329_21_30_50_Pro_jpg.rf.07c72f1599fb7e63e700920cdd2181b2.jpg,WIN_20220329_21_30_50_Pro_jpg.rf.07c72f1599fb7e63e700920cdd2181b2.jpg,c5d508fe7878b13154303f817775a099ecd348c442511382563bdce43844694b,c5d508fe7878b13154303f817775a099ecd348c442511382563bdce43844694b,copied,0,1
eed7b2332a80609f,smoking_0870_jpg,train,train,smoking_0870_jpg.rf.01befabfd86335601b3414339a83d9e4.jpg,smoking_0870_jpg.rf.01befabfd86335601b3414339a83d9e4.jpg,dee3400e3d8c35edf250211aa5a6e20b5d0af8ddb06df7e43d36d5dfda13dc2c,dee3400e3d8c35edf250211aa5a6e20b5d0af8ddb06df7e43d36d5dfda13dc2c,copied,0,0
ef17172a182f7899,26769479b56b6f77_jpg,train,test,26769479b56b6f77_jpg.rf.f186e7e1b0e6425309b37ad854f24d86.jpg,26769479b56b6f77_jpg.rf.f186e7e1b0e6425309b37ad854f24d86.jpg,7d968a7aebe75ae2404870849d873619040e8b7961d9daa18fb3e881fe650700,7d968a7aebe75ae2404870849d873619040e8b7961d9daa18fb3e881fe650700,copied,1,
ef322aeb1cbf2fc2,smoking_0239_jpg,valid,train,smoking_0239_jpg.rf.3bdd6a896f73394eb7964899a08ca820.jpg,smoking_0239_jpg.rf.3bdd6a896f73394eb7964899a08ca820.jpg,4b99dfce0375bc51b5178db8c96cb51971c82520692ce5969b5dd447177a64ce,4b99dfce0375bc51b5178db8c96cb51971c82520692ce5969b5dd447177a64ce,copied,0,0
efbf77967439cdba,bb0225_jpg,train,train,bb0225_jpg.rf.2cbb98dc17e5cfee9074abe18ee0ec4d.jpg,bb0225_jpg.rf.2cbb98dc17e5cfee9074abe18ee0ec4d.jpg,3ab0bac3bd0c600f245373ebf39c2cafa348e38e2aa7220ae8db8690209668c2,3ab0bac3bd0c600f245373ebf39c2cafa348e38e2aa7220ae8db8690209668c2,copied,0,2
efd55a935ce275f1,smoking_0708_jpg,train,valid,smoking_0708_jpg.rf.7c6cb74a2ae50ce47ed2a2cb707ec36d.jpg,smoking_0708_jpg.rf.7c6cb74a2ae50ce47ed2a2cb707ec36d.jpg,e3119eb8ed33511cda149ec11bc185269481e8e3f88cd60d5ddf8d9a0c8ea895,e3119eb8ed33511cda149ec11bc185269481e8e3f88cd60d5ddf8d9a0c8ea895,copied,0,0
efeb52511e3f34b3,pexels-photo-6204756_jpeg_jpg,train,train,pexels-photo-6204756_jpeg_jpg.rf.a4d2f622165ebe690de6bb52d8c1c280.jpg,pexels-photo-6204756_jpeg_jpg.rf.a4d2f622165ebe690de6bb52d8c1c280.jpg,dda71a67983ba362e7043dbabe0e78a4472cea2fd62bf568d35ac088499ded7a,dda71a67983ba362e7043dbabe0e78a4472cea2fd62bf568d35ac088499ded7a,copied,0,1
f006b70ae0dad4d5,0700a399f9f00e33_jpg,train,train,0700a399f9f00e33_jpg.rf.f4481964cbd2d9e6a74eaae47a5ed7df.jpg,0700a399f9f00e33_jpg.rf.f4481964cbd2d9e6a74eaae47a5ed7df.jpg,870b88dc7b1e13da1db301e5310628ccb05e5b49c1d1f313c2dda4eeee4e63c0,870b88dc7b1e13da1db301e5310628ccb05e5b49c1d1f313c2dda4eeee4e63c0,copied,1,
f03104c78ec5a2b2,WIN_20220329_21_29_45_Pro_jpg,valid,test,WIN_20220329_21_29_45_Pro_jpg.rf.91e5a3e2cd5a0977c0533ff131d2f890.jpg,WIN_20220329_21_29_45_Pro_jpg.rf.91e5a3e2cd5a0977c0533ff131d2f890.jpg,268bac8115626b0d419365c0fe8b1ab74d13f4a5385a945eb2dca06c16b8f90d,268bac8115626b0d419365c0fe8b1ab74d13f4a5385a945eb2dca06c16b8f90d,copied,0,1
f04219a964b4e9d4,1697100022593_JPEG_jpg,train,train,1697100022593_JPEG_jpg.rf.046957a769133708ad63b5d03ff75ee1.jpg,1697100022593_JPEG_jpg.rf.046957a769133708ad63b5d03ff75ee1.jpg,0b82e00ba54d5301acd9fefdd3dd5a617d592936b0f548238c837bc029d9e1a5,0b82e00ba54d5301acd9fefdd3dd5a617d592936b0f548238c837bc029d9e1a5,copied,0,0
f067a6315e6ecd39,images-66-_jpg,valid,valid,images-66-_jpg.rf.891c6793dd67f875b26b33436b3261de.jpg,images-66-_jpg.rf.891c6793dd67f875b26b33436b3261de.jpg,60f26760b2057f89395cfbff561825ad52c208fc64ae9f54fd828c4789f7ad60,60f26760b2057f89395cfbff561825ad52c208fc64ae9f54fd828c4789f7ad60,copied,0,1
f0738b71abe8579c,smoking_0369_jpg,train,train,smoking_0369_jpg.rf.7ba3b6115d3c7e1490aab531aeb8f18e.jpg,smoking_0369_jpg.rf.7ba3b6115d3c7e1490aab531aeb8f18e.jpg,7a5dc0ac53c25abd1145f9e15e19dd056f529a9ce7dc9c0fa6fe1606b2aa3c86,7a5dc0ac53c25abd1145f9e15e19dd056f529a9ce7dc9c0fa6fe1606b2aa3c86,copied,0,0
f083afd8d9461076,WIN_20220507_23_10_20_Pro_jpg,train,train,WIN_20220507_23_10_20_Pro_jpg.rf.8d09a65ab02fe76efa76101e53733dda.jpg,WIN_20220507_23_10_20_Pro_jpg.rf.8d09a65ab02fe76efa76101e53733dda.jpg,e87b0f96c64037a7f8f82f26c05472447241687ee0e99dba5fa9e563546521a3,e87b0f96c64037a7f8f82f26c05472447241687ee0e99dba5fa9e563546521a3,copied,0,1
f08be8f5081bc088,smoking_0732_jpg,train,train,smoking_0732_jpg.rf.d157a504efe00f368ca78607f89daff1.jpg,smoking_0732_jpg.rf.d157a504efe00f368ca78607f89daff1.jpg,35ef903591ce1e48d50c2bb71ff16902de37928181a582acfac1a79b7e873093,35ef903591ce1e48d50c2bb71ff16902de37928181a582acfac1a79b7e873093,copied,0,1
f095a39ed7693b8f,images-40-_jpg,train,train,images-40-_jpg.rf.230312f36559ec4df867fdd2ccafad74.jpg,images-40-_jpg.rf.230312f36559ec4df867fdd2ccafad74.jpg,a265ac9131671af23fb6e435eea55cf652ad057459d0192aabaedb002e9aaccb,a265ac9131671af23fb6e435eea55cf652ad057459d0192aabaedb002e9aaccb,copied,0,1
f0ce9d32d16b7a27,smoking_0980_jpg,train,train,smoking_0980_jpg.rf.60bf556b80c0019560768bd289959c6f.jpg,smoking_0980_jpg.rf.60bf556b80c0019560768bd289959c6f.jpg,e0001cf94573e12a76c362024333df50d7340159bcbb1ab592f8e73a8067334e,e0001cf94573e12a76c362024333df50d7340159bcbb1ab592f8e73a8067334e,copied,0,1
f0cf6cf6c29d2ef1,smoking_0877_jpg,train,test,smoking_0877_jpg.rf.30e74f394c16fb2493a7d26441239740.jpg,smoking_0877_jpg.rf.30e74f394c16fb2493a7d26441239740.jpg,89e646b3b2ddef60c03e10c1140f22d0eb641e3f1cdabcfd46de62e04d39c5e7,89e646b3b2ddef60c03e10c1140f22d0eb641e3f1cdabcfd46de62e04d39c5e7,copied,0,0
f0dd986b2586bcc5,images-54-_jpg,train,train,images-54-_jpg.rf.59a7a3f2215711146c0ef1fd57350178.jpg,images-54-_jpg.rf.59a7a3f2215711146c0ef1fd57350178.jpg,f5879a5fa131c710fd7c172884f03a041a12e146b6942831c736131ed7b38416,f5879a5fa131c710fd7c172884f03a041a12e146b6942831c736131ed7b38416,copied,0,1
f140f177155e48f4,smoking_0534_jpg,train,train,smoking_0534_jpg.rf.bd3bc1d82f76c413db6b9c89708f9cea.jpg,smoking_0534_jpg.rf.bd3bc1d82f76c413db6b9c89708f9cea.jpg,2bb13df8e24b3c10503a06d792b091f680fc89f6f36af6005565a7ef3877f644,2bb13df8e24b3c10503a06d792b091f680fc89f6f36af6005565a7ef3877f644,copied,0,0
f148cd576c19bd4c,IMG_4331_jpg,valid,train,IMG_4331_jpg.rf.dcf032cca306936bdbacb39fb1bc935c.jpg,IMG_4331_jpg.rf.dcf032cca306936bdbacb39fb1bc935c.jpg,d2bead022e052d2bdaa453ff1d7fb8bab14aa1b4732b0fc3a30e158da0034bc2,d2bead022e052d2bdaa453ff1d7fb8bab14aa1b4732b0fc3a30e158da0034bc2,copied,0,0
f187e8600609d6a8,0736ba9dbf3119c1_jpg,train,train,0736ba9dbf3119c1_jpg.rf.0cd4a41dee60b02b3a418f75ba5792f8.jpg,0736ba9dbf3119c1_jpg.rf.0cd4a41dee60b02b3a418f75ba5792f8.jpg,79bcadb557d389a0b474c7af16d0e92c143731a577e24895f575612b66ff40d9,79bcadb557d389a0b474c7af16d0e92c143731a577e24895f575612b66ff40d9,copied,1,
f1a5fa7aaa7cbd74,smoking_0315_jpg,valid,train,smoking_0315_jpg.rf.d6a79abdfc824857a7ef8e484839ec2d.jpg,smoking_0315_jpg.rf.d6a79abdfc824857a7ef8e484839ec2d.jpg,b0b265b6ce34b7bb36e064b7be729e88c9a7fc7350f33cbfff632759d6dfa8a0,b0b265b6ce34b7bb36e064b7be729e88c9a7fc7350f33cbfff632759d6dfa8a0,copied,0,0
f1cab52a392ad2c7,smoking_0208_jpg,train,test,smoking_0208_jpg.rf.3f52417ff9b907aa5b569d5458408353.jpg,smoking_0208_jpg.rf.3f52417ff9b907aa5b569d5458408353.jpg,e487aa705d66351c1ed7e45d627a4ec44faa3e3b2a460e9083daa16e6ceb219c,e487aa705d66351c1ed7e45d627a4ec44faa3e3b2a460e9083daa16e6ceb219c,copied,0,0
f1e96b8d5a9379d9,4_jpg,test,valid,4_jpg.rf.aaea30da7875d12dca73700849587f6f.jpg,4_jpg.rf.aaea30da7875d12dca73700849587f6f.jpg,c9f268f5d0aa06ee6eab8947098fa05b734be72369fc98c860e741c763c01b23,c9f268f5d0aa06ee6eab8947098fa05b734be72369fc98c860e741c763c01b23,copied,0,1
f208d06ca46ef0a3,small-124-_jpg,train,train,small-124-_jpg.rf.0a48a5909bc95745300cec0cc4a73769.jpg,small-124-_jpg.rf.0a48a5909bc95745300cec0cc4a73769.jpg,621c9ad0780f6ed9a4a0e842dcfb45bc4751e3b4328cbed19c1c83848fad7d22,621c9ad0780f6ed9a4a0e842dcfb45bc4751e3b4328cbed19c1c83848fad7d22,copied,0,1
f2158c937ad3e444,smoking_0394_jpg,train,train,smoking_0394_jpg.rf.a3201456bfbea125d8e87589680de44f.jpg,smoking_0394_jpg.rf.a3201456bfbea125d8e87589680de44f.jpg,7c19f99c21d7dae371fbe4e373ac7ad7a25e1d88586c60941356c73583c38575,7c19f99c21d7dae371fbe4e373ac7ad7a25e1d88586c60941356c73583c38575,copied,0,0
f21a0dfe228dea3e,IMG_4384_jpg,train,test,IMG_4384_jpg.rf.0409e5b64e1606bbeb6324eefb6927a7.jpg,IMG_4384_jpg.rf.0409e5b64e1606bbeb6324eefb6927a7.jpg,3b85066cdc4f950be4700f95b9f05d341abbcff14d5d47c8867ea53e5b0b7da3,3b85066cdc4f950be4700f95b9f05d341abbcff14d5d47c8867ea53e5b0b7da3,copied,0,0
f25c7de7816edc70,ggg029_jpg,train,train,ggg029_jpg.rf.18caaf51b8bbbe3fd9610b4aae3eb20e.jpg,ggg029_jpg.rf.18caaf51b8bbbe3fd9610b4aae3eb20e.jpg,bbbe0482d713837fdbcc1473a3e57d8a12032dddbb86ed1e020c0ad95f9f8278,bbbe0482d713837fdbcc1473a3e57d8a12032dddbb86ed1e020c0ad95f9f8278,copied,0,2
f2667323dbf15062,images-27-_jpg,train,train,images-27-_jpg.rf.3b3006c9f9809d2757fcd925f4b44227.jpg,images-27-_jpg.rf.3b3006c9f9809d2757fcd925f4b44227.jpg,67bb654d6998cb8fc45afea47c331f1f3dbe1e133f8251dd782e2adbdeb1d182,67bb654d6998cb8fc45afea47c331f1f3dbe1e133f8251dd782e2adbdeb1d182,copied,0,1
f27ae554464493ba,1697095266653_JPEG_jpg,train,train,1697095266653_JPEG_jpg.rf.3822d396ea980212cd02c023b4a7b8bf.jpg,1697095266653_JPEG_jpg.rf.3822d396ea980212cd02c023b4a7b8bf.jpg,700445174283043dd974c56e87783a7858aa335b7c869a084773828abda544ca,700445174283043dd974c56e87783a7858aa335b7c869a084773828abda544ca,copied,0,0
f27ca515b22ee80f,a00024-0_jpg,train,train,a00024-0_jpg.rf.757ea0649531e6e5669948c86a43aab2.jpg,a00024-0_jpg.rf.757ea0649531e6e5669948c86a43aab2.jpg,4b4f2fc9fb91e8764ff8053c61069ad0fd0eb474ed5544e680087d480d45d655,4b4f2fc9fb91e8764ff8053c61069ad0fd0eb474ed5544e680087d480d45d655,copied,0,2
f2b4e88c16a33748,180ea63fd7fdc0c2_jpg,train,train,180ea63fd7fdc0c2_jpg.rf.5f20608b174cdd24fba87efb118fa974.jpg,180ea63fd7fdc0c2_jpg.rf.5f20608b174cdd24fba87efb118fa974.jpg,ef55469078a65fb2658e97dabf5d099f66a17ec6e292506b180b766bc556edec,ef55469078a65fb2658e97dabf5d099f66a17ec6e292506b180b766bc556edec,copied,1,
f2b6f45378c8f2cf,c00025_jpg,train,train,c00025_jpg.rf.0fda91aded4dbbdd5be94cdc86e47a56.jpg,c00025_jpg.rf.0fda91aded4dbbdd5be94cdc86e47a56.jpg,b99fd358ac2fc64e7b5ccafec17d3083c5ee7e25cb8dce3bceb37f2b36ebbc90,b99fd358ac2fc64e7b5ccafec17d3083c5ee7e25cb8dce3bceb37f2b36ebbc90,copied,0,2
f334521cfbcd8220,ggg080_jpg,valid,train,ggg080_jpg.rf.35ebbb3be4ef58be158aa57338c00b7d.jpg,ggg080_jpg.rf.35ebbb3be4ef58be158aa57338c00b7d.jpg,dea0c3eea8a21ec4bf1375a30ad83a8ed093b638f2a753946a8b935ce21b3928,dea0c3eea8a21ec4bf1375a30ad83a8ed093b638f2a753946a8b935ce21b3928,copied,0,2
f36103dbe328b32e,smoking_0016_jpg,train,test,smoking_0016_jpg.rf.f8e5a5bdc37fce6a0d6843393174c728.jpg,smoking_0016_jpg.rf.f8e5a5bdc37fce6a0d6843393174c728.jpg,608293784cdc30ef831c8ebca020b86909b99ae2fadc53e552a4803e954bc875,608293784cdc30ef831c8ebca020b86909b99ae2fadc53e552a4803e954bc875,copied,0,0
f38933bfe7e77f84,smoking_0901_jpg,train,train,smoking_0901_jpg.rf.8451136d033bc482842e53a75074e7ea.jpg,smoking_0901_jpg.rf.8451136d033bc482842e53a75074e7ea.jpg,ef79e8e338d3ebe064aac37b2a38440bfb5a2a645ded8a9b99b89b04f2aa675a,ef79e8e338d3ebe064aac37b2a38440bfb5a2a645ded8a9b99b89b04f2aa675a,copied,0,0
f39a6488ea0c8b1a,smoking_0023_jpg,train,train,smoking_0023_jpg.rf.89fc1ec3aac93fc136d2090aa238199d.jpg,smoking_0023_jpg.rf.89fc1ec3aac93fc136d2090aa238199d.jpg,9c3789c2d1eb3193b5688d53dca70df469bff4d0a668ac6e72885ac4eb00f619,9c3789c2d1eb3193b5688d53dca70df469bff4d0a668ac6e72885ac4eb00f619,copied,0,0
f3bdef783cb4b888,bb0573_jpg,train,test,bb0573_jpg.rf.22f46a09d21c32b4f5d95177c4f8b517.jpg,bb0573_jpg.rf.22f46a09d21c32b4f5d95177c4f8b517.jpg,c882c45b237682e72a87593e04350f571f5382a8b0674badff5d53a09b64a55d,c882c45b237682e72a87593e04350f571f5382a8b0674badff5d53a09b64a55d,copied,0,2
f3c7b5be75874141,WIN_20220507_20_59_18_Pro_jpg,train,train,WIN_20220507_20_59_18_Pro_jpg.rf.574899f8536075a8ded0070c0a5e9e91.jpg,WIN_20220507_20_59_18_Pro_jpg.rf.574899f8536075a8ded0070c0a5e9e91.jpg,ad884614366bbaa62069938f51c0b49cb9649d64e9db1dcd14a7880f0daee0e6,ad884614366bbaa62069938f51c0b49cb9649d64e9db1dcd14a7880f0daee0e6,copied,0,1
f3d8a4bc914006ad,404afafd43b273e8_jpg,train,train,404afafd43b273e8_jpg.rf.fbe0e9e8754dc22a8d743fbbf3fb9d3f.jpg,404afafd43b273e8_jpg.rf.fbe0e9e8754dc22a8d743fbbf3fb9d3f.jpg,a929f5ed3f9ac958e727da9a4f70a5036e6d4054e989eeafc83f29548cb1ec2c,a929f5ed3f9ac958e727da9a4f70a5036e6d4054e989eeafc83f29548cb1ec2c,copied,1,
f42aec4e0b3c2645,1697095309941_JPEG_jpg,valid,test,1697095309941_JPEG_jpg.rf.f42ca706e9a901a1d9d7e2c8dc50a702.jpg,1697095309941_JPEG_jpg.rf.f42ca706e9a901a1d9d7e2c8dc50a702.jpg,e106a13853f3c10b7333498ed2cb4d6861a7b02f81bf625cebbf643a309431e7,e106a13853f3c10b7333498ed2cb4d6861a7b02f81bf625cebbf643a309431e7,copied,0,0
f474692d3099a8ac,bb0439_jpg,train,train,bb0439_jpg.rf.0eeacbb9b090e6e354312d644630ba80.jpg,bb0439_jpg.rf.0eeacbb9b090e6e354312d644630ba80.jpg,4f39a8b54e4c11036b3712900088f0c508412c0687aae4451b6a5d9d6b28865e,4f39a8b54e4c11036b3712900088f0c508412c0687aae4451b6a5d9d6b28865e,copied,0,2
f4c2df89d8c607b3,WIN_20220507_23_10_51_Pro_jpg,train,train,WIN_20220507_23_10_51_Pro_jpg.rf.b8f1251e8bf2529d9cfe7db3de09335b.jpg,WIN_20220507_23_10_51_Pro_jpg.rf.b8f1251e8bf2529d9cfe7db3de09335b.jpg,307fe4d3c24a1a01f64e82203eed5aa5e2adaaadebf242e745d9221cd5b5df1d,307fe4d3c24a1a01f64e82203eed5aa5e2adaaadebf242e745d9221cd5b5df1d,copied,0,1
f4d519091a8ed949,smoking_0797_jpg,train,test,smoking_0797_jpg.rf.8e60190307735b3a53adc2fe4d23c23c.jpg,smoking_0797_jpg.rf.8e60190307735b3a53adc2fe4d23c23c.jpg,3a89d872e2e4dcec2e7ce546b4e4baf8db5bd30a6210971f46b98ddebbdb82c8,3a89d872e2e4dcec2e7ce546b4e4baf8db5bd30a6210971f46b98ddebbdb82c8,copied,0,1
f4d6bd9240081fe6,WIN_20220507_21_27_22_Pro_jpg,valid,valid,WIN_20220507_21_27_22_Pro_jpg.rf.c49afb391bacf1baec14076ef39a76b8.jpg,WIN_20220507_21_27_22_Pro_jpg.rf.c49afb391bacf1baec14076ef39a76b8.jpg,5623e0c346f8ba4d0c7cb51109e1e56847fbf0b176fab2436691b08788ea25c6,5623e0c346f8ba4d0c7cb51109e1e56847fbf0b176fab2436691b08788ea25c6,copied,0,1
f53204b075757279,smoking_0568_jpg,train,train,smoking_0568_jpg.rf.996ded8927aa96dd5632069536c451db.jpg,smoking_0568_jpg.rf.996ded8927aa96dd5632069536c451db.jpg,e429271bac0e87b989d514db6d5e787e2f885295f2e2a37e45f78fedc56302a2,e429271bac0e87b989d514db6d5e787e2f885295f2e2a37e45f78fedc56302a2,copied,0,0
f53a425b07e27ec0,gg0067_png_jpg,train,train,gg0067_png_jpg.rf.2663faa464ea49f9b57d8e305f568b39.jpg,gg0067_png_jpg.rf.2663faa464ea49f9b57d8e305f568b39.jpg,40688a87ee9db4540f6c869822df487bd68bac6e3fafba599e4ac1d53d94a078,40688a87ee9db4540f6c869822df487bd68bac6e3fafba599e4ac1d53d94a078,copied,0,2
f555f8b7fee3b938,1697100023734_JPEG_jpg,train,train,1697100023734_JPEG_jpg.rf.1309b1cefc3b5e3381345200519bf183.jpg,1697100023734_JPEG_jpg.rf.1309b1cefc3b5e3381345200519bf183.jpg,f367197f9b3c847b9d643a4a2905326907f0e6f6225ffea70eecfaffd2da87ab,f367197f9b3c847b9d643a4a2905326907f0e6f6225ffea70eecfaffd2da87ab,copied,0,0
f5a2b28be1d7e9d9,smoking_0345_jpg,train,test,smoking_0345_jpg.rf.f44eb884af8361f08f67b074f2fd4a8c.jpg,smoking_0345_jpg.rf.f44eb884af8361f08f67b074f2fd4a8c.jpg,35a2178e39e7e843fdab8d2dcdb186f9691bacf6e280e47327fdb16715a1db17,35a2178e39e7e843fdab8d2dcdb186f9691bacf6e280e47327fdb16715a1db17,copied,0,1
f5b074b0227385e3,smoking_0368_jpg,test,train,smoking_0368_jpg.rf.e4de919c233229cbc13e80e775507146.jpg,smoking_0368_jpg.rf.e4de919c233229cbc13e80e775507146.jpg,ca275799d56fe9f09acbc1b122646fc2950470eab9b6ac1037267223155f7807,ca275799d56fe9f09acbc1b122646fc2950470eab9b6ac1037267223155f7807,copied,0,0
f5e3b22f2785c307,smoking_0617_jpg,train,train,smoking_0617_jpg.rf.2ff53a6095df6627ed00dc505e9a3625.jpg,smoking_0617_jpg.rf.2ff53a6095df6627ed00dc505e9a3625.jpg,1f140f710da21a769794ee6451ba46865df33d7d4c73785f0703669fdef00670,1f140f710da21a769794ee6451ba46865df33d7d4c73785f0703669fdef00670,copied,0,0
f6007ab2d8fbb76f,WIN_20220507_20_59_02_Pro_jpg,train,test,WIN_20220507_20_59_02_Pro_jpg.rf.467755b80a3866136bdf0b35c61896a6.jpg,WIN_20220507_20_59_02_Pro_jpg.rf.467755b80a3866136bdf0b35c61896a6.jpg,f4bcc826b43658066f7a68efe7d11c1492ade9110c90dd728547fcb021db71eb,f4bcc826b43658066f7a68efe7d11c1492ade9110c90dd728547fcb021db71eb,copied,0,1
f644f221d3073ccf,smoking_1055_jpg,test,train,smoking_1055_jpg.rf.ae66bf5a4381332b6b75b529edfcad5e.jpg,smoking_1055_jpg.rf.ae66bf5a4381332b6b75b529edfcad5e.jpg,15f5b26af04b9ec6eb5ccab870f7c062202e9e167be7efac9b3f5d9930533615,15f5b26af04b9ec6eb5ccab870f7c062202e9e167be7efac9b3f5d9930533615,copied,0,0
f65cadffe07870f4,smoking_0465_jpg,train,valid,smoking_0465_jpg.rf.1de3e564ec217e1b9b413b4594238c9c.jpg,smoking_0465_jpg.rf.1de3e564ec217e1b9b413b4594238c9c.jpg,c8a2388a4a7f3458b3b49b4b5f745a176233cb6c52659dbf2b4eff2227df231b,c8a2388a4a7f3458b3b49b4b5f745a176233cb6c52659dbf2b4eff2227df231b,copied,0,1
f6ac5562f8612d79,c00477_jpg,test,test,c00477_jpg.rf.00743c21460616f7a6da5cca35d8d85d.jpg,c00477_jpg.rf.00743c21460616f7a6da5cca35d8d85d.jpg,c663bd2fd810fad4d2b9730ab8e5526a43eed31e892fa7e27d38d575c3f69d47,c663bd2fd810fad4d2b9730ab8e5526a43eed31e892fa7e27d38d575c3f69d47,copied,0,2
f6ea2740c82bcc15,221d793c0b1f4597_jpg,valid,train,221d793c0b1f4597_jpg.rf.32bdf537bff1b5eb27c92c923274dd0c.jpg,221d793c0b1f4597_jpg.rf.32bdf537bff1b5eb27c92c923274dd0c.jpg,88ef020593c5c14c8cd851e5d3c3df66fd9aeffe8e42ea1fa7473d9318816c5c,88ef020593c5c14c8cd851e5d3c3df66fd9aeffe8e42ea1fa7473d9318816c5c,copied,1,
f7165651a2187821,smoking_0461_jpg,train,train,smoking_0461_jpg.rf.d701ceafbced5c23522c8bad64faa342.jpg,smoking_0461_jpg.rf.d701ceafbced5c23522c8bad64faa342.jpg,9538f98a3af03df3319ac71ca7c0bc790332a5c6147c8ef74ce22f428a3fdebb,9538f98a3af03df3319ac71ca7c0bc790332a5c6147c8ef74ce22f428a3fdebb,copied,0,0
f7366b333463d8ca,gg0071_jpg,train,train,gg0071_jpg.rf.2f546ed143f63498e47fd1f7ef51b3c1.jpg,gg0071_jpg.rf.2f546ed143f63498e47fd1f7ef51b3c1.jpg,2f832b6d95065734c5c253dc0ac1d2ff97c2c4be34210fab2550be77cb1e24c5,2f832b6d95065734c5c253dc0ac1d2ff97c2c4be34210fab2550be77cb1e24c5,copied,0,2
f73a38f296cd3fe1,bb0112_jpg,valid,valid,bb0112_jpg.rf.043b1e2e8a262fc06db4763915d7a70d.jpg,bb0112_jpg.rf.043b1e2e8a262fc06db4763915d7a70d.jpg,71816c6b1cd314632b5b19a52ff8e5ddfe9499437f9bf2cfb886412232a9db09,71816c6b1cd314632b5b19a52ff8e5ddfe9499437f9bf2cfb886412232a9db09,copied,0,2
f74d514e0d1f7f78,05c4e8a39ce31d93_jpg,train,valid,05c4e8a39ce31d93_jpg.rf.b9b10cfd108ee169b65970c9878ff5c7.jpg,05c4e8a39ce31d93_jpg.rf.b9b10cfd108ee169b65970c9878ff5c7.jpg,93c605f27934fa1a90ed97eacf8a21a581c13bf661b8381d7ed22d1349c87339,93c605f27934fa1a90ed97eacf8a21a581c13bf661b8381d7ed22d1349c87339,copied,1,
f76917b1e7f4eb33,smoking_0398_jpg,valid,train,smoking_0398_jpg.rf.9508c2b76af97e6e0d0229fe3c6ed9f3.jpg,smoking_0398_jpg.rf.9508c2b76af97e6e0d0229fe3c6ed9f3.jpg,e82bb4cdd0391469425866159ad2dccdda1ce53062f419dd98a848bf4a3aa931,e82bb4cdd0391469425866159ad2dccdda1ce53062f419dd98a848bf4a3aa931,copied,0,0
f7788edc40b1a0aa,gg0091_jpg,train,train,gg0091_jpg.rf.24a2814ac1a3e1b60f4ec7dd0948aa75.jpg,gg0091_jpg.rf.24a2814ac1a3e1b60f4ec7dd0948aa75.jpg,e1e4dcc13fd6f1c51310618b98f9a84152c612780f90b0d8736111fdb3853447,e1e4dcc13fd6f1c51310618b98f9a84152c612780f90b0d8736111fdb3853447,copied,0,2
f77c976c29696a7e,small-87-_jpg,train,train,small-87-_jpg.rf.00c13c83a10b7b23566b958e11d51ce8.jpg,small-87-_jpg.rf.00c13c83a10b7b23566b958e11d51ce8.jpg,df480dc682baf604fccd97cbc87fed3c7c653f257518542749ee803c4678d507,df480dc682baf604fccd97cbc87fed3c7c653f257518542749ee803c4678d507,copied,0,1
f786ff7682477c67,smoking_0857_jpg,train,train,smoking_0857_jpg.rf.5ad8db06e51a612fcb3ca0835d93dd40.jpg,smoking_0857_jpg.rf.5ad8db06e51a612fcb3ca0835d93dd40.jpg,c95240f58ebaa90f1686304a4b44450359012909e1591a4c0a4dd2ba42cebd76,c95240f58ebaa90f1686304a4b44450359012909e1591a4c0a4dd2ba42cebd76,copied,0,0
f798b058e6bcd51a,03c167c389bcdb91_jpg,valid,train,03c167c389bcdb91_jpg.rf.e85a1674be69d46aeb01a56863111635.jpg,03c167c389bcdb91_jpg.rf.e85a1674be69d46aeb01a56863111635.jpg,4a1fab5d4e283daec6c93ca509246bfd6c26b0fdc549851b78b140bdf21df307,4a1fab5d4e283daec6c93ca509246bfd6c26b0fdc549851b78b140bdf21df307,copied,1,
f7b96ab81101e11a,ggg389_jpg,valid,train,ggg389_jpg.rf.1501d9239dc0009762798b6120de8551.jpg,ggg389_jpg.rf.1501d9239dc0009762798b6120de8551.jpg,d2e8989e3721bccd52a8b835cde5d07a6cb975d38fd0b2d938288117ced8912b,d2e8989e3721bccd52a8b835cde5d07a6cb975d38fd0b2d938288117ced8912b,copied,0,2
f7ce7767c8be71fe,1697099949131_JPEG_jpg,train,train,1697099949131_JPEG_jpg.rf.258827b1a5dff5f888da078639f16239.jpg,1697099949131_JPEG_jpg.rf.258827b1a5dff5f888da078639f16239.jpg,712f2b71834aeec5ec8a87f67a8c3ef988c29e6ebeed10453340be954ccb98c9,712f2b71834aeec5ec8a87f67a8c3ef988c29e6ebeed10453340be954ccb98c9,copied,0,0
f839ad1fbf0f7cff,smoking_1119_jpg,train,train,smoking_1119_jpg.rf.bc6a2dfb37d1c277c614702c1ce8d661.jpg,smoking_1119_jpg.rf.bc6a2dfb37d1c277c614702c1ce8d661.jpg,50d11a0ae8fd6b7e36be74e93b091091cb3a87dd4cd6735760b9f83c7584a02e,50d11a0ae8fd6b7e36be74e93b091091cb3a87dd4cd6735760b9f83c7584a02e,copied,0,1
f846c1fc8b2c9bd2,smoking_0378_jpg,train,train,smoking_0378_jpg.rf.ded3d4d517fcb74eda368955b80f1442.jpg,smoking_0378_jpg.rf.ded3d4d517fcb74eda368955b80f1442.jpg,fb074e745efd0e1f30a0865afef2f6856d8e2cd9c9901eb93675c7304c6a6049,fb074e745efd0e1f30a0865afef2f6856d8e2cd9c9901eb93675c7304c6a6049,copied,0,0
f8726651af96e326,WIN_20220507_21_28_56_Pro_jpg,train,valid,WIN_20220507_21_28_56_Pro_jpg.rf.66fa576985a7e34e1ec1867ee921665e.jpg,WIN_20220507_21_28_56_Pro_jpg.rf.66fa576985a7e34e1ec1867ee921665e.jpg,7e12772663e76f641dde86bd3207652aec2df47c984f43de39996ef83f3a55e6,7e12772663e76f641dde86bd3207652aec2df47c984f43de39996ef83f3a55e6,copied,0,1
f88196ee45b559d1,000040_jpg,train,train,000040_jpg.rf.1884ccf95b2f6647d14e14e65de8250e.jpg,000040_jpg.rf.1884ccf95b2f6647d14e14e65de8250e.jpg,74761e11e2d1ea4e5ef0635fd53df9a71a00558440854056ab220d0abd3142ce,74761e11e2d1ea4e5ef0635fd53df9a71a00558440854056ab220d0abd3142ce,copied,0,2
f8946e69036b1829,smoking_1041_jpg,train,train,smoking_1041_jpg.rf.3cb920cf7892e0300f97f5877cdba8a5.jpg,smoking_1041_jpg.rf.3cb920cf7892e0300f97f5877cdba8a5.jpg,f72a15054e8714f7003caeed1bbcb892565cdefffb7c2ccab56842fbfd119689,f72a15054e8714f7003caeed1bbcb892565cdefffb7c2ccab56842fbfd119689,copied,0,1
f89f7f3690868581,000031_jpg,valid,test,000031_jpg.rf.b3b6b8edbf4ddb628fd86bb335653264.jpg,000031_jpg.rf.b3b6b8edbf4ddb628fd86bb335653264.jpg,5dfa4c7b0477b7e7364d4e5e4921b20cff9e854e0bca011c43cb24b1505f9368,5dfa4c7b0477b7e7364d4e5e4921b20cff9e854e0bca011c43cb24b1505f9368,copied,0,2
f8a7646bc8aa7a76,3ad828fd0c39c28d_jpg,train,train,3ad828fd0c39c28d_jpg.rf.28e6821d4bbcfbf47d30cf2984dee85f.jpg,3ad828fd0c39c28d_jpg.rf.28e6821d4bbcfbf47d30cf2984dee85f.jpg,8a3a662a4f6b8bb06d87ff7c3af6fe28e1e472c5992574231223fbdb1f205e57,8a3a662a4f6b8bb06d87ff7c3af6fe28e1e472c5992574231223fbdb1f205e57,copied,1,
f8be5c670e81684f,smoking_0840_jpg,test,train,smoking_0840_jpg.rf.8efb8d64a353048fa633e663d34364dc.jpg,smoking_0840_jpg.rf.8efb8d64a353048fa633e663d34364dc.jpg,2e808e22c701ea04f2f97fd798fe5f9d1b329a3949c753248cefdc2ed605a2c6,2e808e22c701ea04f2f97fd798fe5f9d1b329a3949c753248cefdc2ed605a2c6,copied,0,0
f8d96ac719172e40,smoking_0128_jpg,train,train,smoking_0128_jpg.rf.313407f6c92cfa96dac3b8f3fc90a258.jpg,smoking_0128_jpg.rf.313407f6c92cfa96dac3b8f3fc90a258.jpg,6b3f8228c7346104b03c4907b257aed3ce9c4ab9c182b71680ecda49c6acb08b,6b3f8228c7346104b03c4907b257aed3ce9c4ab9c182b71680ecda49c6acb08b,copied,0,0
f8dba46c0e188fe7,smoking_0304_jpg,test,train,smoking_0304_jpg.rf.39b277442c636b426090202195b1791a.jpg,smoking_0304_jpg.rf.39b277442c636b426090202195b1791a.jpg,db30568d683d5b70ae70fb9ceeea28439aae29ed31cf7b3879c09753ab763289,db30568d683d5b70ae70fb9ceeea28439aae29ed31cf7b3879c09753ab763289,copied,0,0
f8dcbd1218970a7d,000092_jpg,train,train,000092_jpg.rf.2298ce4a9cf8ee03ee86abb2c36e15d2.jpg,000092_jpg.rf.2298ce4a9cf8ee03ee86abb2c36e15d2.jpg,eca08e72ef84227a9f1da5d8b90f961c70d3928b54daf3bb6509baac269964d7,eca08e72ef84227a9f1da5d8b90f961c70d3928b54daf3bb6509baac269964d7,copied,0,2
f8e544d5987b0471,smoking_0578_jpg,train,train,smoking_0578_jpg.rf.6859d8c5aabfd6af6ac1f12d508d80a5.jpg,smoking_0578_jpg.rf.6859d8c5aabfd6af6ac1f12d508d80a5.jpg,d9f5683e76aafcd68fa320927335c147a035b0a0e99ebebcf6b95bc8c456b27e,d9f5683e76aafcd68fa320927335c147a035b0a0e99ebebcf6b95bc8c456b27e,copied,0,0
f94a8618b02dc61d,000036_jpg,train,train,000036_jpg.rf.3cc53261b965afe06649414d554feca0.jpg,000036_jpg.rf.3cc53261b965afe06649414d554feca0.jpg,3169d785ae7ac1605c42f0dc9b7550a51e27126765a8d8bcfd0a1a168b5b1170,3169d785ae7ac1605c42f0dc9b7550a51e27126765a8d8bcfd0a1a168b5b1170,copied,0,2
f956bd42c6729a61,00cd18c5aff4548b_jpg,train,train,00cd18c5aff4548b_jpg.rf.4a6c73d4f0e8d77932d46ccf3b07feb7.jpg,00cd18c5aff4548b_jpg.rf.4a6c73d4f0e8d77932d46ccf3b07feb7.jpg,5fddb7cc7d8ca24a9fffe3eb9cf7b1a2358606197e39ad50e58a8981447b0bec,5fddb7cc7d8ca24a9fffe3eb9cf7b1a2358606197e39ad50e58a8981447b0bec,copied,1,
f95f581963fcc31f,smoking_0313_jpg,test,train,smoking_0313_jpg.rf.b3d55bce52cafb35c76ef9724e1d4aaf.jpg,smoking_0313_jpg.rf.b3d55bce52cafb35c76ef9724e1d4aaf.jpg,291c7380b8b4fcc0fdba97ae9308217f527b1053ffc341359551c8c6e3f81fdc,291c7380b8b4fcc0fdba97ae9308217f527b1053ffc341359551c8c6e3f81fdc,copied,0,0
f962fbe1ea278894,smoking_1012_jpg,valid,train,smoking_1012_jpg.rf.e2c0c0ca3f2a790be0171b180f043ea9.jpg,smoking_1012_jpg.rf.e2c0c0ca3f2a790be0171b180f043ea9.jpg,772a4a633e598fe1ce09766dc3e2416f98e36db03abba68fc05266aaa8a509be,772a4a633e598fe1ce09766dc3e2416f98e36db03abba68fc05266aaa8a509be,copied,0,0
f968917cdba742b7,20a192e74009cd1a_jpg,train,train,20a192e74009cd1a_jpg.rf.dc958d9bae44550ecbc3a606f2f3756e.jpg,20a192e74009cd1a_jpg.rf.dc958d9bae44550ecbc3a606f2f3756e.jpg,c0e1837dd0fd699b724cb4dfe423b4a25a3f9dc361e602804de81b9e77d5ce48,c0e1837dd0fd699b724cb4dfe423b4a25a3f9dc361e602804de81b9e77d5ce48,copied,1,
f97881575d1b5db7,bb0644_jpg,valid,valid,bb0644_jpg.rf.2cee0214d59ad496a3ad7b7c7e521548.jpg,bb0644_jpg.rf.2cee0214d59ad496a3ad7b7c7e521548.jpg,ebf5823e038a10919c6d5c5f26003b9038de3f3ad32239c3a09559ee0f21cb5d,ebf5823e038a10919c6d5c5f26003b9038de3f3ad32239c3a09559ee0f21cb5d,copied,0,2
f98f10a181856651,smoking_0321_jpg,valid,train,smoking_0321_jpg.rf.f8dec10c470731e2b1eeeaa50bc2e915.jpg,smoking_0321_jpg.rf.f8dec10c470731e2b1eeeaa50bc2e915.jpg,abaee0a6ec5d82ba503e620751808f431d16d7974c23ba85a13b70f7ad1a1953,abaee0a6ec5d82ba503e620751808f431d16d7974c23ba85a13b70f7ad1a1953,copied,0,0
f99955efc1d7787f,smoking_0652_jpg,train,train,smoking_0652_jpg.rf.737fc99b027362d10319e54bf24b4889.jpg,smoking_0652_jpg.rf.737fc99b027362d10319e54bf24b4889.jpg,42db5e90deb21773236198f40211f52476e1081c63af86c987547d0726822ae1,42db5e90deb21773236198f40211f52476e1081c63af86c987547d0726822ae1,copied,0,0
f9c5b23d78fb85cd,000503_jpg,train,train,000503_jpg.rf.a179b85f56a7ec83066614d7cd4e8784.jpg,000503_jpg.rf.a179b85f56a7ec83066614d7cd4e8784.jpg,9683b1e8e76de0c796cf41455d175824c186501d41afb1383430188585449c83,9683b1e8e76de0c796cf41455d175824c186501d41afb1383430188585449c83,copied,0,2
f9ecd492bbede3d5,gg0423_jpg,test,test,gg0423_jpg.rf.33c254393c928a69285fdfa7fdf191da.jpg,gg0423_jpg.rf.33c254393c928a69285fdfa7fdf191da.jpg,f327d9570931298a41cbce148bbc2b4cdb5d2378c5dc81f39fb213486d14f753,f327d9570931298a41cbce148bbc2b4cdb5d2378c5dc81f39fb213486d14f753,copied,0,2
f9f39f771be62975,smoking_0975_jpg,train,train,smoking_0975_jpg.rf.617b25bc78c10d301c885cf530325858.jpg,smoking_0975_jpg.rf.617b25bc78c10d301c885cf530325858.jpg,9641c07397ee365a9494c1fd336ba415c693fa7ef3aa15633000ba9eb3f6b32f,9641c07397ee365a9494c1fd336ba415c693fa7ef3aa15633000ba9eb3f6b32f,copied,0,0
fa020256779c9854,smoking_0289_jpg,train,train,smoking_0289_jpg.rf.f220cbcff2c982d731bc99cdc4c748d3.jpg,smoking_0289_jpg.rf.f220cbcff2c982d731bc99cdc4c748d3.jpg,aef1b73e5a0c9b2817f0d8088348ca8b4756df102c091b56d2370b3fdab9c9db,aef1b73e5a0c9b2817f0d8088348ca8b4756df102c091b56d2370b3fdab9c9db,copied,0,1
fa11e933d7e065ec,smoking_0175_jpg,valid,train,smoking_0175_jpg.rf.6f1ddc5a51310fb3c150378d85a25492.jpg,smoking_0175_jpg.rf.6f1ddc5a51310fb3c150378d85a25492.jpg,8c4dea3e775fb17aecec32d7f50a0e14f9de749bbaf57c067d6360463d9923de,8c4dea3e775fb17aecec32d7f50a0e14f9de749bbaf57c067d6360463d9923de,copied,0,0
fa1c2774ff747fbe,smoking_0485_jpg,valid,train,smoking_0485_jpg.rf.67b5be2ca9d1b7517e2406440824367e.jpg,smoking_0485_jpg.rf.67b5be2ca9d1b7517e2406440824367e.jpg,95132a8c1849b9defb817b83423cb6afd76e93c72e5ebbdb6660c54705270402,95132a8c1849b9defb817b83423cb6afd76e93c72e5ebbdb6660c54705270402,copied,0,0
fa1ff3c823659b29,c00201_jpg,train,train,c00201_jpg.rf.1716e95db8fa8568e6001ef18d314943.jpg,c00201_jpg.rf.1716e95db8fa8568e6001ef18d314943.jpg,5db1ae9ff740c4deace89e825c29d12d2808cadd584222913508d86d91c87e94,5db1ae9ff740c4deace89e825c29d12d2808cadd584222913508d86d91c87e94,copied,0,2
fa27392554a7bfa5,gg0014_jpg,train,train,gg0014_jpg.rf.21bf8218a1baabba69ee3479064cd5ce.jpg,gg0014_jpg.rf.21bf8218a1baabba69ee3479064cd5ce.jpg,3a5f5f6e63133d908a48ff17a51f9c6fd03d6a6f30f6170eb14d612a976410ae,3a5f5f6e63133d908a48ff17a51f9c6fd03d6a6f30f6170eb14d612a976410ae,copied,0,2
fa2d86b668a544fb,44704f1de2ecf5c9_jpg,valid,train,44704f1de2ecf5c9_jpg.rf.08c590e3507d0b2b7a64c53c236f7a37.jpg,44704f1de2ecf5c9_jpg.rf.08c590e3507d0b2b7a64c53c236f7a37.jpg,4557aad3754510f62d5a80731a901fb94654565dd46ffb3ffef36f7df76a22dd,4557aad3754510f62d5a80731a901fb94654565dd46ffb3ffef36f7df76a22dd,copied,1,
fa30f5f9b7ad84da,c00004_jpg,train,train,c00004_jpg.rf.42d7d6457e181c151ffd7584ace7e924.jpg,c00004_jpg.rf.42d7d6457e181c151ffd7584ace7e924.jpg,bc3bee8bfb70388c5a016fad914cd719fe259139eaee879bc7877ffe2bffc0fb,bc3bee8bfb70388c5a016fad914cd719fe259139eaee879bc7877ffe2bffc0fb,copied,0,2
fa43efe225211b71,c00056_jpg,valid,test,c00056_jpg.rf.7ff19cdb2aa8990ab3086cfffeae38c7.jpg,c00056_jpg.rf.7ff19cdb2aa8990ab3086cfffeae38c7.jpg,39441e645b35c916527c75c123d537662d9634da21a75f69a917fb58e064aca6,39441e645b35c916527c75c123d537662d9634da21a75f69a917fb58e064aca6,copied,0,2
fa45c4152149ab89,smoking_0078_jpg,valid,train,smoking_0078_jpg.rf.c83d48d0751944dc4dd81024e5985032.jpg,smoking_0078_jpg.rf.c83d48d0751944dc4dd81024e5985032.jpg,cd62e97c7c50f60a04378fe7f8993110c542589bb67380e0abbbcd15004ff58e,cd62e97c7c50f60a04378fe7f8993110c542589bb67380e0abbbcd15004ff58e,copied,0,0
fa5fee6fc5b11826,2ada9f3d24fd31c7_jpg,train,test,2ada9f3d24fd31c7_jpg.rf.64105fb12767a44d946b9d0072c01f98.jpg,2ada9f3d24fd31c7_jpg.rf.64105fb12767a44d946b9d0072c01f98.jpg,2f7cff791d87063b991408da8e2c9356840d13ca7a10b3d22512344e5ae6e0ff,2f7cff791d87063b991408da8e2c9356840d13ca7a10b3d22512344e5ae6e0ff,copied,1,
fa7834862002d718,1697100043755_JPEG_jpg,train,train,1697100043755_JPEG_jpg.rf.0be49dd78a593f9f4e8d04568b422264.jpg,1697100043755_JPEG_jpg.rf.0be49dd78a593f9f4e8d04568b422264.jpg,b1c324d0a2869742d681bf0cc4ec9e11ceaa64239aa7094ab95c87c09f114ea9,b1c324d0a2869742d681bf0cc4ec9e11ceaa64239aa7094ab95c87c09f114ea9,copied,0,0
fa8e1b99c235ca51,IMG_4464_jpg,train,train,IMG_4464_jpg.rf.1486f4d66972341bae095845b8c6f780.jpg,IMG_4464_jpg.rf.1486f4d66972341bae095845b8c6f780.jpg,bbea60b1e72bf17c974a57091bd601ae2543dc3f77576d07319beb6b82eaf543,bbea60b1e72bf17c974a57091bd601ae2543dc3f77576d07319beb6b82eaf543,copied,0,0|1
fa952b6965b02f77,WIN_20220329_21_28_37_Pro_jpg,train,train,WIN_20220329_21_28_37_Pro_jpg.rf.1982a38888f342b5a94b254ef0a700eb.jpg,WIN_20220329_21_28_37_Pro_jpg.rf.1982a38888f342b5a94b254ef0a700eb.jpg,af2aa3faaf13f740536762a934165b697844365a2fcb1d30de34d11b35069e8a,af2aa3faaf13f740536762a934165b697844365a2fcb1d30de34d11b35069e8a,copied,0,1
fac3384b43ab954e,smoking_0362_jpg,valid,train,smoking_0362_jpg.rf.107c292130baa867539108603d72829c.jpg,smoking_0362_jpg.rf.107c292130baa867539108603d72829c.jpg,02239bc23e7148dce1d27e1e9cafdb7a7facc777f3e399891828887ba14d6f0e,02239bc23e7148dce1d27e1e9cafdb7a7facc777f3e399891828887ba14d6f0e,copied,0,0
faf62af4aa25f803,IMG_4451_jpg,train,train,IMG_4451_jpg.rf.7471cb1d4332717e1469c7b5dd5626e7.jpg,IMG_4451_jpg.rf.7471cb1d4332717e1469c7b5dd5626e7.jpg,a82d9b12fe8de774d3d876610c719848ad602ca75cd4c4b2c005d7732e356679,a82d9b12fe8de774d3d876610c719848ad602ca75cd4c4b2c005d7732e356679,copied,0,0|1
fb9026922671d157,lighter-6526078__340_jpg,train,train,lighter-6526078__340_jpg.rf.7d2e6125df80da15c9d9c3f8864e8aaa.jpg,lighter-6526078__340_jpg.rf.7d2e6125df80da15c9d9c3f8864e8aaa.jpg,d6edd772504ae348540e86441a31194ee119b0ee56ba60d8d61f3c0aa0e740be,d6edd772504ae348540e86441a31194ee119b0ee56ba60d8d61f3c0aa0e740be,copied,0,1
fbcfa5a75362695b,1697100043603_JPEG_jpg,train,valid,1697100043603_JPEG_jpg.rf.6d33f9ed35ce84e73ed76cce03512066.jpg,1697100043603_JPEG_jpg.rf.6d33f9ed35ce84e73ed76cce03512066.jpg,1d77e84878d3c28b6831e7ae3ac816514ec57e738142b39e48b0c612aca0cd33,1d77e84878d3c28b6831e7ae3ac816514ec57e738142b39e48b0c612aca0cd33,copied,0,0
fc4d8ce4ba15bdea,WIN_20220329_21_29_34_Pro_jpg,train,test,WIN_20220329_21_29_34_Pro_jpg.rf.7fbbf74b509f0d004b78da6149bbb567.jpg,WIN_20220329_21_29_34_Pro_jpg.rf.7fbbf74b509f0d004b78da6149bbb567.jpg,f8b4675582ef89caca51d272ee31ab169c16ca995aa6e8dd6f3e8555fabaf3d9,f8b4675582ef89caca51d272ee31ab169c16ca995aa6e8dd6f3e8555fabaf3d9,copied,0,1
fc5a8a0031e0c287,smoking_0784_jpg,train,train,smoking_0784_jpg.rf.406a5e5213e3899bbabd680dfa597c04.jpg,smoking_0784_jpg.rf.406a5e5213e3899bbabd680dfa597c04.jpg,3a49d00e8789ffd801e7bf346ca25d9f345abc76f6eaf5cfb7f8e0b9b13d9429,3a49d00e8789ffd801e7bf346ca25d9f345abc76f6eaf5cfb7f8e0b9b13d9429,copied,0,0
fc7fa188e0b7aa27,IMG_4493_jpg,valid,train,IMG_4493_jpg.rf.0fb27e11be56c8f2637559e6e21bc704.jpg,IMG_4493_jpg.rf.0fb27e11be56c8f2637559e6e21bc704.jpg,f9a98bf926ed37047d041d9dbabb4f8f0d40fa76750f4cbda683158623c072d2,f9a98bf926ed37047d041d9dbabb4f8f0d40fa76750f4cbda683158623c072d2,copied,0,0|1
fc86c6b7efc3740c,14f27a983b8e68a8_jpg,train,train,14f27a983b8e68a8_jpg.rf.53dab10881b999b0c31088903e2a75e4.jpg,14f27a983b8e68a8_jpg.rf.53dab10881b999b0c31088903e2a75e4.jpg,dc78bbf42c801917cded0bbcaea8936cd7b3ac6c6878cf1d8101fc189e079f0f,dc78bbf42c801917cded0bbcaea8936cd7b3ac6c6878cf1d8101fc189e079f0f,copied,1,
fcb00a8a0dca7b7f,070cd165f4f744eb_jpg,valid,train,070cd165f4f744eb_jpg.rf.f75f76feb877d73012401c91d9bf7b70.jpg,070cd165f4f744eb_jpg.rf.f75f76feb877d73012401c91d9bf7b70.jpg,cb327e968a8c33485621b1720c25cc88f5e32af6dc002445c5e250e2e66ba13c,cb327e968a8c33485621b1720c25cc88f5e32af6dc002445c5e250e2e66ba13c,copied,1,
fcf567cd8c86e476,106a436bd468042b_jpg,train,train,106a436bd468042b_jpg.rf.2e80774ac04d1b193b801c3fb38150e9.jpg,106a436bd468042b_jpg.rf.2e80774ac04d1b193b801c3fb38150e9.jpg,331543ddd07afd7482f15267bad605259aa312b41029693f2a3b3086e41e151b,331543ddd07afd7482f15267bad605259aa312b41029693f2a3b3086e41e151b,copied,1,
fd59777b598e9d02,000382_jpg,train,valid,000382_jpg.rf.0ef364980143060becade6f368df52d4.jpg,000382_jpg.rf.0ef364980143060becade6f368df52d4.jpg,6ceb1045861dbaa0e17b0262f85c3e87f4d7a877452adf4b5c7be38c6224ce29,6ceb1045861dbaa0e17b0262f85c3e87f4d7a877452adf4b5c7be38c6224ce29,copied,0,2
fd6b2035b9443367,c00003_jpg,train,train,c00003_jpg.rf.b87a55dddb4c447fa56321e02db362be.jpg,c00003_jpg.rf.b87a55dddb4c447fa56321e02db362be.jpg,c9e18541a4f5c2305b204a5b371d1a9e15abf51059a4b2bd135431bd331ff6e5,c9e18541a4f5c2305b204a5b371d1a9e15abf51059a4b2bd135431bd331ff6e5,copied,0,2
fd6bbc0568c328db,smoking_0206_jpg,train,train,smoking_0206_jpg.rf.a7636cf9ec1822fdfbfc48c204e12f5c.jpg,smoking_0206_jpg.rf.a7636cf9ec1822fdfbfc48c204e12f5c.jpg,c91323caca468c215260782793b68a2d1a5a8a704863ceaf362d267e064e0a31,c91323caca468c215260782793b68a2d1a5a8a704863ceaf362d267e064e0a31,copied,0,0
fd7aba0065c53cf4,3ec0f9f60c6f2b6c_jpg,valid,train,3ec0f9f60c6f2b6c_jpg.rf.e4bfb87e83399cfbecc841da4f094b5c.jpg,3ec0f9f60c6f2b6c_jpg.rf.e4bfb87e83399cfbecc841da4f094b5c.jpg,b7863e338555d041a1abf424213dda4eee134f6a6ecbaa63d5afef6ce1ab2e1f,b7863e338555d041a1abf424213dda4eee134f6a6ecbaa63d5afef6ce1ab2e1f,copied,1,
fdb338395370690b,pexels-photo-1668222_jpg,train,train,pexels-photo-1668222_jpg.rf.bcc520bab8328f7455472d6ec3c42529.jpg,pexels-photo-1668222_jpg.rf.bcc520bab8328f7455472d6ec3c42529.jpg,556f42aba0a408e95754ce0a5a465a5c4e13b3bb313da7e44e26ed606280d4b6,556f42aba0a408e95754ce0a5a465a5c4e13b3bb313da7e44e26ed606280d4b6,copied,0,1
fdc317c4ca13e18c,4a06a4039bd67d58_jpg,valid,train,4a06a4039bd67d58_jpg.rf.f3212a0aade4ede066cc4f0861f397e5.jpg,4a06a4039bd67d58_jpg.rf.f3212a0aade4ede066cc4f0861f397e5.jpg,305e749812dfb7e888023aeba171fea11cea467386e0cd735fc4d476c5f64070,305e749812dfb7e888023aeba171fea11cea467386e0cd735fc4d476c5f64070,copied,1,
fdc7f15437078b75,smoking_0112_jpg,train,train,smoking_0112_jpg.rf.bd5c93f64ff234fb95a7b38d0e8ef4e2.jpg,smoking_0112_jpg.rf.bd5c93f64ff234fb95a7b38d0e8ef4e2.jpg,1654d8aa989a053f2ff7ad460fdaa6faf01aaabc01e66284f1f702487114ff01,1654d8aa989a053f2ff7ad460fdaa6faf01aaabc01e66284f1f702487114ff01,copied,0,0
fde4898ed0e23496,3_jpg,train,train,3_jpg.rf.5a3d96efa550b5e3a7be81865cb1dddf.jpg,3_jpg.rf.5a3d96efa550b5e3a7be81865cb1dddf.jpg,0642b456f1e631d1be971f7d880a8212972942686c27361fd33b1902188eaa55,0642b456f1e631d1be971f7d880a8212972942686c27361fd33b1902188eaa55,copied,0,1
fdeb46c838555280,smoking_0487_jpg,valid,valid,smoking_0487_jpg.rf.20ba502be15bd81998e49cfaf92f8ce2.jpg,smoking_0487_jpg.rf.20ba502be15bd81998e49cfaf92f8ce2.jpg,7ba8badf8c000ce8cc4db5eb88ec270f23ee1874a48e6f87e95e535e168e63c3,7ba8badf8c000ce8cc4db5eb88ec270f23ee1874a48e6f87e95e535e168e63c3,copied,0,0
fe19644c8e46e61b,44950f23811f8a50_jpg,train,train,44950f23811f8a50_jpg.rf.5e875740b01d5fdb02033bec22e9c313.jpg,44950f23811f8a50_jpg.rf.5e875740b01d5fdb02033bec22e9c313.jpg,567cd460737de97166408ec74da07fc031b117ede8fd26f674ba7c11819dcd1a,567cd460737de97166408ec74da07fc031b117ede8fd26f674ba7c11819dcd1a,copied,1,
fe1e7d01f3e4bf1b,images-107-_jpg,train,train,images-107-_jpg.rf.9bd0bfffe126249b0068d7d425906b05.jpg,images-107-_jpg.rf.9bd0bfffe126249b0068d7d425906b05.jpg,60ea95f448b35b6a0cabe1a3914cde48a339ce7ddcf1009e7f4dee9bcbb023f3,60ea95f448b35b6a0cabe1a3914cde48a339ce7ddcf1009e7f4dee9bcbb023f3,copied,0,1
fe1f2c92b2b37b59,c00421_jpg,test,test,c00421_jpg.rf.529951dd53af0c817f42029e2dee9948.jpg,c00421_jpg.rf.529951dd53af0c817f42029e2dee9948.jpg,4ab903d12c91b368ad586baf8ce40cdeec0e634524769547604508f74e27cbb0,4ab903d12c91b368ad586baf8ce40cdeec0e634524769547604508f74e27cbb0,copied,0,2
fe594b39a4d5b9f0,1697095267555_JPEG_jpg,valid,valid,1697095267555_JPEG_jpg.rf.711a80c7d7f5e43e0443ca1b4a4400c6.jpg,1697095267555_JPEG_jpg.rf.711a80c7d7f5e43e0443ca1b4a4400c6.jpg,a9ea0b392885d4066d379944a106d3aee85894525a75091f3ae92f830bc5ca9b,a9ea0b392885d4066d379944a106d3aee85894525a75091f3ae92f830bc5ca9b,copied,0,0
fe6449293a69da64,243dc70855ca026d_jpg,train,train,243dc70855ca026d_jpg.rf.2e86f00217e52dde6302ffef9ed2b929.jpg,243dc70855ca026d_jpg.rf.2e86f00217e52dde6302ffef9ed2b929.jpg,b5232853ad5f97e874c607795b4f985948391863be3aac1264656b3560af2d42,b5232853ad5f97e874c607795b4f985948391863be3aac1264656b3560af2d42,copied,1,
fe73946aeaf8b317,smoking_0792_jpg,train,valid,smoking_0792_jpg.rf.3dfbbf4969fa7e145149da79117f2775.jpg,smoking_0792_jpg.rf.3dfbbf4969fa7e145149da79117f2775.jpg,daf83f5153cd8b69fdd3e30dc74c614bf497e2e9494f92df5f1ef320d4a589da,daf83f5153cd8b69fdd3e30dc74c614bf497e2e9494f92df5f1ef320d4a589da,copied,0,0
fe86742859458b58,IMG_4333_jpg,train,train,IMG_4333_jpg.rf.1f10832767f6a6bceb5cf7ecf64bd6b9.jpg,IMG_4333_jpg.rf.1f10832767f6a6bceb5cf7ecf64bd6b9.jpg,d62b169c8d194a45cfff13514cfaf18adf68cdb6d41ff2c0c9edff80afb6bff1,d62b169c8d194a45cfff13514cfaf18adf68cdb6d41ff2c0c9edff80afb6bff1,copied,0,0
feaa1695599e1a47,smoking_0438_jpg,test,train,smoking_0438_jpg.rf.e686711e770acb8245454ccb97c08d0a.jpg,smoking_0438_jpg.rf.e686711e770acb8245454ccb97c08d0a.jpg,41f30b12cde903b753d08e323801a44dbfaa4c914192c991bfcabadc8af5acd1,41f30b12cde903b753d08e323801a44dbfaa4c914192c991bfcabadc8af5acd1,copied,0,0
feb0458432063b5e,smoking_0949_jpg,valid,train,smoking_0949_jpg.rf.208454ee8b6421a31bbacdbfdc8c11ae.jpg,smoking_0949_jpg.rf.208454ee8b6421a31bbacdbfdc8c11ae.jpg,d92b5c345358d3acc3029a168a3ed26edd93d3bcf2a6983620ab9bb5a21fb047,d92b5c345358d3acc3029a168a3ed26edd93d3bcf2a6983620ab9bb5a21fb047,copied,0,0
fec412f5bbf81f19,smoking_0203_jpg,train,train,smoking_0203_jpg.rf.8f505ab8bc8c24a549ce2f1888120602.jpg,smoking_0203_jpg.rf.8f505ab8bc8c24a549ce2f1888120602.jpg,4ed0f8d958811c99deaed5be5be2858a4437cb4e3e2174b389825faa7d60c41d,4ed0f8d958811c99deaed5be5be2858a4437cb4e3e2174b389825faa7d60c41d,copied,0,1
fef876f9d5f65011,bb0291_jpg,train,train,bb0291_jpg.rf.3164ef783a40287b0291d1088078167b.jpg,bb0291_jpg.rf.3164ef783a40287b0291d1088078167b.jpg,d4f2bddfd0b58d9b57831fdb30ee86d1404e52b2bfe28fea24d3e6904228333b,d4f2bddfd0b58d9b57831fdb30ee86d1404e52b2bfe28fea24d3e6904228333b,copied,0,2
ff02f6b0b02517d6,IMG_4511_jpg,train,train,IMG_4511_jpg.rf.1f1aaa357afd0c4e5acf4b210bcf101b.jpg,IMG_4511_jpg.rf.1f1aaa357afd0c4e5acf4b210bcf101b.jpg,7b8dccfffdbec6e01fae57de681402ceaef070b255e725d9e7a7d62d88a5ab9b,7b8dccfffdbec6e01fae57de681402ceaef070b255e725d9e7a7d62d88a5ab9b,copied,0,0|1
ff30a1dc80f27d58,images-2022-05-07T213519-098-1-_jpeg_jpg,train,train,images-2022-05-07T213519-098-1-_jpeg_jpg.rf.054410cb124a165c5ba8e93e5c8083f6.jpg,images-2022-05-07T213519-098-1-_jpeg_jpg.rf.054410cb124a165c5ba8e93e5c8083f6.jpg,40eedc46845c1e87e0bf08dd5a7877ceee23f31ca050bbd7b432d229117c5897,40eedc46845c1e87e0bf08dd5a7877ceee23f31ca050bbd7b432d229117c5897,copied,0,1
ff72a9b2739e398c,images-63-_jpg,train,train,images-63-_jpg.rf.15465e8813a22f384c236ec2de02ad3b.jpg,images-63-_jpg.rf.15465e8813a22f384c236ec2de02ad3b.jpg,6287582b07c71d8531b617710b82ebf90b222a3b529eefba93163453d92311bf,6287582b07c71d8531b617710b82ebf90b222a3b529eefba93163453d92311bf,copied,0,1
ff85f41b2e98fd86,smoking_0873_jpg,train,train,smoking_0873_jpg.rf.77f8704f99841d718620d332db536e1d.jpg,smoking_0873_jpg.rf.77f8704f99841d718620d332db536e1d.jpg,8137c0ff082f4626f1df12860a0e9e47ebced1a3cc0e7a673d5367c51d0d7d6b,8137c0ff082f4626f1df12860a0e9e47ebced1a3cc0e7a673d5367c51d0d7d6b,copied,0,0
ffc8a8c094799ab6,smoking_0274_jpg,train,valid,smoking_0274_jpg.rf.ae5f7f56fb0436449ce2272ef76ebe04.jpg,smoking_0274_jpg.rf.ae5f7f56fb0436449ce2272ef76ebe04.jpg,cacde94928ab072c781ab359b87abb166ecae263c2112f279fc4cf369341201e,cacde94928ab072c781ab359b87abb166ecae263c2112f279fc4cf369341201e,copied,0,0
